{
  "type": "FeatureCollection",
  "generator": "overpass-turbo",
  "copyright": "The data included in this document is from www.openstreetmap.org. The data is made available under ODbL.",
  "timestamp": "2026-08-06T19:52:51Z",
  "features": [
    {
      "type": "Feature",
      "properties": {
        "@id": "way/76963601",
        "name": "Limestone Creek",
        "source": "CanVec 6.0 - NRCan",
        "waterway": "stream"
      },
      "geometry": {
        "type": "LineString",
        "coordinates": [
          [
            -79.9257184,
            43.453042
          ],
          [
            -79.9235234,
            43.4530441
          ],
          [
            -79.9234353,
            43.4530105
          ],
          [
            -79.9230609,
            43.4529808
          ],
          [
            -79.9226399,
            43.4529789
          ],
          [
            -79.9221447,
            43.4528647
          ],
          [
            -79.9212997,
            43.4528334
          ],
          [
            -79.920916,
            43.4527568
          ],
          [
            -79.9205509,
            43.4525119
          ],
          [
            -79.9197919,
            43.4523331
          ],
          [
            -79.91962,
            43.4518422
          ],
          [
            -79.9195729,
            43.4515359
          ],
          [
            -79.9193973,
            43.4512431
          ],
          [
            -79.9193783,
            43.4511133
          ],
          [
            -79.9188715,
            43.450735
          ],
          [
            -79.9184987,
            43.4505881
          ],
          [
            -79.9183457,
            43.4504889
          ],
          [
            -79.9181611,
            43.4504474
          ],
          [
            -79.9176291,
            43.450444
          ],
          [
            -79.917413,
            43.4504602
          ],
          [
            -79.9172878,
            43.4505014
          ],
          [
            -79.9171561,
            43.4504872
          ],
          [
            -79.9169978,
            43.4504413
          ],
          [
            -79.9165305,
            43.4504674
          ],
          [
            -79.9163559,
            43.450545
          ],
          [
            -79.9162117,
            43.4507183
          ],
          [
            -79.9160137,
            43.4507918
          ],
          [
            -79.9158384,
            43.4507971
          ],
          [
            -79.9155412,
            43.4506093
          ],
          [
            -79.9153717,
            43.4503356
          ],
          [
            -79.9151068,
            43.4501625
          ],
          [
            -79.9144913,
            43.4499999
          ],
          [
            -79.9140899,
            43.4496402
          ],
          [
            -79.9135103,
            43.4495562
          ],
          [
            -79.9133864,
            43.449444
          ],
          [
            -79.9128007,
            43.4493636
          ],
          [
            -79.9125883,
            43.4494209
          ],
          [
            -79.9124562,
            43.4494358
          ],
          [
            -79.912375,
            43.4494114
          ],
          [
            -79.9123628,
            43.4493673
          ],
          [
            -79.912393,
            43.4492996
          ],
          [
            -79.9124914,
            43.4492025
          ],
          [
            -79.9124881,
            43.4491607
          ],
          [
            -79.9124244,
            43.4491324
          ],
          [
            -79.9123785,
            43.4491458
          ],
          [
            -79.912326,
            43.4491777
          ],
          [
            -79.9122219,
            43.4491905
          ],
          [
            -79.9121056,
            43.4492533
          ],
          [
            -79.9119206,
            43.4493442
          ],
          [
            -79.9117931,
            43.4493296
          ],
          [
            -79.9116011,
            43.4493424
          ],
          [
            -79.911504,
            43.4494176
          ],
          [
            -79.9114843,
            43.4494974
          ],
          [
            -79.911395,
            43.4495245
          ],
          [
            -79.9113325,
            43.4495068
          ],
          [
            -79.911273,
            43.4494686
          ],
          [
            -79.9111684,
            43.4493821
          ],
          [
            -79.9111145,
            43.4493168
          ],
          [
            -79.9111858,
            43.4492418
          ],
          [
            -79.9113027,
            43.4491854
          ],
          [
            -79.9113549,
            43.4491404
          ],
          [
            -79.9113145,
            43.4489647
          ],
          [
            -79.9113211,
            43.4488632
          ],
          [
            -79.9113599,
            43.448789
          ],
          [
            -79.9113264,
            43.4486657
          ],
          [
            -79.9112876,
            43.4485537
          ],
          [
            -79.9111216,
            43.4484447
          ],
          [
            -79.9108779,
            43.4484974
          ],
          [
            -79.9101916,
            43.4483123
          ],
          [
            -79.9101384,
            43.4482487
          ],
          [
            -79.9101219,
            43.4480742
          ],
          [
            -79.9100484,
            43.4480342
          ],
          [
            -79.9099313,
            43.4480135
          ],
          [
            -79.9098461,
            43.4479714
          ],
          [
            -79.9097662,
            43.4478761
          ],
          [
            -79.9095045,
            43.4477306
          ],
          [
            -79.9094169,
            43.4477332
          ],
          [
            -79.909368,
            43.4478059
          ],
          [
            -79.909225,
            43.4478259
          ],
          [
            -79.9091535,
            43.4477049
          ],
          [
            -79.9090417,
            43.447631
          ],
          [
            -79.909047,
            43.4475777
          ],
          [
            -79.9089,
            43.4474977
          ],
          [
            -79.9088403,
            43.4473788
          ],
          [
            -79.9087462,
            43.447326
          ],
          [
            -79.9085039,
            43.4473466
          ],
          [
            -79.9084138,
            43.4473939
          ],
          [
            -79.9082506,
            43.4474374
          ],
          [
            -79.9082578,
            43.4475651
          ],
          [
            -79.9081269,
            43.4476234
          ],
          [
            -79.9081276,
            43.4476958
          ],
          [
            -79.9080872,
            43.4477428
          ],
          [
            -79.9079935,
            43.4477263
          ],
          [
            -79.9079023,
            43.4476651
          ],
          [
            -79.9077819,
            43.4476168
          ],
          [
            -79.9075719,
            43.447652
          ],
          [
            -79.907305,
            43.4475598
          ],
          [
            -79.9072202,
            43.4475539
          ]
        ]
      }
    },
    {
      "type": "Feature",
      "properties": {
        "@id": "way/76963664",
        "source": "CanVec 6.0 - NRCan",
        "waterway": "stream"
      },
      "geometry": {
        "type": "LineString",
        "coordinates": [
          [
            -79.9230087,
            43.4439039
          ],
          [
            -79.9225196,
            43.4438087
          ],
          [
            -79.9222111,
            43.4436551
          ],
          [
            -79.9219357,
            43.4435885
          ],
          [
            -79.9215407,
            43.4435461
          ],
          [
            -79.9212827,
            43.4434646
          ],
          [
            -79.920616,
            43.4434069
          ]
        ]
      }
    },
    {
      "type": "Feature",
      "properties": {
        "@id": "way/76963673",
        "source": "CanVec 6.0 - NRCan",
        "waterway": "stream"
      },
      "geometry": {
        "type": "LineString",
        "coordinates": [
          [
            -79.9257007,
            43.448496
          ],
          [
            -79.9249361,
            43.4485963
          ],
          [
            -79.9248069,
            43.4485374
          ],
          [
            -79.9239247,
            43.4485808
          ],
          [
            -79.92278,
            43.4486684
          ],
          [
            -79.92207,
            43.448417
          ],
          [
            -79.921209,
            43.4479854
          ],
          [
            -79.9210471,
            43.4478756
          ],
          [
            -79.9208153,
            43.4477897
          ],
          [
            -79.9190992,
            43.4474695
          ],
          [
            -79.917784,
            43.4466509
          ]
        ]
      }
    },
    {
      "type": "Feature",
      "properties": {
        "@id": "way/76963691",
        "source": "CanVec 6.0 - NRCan",
        "waterway": "stream"
      },
      "geometry": {
        "type": "LineString",
        "coordinates": [
          [
            -79.9086718,
            43.4510613
          ],
          [
            -79.9082664,
            43.4508634
          ],
          [
            -79.90666,
            43.4497903
          ],
          [
            -79.9065848,
            43.4497134
          ],
          [
            -79.9065685,
            43.4495821
          ],
          [
            -79.9065883,
            43.4494287
          ],
          [
            -79.9066818,
            43.4492971
          ],
          [
            -79.9068138,
            43.449215
          ]
        ]
      }
    },
    {
      "type": "Feature",
      "properties": {
        "@id": "way/178082438",
        "addr:city": "Burlington",
        "addr:housenumber": "6621",
        "addr:street": "Guelph Line",
        "leisure": "golf_course",
        "name": "Crosswinds Golf & Country Club",
        "phone": "+1-905-319-5991",
        "website": "https://www.crosswindsgolf.com/"
      },
      "geometry": {
        "type": "Polygon",
        "coordinates": [
          [
            [
              -79.911931,
              43.4519222
            ],
            [
              -79.9124783,
              43.4514602
            ],
            [
              -79.9137335,
              43.4501425
            ],
            [
              -79.9154215,
              43.4485463
            ],
            [
              -79.9154459,
              43.4483605
            ],
            [
              -79.9154757,
              43.4482851
            ],
            [
              -79.9206969,
              43.4436553
            ],
            [
              -79.9159099,
              43.4403275
            ],
            [
              -79.9136649,
              43.4411357
            ],
            [
              -79.9116157,
              43.4430034
            ],
            [
              -79.9105106,
              43.4440316
            ],
            [
              -79.9100225,
              43.4445944
            ],
            [
              -79.9100957,
              43.4447132
            ],
            [
              -79.9101861,
              43.4448651
            ],
            [
              -79.9086849,
              43.4462166
            ],
            [
              -79.9076285,
              43.4471508
            ],
            [
              -79.9048753,
              43.4495854
            ],
            [
              -79.9091213,
              43.4525937
            ],
            [
              -79.9105322,
              43.4513441
            ],
            [
              -79.9107394,
              43.4511606
            ],
            [
              -79.9113751,
              43.4515306
            ],
            [
              -79.9116372,
              43.4518285
            ],
            [
              -79.911931,
              43.4519222
            ]
          ]
        ]
      }
    },
    {
      "type": "Feature",
      "properties": {
        "@id": "way/178082440",
        "golf": "water_hazard",
        "natural": "water"
      },
      "geometry": {
        "type": "Polygon",
        "coordinates": [
          [
            [
              -79.9153118,
              43.4433383
            ],
            [
              -79.9153789,
              43.4433208
            ],
            [
              -79.915454,
              43.4432507
            ],
            [
              -79.9155022,
              43.4432254
            ],
            [
              -79.9155398,
              43.4432156
            ],
            [
              -79.9155639,
              43.4431845
            ],
            [
              -79.915572,
              43.4431338
            ],
            [
              -79.9155666,
              43.443089
            ],
            [
              -79.9155988,
              43.4430715
            ],
            [
              -79.9156417,
              43.4430715
            ],
            [
              -79.91569,
              43.4430676
            ],
            [
              -79.9156954,
              43.4430443
            ],
            [
              -79.9156632,
              43.4430034
            ],
            [
              -79.9156203,
              43.4429878
            ],
            [
              -79.9155666,
              43.4429819
            ],
            [
              -79.9155156,
              43.4429878
            ],
            [
              -79.9154325,
              43.4430209
            ],
            [
              -79.9153815,
              43.4430657
            ],
            [
              -79.915344,
              43.4431105
            ],
            [
              -79.9152957,
              43.4431397
            ],
            [
              -79.9152582,
              43.4431767
            ],
            [
              -79.9152233,
              43.4432059
            ],
            [
              -79.9152126,
              43.4432448
            ],
            [
              -79.9152287,
              43.4432955
            ],
            [
              -79.9152582,
              43.4433227
            ],
            [
              -79.9153118,
              43.4433383
            ]
          ]
        ]
      }
    },
    {
      "type": "Feature",
      "properties": {
        "@id": "way/776325972",
        "source": "CanVec 6.0 - NRCan",
        "waterway": "stream"
      },
      "geometry": {
        "type": "LineString",
        "coordinates": [
          [
            -79.9088278,
            43.4459224
          ],
          [
            -79.9086202,
            43.4459129
          ],
          [
            -79.9079781,
            43.4457185
          ],
          [
            -79.9076854,
            43.4456669
          ],
          [
            -79.9073408,
            43.4456965
          ],
          [
            -79.9069648,
            43.4457838
          ],
          [
            -79.9059215,
            43.4457896
          ],
          [
            -79.9054616,
            43.4456815
          ],
          [
            -79.9049568,
            43.4454842
          ],
          [
            -79.9043662,
            43.4451723
          ]
        ]
      }
    },
    {
      "type": "Feature",
      "properties": {
        "@id": "way/776325978",
        "source": "CanVec 6.0 - NRCan",
        "waterway": "stream"
      },
      "geometry": {
        "type": "LineString",
        "coordinates": [
          [
            -79.910846,
            43.4436136
          ],
          [
            -79.9105824,
            43.4432871
          ],
          [
            -79.9103729,
            43.4430967
          ],
          [
            -79.9101287,
            43.4429362
          ],
          [
            -79.9088924,
            43.4423662
          ]
        ]
      }
    },
    {
      "type": "Feature",
      "properties": {
        "@id": "way/776325983",
        "golf": "bunker",
        "natural": "sand"
      },
      "geometry": {
        "type": "Polygon",
        "coordinates": [
          [
            [
              -79.9176011,
              43.4427721
            ],
            [
              -79.9176253,
              43.4427935
            ],
            [
              -79.9176655,
              43.4427974
            ],
            [
              -79.9177138,
              43.4427916
            ],
            [
              -79.9177486,
              43.442776
            ],
            [
              -79.917762,
              43.4427546
            ],
            [
              -79.9177567,
              43.442737
            ],
            [
              -79.9177339,
              43.4427176
            ],
            [
              -79.9177272,
              43.4426893
            ],
            [
              -79.9177514,
              43.4426698
            ],
            [
              -79.9177862,
              43.4426591
            ],
            [
              -79.9178103,
              43.4426436
            ],
            [
              -79.917813,
              43.4426241
            ],
            [
              -79.9177955,
              43.4425968
            ],
            [
              -79.9177794,
              43.4425735
            ],
            [
              -79.9177969,
              43.442554
            ],
            [
              -79.9178184,
              43.4425345
            ],
            [
              -79.9178157,
              43.4425092
            ],
            [
              -79.9177808,
              43.4424878
            ],
            [
              -79.9177406,
              43.4424917
            ],
            [
              -79.9177205,
              43.4425199
            ],
            [
              -79.9177245,
              43.4425481
            ],
            [
              -79.9177245,
              43.4425793
            ],
            [
              -79.9177178,
              43.4426153
            ],
            [
              -79.9177058,
              43.4426445
            ],
            [
              -79.9176896,
              43.442666
            ],
            [
              -79.9176708,
              43.4426903
            ],
            [
              -79.9176521,
              43.4427098
            ],
            [
              -79.917632,
              43.4427234
            ],
            [
              -79.9176118,
              43.4427351
            ],
            [
              -79.9175918,
              43.4427468
            ],
            [
              -79.9176011,
              43.4427721
            ]
          ]
        ]
      }
    },
    {
      "type": "Feature",
      "properties": {
        "@id": "way/776369636",
        "golf": "bunker",
        "natural": "sand"
      },
      "geometry": {
        "type": "Polygon",
        "coordinates": [
          [
            [
              -79.915619,
              43.4449577
            ],
            [
              -79.9156378,
              43.4449645
            ],
            [
              -79.9156633,
              43.4449694
            ],
            [
              -79.9156807,
              43.4449694
            ],
            [
              -79.9157022,
              43.4449635
            ],
            [
              -79.9157142,
              43.4449519
            ],
            [
              -79.9157263,
              43.4449411
            ],
            [
              -79.9157263,
              43.4449207
            ],
            [
              -79.9157276,
              43.4449051
            ],
            [
              -79.9157397,
              43.4448915
            ],
            [
              -79.9157665,
              43.4448856
            ],
            [
              -79.9157853,
              43.4448837
            ],
            [
              -79.9158014,
              43.4448779
            ],
            [
              -79.9158188,
              43.4448662
            ],
            [
              -79.9158255,
              43.4448564
            ],
            [
              -79.9158255,
              43.4448399
            ],
            [
              -79.9158054,
              43.4448243
            ],
            [
              -79.9157705,
              43.4448146
            ],
            [
              -79.915737,
              43.4448116
            ],
            [
              -79.9157048,
              43.4448155
            ],
            [
              -79.9156794,
              43.4448262
            ],
            [
              -79.9156673,
              43.4448486
            ],
            [
              -79.9156673,
              43.4448623
            ],
            [
              -79.9156713,
              43.444872
            ],
            [
              -79.9156606,
              43.4448779
            ],
            [
              -79.9156378,
              43.4448779
            ],
            [
              -79.915619,
              43.4448808
            ],
            [
              -79.9156016,
              43.4448915
            ],
            [
              -79.9155908,
              43.444909
            ],
            [
              -79.9155962,
              43.4449295
            ],
            [
              -79.9156016,
              43.444945
            ],
            [
              -79.915619,
              43.4449577
            ]
          ]
        ]
      }
    },
    {
      "type": "Feature",
      "properties": {
        "@id": "way/776369637",
        "golf": "bunker",
        "natural": "sand"
      },
      "geometry": {
        "type": "Polygon",
        "coordinates": [
          [
            [
              -79.9157987,
              43.444689
            ],
            [
              -79.9158108,
              43.4447094
            ],
            [
              -79.9158255,
              43.4447279
            ],
            [
              -79.9158483,
              43.4447484
            ],
            [
              -79.9158684,
              43.444762
            ],
            [
              -79.915906,
              43.4447727
            ],
            [
              -79.9159355,
              43.4447717
            ],
            [
              -79.9159637,
              43.4447649
            ],
            [
              -79.9159798,
              43.4447493
            ],
            [
              -79.9159838,
              43.4447289
            ],
            [
              -79.915965,
              43.4447084
            ],
            [
              -79.9159355,
              43.4447045
            ],
            [
              -79.915906,
              43.4446938
            ],
            [
              -79.9158872,
              43.4446773
            ],
            [
              -79.9158939,
              43.4446539
            ],
            [
              -79.9159221,
              43.4446403
            ],
            [
              -79.9159516,
              43.4446442
            ],
            [
              -79.9159798,
              43.4446617
            ],
            [
              -79.9159972,
              43.4446773
            ],
            [
              -79.9160307,
              43.4446812
            ],
            [
              -79.9160629,
              43.4446675
            ],
            [
              -79.9160763,
              43.4446422
            ],
            [
              -79.916075,
              43.4446169
            ],
            [
              -79.9160589,
              43.4445964
            ],
            [
              -79.916028,
              43.4445789
            ],
            [
              -79.9159959,
              43.4445682
            ],
            [
              -79.9159623,
              43.4445643
            ],
            [
              -79.9159208,
              43.4445614
            ],
            [
              -79.9158805,
              43.4445643
            ],
            [
              -79.915855,
              43.4445741
            ],
            [
              -79.9158255,
              43.4445867
            ],
            [
              -79.9158027,
              43.4446072
            ],
            [
              -79.9157853,
              43.4446325
            ],
            [
              -79.9157866,
              43.4446627
            ],
            [
              -79.9157987,
              43.444689
            ]
          ]
        ]
      }
    },
    {
      "type": "Feature",
      "properties": {
        "@id": "way/776385062",
        "golf": "hole",
        "handicap": "13",
        "par": "4",
        "ref": "1"
      },
      "geometry": {
        "type": "LineString",
        "coordinates": [
          [
            -79.912766,
            43.4482756
          ],
          [
            -79.9134258,
            43.4467158
          ],
          [
            -79.9142573,
            43.4463107
          ]
        ]
      }
    },
    {
      "type": "Feature",
      "properties": {
        "@id": "way/776385073",
        "golf": "hole",
        "handicap": "17",
        "par": "5",
        "ref": "2"
      },
      "geometry": {
        "type": "LineString",
        "coordinates": [
          [
            -79.913816,
            43.4460615
          ],
          [
            -79.9166163,
            43.4436974
          ],
          [
            -79.9175658,
            43.4425912
          ]
        ]
      }
    },
    {
      "type": "Feature",
      "properties": {
        "@id": "way/776385074",
        "golf": "hole",
        "handicap": "7",
        "par": "4",
        "ref": "3"
      },
      "geometry": {
        "type": "LineString",
        "coordinates": [
          [
            -79.9170649,
            43.4419885
          ],
          [
            -79.9137228,
            43.4430265
          ],
          [
            -79.9123334,
            43.4434043
          ]
        ]
      }
    },
    {
      "type": "Feature",
      "properties": {
        "@id": "way/776385075",
        "golf": "hole",
        "handicap": "3",
        "par": "5",
        "ref": "4"
      },
      "geometry": {
        "type": "LineString",
        "coordinates": [
          [
            -79.9115234,
            43.4433147
          ],
          [
            -79.9144765,
            43.4415347
          ],
          [
            -79.9164185,
            43.4411803
          ],
          [
            -79.9173116,
            43.4416457
          ]
        ]
      }
    },
    {
      "type": "Feature",
      "properties": {
        "@id": "way/776385076",
        "golf": "hole",
        "handicap": "11",
        "par": "3",
        "ref": "5"
      },
      "geometry": {
        "type": "LineString",
        "coordinates": [
          [
            -79.9181458,
            43.442045
          ],
          [
            -79.9189049,
            43.4433322
          ]
        ]
      }
    },
    {
      "type": "Feature",
      "properties": {
        "@id": "way/776385077",
        "golf": "hole",
        "handicap": "1",
        "par": "4",
        "ref": "6"
      },
      "geometry": {
        "type": "LineString",
        "coordinates": [
          [
            -79.9178508,
            43.4437178
          ],
          [
            -79.9163112,
            43.4451667
          ],
          [
            -79.9146321,
            43.4468161
          ]
        ]
      }
    },
    {
      "type": "Feature",
      "properties": {
        "@id": "way/776385078",
        "golf": "hole",
        "handicap": "9",
        "par": "4",
        "ref": "7"
      },
      "geometry": {
        "type": "LineString",
        "coordinates": [
          [
            -79.9149727,
            43.4470673
          ],
          [
            -79.9177274,
            43.4448882
          ],
          [
            -79.9186769,
            43.4440625
          ]
        ]
      }
    },
    {
      "type": "Feature",
      "properties": {
        "@id": "way/776385079",
        "golf": "hole",
        "handicap": "15",
        "par": "3",
        "ref": "8"
      },
      "geometry": {
        "type": "LineString",
        "coordinates": [
          [
            -79.9202326,
            43.4437178
          ],
          [
            -79.9181699,
            43.4453731
          ]
        ]
      }
    },
    {
      "type": "Feature",
      "properties": {
        "@id": "way/776385080",
        "golf": "hole",
        "handicap": "5",
        "par": "4",
        "ref": "9"
      },
      "geometry": {
        "type": "LineString",
        "coordinates": [
          [
            -79.9179922,
            43.4458278
          ],
          [
            -79.9162188,
            43.4469745
          ],
          [
            -79.9153858,
            43.4475132
          ],
          [
            -79.9142519,
            43.4484104
          ]
        ]
      }
    },
    {
      "type": "Feature",
      "properties": {
        "@id": "way/776385082",
        "golf": "cartpath",
        "golf_cart": "designated",
        "highway": "service"
      },
      "geometry": {
        "type": "LineString",
        "coordinates": [
          [
            -79.9168964,
            43.4416334
          ],
          [
            -79.9169182,
            43.4417308
          ],
          [
            -79.9169227,
            43.4417509
          ],
          [
            -79.9169857,
            43.4418112
          ],
          [
            -79.9170983,
            43.441894
          ],
          [
            -79.9172191,
            43.4419067
          ],
          [
            -79.9173679,
            43.4419437
          ],
          [
            -79.9174592,
            43.4419661
          ],
          [
            -79.9175105,
            43.4419726
          ],
          [
            -79.9176684,
            43.4419927
          ],
          [
            -79.9178078,
            43.442007
          ],
          [
            -79.9179714,
            43.4420829
          ],
          [
            -79.9181082,
            43.4421667
          ],
          [
            -79.9181914,
            43.4422387
          ],
          [
            -79.9181994,
            43.4423302
          ],
          [
            -79.9181941,
            43.4424744
          ],
          [
            -79.9182263,
            43.4425581
          ],
          [
            -79.9182397,
            43.4426263
          ],
          [
            -79.9182183,
            43.4426945
          ],
          [
            -79.9181833,
            43.4428074
          ],
          [
            -79.9182098,
            43.4429198
          ],
          [
            -79.9182128,
            43.4429808
          ],
          [
            -79.9182048,
            43.4430391
          ],
          [
            -79.9181552,
            43.4431307
          ],
          [
            -79.9180559,
            43.4431755
          ],
          [
            -79.9179393,
            43.4432125
          ],
          [
            -79.917844,
            43.443266
          ],
          [
            -79.917785,
            43.4433235
          ],
          [
            -79.9177548,
            43.4433814
          ],
          [
            -79.9177609,
            43.4434461
          ],
          [
            -79.9177971,
            43.4435503
          ],
          [
            -79.917773,
            43.4436068
          ],
          [
            -79.9177086,
            43.4436477
          ],
          [
            -79.9176804,
            43.4436837
          ],
          [
            -79.9176791,
            43.4437295
          ],
          [
            -79.9177113,
            43.4437743
          ],
          [
            -79.9178025,
            43.4438327
          ],
          [
            -79.9178381,
            43.4438829
          ],
          [
            -79.917841,
            43.4439242
          ],
          [
            -79.9178239,
            43.4439573
          ],
          [
            -79.9177488,
            43.4440138
          ],
          [
            -79.9176576,
            43.4440898
          ],
          [
            -79.9175986,
            43.4441794
          ],
          [
            -79.9174162,
            43.444339
          ],
          [
            -79.917148,
            43.4445649
          ],
          [
            -79.9170997,
            43.4446681
          ],
          [
            -79.9169361,
            43.4448532
          ],
          [
            -79.9168664,
            43.4449778
          ],
          [
            -79.9167484,
            43.4451258
          ],
          [
            -79.916625,
            43.4452446
          ],
          [
            -79.916169,
            43.4457158
          ],
          [
            -79.9159732,
            43.4459106
          ],
          [
            -79.915815,
            43.4460284
          ],
          [
            -79.915709,
            43.4461043
          ],
          [
            -79.9156526,
            43.4461557
          ],
          [
            -79.9156406,
            43.4461988
          ],
          [
            -79.9155494,
            43.4463146
          ],
          [
            -79.9154207,
            43.4464227
          ],
          [
            -79.9153161,
            43.4464714
          ],
          [
            -79.9152799,
            43.4464917
          ],
          [
            -79.9152249,
            43.4465318
          ],
          [
            -79.9151793,
            43.4466038
          ],
          [
            -79.9151042,
            43.4466583
          ],
          [
            -79.9150425,
            43.4467051
          ],
          [
            -79.9150291,
            43.4467362
          ],
          [
            -79.9150606,
            43.4467942
          ],
          [
            -79.9151296,
            43.4467615
          ],
          [
            -79.9152034,
            43.4467129
          ],
          [
            -79.9153161,
            43.4466545
          ],
          [
            -79.915359,
            43.4466272
          ],
          [
            -79.9154448,
            43.4465551
          ],
          [
            -79.9155253,
            43.4464402
          ],
          [
            -79.9160242,
            43.4460703
          ],
          [
            -79.9162495,
            43.4458794
          ],
          [
            -79.9163863,
            43.4458424
          ],
          [
            -79.9165526,
            43.4458424
          ],
          [
            -79.9168476,
            43.4458298
          ],
          [
            -79.917026,
            43.4457908
          ],
          [
            -79.9171064,
            43.4457334
          ],
          [
            -79.9172056,
            43.4456769
          ],
          [
            -79.9172975,
            43.4456335
          ],
          [
            -79.9173707,
            43.4455727
          ],
          [
            -79.9175182,
            43.4454043
          ],
          [
            -79.9176469,
            43.4452796
          ],
          [
            -79.9177756,
            43.4451959
          ],
          [
            -79.9178561,
            43.4451355
          ],
          [
            -79.9179312,
            43.4450382
          ],
          [
            -79.9179634,
            43.4449563
          ],
          [
            -79.9180225,
            43.4448298
          ],
          [
            -79.9180412,
            43.4447869
          ],
          [
            -79.9180895,
            43.444746
          ],
          [
            -79.9182316,
            43.4446643
          ],
          [
            -79.9184623,
            43.4445357
          ],
          [
            -79.9187091,
            43.4443644
          ],
          [
            -79.9189129,
            43.4442534
          ],
          [
            -79.9189907,
            43.4441983
          ],
          [
            -79.9190872,
            43.4441608
          ],
          [
            -79.9191483,
            43.4441287
          ],
          [
            -79.9191986,
            43.4440839
          ],
          [
            -79.9192415,
            43.4439972
          ],
          [
            -79.9192931,
            43.4439208
          ],
          [
            -79.9193136,
            43.4438826
          ],
          [
            -79.9193501,
            43.4438561
          ],
          [
            -79.9194346,
            43.4438318
          ],
          [
            -79.9195191,
            43.4438278
          ],
          [
            -79.9197296,
            43.4438541
          ],
          [
            -79.9198758,
            43.4439106
          ],
          [
            -79.919912,
            43.4439505
          ],
          [
            -79.9199266,
            43.4439825
          ],
          [
            -79.9199241,
            43.4440177
          ],
          [
            -79.9198262,
            43.4441141
          ],
          [
            -79.9197377,
            43.4442271
          ],
          [
            -79.9196558,
            43.4443264
          ],
          [
            -79.9195177,
            43.4444131
          ],
          [
            -79.9194413,
            43.4444637
          ],
          [
            -79.9194064,
            43.4445318
          ],
          [
            -79.9193942,
            43.4445973
          ],
          [
            -79.9193769,
            43.444639
          ],
          [
            -79.9193031,
            43.444712
          ],
          [
            -79.9191972,
            43.4448016
          ],
          [
            -79.9190148,
            43.4449758
          ],
          [
            -79.9188324,
            43.4451316
          ],
          [
            -79.9187547,
            43.4452212
          ],
          [
            -79.9186635,
            43.4453439
          ],
          [
            -79.918583,
            43.4454159
          ],
          [
            -79.9184488,
            43.4455377
          ],
          [
            -79.9183684,
            43.4456087
          ],
          [
            -79.9182889,
            43.4456635
          ],
          [
            -79.9182054,
            43.4457085
          ],
          [
            -79.9181179,
            43.4457341
          ],
          [
            -79.9180523,
            43.4457259
          ],
          [
            -79.918003,
            43.4457154
          ],
          [
            -79.9179205,
            43.4457217
          ],
          [
            -79.9178796,
            43.4457412
          ],
          [
            -79.9178508,
            43.4457665
          ],
          [
            -79.9178166,
            43.4458035
          ],
          [
            -79.9178052,
            43.4458444
          ],
          [
            -79.9177595,
            43.4458853
          ],
          [
            -79.9176321,
            43.4459583
          ],
          [
            -79.9175765,
            43.4460289
          ],
          [
            -79.9175369,
            43.4460995
          ],
          [
            -79.9174626,
            43.4461733
          ],
          [
            -79.9173948,
            43.4462046
          ],
          [
            -79.9172754,
            43.4462513
          ],
          [
            -79.9171875,
            43.4462834
          ],
          [
            -79.9171278,
            43.4463204
          ],
          [
            -79.9170729,
            43.4463975
          ],
          [
            -79.917038,
            43.4464987
          ],
          [
            -79.9169893,
            43.4465454
          ],
          [
            -79.9169583,
            43.44658
          ],
          [
            -79.9169315,
            43.4466413
          ],
          [
            -79.9168932,
            43.4467129
          ],
          [
            -79.9168604,
            43.4467562
          ],
          [
            -79.9168208,
            43.4467771
          ],
          [
            -79.9167055,
            43.4468287
          ],
          [
            -79.9165573,
            43.4468998
          ],
          [
            -79.9164671,
            43.4469344
          ],
          [
            -79.9163649,
            43.4469505
          ],
          [
            -79.9162188,
            43.4469745
          ],
          [
            -79.916059,
            43.4470167
          ],
          [
            -79.9158257,
            43.4470401
          ],
          [
            -79.9156982,
            43.4470507
          ],
          [
            -79.9156032,
            43.4470767
          ],
          [
            -79.915523,
            43.4471407
          ],
          [
            -79.9154904,
            43.4471627
          ],
          [
            -79.9153288,
            43.4472873
          ]
        ]
      }
    },
    {
      "type": "Feature",
      "properties": {
        "@id": "way/776385083",
        "golf": "cartpath",
        "golf_cart": "designated",
        "highway": "service"
      },
      "geometry": {
        "type": "LineString",
        "coordinates": [
          [
            -79.9150606,
            43.4467942
          ],
          [
            -79.9151418,
            43.4469261
          ],
          [
            -79.9151873,
            43.4470122
          ],
          [
            -79.9152463,
            43.4471043
          ],
          [
            -79.9152825,
            43.4471904
          ],
          [
            -79.9153054,
            43.4472371
          ],
          [
            -79.9153288,
            43.4472873
          ]
        ]
      }
    },
    {
      "type": "Feature",
      "properties": {
        "@id": "way/776385085",
        "waterway": "stream"
      },
      "geometry": {
        "type": "LineString",
        "coordinates": [
          [
            -79.9145272,
            43.4429572
          ],
          [
            -79.914388,
            43.4430498
          ],
          [
            -79.9143076,
            43.4431706
          ],
          [
            -79.9142936,
            43.4432342
          ]
        ]
      }
    },
    {
      "type": "Feature",
      "properties": {
        "@id": "way/776386274",
        "golf": "driving_range",
        "landuse": "grass"
      },
      "geometry": {
        "type": "Polygon",
        "coordinates": [
          [
            [
              -79.9107788,
              43.4464492
            ],
            [
              -79.9109705,
              43.446601
            ],
            [
              -79.9106511,
              43.4469004
            ],
            [
              -79.9111447,
              43.4471955
            ],
            [
              -79.9113887,
              43.4470311
            ],
            [
              -79.9116152,
              43.447069
            ],
            [
              -79.9125387,
              43.4463944
            ],
            [
              -79.9131079,
              43.4459052
            ],
            [
              -79.9135087,
              43.4454835
            ],
            [
              -79.9121554,
              43.4448594
            ],
            [
              -79.9107788,
              43.4464492
            ]
          ]
        ]
      }
    },
    {
      "type": "Feature",
      "properties": {
        "@id": "way/776386275",
        "golf": "cartpath",
        "golf_cart": "designated",
        "highway": "service"
      },
      "geometry": {
        "type": "LineString",
        "coordinates": [
          [
            -79.9118722,
            43.4494118
          ],
          [
            -79.9118748,
            43.449443
          ]
        ]
      }
    },
    {
      "type": "Feature",
      "properties": {
        "@id": "way/776386276",
        "bridge": "yes",
        "golf": "cartpath",
        "golf_cart": "designated",
        "highway": "service",
        "layer": "1"
      },
      "geometry": {
        "type": "LineString",
        "coordinates": [
          [
            -79.9118828,
            43.4493485
          ],
          [
            -79.9118722,
            43.4494118
          ]
        ]
      }
    },
    {
      "type": "Feature",
      "properties": {
        "@id": "way/776386277",
        "golf": "cartpath",
        "golf_cart": "designated",
        "highway": "service"
      },
      "geometry": {
        "type": "LineString",
        "coordinates": [
          [
            -79.9118748,
            43.449443
          ],
          [
            -79.911877,
            43.4495176
          ],
          [
            -79.9119718,
            43.4495592
          ],
          [
            -79.9120597,
            43.4495942
          ],
          [
            -79.9121261,
            43.4496507
          ],
          [
            -79.9122025,
            43.4496731
          ],
          [
            -79.9122817,
            43.449679
          ],
          [
            -79.9123521,
            43.4497111
          ],
          [
            -79.912397,
            43.4497597
          ],
          [
            -79.9124039,
            43.4498178
          ],
          [
            -79.912379,
            43.4498589
          ],
          [
            -79.9123414,
            43.4498916
          ],
          [
            -79.912299,
            43.4499399
          ],
          [
            -79.9122762,
            43.4500002
          ],
          [
            -79.9122594,
            43.45009
          ],
          [
            -79.9122249,
            43.4502128
          ],
          [
            -79.9121924,
            43.4503006
          ],
          [
            -79.9121192,
            43.4504511
          ],
          [
            -79.9121046,
            43.4505435
          ],
          [
            -79.9121026,
            43.450672
          ],
          [
            -79.9121247,
            43.450772
          ],
          [
            -79.9121428,
            43.4508755
          ],
          [
            -79.9121425,
            43.4509675
          ],
          [
            -79.9121308,
            43.4510483
          ],
          [
            -79.9121006,
            43.4511296
          ],
          [
            -79.9120476,
            43.4512174
          ],
          [
            -79.9120013,
            43.4512683
          ],
          [
            -79.9119542,
            43.451314
          ],
          [
            -79.911882,
            43.4513564
          ],
          [
            -79.9118033,
            43.4513807
          ],
          [
            -79.9117432,
            43.4514265
          ],
          [
            -79.9117117,
            43.4514849
          ],
          [
            -79.9116855,
            43.4515176
          ],
          [
            -79.9116513,
            43.4515243
          ],
          [
            -79.9116353,
            43.4515233
          ],
          [
            -79.9116064,
            43.4515117
          ],
          [
            -79.9114911,
            43.4514372
          ],
          [
            -79.9114568,
            43.4514256
          ],
          [
            -79.9113925,
            43.4514129
          ],
          [
            -79.9112986,
            43.4513817
          ],
          [
            -79.9112262,
            43.4513409
          ],
          [
            -79.9110599,
            43.4512201
          ],
          [
            -79.9109446,
            43.4511481
          ],
          [
            -79.9108587,
            43.4511033
          ],
          [
            -79.9106991,
            43.4510478
          ],
          [
            -79.9106414,
            43.4509923
          ],
          [
            -79.9106347,
            43.4508793
          ],
          [
            -79.9106019,
            43.4508287
          ],
          [
            -79.9105449,
            43.4507976
          ],
          [
            -79.9104819,
            43.450782
          ],
          [
            -79.9104081,
            43.450785
          ],
          [
            -79.9102687,
            43.4508014
          ],
          [
            -79.9100903,
            43.4508492
          ],
          [
            -79.9100085,
            43.4508711
          ],
          [
            -79.9099307,
            43.4508706
          ],
          [
            -79.9097201,
            43.4507684
          ],
          [
            -79.9095136,
            43.4506944
          ],
          [
            -79.9092373,
            43.4505698
          ],
          [
            -79.9091016,
            43.4505214
          ],
          [
            -79.9089276,
            43.4505104
          ],
          [
            -79.90878,
            43.450523
          ],
          [
            -79.9087062,
            43.4505347
          ],
          [
            -79.9085936,
            43.4505327
          ],
          [
            -79.9083616,
            43.450414
          ],
          [
            -79.9080638,
            43.4502796
          ],
          [
            -79.9079244,
            43.450228
          ],
          [
            -79.9077473,
            43.4501813
          ],
          [
            -79.9076106,
            43.4501321
          ],
          [
            -79.9074899,
            43.4500509
          ],
          [
            -79.907418,
            43.450018
          ],
          [
            -79.9072968,
            43.4499924
          ],
          [
            -79.9070889,
            43.4499359
          ],
          [
            -79.9068837,
            43.4498814
          ],
          [
            -79.906763,
            43.4498065
          ],
          [
            -79.9066825,
            43.4497841
          ]
        ]
      }
    },
    {
      "type": "Feature",
      "properties": {
        "@id": "way/776386278",
        "golf": "cartpath",
        "golf_cart": "designated",
        "highway": "service"
      },
      "geometry": {
        "type": "LineString",
        "coordinates": [
          [
            -79.9066208,
            43.4498026
          ],
          [
            -79.906586,
            43.4497831
          ],
          [
            -79.9065618,
            43.449748
          ],
          [
            -79.9065109,
            43.449676
          ],
          [
            -79.9064304,
            43.4496176
          ],
          [
            -79.9063017,
            43.4495553
          ],
          [
            -79.9062427,
            43.4495524
          ],
          [
            -79.906181,
            43.4495631
          ],
          [
            -79.9061038,
            43.4496253
          ],
          [
            -79.9060495,
            43.4497091
          ],
          [
            -79.9059671,
            43.4498298
          ],
          [
            -79.9059302,
            43.4498177
          ],
          [
            -79.9058269,
            43.4497928
          ],
          [
            -79.9056619,
            43.4497257
          ],
          [
            -79.9054675,
            43.4496399
          ],
          [
            -79.9052502,
            43.4495017
          ]
        ]
      }
    },
    {
      "type": "Feature",
      "properties": {
        "@id": "way/776386279",
        "bridge": "yes",
        "golf": "cartpath",
        "golf_cart": "designated",
        "highway": "service",
        "layer": "1"
      },
      "geometry": {
        "type": "LineString",
        "coordinates": [
          [
            -79.9066825,
            43.4497841
          ],
          [
            -79.9066208,
            43.4498026
          ]
        ]
      }
    },
    {
      "type": "Feature",
      "properties": {
        "@id": "way/776386280",
        "golf": "cartpath",
        "golf_cart": "designated",
        "highway": "service"
      },
      "geometry": {
        "type": "LineString",
        "coordinates": [
          [
            -79.9059671,
            43.4498298
          ],
          [
            -79.9060374,
            43.4498659
          ],
          [
            -79.9061085,
            43.4499067
          ],
          [
            -79.9061822,
            43.449926
          ],
          [
            -79.9062547,
            43.4499292
          ],
          [
            -79.9063633,
            43.4499291
          ],
          [
            -79.9064519,
            43.4499681
          ],
          [
            -79.9064881,
            43.4500129
          ],
          [
            -79.9064867,
            43.4500596
          ],
          [
            -79.9064559,
            43.4501715
          ],
          [
            -79.906417,
            43.4502943
          ],
          [
            -79.9064063,
            43.4503702
          ],
          [
            -79.9064398,
            43.450433
          ],
          [
            -79.9064813,
            43.4504695
          ],
          [
            -79.9065806,
            43.4505464
          ],
          [
            -79.9066825,
            43.4506146
          ],
          [
            -79.9068381,
            43.4506983
          ],
          [
            -79.9070017,
            43.4507625
          ],
          [
            -79.9071412,
            43.4508307
          ],
          [
            -79.9072512,
            43.4508949
          ],
          [
            -79.9073906,
            43.4509932
          ],
          [
            -79.9074953,
            43.4510595
          ],
          [
            -79.9076106,
            43.4511237
          ],
          [
            -79.9078051,
            43.4512094
          ],
          [
            -79.9079512,
            43.4512863
          ],
          [
            -79.908096,
            43.4513973
          ],
          [
            -79.9081899,
            43.451483
          ],
          [
            -79.90832,
            43.451558
          ],
          [
            -79.9084421,
            43.4516115
          ],
          [
            -79.9085172,
            43.451669
          ],
          [
            -79.9085802,
            43.4517469
          ],
          [
            -79.9086485,
            43.4517955
          ],
          [
            -79.9087267,
            43.4518052
          ],
          [
            -79.9087818,
            43.4518017
          ],
          [
            -79.9088305,
            43.4517991
          ],
          [
            -79.9088793,
            43.4518121
          ],
          [
            -79.908977,
            43.4518326
          ],
          [
            -79.9091005,
            43.4518286
          ],
          [
            -79.909238,
            43.4518203
          ],
          [
            -79.9093728,
            43.4518053
          ],
          [
            -79.9095109,
            43.4517902
          ],
          [
            -79.9096463,
            43.4517858
          ],
          [
            -79.9097671,
            43.4517532
          ],
          [
            -79.9098878,
            43.4517089
          ],
          [
            -79.9100111,
            43.4516563
          ],
          [
            -79.9101533,
            43.4515949
          ],
          [
            -79.9103008,
            43.4514888
          ],
          [
            -79.9103667,
            43.4514192
          ],
          [
            -79.9104846,
            43.451337
          ],
          [
            -79.9105757,
            43.4512357
          ],
          [
            -79.9106281,
            43.4511461
          ],
          [
            -79.9106414,
            43.4509923
          ]
        ]
      }
    },
    {
      "type": "Feature",
      "properties": {
        "@id": "way/776386281",
        "golf": "cartpath",
        "golf_cart": "designated",
        "highway": "service"
      },
      "geometry": {
        "type": "LineString",
        "coordinates": [
          [
            -79.9114911,
            43.4514372
          ],
          [
            -79.9115249,
            43.4513822
          ],
          [
            -79.9115427,
            43.4513116
          ],
          [
            -79.9115159,
            43.4512143
          ],
          [
            -79.9115387,
            43.4510896
          ],
          [
            -79.9115447,
            43.4510497
          ],
          [
            -79.9115387,
            43.4510098
          ],
          [
            -79.91143,
            43.4509105
          ],
          [
            -79.911363,
            43.4508317
          ],
          [
            -79.9112946,
            43.4507353
          ],
          [
            -79.9111899,
            43.4506526
          ],
          [
            -79.9111598,
            43.450616
          ],
          [
            -79.9111457,
            43.4505737
          ],
          [
            -79.9110599,
            43.4504218
          ],
          [
            -79.9110297,
            43.4503662
          ],
          [
            -79.9110183,
            43.450303
          ],
          [
            -79.9110411,
            43.4501862
          ],
          [
            -79.9110344,
            43.4501443
          ],
          [
            -79.9110029,
            43.4501195
          ],
          [
            -79.910968,
            43.4501204
          ],
          [
            -79.9109432,
            43.4501501
          ],
          [
            -79.9108816,
            43.4502242
          ],
          [
            -79.9107907,
            43.4502524
          ],
          [
            -79.9106936,
            43.4502271
          ],
          [
            -79.9105744,
            43.4501852
          ],
          [
            -79.9104014,
            43.4501443
          ],
          [
            -79.9103348,
            43.4501127
          ],
          [
            -79.9102901,
            43.4500402
          ],
          [
            -79.9102941,
            43.4499506
          ],
          [
            -79.9103142,
            43.4498649
          ],
          [
            -79.9103088,
            43.449826
          ],
          [
            -79.9102834,
            43.4497851
          ],
          [
            -79.9102398,
            43.4497413
          ],
          [
            -79.9101908,
            43.4496994
          ],
          [
            -79.9101318,
            43.4496108
          ],
          [
            -79.910101,
            43.4495451
          ],
          [
            -79.9100567,
            43.4494891
          ],
          [
            -79.9100165,
            43.4494409
          ],
          [
            -79.9099468,
            43.4494044
          ],
          [
            -79.9098113,
            43.4493625
          ],
          [
            -79.9096518,
            43.4493109
          ],
          [
            -79.9095083,
            43.449254
          ],
          [
            -79.9093795,
            43.4491979
          ],
          [
            -79.9092555,
            43.4491449
          ],
          [
            -79.9091421,
            43.4490831
          ],
          [
            -79.9090325,
            43.4490276
          ],
          [
            -79.9089449,
            43.4489945
          ],
          [
            -79.9088295,
            43.4489654
          ],
          [
            -79.9087103,
            43.4489351
          ],
          [
            -79.9085802,
            43.448872
          ],
          [
            -79.908497,
            43.4488134
          ],
          [
            -79.908424,
            43.4487472
          ],
          [
            -79.9083616,
            43.4486713
          ],
          [
            -79.9082717,
            43.4485612
          ],
          [
            -79.9081906,
            43.4484356
          ],
          [
            -79.9081275,
            43.448349
          ],
          [
            -79.9080977,
            43.4483118
          ],
          [
            -79.9080523,
            43.4482807
          ],
          [
            -79.9079868,
            43.4482477
          ],
          [
            -79.9078781,
            43.4482117
          ],
          [
            -79.9076823,
            43.4481737
          ],
          [
            -79.9075653,
            43.4481331
          ],
          [
            -79.9074946,
            43.4480978
          ],
          [
            -79.9074187,
            43.448044
          ],
          [
            -79.9073792,
            43.448016
          ],
          [
            -79.9073417,
            43.4479819
          ],
          [
            -79.907221,
            43.4479089
          ],
          [
            -79.9071714,
            43.4478612
          ],
          [
            -79.9071647,
            43.4477891
          ],
          [
            -79.9071715,
            43.447755
          ],
          [
            -79.9071794,
            43.4477151
          ],
          [
            -79.9072031,
            43.4476707
          ],
          [
            -79.9072505,
            43.4476012
          ],
          [
            -79.9072573,
            43.4475945
          ]
        ]
      }
    },
    {
      "type": "Feature",
      "properties": {
        "@id": "way/776386283",
        "golf": "cartpath",
        "golf_cart": "designated",
        "highway": "service"
      },
      "geometry": {
        "type": "LineString",
        "coordinates": [
          [
            -79.9073315,
            43.4475237
          ],
          [
            -79.9073859,
            43.4474717
          ],
          [
            -79.9074884,
            43.447401
          ],
          [
            -79.9075457,
            43.4473805
          ],
          [
            -79.9075628,
            43.4473048
          ],
          [
            -79.9076317,
            43.4472065
          ],
          [
            -79.9077862,
            43.4470267
          ],
          [
            -79.9078821,
            43.4469396
          ],
          [
            -79.9079941,
            43.4468739
          ],
          [
            -79.9081028,
            43.4468437
          ],
          [
            -79.9081682,
            43.4468305
          ],
          [
            -79.9082033,
            43.446796
          ],
          [
            -79.9082314,
            43.4467718
          ],
          [
            -79.9082744,
            43.4467161
          ],
          [
            -79.9083508,
            43.4466976
          ],
          [
            -79.9084112,
            43.4466791
          ],
          [
            -79.908484,
            43.446617
          ],
          [
            -79.9085896,
            43.4465662
          ],
          [
            -79.9087612,
            43.4464922
          ],
          [
            -79.9088899,
            43.4464328
          ],
          [
            -79.9089377,
            43.4463841
          ],
          [
            -79.9089825,
            43.4463403
          ],
          [
            -79.9090636,
            43.4462907
          ],
          [
            -79.9091528,
            43.446241
          ],
          [
            -79.9092553,
            43.4461955
          ],
          [
            -79.909342,
            43.4461709
          ],
          [
            -79.9094298,
            43.4461553
          ],
          [
            -79.9095297,
            43.446128
          ],
          [
            -79.9097241,
            43.4460637
          ],
          [
            -79.9098636,
            43.4460248
          ],
          [
            -79.9099695,
            43.4459878
          ],
          [
            -79.9100038,
            43.4459616
          ],
          [
            -79.9100206,
            43.4459246
          ],
          [
            -79.9100285,
            43.445871
          ],
          [
            -79.9100125,
            43.4458048
          ],
          [
            -79.9100621,
            43.4457327
          ],
          [
            -79.9101184,
            43.445684
          ],
          [
            -79.9101855,
            43.4456412
          ],
          [
            -79.9103116,
            43.4456139
          ],
          [
            -79.9103907,
            43.4455984
          ],
          [
            -79.910455,
            43.4455653
          ],
          [
            -79.910565,
            43.4454806
          ],
          [
            -79.9106026,
            43.4454231
          ],
          [
            -79.9106455,
            43.4453617
          ],
          [
            -79.9106844,
            43.4453345
          ],
          [
            -79.910726,
            43.4452829
          ],
          [
            -79.9107059,
            43.4452245
          ],
          [
            -79.9106697,
            43.4451987
          ],
          [
            -79.9106442,
            43.4451641
          ],
          [
            -79.9106791,
            43.445095
          ],
          [
            -79.9107206,
            43.4450444
          ],
          [
            -79.9108312,
            43.4449509
          ],
          [
            -79.9108774,
            43.444905
          ],
          [
            -79.9109211,
            43.4448331
          ],
          [
            -79.9109626,
            43.4447094
          ],
          [
            -79.9109948,
            43.4446461
          ],
          [
            -79.9110539,
            43.4446115
          ],
          [
            -79.9111236,
            43.4445838
          ],
          [
            -79.9112362,
            43.4445088
          ],
          [
            -79.9113328,
            43.4444134
          ],
          [
            -79.9113562,
            43.444371
          ],
          [
            -79.9114005,
            43.4443691
          ],
          [
            -79.9114347,
            43.4443949
          ],
          [
            -79.9114736,
            43.4444581
          ],
          [
            -79.9114857,
            43.4445147
          ],
          [
            -79.9115069,
            43.444556
          ],
          [
            -79.9115353,
            43.4445857
          ],
          [
            -79.9116091,
            43.4446062
          ],
          [
            -79.9116802,
            43.4446218
          ],
          [
            -79.9117351,
            43.4446578
          ],
          [
            -79.9117459,
            43.4447045
          ],
          [
            -79.9117209,
            43.4447582
          ],
          [
            -79.9117287,
            43.4448039
          ],
          [
            -79.9117405,
            43.4448496
          ],
          [
            -79.9117311,
            43.4448944
          ],
          [
            -79.9116889,
            43.4449509
          ],
          [
            -79.9116654,
            43.4450308
          ],
          [
            -79.9115876,
            43.4452089
          ],
          [
            -79.9114763,
            43.4453316
          ],
          [
            -79.9113006,
            43.4454795
          ],
          [
            -79.911133,
            43.4456587
          ],
          [
            -79.9109949,
            43.4458242
          ],
          [
            -79.9108795,
            43.4459645
          ],
          [
            -79.9108319,
            43.4460341
          ],
          [
            -79.9107923,
            43.4461095
          ],
          [
            -79.9107347,
            43.4462098
          ],
          [
            -79.9106462,
            43.4462916
          ],
          [
            -79.9106441,
            43.4463525
          ],
          [
            -79.910673,
            43.4464172
          ],
          [
            -79.910725,
            43.4464666
          ],
          [
            -79.9107803,
            43.4465097
          ],
          [
            -79.9107823,
            43.4465579
          ],
          [
            -79.9107655,
            43.4466062
          ],
          [
            -79.9106877,
            43.4467132
          ],
          [
            -79.910618,
            43.4467785
          ],
          [
            -79.9105439,
            43.4468072
          ],
          [
            -79.9104778,
            43.4468417
          ],
          [
            -79.9104523,
            43.4468904
          ],
          [
            -79.9104805,
            43.4469683
          ],
          [
            -79.9105409,
            43.4470852
          ],
          [
            -79.9105784,
            43.4471649
          ],
          [
            -79.9105845,
            43.447202
          ],
          [
            -79.9105543,
            43.4472527
          ],
          [
            -79.9104738,
            43.4473724
          ],
          [
            -79.9103653,
            43.447478
          ],
          [
            -79.9103008,
            43.4475408
          ],
          [
            -79.9102244,
            43.4476158
          ],
          [
            -79.9101982,
            43.4476465
          ],
          [
            -79.9101318,
            43.4476129
          ],
          [
            -79.9099897,
            43.447535
          ],
          [
            -79.9098582,
            43.4474532
          ],
          [
            -79.9098073,
            43.4473992
          ],
          [
            -79.9097852,
            43.4473208
          ],
          [
            -79.9097761,
            43.4472419
          ],
          [
            -79.9097641,
            43.447184
          ],
          [
            -79.9097617,
            43.4471728
          ],
          [
            -79.9096652,
            43.4471133
          ],
          [
            -79.9094961,
            43.4470462
          ],
          [
            -79.9093459,
            43.4469849
          ],
          [
            -79.9092105,
            43.4469002
          ],
          [
            -79.9091361,
            43.4468447
          ],
          [
            -79.9090818,
            43.4467687
          ],
          [
            -79.9090201,
            43.4467122
          ],
          [
            -79.9088779,
            43.4466724
          ],
          [
            -79.9087371,
            43.4466674
          ],
          [
            -79.908704,
            43.4466702
          ],
          [
            -79.9086218,
            43.4466772
          ],
          [
            -79.9085118,
            43.4466977
          ],
          [
            -79.9084826,
            43.4466987
          ],
          [
            -79.9084045,
            43.4467015
          ],
          [
            -79.9083508,
            43.4466976
          ]
        ]
      }
    },
    {
      "type": "Feature",
      "properties": {
        "@id": "way/776896880",
        "golf": "tee",
        "landuse": "grass"
      },
      "geometry": {
        "type": "Polygon",
        "coordinates": [
          [
            [
              -79.9125804,
              43.4482823
            ],
            [
              -79.9125958,
              43.4482866
            ],
            [
              -79.9126153,
              43.4482925
            ],
            [
              -79.9126381,
              43.4482998
            ],
            [
              -79.9126555,
              43.4483071
            ],
            [
              -79.9126756,
              43.4483139
            ],
            [
              -79.9126951,
              43.4483193
            ],
            [
              -79.9127199,
              43.4483246
            ],
            [
              -79.9127413,
              43.448328
            ],
            [
              -79.9127655,
              43.44833
            ],
            [
              -79.9127923,
              43.448328
            ],
            [
              -79.9128158,
              43.4483222
            ],
            [
              -79.9128339,
              43.4483124
            ],
            [
              -79.9128446,
              43.4482998
            ],
            [
              -79.9128466,
              43.4482862
            ],
            [
              -79.9128466,
              43.4482725
            ],
            [
              -79.9128392,
              43.4482604
            ],
            [
              -79.9128251,
              43.4482511
            ],
            [
              -79.9128023,
              43.4482443
            ],
            [
              -79.9127809,
              43.4482433
            ],
            [
              -79.9127541,
              43.4482423
            ],
            [
              -79.9127286,
              43.4482394
            ],
            [
              -79.9127024,
              43.4482331
            ],
            [
              -79.9126776,
              43.4482268
            ],
            [
              -79.9126562,
              43.4482204
            ],
            [
              -79.9126347,
              43.4482122
            ],
            [
              -79.9126133,
              43.4482039
            ],
            [
              -79.9125965,
              43.4481961
            ],
            [
              -79.9125777,
              43.4481888
            ],
            [
              -79.912563,
              43.44818
            ],
            [
              -79.9125442,
              43.4481722
            ],
            [
              -79.9125194,
              43.4481708
            ],
            [
              -79.9124986,
              43.4481791
            ],
            [
              -79.9124879,
              43.4481951
            ],
            [
              -79.9124879,
              43.4482141
            ],
            [
              -79.9124926,
              43.4482287
            ],
            [
              -79.9125033,
              43.4482428
            ],
            [
              -79.9125214,
              43.4482535
            ],
            [
              -79.9125395,
              43.4482638
            ],
            [
              -79.9125616,
              43.4482735
            ],
            [
              -79.9125804,
              43.4482823
            ]
          ]
        ]
      }
    },
    {
      "type": "Feature",
      "properties": {
        "@id": "way/776896881",
        "golf": "tee",
        "landuse": "grass"
      },
      "geometry": {
        "type": "Polygon",
        "coordinates": [
          [
            [
              -79.9124242,
              43.4480262
            ],
            [
              -79.9124329,
              43.4480437
            ],
            [
              -79.912447,
              43.4480549
            ],
            [
              -79.9124677,
              43.4480627
            ],
            [
              -79.9124905,
              43.4480613
            ],
            [
              -79.9125147,
              43.4480496
            ],
            [
              -79.9125308,
              43.4480345
            ],
            [
              -79.9125381,
              43.448017
            ],
            [
              -79.9125341,
              43.4479989
            ],
            [
              -79.91252,
              43.4479751
            ],
            [
              -79.9125093,
              43.447958
            ],
            [
              -79.9125013,
              43.447943
            ],
            [
              -79.9124926,
              43.4479298
            ],
            [
              -79.9124872,
              43.4479142
            ],
            [
              -79.9124738,
              43.4479011
            ],
            [
              -79.9124409,
              43.4478923
            ],
            [
              -79.9124221,
              43.4479055
            ],
            [
              -79.9124141,
              43.4479264
            ],
            [
              -79.9124141,
              43.4479464
            ],
            [
              -79.9124141,
              43.4479678
            ],
            [
              -79.9124168,
              43.4479887
            ],
            [
              -79.9124208,
              43.4480096
            ],
            [
              -79.9124242,
              43.4480262
            ]
          ]
        ]
      }
    },
    {
      "type": "Feature",
      "properties": {
        "@id": "way/776896882",
        "golf": "tee",
        "landuse": "grass"
      },
      "geometry": {
        "type": "Polygon",
        "coordinates": [
          [
            [
              -79.9126521,
              43.4476621
            ],
            [
              -79.9126629,
              43.4476698
            ],
            [
              -79.912679,
              43.4476742
            ],
            [
              -79.9126944,
              43.4476723
            ],
            [
              -79.9127105,
              43.4476684
            ],
            [
              -79.9127226,
              43.4476616
            ],
            [
              -79.912734,
              43.4476513
            ],
            [
              -79.9127386,
              43.4476397
            ],
            [
              -79.9127386,
              43.447628
            ],
            [
              -79.912734,
              43.4476139
            ],
            [
              -79.9127252,
              43.4475997
            ],
            [
              -79.9127118,
              43.4475915
            ],
            [
              -79.9126937,
              43.4475876
            ],
            [
              -79.9126729,
              43.4475885
            ],
            [
              -79.9126562,
              43.4475929
            ],
            [
              -79.9126414,
              43.4476046
            ],
            [
              -79.9126334,
              43.4476187
            ],
            [
              -79.9126327,
              43.4476319
            ],
            [
              -79.9126374,
              43.4476465
            ],
            [
              -79.9126428,
              43.4476548
            ],
            [
              -79.9126521,
              43.4476621
            ]
          ]
        ]
      }
    },
    {
      "type": "Feature",
      "properties": {
        "@id": "way/776896883",
        "golf": "green",
        "landuse": "grass"
      },
      "geometry": {
        "type": "Polygon",
        "coordinates": [
          [
            [
              -79.9141626,
              43.4464187
            ],
            [
              -79.9141921,
              43.4464226
            ],
            [
              -79.9142193,
              43.4464252
            ],
            [
              -79.9142323,
              43.4464265
            ],
            [
              -79.9142595,
              43.4464299
            ],
            [
              -79.914291,
              43.4464299
            ],
            [
              -79.9143198,
              43.4464299
            ],
            [
              -79.9143446,
              43.4464299
            ],
            [
              -79.9143701,
              43.4464284
            ],
            [
              -79.9143902,
              43.4464231
            ],
            [
              -79.9144103,
              43.4464114
            ],
            [
              -79.9144271,
              43.4463958
            ],
            [
              -79.914429,
              43.4463895
            ],
            [
              -79.9144331,
              43.4463759
            ],
            [
              -79.9144325,
              43.4463627
            ],
            [
              -79.9144298,
              43.4463442
            ],
            [
              -79.9144271,
              43.4463316
            ],
            [
              -79.9144237,
              43.4463238
            ],
            [
              -79.9144197,
              43.4463121
            ],
            [
              -79.914415,
              43.4462946
            ],
            [
              -79.914415,
              43.4462775
            ],
            [
              -79.914415,
              43.4462624
            ],
            [
              -79.9144117,
              43.4462478
            ],
            [
              -79.9144063,
              43.4462318
            ],
            [
              -79.9143989,
              43.4462181
            ],
            [
              -79.9143875,
              43.4462064
            ],
            [
              -79.9143714,
              43.4462016
            ],
            [
              -79.9143553,
              43.4461996
            ],
            [
              -79.9143399,
              43.4461977
            ],
            [
              -79.9143151,
              43.4461991
            ],
            [
              -79.914293,
              43.446206
            ],
            [
              -79.9142735,
              43.4462123
            ],
            [
              -79.9142554,
              43.4462196
            ],
            [
              -79.9142387,
              43.4462283
            ],
            [
              -79.9142232,
              43.4462376
            ],
            [
              -79.9142025,
              43.4462454
            ],
            [
              -79.9141763,
              43.4462493
            ],
            [
              -79.9141609,
              43.4462522
            ],
            [
              -79.9141435,
              43.4462561
            ],
            [
              -79.9141287,
              43.4462605
            ],
            [
              -79.914116,
              43.4462649
            ],
            [
              -79.9141019,
              43.4462712
            ],
            [
              -79.9140905,
              43.4462785
            ],
            [
              -79.9140811,
              43.4462848
            ],
            [
              -79.9140717,
              43.446295
            ],
            [
              -79.9140677,
              43.4463077
            ],
            [
              -79.9140656,
              43.4463155
            ],
            [
              -79.9140637,
              43.4463228
            ],
            [
              -79.9140616,
              43.4463374
            ],
            [
              -79.914065,
              43.4463505
            ],
            [
              -79.9140717,
              43.4463622
            ],
            [
              -79.9140777,
              43.4463749
            ],
            [
              -79.9140891,
              43.4463861
            ],
            [
              -79.9140999,
              43.4463939
            ],
            [
              -79.9141166,
              43.4464041
            ],
            [
              -79.9141354,
              43.4464129
            ],
            [
              -79.9141626,
              43.4464187
            ]
          ]
        ]
      }
    },
    {
      "type": "Feature",
      "properties": {
        "@id": "way/776896884",
        "golf": "fairway",
        "landuse": "grass"
      },
      "geometry": {
        "type": "Polygon",
        "coordinates": [
          [
            [
              -79.9142193,
              43.4464252
            ],
            [
              -79.9141686,
              43.4464328
            ],
            [
              -79.9141203,
              43.4464406
            ],
            [
              -79.9140868,
              43.4464503
            ],
            [
              -79.9140412,
              43.4464659
            ],
            [
              -79.914001,
              43.4464796
            ],
            [
              -79.9139674,
              43.4464932
            ],
            [
              -79.9139366,
              43.4465127
            ],
            [
              -79.9139071,
              43.4465312
            ],
            [
              -79.9138816,
              43.4465506
            ],
            [
              -79.9138601,
              43.4465643
            ],
            [
              -79.9138266,
              43.4465886
            ],
            [
              -79.9138038,
              43.4466091
            ],
            [
              -79.9137636,
              43.4466363
            ],
            [
              -79.9137341,
              43.4466568
            ],
            [
              -79.9137059,
              43.4466753
            ],
            [
              -79.9136751,
              43.4466967
            ],
            [
              -79.9136482,
              43.4467132
            ],
            [
              -79.9136013,
              43.4467376
            ],
            [
              -79.9135638,
              43.446758
            ],
            [
              -79.9135275,
              43.4467814
            ],
            [
              -79.9134967,
              43.4468028
            ],
            [
              -79.9134699,
              43.4468223
            ],
            [
              -79.9134431,
              43.4468408
            ],
            [
              -79.9134176,
              43.4468573
            ],
            [
              -79.9133908,
              43.4468797
            ],
            [
              -79.9133653,
              43.4469002
            ],
            [
              -79.9133385,
              43.4469255
            ],
            [
              -79.913313,
              43.446943
            ],
            [
              -79.9132862,
              43.4469635
            ],
            [
              -79.9132674,
              43.4469786
            ],
            [
              -79.9132479,
              43.4469917
            ],
            [
              -79.9132278,
              43.4470053
            ],
            [
              -79.9132117,
              43.4470185
            ],
            [
              -79.9131923,
              43.4470306
            ],
            [
              -79.9131769,
              43.4470443
            ],
            [
              -79.9131608,
              43.4470603
            ],
            [
              -79.9131487,
              43.4470725
            ],
            [
              -79.9131359,
              43.4470876
            ],
            [
              -79.9131225,
              43.4471027
            ],
            [
              -79.9131111,
              43.4471178
            ],
            [
              -79.9131011,
              43.4471324
            ],
            [
              -79.9130902,
              43.4471455
            ],
            [
              -79.9130727,
              43.4471674
            ],
            [
              -79.9130506,
              43.4471962
            ],
            [
              -79.9130412,
              43.4472152
            ],
            [
              -79.9130298,
              43.4472332
            ],
            [
              -79.9130231,
              43.4472502
            ],
            [
              -79.9130137,
              43.4472677
            ],
            [
              -79.9130023,
              43.4472823
            ],
            [
              -79.9129896,
              43.4472945
            ],
            [
              -79.9129728,
              43.4473052
            ],
            [
              -79.9129574,
              43.4473135
            ],
            [
              -79.9129366,
              43.4473208
            ],
            [
              -79.9129158,
              43.4473261
            ],
            [
              -79.9128897,
              43.4473291
            ],
            [
              -79.9128655,
              43.4473257
            ],
            [
              -79.9128421,
              43.4473184
            ],
            [
              -79.912826,
              43.4473076
            ],
            [
              -79.9128146,
              43.447293
            ],
            [
              -79.9128045,
              43.4472794
            ],
            [
              -79.9127965,
              43.4472648
            ],
            [
              -79.9127925,
              43.4472502
            ],
            [
              -79.9127884,
              43.4472307
            ],
            [
              -79.9127878,
              43.4472166
            ],
            [
              -79.9127891,
              43.4471967
            ],
            [
              -79.9127925,
              43.4471791
            ],
            [
              -79.9127972,
              43.4471635
            ],
            [
              -79.9128052,
              43.447148
            ],
            [
              -79.9128159,
              43.4471319
            ],
            [
              -79.9128313,
              43.4471173
            ],
            [
              -79.9128461,
              43.4471012
            ],
            [
              -79.9128555,
              43.4470886
            ],
            [
              -79.9128676,
              43.4470745
            ],
            [
              -79.9128783,
              43.4470637
            ],
            [
              -79.9128863,
              43.447054
            ],
            [
              -79.9128951,
              43.4470414
            ],
            [
              -79.9129038,
              43.4470306
            ],
            [
              -79.9129145,
              43.4470175
            ],
            [
              -79.9129259,
              43.4470029
            ],
            [
              -79.912938,
              43.4469898
            ],
            [
              -79.9129514,
              43.4469756
            ],
            [
              -79.9129614,
              43.4469635
            ],
            [
              -79.9129675,
              43.4469552
            ],
            [
              -79.9129748,
              43.446943
            ],
            [
              -79.9129836,
              43.4469294
            ],
            [
              -79.912995,
              43.4469153
            ],
            [
              -79.9130057,
              43.4469036
            ],
            [
              -79.9130178,
              43.4468895
            ],
            [
              -79.9130298,
              43.4468778
            ],
            [
              -79.9130406,
              43.4468666
            ],
            [
              -79.9130533,
              43.4468554
            ],
            [
              -79.9130634,
              43.4468452
            ],
            [
              -79.9130727,
              43.4468364
            ],
            [
              -79.9130841,
              43.4468262
            ],
            [
              -79.9130962,
              43.446815
            ],
            [
              -79.9131063,
              43.4468052
            ],
            [
              -79.9131217,
              43.4467906
            ],
            [
              -79.9131338,
              43.446779
            ],
            [
              -79.9131432,
              43.4467697
            ],
            [
              -79.9131546,
              43.446758
            ],
            [
              -79.91317,
              43.4467449
            ],
            [
              -79.9131854,
              43.4467327
            ],
            [
              -79.9131981,
              43.446722
            ],
            [
              -79.9132142,
              43.4467098
            ],
            [
              -79.913231,
              43.4466981
            ],
            [
              -79.9132471,
              43.4466874
            ],
            [
              -79.9132639,
              43.4466782
            ],
            [
              -79.9132799,
              43.4466709
            ],
            [
              -79.9133027,
              43.4466602
            ],
            [
              -79.9133195,
              43.4466524
            ],
            [
              -79.9133443,
              43.4466446
            ],
            [
              -79.9133638,
              43.4466368
            ],
            [
              -79.9133859,
              43.4466305
            ],
            [
              -79.913398,
              43.4466251
            ],
            [
              -79.9134167,
              43.4466212
            ],
            [
              -79.9134308,
              43.4466154
            ],
            [
              -79.9134409,
              43.4466081
            ],
            [
              -79.9134576,
              43.4465988
            ],
            [
              -79.9134704,
              43.4465896
            ],
            [
              -79.9134838,
              43.4465794
            ],
            [
              -79.9134979,
              43.4465686
            ],
            [
              -79.913514,
              43.446557
            ],
            [
              -79.913526,
              43.4465487
            ],
            [
              -79.9135441,
              43.4465394
            ],
            [
              -79.9135623,
              43.4465307
            ],
            [
              -79.9135797,
              43.4465229
            ],
            [
              -79.9136025,
              43.4465141
            ],
            [
              -79.9136213,
              43.4465068
            ],
            [
              -79.9136441,
              43.4465005
            ],
            [
              -79.9136682,
              43.4464937
            ],
            [
              -79.9136883,
              43.4464859
            ],
            [
              -79.9137078,
              43.4464771
            ],
            [
              -79.9137285,
              43.4464693
            ],
            [
              -79.9137513,
              43.4464606
            ],
            [
              -79.9137701,
              43.4464508
            ],
            [
              -79.9137862,
              43.446444
            ],
            [
              -79.913803,
              43.4464377
            ],
            [
              -79.9138191,
              43.4464309
            ],
            [
              -79.9138365,
              43.446425
            ],
            [
              -79.9138526,
              43.4464216
            ],
            [
              -79.9138821,
              43.4464143
            ],
            [
              -79.9138995,
              43.4464114
            ],
            [
              -79.9139176,
              43.4464056
            ],
            [
              -79.9139344,
              43.4463973
            ],
            [
              -79.9139579,
              43.4463846
            ],
            [
              -79.9139706,
              43.4463744
            ],
            [
              -79.9139834,
              43.4463647
            ],
            [
              -79.9139995,
              43.4463544
            ],
            [
              -79.9140122,
              43.4463452
            ],
            [
              -79.914031,
              43.446334
            ],
            [
              -79.9140471,
              43.4463233
            ],
            [
              -79.9140656,
              43.4463155
            ],
            [
              -79.9142193,
              43.4464252
            ]
          ]
        ]
      }
    },
    {
      "type": "Feature",
      "properties": {
        "@id": "way/776896885",
        "golf": "water_hazard",
        "natural": "water"
      },
      "geometry": {
        "type": "Polygon",
        "coordinates": [
          [
            [
              -79.9127827,
              43.4481284
            ],
            [
              -79.9127988,
              43.4481109
            ],
            [
              -79.9128297,
              43.4480797
            ],
            [
              -79.9128471,
              43.4480651
            ],
            [
              -79.9128525,
              43.4480525
            ],
            [
              -79.9128659,
              43.4480272
            ],
            [
              -79.9128793,
              43.447995
            ],
            [
              -79.91289,
              43.4479804
            ],
            [
              -79.9129075,
              43.4479629
            ],
            [
              -79.9129249,
              43.4479473
            ],
            [
              -79.9129437,
              43.4479318
            ],
            [
              -79.9129584,
              43.4479113
            ],
            [
              -79.9129732,
              43.4478879
            ],
            [
              -79.9129866,
              43.4478646
            ],
            [
              -79.9130107,
              43.4478393
            ],
            [
              -79.9130429,
              43.4478208
            ],
            [
              -79.9130711,
              43.4478032
            ],
            [
              -79.9130992,
              43.4477906
            ],
            [
              -79.9131314,
              43.4477808
            ],
            [
              -79.9131556,
              43.4477672
            ],
            [
              -79.9131904,
              43.4477467
            ],
            [
              -79.9132155,
              43.447737
            ],
            [
              -79.913228,
              43.4477165
            ],
            [
              -79.913244,
              43.4477039
            ],
            [
              -79.9132508,
              43.4476922
            ],
            [
              -79.9132548,
              43.4476806
            ],
            [
              -79.9132628,
              43.4476523
            ],
            [
              -79.9132803,
              43.4476328
            ],
            [
              -79.9132977,
              43.4476192
            ],
            [
              -79.9133393,
              43.4475881
            ],
            [
              -79.9133514,
              43.4475657
            ],
            [
              -79.9133607,
              43.4475462
            ],
            [
              -79.9133607,
              43.4475209
            ],
            [
              -79.9133688,
              43.4474926
            ],
            [
              -79.9133755,
              43.4474722
            ],
            [
              -79.9133755,
              43.4474508
            ],
            [
              -79.9133634,
              43.4474148
            ],
            [
              -79.9133648,
              43.4473904
            ],
            [
              -79.9133621,
              43.447367
            ],
            [
              -79.913354,
              43.4473515
            ],
            [
              -79.9133406,
              43.4473359
            ],
            [
              -79.913338,
              43.4473086
            ],
            [
              -79.9133554,
              43.4472823
            ],
            [
              -79.9133701,
              43.4472668
            ],
            [
              -79.9133822,
              43.447258
            ],
            [
              -79.9133863,
              43.4472463
            ],
            [
              -79.9133862,
              43.4472317
            ],
            [
              -79.9133862,
              43.4472113
            ],
            [
              -79.9133916,
              43.4471859
            ],
            [
              -79.913401,
              43.4471713
            ],
            [
              -79.9134037,
              43.4471558
            ],
            [
              -79.9133956,
              43.4471304
            ],
            [
              -79.9133862,
              43.44711
            ],
            [
              -79.9133701,
              43.4470896
            ],
            [
              -79.9133487,
              43.4470798
            ],
            [
              -79.9133232,
              43.447072
            ],
            [
              -79.9133031,
              43.447072
            ],
            [
              -79.9132709,
              43.447072
            ],
            [
              -79.9132494,
              43.4470798
            ],
            [
              -79.9132307,
              43.4470944
            ],
            [
              -79.913228,
              43.4471139
            ],
            [
              -79.9132213,
              43.4471373
            ],
            [
              -79.9132065,
              43.4471528
            ],
            [
              -79.9132012,
              43.4471713
            ],
            [
              -79.9131958,
              43.4471889
            ],
            [
              -79.9131931,
              43.4472152
            ],
            [
              -79.9131891,
              43.4472434
            ],
            [
              -79.9131743,
              43.4472609
            ],
            [
              -79.9131717,
              43.4472765
            ],
            [
              -79.9131596,
              43.4473096
            ],
            [
              -79.9131274,
              43.4473349
            ],
            [
              -79.9131059,
              43.4473485
            ],
            [
              -79.9130818,
              43.4473612
            ],
            [
              -79.9130563,
              43.4473729
            ],
            [
              -79.9130268,
              43.4473875
            ],
            [
              -79.9129919,
              43.4474099
            ],
            [
              -79.9129678,
              43.4474362
            ],
            [
              -79.912949,
              43.4474547
            ],
            [
              -79.9129316,
              43.4474732
            ],
            [
              -79.9129168,
              43.4474897
            ],
            [
              -79.9129061,
              43.4475034
            ],
            [
              -79.9128981,
              43.4475218
            ],
            [
              -79.9128887,
              43.4475423
            ],
            [
              -79.9128806,
              43.4475666
            ],
            [
              -79.9128645,
              43.4475832
            ],
            [
              -79.9128512,
              43.4476017
            ],
            [
              -79.9128377,
              43.4476212
            ],
            [
              -79.9128082,
              43.4476465
            ],
            [
              -79.9127894,
              43.4476737
            ],
            [
              -79.9127639,
              43.4476961
            ],
            [
              -79.9127224,
              43.4477234
            ],
            [
              -79.9126889,
              43.4477438
            ],
            [
              -79.9126661,
              43.4477546
            ],
            [
              -79.9126379,
              43.4477682
            ],
            [
              -79.9126178,
              43.4477789
            ],
            [
              -79.9126017,
              43.4477896
            ],
            [
              -79.9125896,
              43.4478032
            ],
            [
              -79.9125735,
              43.4478227
            ],
            [
              -79.9125521,
              43.447849
            ],
            [
              -79.9125534,
              43.4478724
            ],
            [
              -79.9125547,
              43.4479006
            ],
            [
              -79.9125655,
              43.447923
            ],
            [
              -79.9125802,
              43.4479512
            ],
            [
              -79.9125896,
              43.4479707
            ],
            [
              -79.9125963,
              43.4480019
            ],
            [
              -79.9125896,
              43.4480272
            ],
            [
              -79.9125802,
              43.4480535
            ],
            [
              -79.9125802,
              43.4480729
            ],
            [
              -79.9125829,
              43.4480982
            ],
            [
              -79.912595,
              43.4481206
            ],
            [
              -79.9126138,
              43.4481362
            ],
            [
              -79.9126339,
              43.4481518
            ],
            [
              -79.912658,
              43.4481625
            ],
            [
              -79.9126915,
              43.4481674
            ],
            [
              -79.9127251,
              43.4481722
            ],
            [
              -79.9127519,
              43.4481625
            ],
            [
              -79.912768,
              43.4481469
            ],
            [
              -79.9127827,
              43.4481284
            ]
          ]
        ]
      }
    },
    {
      "type": "Feature",
      "properties": {
        "@id": "way/776896886",
        "golf": "bunker",
        "natural": "sand"
      },
      "geometry": {
        "type": "Polygon",
        "coordinates": [
          [
            [
              -79.9132628,
              43.4465355
            ],
            [
              -79.9132508,
              43.4465492
            ],
            [
              -79.913236,
              43.446556
            ],
            [
              -79.9132213,
              43.4465667
            ],
            [
              -79.9132159,
              43.4465852
            ],
            [
              -79.9132186,
              43.4465998
            ],
            [
              -79.913228,
              43.4466154
            ],
            [
              -79.9132441,
              43.4466164
            ],
            [
              -79.9132615,
              43.4466154
            ],
            [
              -79.9132789,
              43.4466066
            ],
            [
              -79.9132843,
              43.446591
            ],
            [
              -79.913283,
              43.4465774
            ],
            [
              -79.913287,
              43.4465618
            ],
            [
              -79.9132991,
              43.446554
            ],
            [
              -79.9133178,
              43.4465579
            ],
            [
              -79.9133326,
              43.4465647
            ],
            [
              -79.9133473,
              43.4465745
            ],
            [
              -79.9133594,
              43.4465813
            ],
            [
              -79.9133768,
              43.4465823
            ],
            [
              -79.9134023,
              43.4465725
            ],
            [
              -79.9134117,
              43.4465579
            ],
            [
              -79.913409,
              43.4465462
            ],
            [
              -79.913401,
              43.4465365
            ],
            [
              -79.9133889,
              43.4465287
            ],
            [
              -79.9133688,
              43.446518
            ],
            [
              -79.9133554,
              43.4465092
            ],
            [
              -79.9133527,
              43.4464976
            ],
            [
              -79.9133634,
              43.4464878
            ],
            [
              -79.9133876,
              43.4464859
            ],
            [
              -79.9134144,
              43.446481
            ],
            [
              -79.9134332,
              43.4464703
            ],
            [
              -79.9134345,
              43.4464538
            ],
            [
              -79.9134144,
              43.4464421
            ],
            [
              -79.9133822,
              43.446445
            ],
            [
              -79.9133607,
              43.4464528
            ],
            [
              -79.9133473,
              43.4464606
            ],
            [
              -79.9133366,
              43.4464654
            ],
            [
              -79.9133165,
              43.4464771
            ],
            [
              -79.9132964,
              43.4464849
            ],
            [
              -79.9132789,
              43.4464937
            ],
            [
              -79.9132736,
              43.4465054
            ],
            [
              -79.9132669,
              43.446517
            ],
            [
              -79.9132628,
              43.4465355
            ]
          ]
        ]
      }
    },
    {
      "type": "Feature",
      "properties": {
        "@id": "way/776896887",
        "golf": "bunker",
        "natural": "sand"
      },
      "geometry": {
        "type": "Polygon",
        "coordinates": [
          [
            [
              -79.913987,
              43.4465316
            ],
            [
              -79.913975,
              43.4465462
            ],
            [
              -79.9139656,
              43.4465618
            ],
            [
              -79.9139495,
              43.4465745
            ],
            [
              -79.9139294,
              43.4465842
            ],
            [
              -79.9139186,
              43.4465988
            ],
            [
              -79.9139267,
              43.4466164
            ],
            [
              -79.9139455,
              43.4466271
            ],
            [
              -79.9139723,
              43.4466271
            ],
            [
              -79.9139938,
              43.4466193
            ],
            [
              -79.9140005,
              43.4466037
            ],
            [
              -79.9140005,
              43.4465901
            ],
            [
              -79.9140005,
              43.4465794
            ],
            [
              -79.9140112,
              43.4465745
            ],
            [
              -79.914034,
              43.4465764
            ],
            [
              -79.9140501,
              43.4465755
            ],
            [
              -79.9140715,
              43.4465725
            ],
            [
              -79.9140809,
              43.446556
            ],
            [
              -79.9140662,
              43.4465404
            ],
            [
              -79.9140461,
              43.4465307
            ],
            [
              -79.9140179,
              43.4465239
            ],
            [
              -79.9140031,
              43.4465239
            ],
            [
              -79.913987,
              43.4465316
            ]
          ]
        ]
      }
    },
    {
      "type": "Feature",
      "properties": {
        "@id": "way/776896888",
        "golf": "fairway",
        "landuse": "grass"
      },
      "geometry": {
        "type": "Polygon",
        "coordinates": [
          [
            [
              -79.9143553,
              43.4461996
            ],
            [
              -79.9143451,
              43.4461899
            ],
            [
              -79.9143237,
              43.4461763
            ],
            [
              -79.9143035,
              43.4461675
            ],
            [
              -79.9142781,
              43.4461558
            ],
            [
              -79.9142566,
              43.4461441
            ],
            [
              -79.9142365,
              43.4461324
            ],
            [
              -79.9142191,
              43.4461266
            ],
            [
              -79.9142003,
              43.4461276
            ],
            [
              -79.9141815,
              43.4461344
            ],
            [
              -79.9141668,
              43.4461441
            ],
            [
              -79.9141507,
              43.4461617
            ],
            [
              -79.914148,
              43.446187
            ],
            [
              -79.9141507,
              43.4462103
            ],
            [
              -79.914152,
              43.4462279
            ],
            [
              -79.9141466,
              43.4462386
            ],
            [
              -79.9141386,
              43.4462493
            ],
            [
              -79.9141287,
              43.4462605
            ],
            [
              -79.9143553,
              43.4461996
            ]
          ]
        ]
      }
    },
    {
      "type": "Feature",
      "properties": {
        "@id": "way/776896889",
        "golf": "fairway",
        "landuse": "grass"
      },
      "geometry": {
        "type": "Polygon",
        "coordinates": [
          [
            [
              -79.914429,
              43.4463895
            ],
            [
              -79.9144524,
              43.446371
            ],
            [
              -79.9144618,
              43.4463603
            ],
            [
              -79.9144739,
              43.4463476
            ],
            [
              -79.9144886,
              43.4463389
            ],
            [
              -79.9145114,
              43.446333
            ],
            [
              -79.9145382,
              43.4463233
            ],
            [
              -79.9145584,
              43.4463126
            ],
            [
              -79.9145664,
              43.4462999
            ],
            [
              -79.9145664,
              43.4462824
            ],
            [
              -79.914561,
              43.4462649
            ],
            [
              -79.9145517,
              43.4462512
            ],
            [
              -79.9145369,
              43.4462425
            ],
            [
              -79.9145114,
              43.4462386
            ],
            [
              -79.9144806,
              43.4462376
            ],
            [
              -79.9144591,
              43.4462337
            ],
            [
              -79.914443,
              43.4462288
            ],
            [
              -79.9144256,
              43.446223
            ],
            [
              -79.9144108,
              43.4462191
            ],
            [
              -79.9143989,
              43.4462181
            ],
            [
              -79.914429,
              43.4463895
            ]
          ]
        ]
      }
    },
    {
      "type": "Feature",
      "properties": {
        "@id": "way/776896891",
        "golf": "cartpath",
        "golf_cart": "designated",
        "highway": "service"
      },
      "geometry": {
        "type": "LineString",
        "coordinates": [
          [
            -79.9124226,
            43.4482268
          ],
          [
            -79.9124361,
            43.4481528
          ],
          [
            -79.9124119,
            43.448071
          ],
          [
            -79.9123931,
            43.448032
          ],
          [
            -79.9123824,
            43.4479619
          ],
          [
            -79.9123871,
            43.4478948
          ],
          [
            -79.9124139,
            43.4478344
          ],
          [
            -79.9124461,
            43.4477789
          ],
          [
            -79.9124636,
            43.4477322
          ],
          [
            -79.9124984,
            43.4476883
          ],
          [
            -79.9125373,
            43.4476562
          ],
          [
            -79.9125749,
            43.4476182
          ],
          [
            -79.912603,
            43.4475715
          ],
          [
            -79.9126131,
            43.4475219
          ],
          [
            -79.9126164,
            43.4474824
          ],
          [
            -79.9126097,
            43.4474483
          ],
          [
            -79.912607,
            43.447424
          ],
          [
            -79.9125841,
            43.4473076
          ],
          [
            -79.9125583,
            43.4471903
          ],
          [
            -79.912565,
            43.4471504
          ],
          [
            -79.9125985,
            43.4471144
          ],
          [
            -79.9126508,
            43.4470803
          ],
          [
            -79.9127031,
            43.4470375
          ],
          [
            -79.91275,
            43.4469946
          ],
          [
            -79.9127782,
            43.4469683
          ],
          [
            -79.9128265,
            43.446945
          ],
          [
            -79.9128949,
            43.4469041
          ],
          [
            -79.9129485,
            43.4468447
          ],
          [
            -79.9130018,
            43.446777
          ],
          [
            -79.9130689,
            43.4466933
          ],
          [
            -79.9131105,
            43.4466202
          ],
          [
            -79.9131292,
            43.4465501
          ],
          [
            -79.9131802,
            43.4464995
          ],
          [
            -79.9132419,
            43.4464372
          ],
          [
            -79.9132955,
            43.4463856
          ],
          [
            -79.9133452,
            43.4463486
          ],
          [
            -79.9134095,
            43.4463418
          ],
          [
            -79.9134766,
            43.4463418
          ],
          [
            -79.9135503,
            43.4463505
          ],
          [
            -79.9136174,
            43.4463661
          ],
          [
            -79.9136845,
            43.4463953
          ],
          [
            -79.9137354,
            43.446408
          ],
          [
            -79.9137824,
            43.4463944
          ],
          [
            -79.9138494,
            43.4463525
          ],
          [
            -79.9139393,
            43.4462814
          ],
          [
            -79.9139916,
            43.4462259
          ],
          [
            -79.9139969,
            43.4461811
          ],
          [
            -79.9139875,
            43.4461285
          ],
          [
            -79.9139818,
            43.4460497
          ],
          [
            -79.9139698,
            43.4459805
          ]
        ]
      }
    },
    {
      "type": "Feature",
      "properties": {
        "@id": "way/776896892",
        "golf": "tee",
        "landuse": "grass"
      },
      "geometry": {
        "type": "Polygon",
        "coordinates": [
          [
            [
              -79.9137783,
              43.446094
            ],
            [
              -79.9137911,
              43.4461018
            ],
            [
              -79.9138058,
              43.446111
            ],
            [
              -79.9138226,
              43.4461169
            ],
            [
              -79.9138427,
              43.4461193
            ],
            [
              -79.9138648,
              43.4461169
            ],
            [
              -79.9138829,
              43.4461066
            ],
            [
              -79.9138923,
              43.4460954
            ],
            [
              -79.913897,
              43.4460828
            ],
            [
              -79.913897,
              43.4460677
            ],
            [
              -79.9138923,
              43.4460531
            ],
            [
              -79.9138809,
              43.4460395
            ],
            [
              -79.9138675,
              43.4460297
            ],
            [
              -79.9138434,
              43.4460175
            ],
            [
              -79.9138239,
              43.4460151
            ],
            [
              -79.9138058,
              43.4460146
            ],
            [
              -79.9137877,
              43.4460151
            ],
            [
              -79.9137689,
              43.446019
            ],
            [
              -79.9137549,
              43.4460273
            ],
            [
              -79.9137461,
              43.446038
            ],
            [
              -79.9137461,
              43.4460541
            ],
            [
              -79.9137515,
              43.4460667
            ],
            [
              -79.9137636,
              43.4460838
            ],
            [
              -79.9137783,
              43.446094
            ]
          ]
        ]
      }
    },
    {
      "type": "Feature",
      "properties": {
        "@id": "way/776896893",
        "golf": "tee",
        "landuse": "grass"
      },
      "geometry": {
        "type": "Polygon",
        "coordinates": [
          [
            [
              -79.9141062,
              43.4458063
            ],
            [
              -79.914119,
              43.4458136
            ],
            [
              -79.9141331,
              43.4458145
            ],
            [
              -79.9141498,
              43.445816
            ],
            [
              -79.9141706,
              43.4458145
            ],
            [
              -79.9141894,
              43.4458097
            ],
            [
              -79.9142028,
              43.4458033
            ],
            [
              -79.9142129,
              43.445797
            ],
            [
              -79.9142276,
              43.4457853
            ],
            [
              -79.9142336,
              43.4457741
            ],
            [
              -79.914237,
              43.4457615
            ],
            [
              -79.9142363,
              43.4457488
            ],
            [
              -79.9142343,
              43.4457371
            ],
            [
              -79.9142249,
              43.4457274
            ],
            [
              -79.9142095,
              43.4457142
            ],
            [
              -79.9141961,
              43.4457065
            ],
            [
              -79.914176,
              43.4457006
            ],
            [
              -79.9141518,
              43.4456987
            ],
            [
              -79.914131,
              43.4457021
            ],
            [
              -79.914115,
              43.4457108
            ],
            [
              -79.9141029,
              43.4457216
            ],
            [
              -79.9140935,
              43.4457332
            ],
            [
              -79.9140834,
              43.4457454
            ],
            [
              -79.9140814,
              43.4457605
            ],
            [
              -79.9140821,
              43.4457741
            ],
            [
              -79.9140861,
              43.4457878
            ],
            [
              -79.9140955,
              43.4457994
            ],
            [
              -79.9141062,
              43.4458063
            ]
          ]
        ]
      }
    },
    {
      "type": "Feature",
      "properties": {
        "@id": "way/776896894",
        "golf": "tee",
        "landuse": "grass"
      },
      "geometry": {
        "type": "Polygon",
        "coordinates": [
          [
            [
              -79.9143282,
              43.4456388
            ],
            [
              -79.9143429,
              43.4456441
            ],
            [
              -79.914359,
              43.4456471
            ],
            [
              -79.9143771,
              43.4456485
            ],
            [
              -79.9143993,
              43.4456476
            ],
            [
              -79.9144247,
              43.4456432
            ],
            [
              -79.9144408,
              43.4456368
            ],
            [
              -79.9144536,
              43.445631
            ],
            [
              -79.914465,
              43.4456203
            ],
            [
              -79.9144717,
              43.4456091
            ],
            [
              -79.914475,
              43.4455984
            ],
            [
              -79.9144757,
              43.4455852
            ],
            [
              -79.9144757,
              43.4455731
            ],
            [
              -79.914475,
              43.4455609
            ],
            [
              -79.9144724,
              43.4455502
            ],
            [
              -79.914469,
              43.44554
            ],
            [
              -79.9144616,
              43.4455288
            ],
            [
              -79.9144509,
              43.4455166
            ],
            [
              -79.9144388,
              43.4455078
            ],
            [
              -79.9144261,
              43.4455
            ],
            [
              -79.9144127,
              43.4454927
            ],
            [
              -79.9144006,
              43.4454869
            ],
            [
              -79.9143838,
              43.4454835
            ],
            [
              -79.9143604,
              43.4454815
            ],
            [
              -79.9143336,
              43.445482
            ],
            [
              -79.9143128,
              43.4454879
            ],
            [
              -79.914296,
              43.4454986
            ],
            [
              -79.9142833,
              43.4455112
            ],
            [
              -79.9142719,
              43.4455244
            ],
            [
              -79.9142678,
              43.4455341
            ],
            [
              -79.9142658,
              43.4455482
            ],
            [
              -79.9142658,
              43.4455619
            ],
            [
              -79.9142665,
              43.445574
            ],
            [
              -79.9142719,
              43.4455882
            ],
            [
              -79.9142792,
              43.4456023
            ],
            [
              -79.914292,
              43.445614
            ],
            [
              -79.9143047,
              43.4456242
            ],
            [
              -79.9143148,
              43.4456315
            ],
            [
              -79.9143282,
              43.4456388
            ]
          ]
        ]
      }
    },
    {
      "type": "Feature",
      "properties": {
        "@id": "way/776896895",
        "golf": "tee",
        "landuse": "grass"
      },
      "geometry": {
        "type": "Polygon",
        "coordinates": [
          [
            [
              -79.9145978,
              43.4452367
            ],
            [
              -79.9146112,
              43.445243
            ],
            [
              -79.9146286,
              43.4452459
            ],
            [
              -79.9146527,
              43.4452435
            ],
            [
              -79.9146688,
              43.4452357
            ],
            [
              -79.9146796,
              43.4452245
            ],
            [
              -79.9146843,
              43.4452123
            ],
            [
              -79.9146829,
              43.4452001
            ],
            [
              -79.9146735,
              43.4451875
            ],
            [
              -79.9146588,
              43.4451773
            ],
            [
              -79.9146366,
              43.4451729
            ],
            [
              -79.9146132,
              43.4451753
            ],
            [
              -79.9145964,
              43.4451826
            ],
            [
              -79.9145837,
              43.4451938
            ],
            [
              -79.9145823,
              43.4452089
            ],
            [
              -79.914587,
              43.4452259
            ],
            [
              -79.9145978,
              43.4452367
            ]
          ]
        ]
      }
    },
    {
      "type": "Feature",
      "properties": {
        "@id": "way/776896896",
        "golf": "fairway",
        "landuse": "grass"
      },
      "geometry": {
        "type": "Polygon",
        "coordinates": [
          [
            [
              -79.9151406,
              43.4449733
            ],
            [
              -79.915154,
              43.4449898
            ],
            [
              -79.9151727,
              43.4450005
            ],
            [
              -79.9151969,
              43.4450122
            ],
            [
              -79.9152224,
              43.4450171
            ],
            [
              -79.9152572,
              43.4450171
            ],
            [
              -79.9152948,
              43.4450151
            ],
            [
              -79.915339,
              43.4450083
            ],
            [
              -79.9153806,
              43.4449947
            ],
            [
              -79.9154128,
              43.444982
            ],
            [
              -79.9154396,
              43.4449704
            ],
            [
              -79.9154651,
              43.4449538
            ],
            [
              -79.9154919,
              43.4449353
            ],
            [
              -79.9155053,
              43.4449168
            ],
            [
              -79.9155201,
              43.4448993
            ],
            [
              -79.9155402,
              43.444874
            ],
            [
              -79.9155617,
              43.4448535
            ],
            [
              -79.9155872,
              43.4448282
            ],
            [
              -79.915614,
              43.4448029
            ],
            [
              -79.9156448,
              43.4447766
            ],
            [
              -79.9156757,
              43.4447503
            ],
            [
              -79.9156944,
              43.444723
            ],
            [
              -79.9156998,
              43.4446919
            ],
            [
              -79.9157038,
              43.444652
            ],
            [
              -79.9157105,
              43.4446286
            ],
            [
              -79.9157333,
              43.4446023
            ],
            [
              -79.9157561,
              43.4445809
            ],
            [
              -79.9157776,
              43.4445624
            ],
            [
              -79.9158125,
              43.444541
            ],
            [
              -79.915846,
              43.4445195
            ],
            [
              -79.9158849,
              43.4445001
            ],
            [
              -79.9159171,
              43.4444864
            ],
            [
              -79.9159533,
              43.4444728
            ],
            [
              -79.9159922,
              43.4444592
            ],
            [
              -79.9160244,
              43.4444446
            ],
            [
              -79.9160498,
              43.4444231
            ],
            [
              -79.9160753,
              43.4444017
            ],
            [
              -79.9161021,
              43.4443803
            ],
            [
              -79.9161316,
              43.4443521
            ],
            [
              -79.9161585,
              43.4443306
            ],
            [
              -79.9161826,
              43.4443112
            ],
            [
              -79.9162014,
              43.4442927
            ],
            [
              -79.9162295,
              43.4442673
            ],
            [
              -79.9162604,
              43.444244
            ],
            [
              -79.9162792,
              43.4442245
            ],
            [
              -79.9163006,
              43.4442011
            ],
            [
              -79.9163261,
              43.4441778
            ],
            [
              -79.9163569,
              43.4441524
            ],
            [
              -79.9163838,
              43.4441301
            ],
            [
              -79.9164025,
              43.4441116
            ],
            [
              -79.9164294,
              43.4440872
            ],
            [
              -79.9164589,
              43.4440599
            ],
            [
              -79.916487,
              43.4440278
            ],
            [
              -79.9165152,
              43.4440006
            ],
            [
              -79.9165367,
              43.4439782
            ],
            [
              -79.9165621,
              43.4439538
            ],
            [
              -79.9165849,
              43.4439324
            ],
            [
              -79.9166064,
              43.4439119
            ],
            [
              -79.9166292,
              43.4438886
            ],
            [
              -79.9166506,
              43.4438681
            ],
            [
              -79.9166721,
              43.4438477
            ],
            [
              -79.9166976,
              43.4438243
            ],
            [
              -79.9167217,
              43.4438
            ],
            [
              -79.9167418,
              43.4437766
            ],
            [
              -79.9167687,
              43.4437523
            ],
            [
              -79.9167874,
              43.4437328
            ],
            [
              -79.9168089,
              43.4437114
            ],
            [
              -79.9168344,
              43.443687
            ],
            [
              -79.9168585,
              43.4436646
            ],
            [
              -79.916888,
              43.4436344
            ],
            [
              -79.9169148,
              43.4436081
            ],
            [
              -79.9169363,
              43.4435877
            ],
            [
              -79.9169591,
              43.4435663
            ],
            [
              -79.9169806,
              43.4435429
            ],
            [
              -79.9170034,
              43.4435195
            ],
            [
              -79.9170288,
              43.4434971
            ],
            [
              -79.9170557,
              43.4434738
            ],
            [
              -79.9170838,
              43.4434504
            ],
            [
              -79.91712,
              43.4434222
            ],
            [
              -79.9171455,
              43.4433978
            ],
            [
              -79.9171723,
              43.4433647
            ],
            [
              -79.9171951,
              43.4433384
            ],
            [
              -79.9172139,
              43.4433092
            ],
            [
              -79.9172327,
              43.443281
            ],
            [
              -79.9172608,
              43.443245
            ],
            [
              -79.9172796,
              43.4432206
            ],
            [
              -79.9173038,
              43.4431953
            ],
            [
              -79.9173252,
              43.4431709
            ],
            [
              -79.9173427,
              43.4431456
            ],
            [
              -79.9173641,
              43.4431154
            ],
            [
              -79.9173802,
              43.4430921
            ],
            [
              -79.917403,
              43.4430668
            ],
            [
              -79.9174245,
              43.4430395
            ],
            [
              -79.9174392,
              43.4430161
            ],
            [
              -79.9174526,
              43.4429898
            ],
            [
              -79.917466,
              43.4429674
            ],
            [
              -79.9174808,
              43.442945
            ],
            [
              -79.9174955,
              43.4429207
            ],
            [
              -79.917509,
              43.4429012
            ],
            [
              -79.917521,
              43.4428798
            ],
            [
              -79.9175371,
              43.4428545
            ],
            [
              -79.9175478,
              43.4428263
            ],
            [
              -79.9175599,
              43.4427931
            ],
            [
              -79.9175693,
              43.44276
            ],
            [
              -79.917576,
              43.4427289
            ],
            [
              -79.9175814,
              43.4427123
            ],
            [
              -79.9174211,
              43.4426735
            ],
            [
              -79.9174201,
              43.4426665
            ],
            [
              -79.9173936,
              43.442689
            ],
            [
              -79.9173789,
              43.4427065
            ],
            [
              -79.9173547,
              43.4427308
            ],
            [
              -79.9173279,
              43.4427522
            ],
            [
              -79.9172957,
              43.4427815
            ],
            [
              -79.9172729,
              43.4428068
            ],
            [
              -79.9172528,
              43.4428311
            ],
            [
              -79.9172313,
              43.4428564
            ],
            [
              -79.9172032,
              43.4428856
            ],
            [
              -79.9171844,
              43.4429051
            ],
            [
              -79.917171,
              43.4429236
            ],
            [
              -79.9171469,
              43.442948
            ],
            [
              -79.9171254,
              43.4429655
            ],
            [
              -79.9171013,
              43.4429889
            ],
            [
              -79.9170758,
              43.4430083
            ],
            [
              -79.9170543,
              43.4430298
            ],
            [
              -79.9170302,
              43.4430512
            ],
            [
              -79.9170047,
              43.4430775
            ],
            [
              -79.9169765,
              43.4431057
            ],
            [
              -79.9169564,
              43.4431262
            ],
            [
              -79.9169336,
              43.4431486
            ],
            [
              -79.9169122,
              43.443169
            ],
            [
              -79.9168894,
              43.4431904
            ],
            [
              -79.9168746,
              43.443208
            ],
            [
              -79.9168572,
              43.4432255
            ],
            [
              -79.9168344,
              43.4432498
            ],
            [
              -79.9167982,
              43.4432868
            ],
            [
              -79.9167727,
              43.4433131
            ],
            [
              -79.9167499,
              43.4433384
            ],
            [
              -79.9167271,
              43.4433618
            ],
            [
              -79.9167083,
              43.4433832
            ],
            [
              -79.9166895,
              43.4434007
            ],
            [
              -79.9166734,
              43.4434183
            ],
            [
              -79.916652,
              43.4434397
            ],
            [
              -79.9166292,
              43.4434621
            ],
            [
              -79.916601,
              43.4434942
            ],
            [
              -79.9165822,
              43.4435166
            ],
            [
              -79.9165568,
              43.4435419
            ],
            [
              -79.9165487,
              43.4435546
            ],
            [
              -79.9165246,
              43.443577
            ],
            [
              -79.9165058,
              43.4436013
            ],
            [
              -79.916483,
              43.4436257
            ],
            [
              -79.9164589,
              43.4436481
            ],
            [
              -79.9164294,
              43.4436792
            ],
            [
              -79.9164052,
              43.4437026
            ],
            [
              -79.9163838,
              43.4437279
            ],
            [
              -79.9163543,
              43.4437513
            ],
            [
              -79.9163328,
              43.4437747
            ],
            [
              -79.91631,
              43.443799
            ],
            [
              -79.9162792,
              43.4438282
            ],
            [
              -79.9162644,
              43.4438457
            ],
            [
              -79.9162336,
              43.4438769
            ],
            [
              -79.9162094,
              43.4438954
            ],
            [
              -79.9161799,
              43.4439139
            ],
            [
              -79.9161504,
              43.4439343
            ],
            [
              -79.9161249,
              43.4439558
            ],
            [
              -79.9161008,
              43.4439743
            ],
            [
              -79.9160686,
              43.4440044
            ],
            [
              -79.9160445,
              43.4440337
            ],
            [
              -79.9160257,
              43.4440531
            ],
            [
              -79.9160016,
              43.4440736
            ],
            [
              -79.9159828,
              43.4440921
            ],
            [
              -79.9159667,
              43.4441077
            ],
            [
              -79.9159466,
              43.444133
            ],
            [
              -79.9159264,
              43.4441573
            ],
            [
              -79.915905,
              43.4441846
            ],
            [
              -79.9158929,
              43.4442041
            ],
            [
              -79.915854,
              43.4442352
            ],
            [
              -79.9158272,
              43.4442605
            ],
            [
              -79.9157883,
              43.4442907
            ],
            [
              -79.9157602,
              43.4443151
            ],
            [
              -79.9157374,
              43.4443297
            ],
            [
              -79.9157105,
              43.444354
            ],
            [
              -79.9156837,
              43.4443783
            ],
            [
              -79.9156582,
              43.4444007
            ],
            [
              -79.9156341,
              43.4444202
            ],
            [
              -79.9156153,
              43.4444329
            ],
            [
              -79.9155872,
              43.4444455
            ],
            [
              -79.9155617,
              43.4444738
            ],
            [
              -79.9155402,
              43.4444932
            ],
            [
              -79.9155161,
              43.4445147
            ],
            [
              -79.9154879,
              43.444538
            ],
            [
              -79.9154597,
              43.4445614
            ],
            [
              -79.9154356,
              43.4445819
            ],
            [
              -79.9154101,
              43.4445994
            ],
            [
              -79.9153833,
              43.4446218
            ],
            [
              -79.9153551,
              43.444649
            ],
            [
              -79.9153297,
              43.4446753
            ],
            [
              -79.9153119,
              43.4446914
            ],
            [
              -79.9152931,
              43.4447167
            ],
            [
              -79.9152663,
              43.4447362
            ],
            [
              -79.9152408,
              43.4447586
            ],
            [
              -79.9152113,
              43.4447819
            ],
            [
              -79.9151898,
              43.4447995
            ],
            [
              -79.9151684,
              43.4448199
            ],
            [
              -79.9151483,
              43.4448384
            ],
            [
              -79.9151362,
              43.4448608
            ],
            [
              -79.9151308,
              43.444891
            ],
            [
              -79.9151268,
              43.4449202
            ],
            [
              -79.9151255,
              43.4449397
            ],
            [
              -79.9151322,
              43.4449601
            ],
            [
              -79.9151406,
              43.4449733
            ]
          ]
        ]
      }
    },
    {
      "type": "Feature",
      "properties": {
        "@id": "way/776896897",
        "golf": "green",
        "landuse": "grass"
      },
      "geometry": {
        "type": "Polygon",
        "coordinates": [
          [
            [
              -79.9174831,
              43.4427381
            ],
            [
              -79.917514,
              43.4427372
            ],
            [
              -79.9175395,
              43.4427303
            ],
            [
              -79.9175636,
              43.4427196
            ],
            [
              -79.9175931,
              43.442706
            ],
            [
              -79.9176105,
              43.4426875
            ],
            [
              -79.9176226,
              43.4426748
            ],
            [
              -79.917636,
              43.4426583
            ],
            [
              -79.9176481,
              43.4426398
            ],
            [
              -79.9176561,
              43.4426242
            ],
            [
              -79.9176642,
              43.4426047
            ],
            [
              -79.9176736,
              43.4425823
            ],
            [
              -79.9176736,
              43.4425629
            ],
            [
              -79.9176736,
              43.4425463
            ],
            [
              -79.9176722,
              43.4425278
            ],
            [
              -79.9176655,
              43.4425093
            ],
            [
              -79.9176575,
              43.4424996
            ],
            [
              -79.91764,
              43.4424859
            ],
            [
              -79.9176105,
              43.4424762
            ],
            [
              -79.917581,
              43.4424723
            ],
            [
              -79.9175448,
              43.4424733
            ],
            [
              -79.9175167,
              43.4424781
            ],
            [
              -79.9174845,
              43.442484
            ],
            [
              -79.917459,
              43.4424986
            ],
            [
              -79.9174362,
              43.4425122
            ],
            [
              -79.9174295,
              43.4425327
            ],
            [
              -79.9174268,
              43.4425541
            ],
            [
              -79.9174268,
              43.4425706
            ],
            [
              -79.9174282,
              43.4425853
            ],
            [
              -79.9174255,
              43.4426038
            ],
            [
              -79.9174214,
              43.4426174
            ],
            [
              -79.9174188,
              43.4426339
            ],
            [
              -79.9174188,
              43.4426573
            ],
            [
              -79.9174201,
              43.4426665
            ],
            [
              -79.9174211,
              43.4426735
            ],
            [
              -79.9174295,
              43.4426943
            ],
            [
              -79.9174429,
              43.4427109
            ],
            [
              -79.9174617,
              43.4427284
            ],
            [
              -79.9174831,
              43.4427381
            ]
          ]
        ]
      }
    },
    {
      "type": "Feature",
      "properties": {
        "@id": "way/776896898",
        "golf": "bunker",
        "natural": "sand"
      },
      "geometry": {
        "type": "Polygon",
        "coordinates": [
          [
            [
              -79.9172927,
              43.4426972
            ],
            [
              -79.9173048,
              43.4427011
            ],
            [
              -79.9173195,
              43.4427031
            ],
            [
              -79.9173383,
              43.4427011
            ],
            [
              -79.9173504,
              43.4426953
            ],
            [
              -79.9173584,
              43.4426855
            ],
            [
              -79.9173584,
              43.4426719
            ],
            [
              -79.9173557,
              43.4426612
            ],
            [
              -79.917345,
              43.4426534
            ],
            [
              -79.9173222,
              43.4426495
            ],
            [
              -79.9173034,
              43.4426515
            ],
            [
              -79.9172887,
              43.4426573
            ],
            [
              -79.9172847,
              43.442667
            ],
            [
              -79.917286,
              43.4426826
            ],
            [
              -79.9172927,
              43.4426972
            ]
          ]
        ]
      }
    },
    {
      "type": "Feature",
      "properties": {
        "@id": "way/776896899",
        "golf": "bunker",
        "natural": "sand"
      },
      "geometry": {
        "type": "Polygon",
        "coordinates": [
          [
            [
              -79.9172981,
              43.442596
            ],
            [
              -79.9173101,
              43.4426008
            ],
            [
              -79.9173235,
              43.4426028
            ],
            [
              -79.9173383,
              43.4426028
            ],
            [
              -79.9173557,
              43.4425999
            ],
            [
              -79.9173705,
              43.442593
            ],
            [
              -79.9173772,
              43.4425823
            ],
            [
              -79.9173812,
              43.4425697
            ],
            [
              -79.9173812,
              43.4425551
            ],
            [
              -79.9173705,
              43.4425453
            ],
            [
              -79.9173611,
              43.4425366
            ],
            [
              -79.9173423,
              43.4425307
            ],
            [
              -79.9173182,
              43.4425327
            ],
            [
              -79.9173007,
              43.4425414
            ],
            [
              -79.9172887,
              43.4425531
            ],
            [
              -79.9172806,
              43.4425629
            ],
            [
              -79.917282,
              43.4425755
            ],
            [
              -79.917286,
              43.4425862
            ],
            [
              -79.9172981,
              43.442596
            ]
          ]
        ]
      }
    },
    {
      "type": "Feature",
      "properties": {
        "@id": "way/776896900",
        "golf": "cartpath",
        "golf_cart": "designated",
        "highway": "service"
      },
      "geometry": {
        "type": "LineString",
        "coordinates": [
          [
            -79.9139698,
            43.4459805
          ],
          [
            -79.9139621,
            43.4458803
          ],
          [
            -79.9139728,
            43.4457809
          ],
          [
            -79.9140077,
            43.4457147
          ],
          [
            -79.914072,
            43.4456719
          ],
          [
            -79.9141364,
            43.4456368
          ],
          [
            -79.9141793,
            43.445594
          ],
          [
            -79.9141981,
            43.4455473
          ],
          [
            -79.9142249,
            43.4455025
          ],
          [
            -79.9142652,
            43.4454635
          ],
          [
            -79.9143322,
            43.4454324
          ],
          [
            -79.9144073,
            43.4454032
          ],
          [
            -79.9144851,
            43.4453564
          ],
          [
            -79.9145253,
            43.4452805
          ],
          [
            -79.9145253,
            43.4452182
          ],
          [
            -79.914532,
            43.4451812
          ],
          [
            -79.9145656,
            43.4451383
          ],
          [
            -79.914634,
            43.4450789
          ],
          [
            -79.9147734,
            43.4449728
          ],
          [
            -79.9148552,
            43.4448988
          ],
          [
            -79.914925,
            43.4448374
          ],
          [
            -79.9149558,
            43.4447966
          ],
          [
            -79.914984,
            43.4447625
          ],
          [
            -79.9150282,
            43.4447235
          ],
          [
            -79.9151691,
            43.4446262
          ],
          [
            -79.9152334,
            43.4445726
          ],
          [
            -79.9152924,
            43.4445064
          ],
          [
            -79.9153743,
            43.4444119
          ],
          [
            -79.9154198,
            43.4443652
          ],
          [
            -79.9154842,
            43.4443155
          ],
          [
            -79.9155405,
            43.4442717
          ],
          [
            -79.915621,
            43.444187
          ],
          [
            -79.9156666,
            43.4441247
          ],
          [
            -79.9157122,
            43.4440731
          ],
          [
            -79.9157726,
            43.4440156
          ],
          [
            -79.9158758,
            43.4439241
          ],
          [
            -79.9160659,
            43.4437576
          ],
          [
            -79.9162054,
            43.4436193
          ],
          [
            -79.916361,
            43.4434655
          ],
          [
            -79.9165313,
            43.4432951
          ],
          [
            -79.9165876,
            43.4432367
          ],
          [
            -79.9166171,
            43.4432065
          ],
          [
            -79.9166815,
            43.4431617
          ],
          [
            -79.9167325,
            43.4431266
          ],
          [
            -79.9167848,
            43.4430838
          ],
          [
            -79.9168277,
            43.4430419
          ],
          [
            -79.9168652,
            43.4429942
          ],
          [
            -79.9169376,
            43.4428861
          ],
          [
            -79.9169752,
            43.4428462
          ],
          [
            -79.9170302,
            43.4427995
          ],
          [
            -79.9170865,
            43.4427411
          ],
          [
            -79.9171241,
            43.4426768
          ],
          [
            -79.9171375,
            43.4426184
          ],
          [
            -79.9171509,
            43.4425259
          ],
          [
            -79.9171629,
            43.4424382
          ],
          [
            -79.9171375,
            43.4423594
          ]
        ]
      }
    },
    {
      "type": "Feature",
      "properties": {
        "@id": "way/776896901",
        "golf": "tee",
        "landuse": "grass"
      },
      "geometry": {
        "type": "Polygon",
        "coordinates": [
          [
            [
              -79.9169551,
              43.4419923
            ],
            [
              -79.9169631,
              43.4420088
            ],
            [
              -79.9169779,
              43.4420234
            ],
            [
              -79.916994,
              43.4420331
            ],
            [
              -79.9170154,
              43.442037
            ],
            [
              -79.9170355,
              43.442037
            ],
            [
              -79.9170583,
              43.4420273
            ],
            [
              -79.9170704,
              43.4420205
            ],
            [
              -79.9170878,
              43.4420166
            ],
            [
              -79.9171106,
              43.4420156
            ],
            [
              -79.9171308,
              43.4420108
            ],
            [
              -79.9171536,
              43.442003
            ],
            [
              -79.9171643,
              43.4419864
            ],
            [
              -79.917167,
              43.4419708
            ],
            [
              -79.9171562,
              43.4419523
            ],
            [
              -79.9171361,
              43.4419455
            ],
            [
              -79.9171187,
              43.4419387
            ],
            [
              -79.9170986,
              43.4419377
            ],
            [
              -79.9170677,
              43.4419406
            ],
            [
              -79.9170409,
              43.4419426
            ],
            [
              -79.9170141,
              43.4419465
            ],
            [
              -79.9169913,
              43.4419504
            ],
            [
              -79.9169725,
              43.4419553
            ],
            [
              -79.9169631,
              43.4419669
            ],
            [
              -79.9169578,
              43.4419786
            ],
            [
              -79.9169551,
              43.4419923
            ]
          ]
        ]
      }
    },
    {
      "type": "Feature",
      "properties": {
        "@id": "way/776896902",
        "golf": "tee",
        "landuse": "grass"
      },
      "geometry": {
        "type": "Polygon",
        "coordinates": [
          [
            [
              -79.9165715,
              43.4420799
            ],
            [
              -79.9165822,
              43.4420916
            ],
            [
              -79.9165997,
              43.4421023
            ],
            [
              -79.9166238,
              43.4421081
            ],
            [
              -79.9166426,
              43.4421101
            ],
            [
              -79.9166627,
              43.4421062
            ],
            [
              -79.9166828,
              43.4420984
            ],
            [
              -79.9166962,
              43.4420877
            ],
            [
              -79.9167056,
              43.4420731
            ],
            [
              -79.916711,
              43.4420565
            ],
            [
              -79.916711,
              43.4420409
            ],
            [
              -79.9167029,
              43.4420244
            ],
            [
              -79.9166895,
              43.4420137
            ],
            [
              -79.9166694,
              43.4420049
            ],
            [
              -79.9166426,
              43.442002
            ],
            [
              -79.9166144,
              43.442003
            ],
            [
              -79.9165903,
              43.4420078
            ],
            [
              -79.9165742,
              43.4420195
            ],
            [
              -79.9165635,
              43.44204
            ],
            [
              -79.9165635,
              43.4420585
            ],
            [
              -79.9165715,
              43.4420799
            ]
          ]
        ]
      }
    },
    {
      "type": "Feature",
      "properties": {
        "@id": "way/776896903",
        "golf": "tee",
        "landuse": "grass"
      },
      "geometry": {
        "type": "Polygon",
        "coordinates": [
          [
            [
              -79.915964,
              43.4420702
            ],
            [
              -79.9159707,
              43.4420857
            ],
            [
              -79.9159814,
              43.4420974
            ],
            [
              -79.9159989,
              43.4421081
            ],
            [
              -79.9160163,
              43.442113
            ],
            [
              -79.9160445,
              43.442113
            ],
            [
              -79.9160713,
              43.442112
            ],
            [
              -79.9160914,
              43.4421062
            ],
            [
              -79.9161129,
              43.4420955
            ],
            [
              -79.9161249,
              43.4420887
            ],
            [
              -79.9161437,
              43.4420809
            ],
            [
              -79.9161638,
              43.442076
            ],
            [
              -79.9161866,
              43.442074
            ],
            [
              -79.9162121,
              43.4420682
            ],
            [
              -79.9162349,
              43.4420624
            ],
            [
              -79.916255,
              43.4420517
            ],
            [
              -79.9162631,
              43.4420361
            ],
            [
              -79.9162657,
              43.4420195
            ],
            [
              -79.9162657,
              43.4420039
            ],
            [
              -79.9162577,
              43.4419874
            ],
            [
              -79.9162443,
              43.4419786
            ],
            [
              -79.9162309,
              43.4419708
            ],
            [
              -79.9162147,
              43.441963
            ],
            [
              -79.9161906,
              43.4419601
            ],
            [
              -79.9161585,
              43.441965
            ],
            [
              -79.9161316,
              43.4419747
            ],
            [
              -79.9161129,
              43.4419825
            ],
            [
              -79.9160954,
              43.4419913
            ],
            [
              -79.916074,
              43.4419971
            ],
            [
              -79.9160485,
              43.442001
            ],
            [
              -79.9160244,
              43.442003
            ],
            [
              -79.9160056,
              43.4420069
            ],
            [
              -79.9159841,
              43.4420156
            ],
            [
              -79.9159694,
              43.4420293
            ],
            [
              -79.91596,
              43.4420487
            ],
            [
              -79.915964,
              43.4420702
            ]
          ]
        ]
      }
    },
    {
      "type": "Feature",
      "properties": {
        "@id": "way/776896904",
        "golf": "tee",
        "landuse": "grass"
      },
      "geometry": {
        "type": "Polygon",
        "coordinates": [
          [
            [
              -79.9150655,
              43.4422221
            ],
            [
              -79.9150789,
              43.4422298
            ],
            [
              -79.9150963,
              43.4422337
            ],
            [
              -79.9151137,
              43.4422337
            ],
            [
              -79.9151325,
              43.4422328
            ],
            [
              -79.9151526,
              43.4422269
            ],
            [
              -79.9151687,
              43.4422162
            ],
            [
              -79.9151848,
              43.4422016
            ],
            [
              -79.9151888,
              43.442186
            ],
            [
              -79.9151875,
              43.4421724
            ],
            [
              -79.9151781,
              43.4421607
            ],
            [
              -79.915166,
              43.44215
            ],
            [
              -79.9151553,
              43.4421432
            ],
            [
              -79.9151339,
              43.4421383
            ],
            [
              -79.9151137,
              43.4421383
            ],
            [
              -79.9150923,
              43.4421393
            ],
            [
              -79.9150708,
              43.4421481
            ],
            [
              -79.9150507,
              43.4421627
            ],
            [
              -79.9150467,
              43.4421773
            ],
            [
              -79.915048,
              43.4421928
            ],
            [
              -79.9150547,
              43.4422084
            ],
            [
              -79.9150655,
              43.4422221
            ]
          ]
        ]
      }
    },
    {
      "type": "Feature",
      "properties": {
        "@id": "way/776896905",
        "golf": "water_hazard",
        "natural": "water"
      },
      "geometry": {
        "type": "Polygon",
        "coordinates": [
          [
            [
              -79.9145813,
              43.4429786
            ],
            [
              -79.9146296,
              43.4429971
            ],
            [
              -79.9146712,
              43.443004
            ],
            [
              -79.9147154,
              43.4430147
            ],
            [
              -79.9147691,
              43.4430244
            ],
            [
              -79.9148133,
              43.4430332
            ],
            [
              -79.9148576,
              43.4430332
            ],
            [
              -79.9148925,
              43.4430312
            ],
            [
              -79.91493,
              43.4430254
            ],
            [
              -79.9149743,
              43.4430108
            ],
            [
              -79.9150293,
              43.4429971
            ],
            [
              -79.9150762,
              43.4429835
            ],
            [
              -79.9151151,
              43.4429689
            ],
            [
              -79.9151553,
              43.4429485
            ],
            [
              -79.9151848,
              43.4429231
            ],
            [
              -79.9152036,
              43.4428881
            ],
            [
              -79.915221,
              43.4428647
            ],
            [
              -79.9152304,
              43.4428443
            ],
            [
              -79.9152411,
              43.4428199
            ],
            [
              -79.9152599,
              43.4427878
            ],
            [
              -79.91528,
              43.4427615
            ],
            [
              -79.9153028,
              43.4427362
            ],
            [
              -79.9153417,
              43.4427157
            ],
            [
              -79.9153994,
              43.4427177
            ],
            [
              -79.9154423,
              43.4427196
            ],
            [
              -79.9154705,
              43.4427235
            ],
            [
              -79.9155255,
              43.4427255
            ],
            [
              -79.9155644,
              43.4427323
            ],
            [
              -79.9155925,
              43.442744
            ],
            [
              -79.915622,
              43.4427586
            ],
            [
              -79.9156502,
              43.4427693
            ],
            [
              -79.915681,
              43.442781
            ],
            [
              -79.9157159,
              43.4427956
            ],
            [
              -79.9157615,
              43.4428053
            ],
            [
              -79.9158111,
              43.4428043
            ],
            [
              -79.9158527,
              43.4428004
            ],
            [
              -79.9158996,
              43.4427956
            ],
            [
              -79.9159425,
              43.4427917
            ],
            [
              -79.9159922,
              43.4427829
            ],
            [
              -79.9160418,
              43.4427732
            ],
            [
              -79.9160941,
              43.4427605
            ],
            [
              -79.916137,
              43.4427508
            ],
            [
              -79.9161759,
              43.442744
            ],
            [
              -79.9162121,
              43.4427352
            ],
            [
              -79.9162456,
              43.4427226
            ],
            [
              -79.9162859,
              43.4427021
            ],
            [
              -79.916314,
              43.4426855
            ],
            [
              -79.9163462,
              43.4426632
            ],
            [
              -79.9163663,
              43.4426447
            ],
            [
              -79.9163864,
              43.4426213
            ],
            [
              -79.9163985,
              43.4426008
            ],
            [
              -79.9164039,
              43.4425775
            ],
            [
              -79.9164092,
              43.4425531
            ],
            [
              -79.9164133,
              43.4425317
            ],
            [
              -79.9164133,
              43.4425122
            ],
            [
              -79.916424,
              43.4424947
            ],
            [
              -79.9164361,
              43.4424733
            ],
            [
              -79.9164468,
              43.4424489
            ],
            [
              -79.9164562,
              43.4424285
            ],
            [
              -79.9164616,
              43.442409
            ],
            [
              -79.9164683,
              43.4423866
            ],
            [
              -79.9164683,
              43.4423613
            ],
            [
              -79.9164669,
              43.442336
            ],
            [
              -79.9164616,
              43.4423175
            ],
            [
              -79.9164522,
              43.4422961
            ],
            [
              -79.9164388,
              43.442263
            ],
            [
              -79.9164347,
              43.4422386
            ],
            [
              -79.9164267,
              43.4422162
            ],
            [
              -79.9164186,
              43.4421997
            ],
            [
              -79.9164066,
              43.4421753
            ],
            [
              -79.9163932,
              43.4421568
            ],
            [
              -79.9163811,
              43.4421461
            ],
            [
              -79.9163623,
              43.4421393
            ],
            [
              -79.9163328,
              43.4421334
            ],
            [
              -79.9163033,
              43.4421354
            ],
            [
              -79.9162725,
              43.4421422
            ],
            [
              -79.9162389,
              43.4421597
            ],
            [
              -79.9162041,
              43.4421763
            ],
            [
              -79.9161705,
              43.4421919
            ],
            [
              -79.9161303,
              43.4422065
            ],
            [
              -79.9160847,
              43.4422152
            ],
            [
              -79.9160485,
              43.4422162
            ],
            [
              -79.9160123,
              43.4422201
            ],
            [
              -79.9159734,
              43.4422279
            ],
            [
              -79.9159345,
              43.4422357
            ],
            [
              -79.915901,
              43.4422483
            ],
            [
              -79.9158688,
              43.44226
            ],
            [
              -79.9158393,
              43.4422766
            ],
            [
              -79.9158151,
              43.4423
            ],
            [
              -79.9158004,
              43.4423243
            ],
            [
              -79.9157749,
              43.442337
            ],
            [
              -79.91574,
              43.4423418
            ],
            [
              -79.9157092,
              43.4423418
            ],
            [
              -79.9156864,
              43.4423418
            ],
            [
              -79.9156542,
              43.4423399
            ],
            [
              -79.9156207,
              43.442335
            ],
            [
              -79.9155898,
              43.4423311
            ],
            [
              -79.9155509,
              43.4423292
            ],
            [
              -79.9155214,
              43.4423292
            ],
            [
              -79.9154919,
              43.4423292
            ],
            [
              -79.9154557,
              43.4423282
            ],
            [
              -79.9154128,
              43.4423321
            ],
            [
              -79.9153793,
              43.4423379
            ],
            [
              -79.9153471,
              43.4423438
            ],
            [
              -79.9153176,
              43.4423506
            ],
            [
              -79.9152867,
              43.4423584
            ],
            [
              -79.9152505,
              43.4423662
            ],
            [
              -79.9152143,
              43.4423662
            ],
            [
              -79.9151781,
              43.4423642
            ],
            [
              -79.9151365,
              43.4423642
            ],
            [
              -79.9150869,
              43.4423632
            ],
            [
              -79.9150467,
              43.4423623
            ],
            [
              -79.9150172,
              43.4423632
            ],
            [
              -79.9149702,
              43.4423662
            ],
            [
              -79.91493,
              43.442373
            ],
            [
              -79.9149032,
              43.442373
            ],
            [
              -79.9148697,
              43.4423817
            ],
            [
              -79.9148361,
              43.4423915
            ],
            [
              -79.9148039,
              43.4424022
            ],
            [
              -79.9147704,
              43.4424149
            ],
            [
              -79.9147369,
              43.4424304
            ],
            [
              -79.9147168,
              43.4424402
            ],
            [
              -79.9146886,
              43.4424655
            ],
            [
              -79.9146806,
              43.4424918
            ],
            [
              -79.9146779,
              43.4425151
            ],
            [
              -79.9146792,
              43.4425414
            ],
            [
              -79.9146859,
              43.4425638
            ],
            [
              -79.9146926,
              43.442594
            ],
            [
              -79.9146967,
              43.4426262
            ],
            [
              -79.9146913,
              43.4426602
            ],
            [
              -79.9146765,
              43.4426787
            ],
            [
              -79.9146537,
              43.4426972
            ],
            [
              -79.9146242,
              43.4427177
            ],
            [
              -79.9146001,
              43.4427342
            ],
            [
              -79.914576,
              43.4427537
            ],
            [
              -79.9145304,
              43.4427849
            ],
            [
              -79.9145009,
              43.4428014
            ],
            [
              -79.9144754,
              43.4428287
            ],
            [
              -79.9144633,
              43.4428491
            ],
            [
              -79.9144593,
              43.4428696
            ],
            [
              -79.914466,
              43.4428968
            ],
            [
              -79.9144807,
              43.4429183
            ],
            [
              -79.9145035,
              43.4429446
            ],
            [
              -79.914533,
              43.4429572
            ],
            [
              -79.9145813,
              43.4429786
            ]
          ]
        ]
      }
    },
    {
      "type": "Feature",
      "properties": {
        "@id": "way/776896906",
        "golf": "bunker",
        "natural": "sand"
      },
      "geometry": {
        "type": "Polygon",
        "coordinates": [
          [
            [
              -79.9134682,
              43.4427372
            ],
            [
              -79.9134736,
              43.4427508
            ],
            [
              -79.9134897,
              43.4427615
            ],
            [
              -79.9135098,
              43.4427644
            ],
            [
              -79.9135286,
              43.4427605
            ],
            [
              -79.9135446,
              43.4427518
            ],
            [
              -79.9135607,
              43.4427411
            ],
            [
              -79.9135795,
              43.4427313
            ],
            [
              -79.9135996,
              43.4427235
            ],
            [
              -79.9136251,
              43.4427216
            ],
            [
              -79.9136519,
              43.4427216
            ],
            [
              -79.9136814,
              43.4427177
            ],
            [
              -79.9137016,
              43.4427089
            ],
            [
              -79.913715,
              43.4427021
            ],
            [
              -79.9137244,
              43.4426865
            ],
            [
              -79.9137244,
              43.4426729
            ],
            [
              -79.9137217,
              43.4426563
            ],
            [
              -79.9137123,
              43.4426447
            ],
            [
              -79.9136975,
              43.4426349
            ],
            [
              -79.9136774,
              43.4426242
            ],
            [
              -79.9136653,
              43.4426125
            ],
            [
              -79.9136667,
              43.4425999
            ],
            [
              -79.9136828,
              43.4425882
            ],
            [
              -79.9136841,
              43.4425736
            ],
            [
              -79.9136747,
              43.442556
            ],
            [
              -79.9136613,
              43.4425473
            ],
            [
              -79.9136399,
              43.4425444
            ],
            [
              -79.9136184,
              43.4425463
            ],
            [
              -79.9135983,
              43.4425531
            ],
            [
              -79.9135849,
              43.4425629
            ],
            [
              -79.9135782,
              43.4425765
            ],
            [
              -79.9135782,
              43.4425921
            ],
            [
              -79.9135835,
              43.4426145
            ],
            [
              -79.9135929,
              43.4426271
            ],
            [
              -79.9136023,
              43.4426437
            ],
            [
              -79.913601,
              43.4426622
            ],
            [
              -79.9135862,
              43.4426739
            ],
            [
              -79.9135581,
              43.4426817
            ],
            [
              -79.9135312,
              43.4426826
            ],
            [
              -79.9135071,
              43.4426865
            ],
            [
              -79.9134883,
              43.4426953
            ],
            [
              -79.9134736,
              43.4427079
            ],
            [
              -79.9134682,
              43.4427372
            ]
          ]
        ]
      }
    },
    {
      "type": "Feature",
      "properties": {
        "@id": "way/776896907",
        "golf": "bunker",
        "natural": "sand"
      },
      "geometry": {
        "type": "Polygon",
        "coordinates": [
          [
            [
              -79.9122143,
              43.4432464
            ],
            [
              -79.912221,
              43.443262
            ],
            [
              -79.9122411,
              43.4432708
            ],
            [
              -79.9122626,
              43.4432717
            ],
            [
              -79.9122854,
              43.4432698
            ],
            [
              -79.9123041,
              43.4432649
            ],
            [
              -79.9123229,
              43.44326
            ],
            [
              -79.9123377,
              43.4432542
            ],
            [
              -79.9123564,
              43.4432542
            ],
            [
              -79.9123725,
              43.4432581
            ],
            [
              -79.9123926,
              43.4432639
            ],
            [
              -79.9124074,
              43.443262
            ],
            [
              -79.9124262,
              43.4432562
            ],
            [
              -79.9124356,
              43.4432493
            ],
            [
              -79.9124463,
              43.4432425
            ],
            [
              -79.9124624,
              43.4432376
            ],
            [
              -79.9124812,
              43.4432357
            ],
            [
              -79.9124972,
              43.4432376
            ],
            [
              -79.9125147,
              43.4432435
            ],
            [
              -79.9125321,
              43.4432435
            ],
            [
              -79.9125549,
              43.4432367
            ],
            [
              -79.9125656,
              43.4432269
            ],
            [
              -79.9125683,
              43.4432104
            ],
            [
              -79.9125643,
              43.4431977
            ],
            [
              -79.9125536,
              43.443187
            ],
            [
              -79.9125321,
              43.4431812
            ],
            [
              -79.9125174,
              43.4431792
            ],
            [
              -79.9124999,
              43.4431792
            ],
            [
              -79.9124798,
              43.4431831
            ],
            [
              -79.9124597,
              43.4431938
            ],
            [
              -79.9124396,
              43.4432055
            ],
            [
              -79.9124168,
              43.4432123
            ],
            [
              -79.912394,
              43.4432094
            ],
            [
              -79.9123792,
              43.4432055
            ],
            [
              -79.9123685,
              43.4431958
            ],
            [
              -79.9123631,
              43.4431841
            ],
            [
              -79.9123645,
              43.4431714
            ],
            [
              -79.9123672,
              43.4431607
            ],
            [
              -79.91239,
              43.4431461
            ],
            [
              -79.9124168,
              43.4431461
            ],
            [
              -79.9124369,
              43.4431471
            ],
            [
              -79.9124584,
              43.4431393
            ],
            [
              -79.9124677,
              43.4431247
            ],
            [
              -79.9124677,
              43.443112
            ],
            [
              -79.912457,
              43.4431004
            ],
            [
              -79.9124396,
              43.4430935
            ],
            [
              -79.9124168,
              43.4430955
            ],
            [
              -79.912398,
              43.4430965
            ],
            [
              -79.9123873,
              43.4430926
            ],
            [
              -79.9123752,
              43.4430799
            ],
            [
              -79.9123658,
              43.4430614
            ],
            [
              -79.9123524,
              43.4430487
            ],
            [
              -79.9123296,
              43.4430439
            ],
            [
              -79.9123041,
              43.4430439
            ],
            [
              -79.9122894,
              43.4430478
            ],
            [
              -79.9122746,
              43.4430575
            ],
            [
              -79.9122639,
              43.4430653
            ],
            [
              -79.9122639,
              43.4430809
            ],
            [
              -79.9122719,
              43.4430906
            ],
            [
              -79.9122854,
              43.4431043
            ],
            [
              -79.9122947,
              43.4431169
            ],
            [
              -79.9122907,
              43.4431276
            ],
            [
              -79.9122693,
              43.4431344
            ],
            [
              -79.9122505,
              43.4431403
            ],
            [
              -79.9122371,
              43.4431481
            ],
            [
              -79.9122357,
              43.4431598
            ],
            [
              -79.9122411,
              43.4431773
            ],
            [
              -79.9122585,
              43.4431851
            ],
            [
              -79.9122773,
              43.443187
            ],
            [
              -79.9122921,
              43.443189
            ],
            [
              -79.9123122,
              43.4431987
            ],
            [
              -79.9123095,
              43.4432133
            ],
            [
              -79.9122947,
              43.4432182
            ],
            [
              -79.9122746,
              43.4432191
            ],
            [
              -79.9122545,
              43.4432162
            ],
            [
              -79.912233,
              43.4432191
            ],
            [
              -79.9122183,
              43.4432289
            ],
            [
              -79.9122143,
              43.4432464
            ]
          ]
        ]
      }
    },
    {
      "type": "Feature",
      "properties": {
        "@id": "way/776896908",
        "golf": "green",
        "landuse": "grass"
      },
      "geometry": {
        "type": "Polygon",
        "coordinates": [
          [
            [
              -79.912162,
              43.4434392
            ],
            [
              -79.9121767,
              43.4434528
            ],
            [
              -79.9121928,
              43.4434616
            ],
            [
              -79.9122035,
              43.4434723
            ],
            [
              -79.9122156,
              43.443485
            ],
            [
              -79.9122263,
              43.4434986
            ],
            [
              -79.9122398,
              43.4435132
            ],
            [
              -79.9122585,
              43.4435278
            ],
            [
              -79.91228,
              43.4435376
            ],
            [
              -79.9123055,
              43.4435414
            ],
            [
              -79.9123242,
              43.4435463
            ],
            [
              -79.9123524,
              43.4435453
            ],
            [
              -79.9123752,
              43.4435414
            ],
            [
              -79.9124087,
              43.4435327
            ],
            [
              -79.9124342,
              43.443521
            ],
            [
              -79.9124557,
              43.4435093
            ],
            [
              -79.9124771,
              43.4434986
            ],
            [
              -79.9125013,
              43.4434889
            ],
            [
              -79.9125214,
              43.443483
            ],
            [
              -79.9125509,
              43.4434704
            ],
            [
              -79.9125643,
              43.4434606
            ],
            [
              -79.9125777,
              43.4434489
            ],
            [
              -79.9125925,
              43.4434266
            ],
            [
              -79.9125992,
              43.44341
            ],
            [
              -79.9126032,
              43.4433925
            ],
            [
              -79.9126019,
              43.443374
            ],
            [
              -79.9125965,
              43.4433584
            ],
            [
              -79.9125884,
              43.4433487
            ],
            [
              -79.9125697,
              43.4433282
            ],
            [
              -79.9125509,
              43.4433165
            ],
            [
              -79.9125241,
              43.4433107
            ],
            [
              -79.9125133,
              43.4433097
            ],
            [
              -79.9124924,
              43.443308
            ],
            [
              -79.9124771,
              43.4433068
            ],
            [
              -79.9124463,
              43.4433048
            ],
            [
              -79.9124208,
              43.4433048
            ],
            [
              -79.9123833,
              43.4433039
            ],
            [
              -79.9123551,
              43.4433039
            ],
            [
              -79.9123336,
              43.4433029
            ],
            [
              -79.9123135,
              43.4433019
            ],
            [
              -79.9122947,
              43.4433019
            ],
            [
              -79.9122666,
              43.4433068
            ],
            [
              -79.9122398,
              43.4433126
            ],
            [
              -79.9122237,
              43.4433155
            ],
            [
              -79.9121982,
              43.4433263
            ],
            [
              -79.9121794,
              43.443334
            ],
            [
              -79.9121647,
              43.4433477
            ],
            [
              -79.9121539,
              43.4433613
            ],
            [
              -79.9121499,
              43.4433779
            ],
            [
              -79.9121499,
              43.4433944
            ],
            [
              -79.9121499,
              43.44341
            ],
            [
              -79.9121553,
              43.4434246
            ],
            [
              -79.912162,
              43.4434392
            ]
          ]
        ]
      }
    },
    {
      "type": "Feature",
      "properties": {
        "@id": "way/776896909",
        "golf": "fairway",
        "landuse": "grass"
      },
      "geometry": {
        "type": "Polygon",
        "coordinates": [
          [
            [
              -79.9125509,
              43.4434704
            ],
            [
              -79.9125911,
              43.4434597
            ],
            [
              -79.9126233,
              43.443446
            ],
            [
              -79.9126609,
              43.4434324
            ],
            [
              -79.9126904,
              43.4434207
            ],
            [
              -79.9127226,
              43.443408
            ],
            [
              -79.9127467,
              43.4434003
            ],
            [
              -79.9127842,
              43.4433895
            ],
            [
              -79.9128285,
              43.4433818
            ],
            [
              -79.9128835,
              43.443373
            ],
            [
              -79.9129318,
              43.4433623
            ],
            [
              -79.9129733,
              43.4433545
            ],
            [
              -79.9130082,
              43.4433496
            ],
            [
              -79.9130404,
              43.4433418
            ],
            [
              -79.9130779,
              43.443337
            ],
            [
              -79.9131021,
              43.4433292
            ],
            [
              -79.9131343,
              43.4433263
            ],
            [
              -79.9131772,
              43.4433224
            ],
            [
              -79.9132241,
              43.4433204
            ],
            [
              -79.9132657,
              43.4433146
            ],
            [
              -79.9133019,
              43.4433087
            ],
            [
              -79.9133381,
              43.4433009
            ],
            [
              -79.913369,
              43.4432922
            ],
            [
              -79.9133998,
              43.4432854
            ],
            [
              -79.9134253,
              43.4432805
            ],
            [
              -79.9134642,
              43.4432737
            ],
            [
              -79.9135044,
              43.4432688
            ],
            [
              -79.9135393,
              43.44326
            ],
            [
              -79.9135742,
              43.4432523
            ],
            [
              -79.9136117,
              43.4432406
            ],
            [
              -79.9136412,
              43.4432318
            ],
            [
              -79.9136734,
              43.4432211
            ],
            [
              -79.9137029,
              43.4432162
            ],
            [
              -79.9137498,
              43.4432036
            ],
            [
              -79.9137807,
              43.4431899
            ],
            [
              -79.9138142,
              43.4431763
            ],
            [
              -79.9138451,
              43.4431646
            ],
            [
              -79.9138732,
              43.443151
            ],
            [
              -79.9139054,
              43.4431315
            ],
            [
              -79.9139295,
              43.4431159
            ],
            [
              -79.9139604,
              43.4430984
            ],
            [
              -79.9139872,
              43.4430828
            ],
            [
              -79.9140181,
              43.4430672
            ],
            [
              -79.9140449,
              43.4430517
            ],
            [
              -79.9140757,
              43.4430361
            ],
            [
              -79.9140985,
              43.4430244
            ],
            [
              -79.91412,
              43.4430079
            ],
            [
              -79.9141468,
              43.4429952
            ],
            [
              -79.9141709,
              43.4429796
            ],
            [
              -79.9141978,
              43.4429631
            ],
            [
              -79.9142206,
              43.4429465
            ],
            [
              -79.9142447,
              43.44293
            ],
            [
              -79.9142688,
              43.4429095
            ],
            [
              -79.9142916,
              43.442891
            ],
            [
              -79.9143158,
              43.4428715
            ],
            [
              -79.9143305,
              43.442854
            ],
            [
              -79.9143426,
              43.4428443
            ],
            [
              -79.9143614,
              43.442818
            ],
            [
              -79.9143802,
              43.4427966
            ],
            [
              -79.9143989,
              43.442781
            ],
            [
              -79.9144137,
              43.4427634
            ],
            [
              -79.9144298,
              43.442743
            ],
            [
              -79.9144392,
              43.4427245
            ],
            [
              -79.9144553,
              43.442706
            ],
            [
              -79.91447,
              43.4426836
            ],
            [
              -79.9144888,
              43.4426524
            ],
            [
              -79.9145035,
              43.4426271
            ],
            [
              -79.9145143,
              43.4426047
            ],
            [
              -79.9145237,
              43.4425775
            ],
            [
              -79.914525,
              43.4425551
            ],
            [
              -79.9145237,
              43.4425346
            ],
            [
              -79.9145129,
              43.4425083
            ],
            [
              -79.9144942,
              43.442484
            ],
            [
              -79.9144687,
              43.4424665
            ],
            [
              -79.9144445,
              43.4424557
            ],
            [
              -79.9144164,
              43.4424421
            ],
            [
              -79.9143882,
              43.4424285
            ],
            [
              -79.9143587,
              43.4424197
            ],
            [
              -79.9143158,
              43.4424129
            ],
            [
              -79.9142809,
              43.4424129
            ],
            [
              -79.914246,
              43.4424129
            ],
            [
              -79.9142112,
              43.4424139
            ],
            [
              -79.9141642,
              43.4424236
            ],
            [
              -79.9141347,
              43.4424314
            ],
            [
              -79.9140972,
              43.442448
            ],
            [
              -79.9140623,
              43.4424655
            ],
            [
              -79.9140248,
              43.442485
            ],
            [
              -79.9139939,
              43.4425015
            ],
            [
              -79.9139684,
              43.4425181
            ],
            [
              -79.9139376,
              43.4425346
            ],
            [
              -79.9139041,
              43.4425541
            ],
            [
              -79.9138786,
              43.4425726
            ],
            [
              -79.9138571,
              43.4425989
            ],
            [
              -79.9138343,
              43.4426262
            ],
            [
              -79.9138223,
              43.4426476
            ],
            [
              -79.9138075,
              43.442667
            ],
            [
              -79.9137887,
              43.4426885
            ],
            [
              -79.9137659,
              43.4427041
            ],
            [
              -79.9137431,
              43.4427235
            ],
            [
              -79.9137109,
              43.4427411
            ],
            [
              -79.9136761,
              43.4427547
            ],
            [
              -79.9136332,
              43.4427703
            ],
            [
              -79.9136057,
              43.4427785
            ],
            [
              -79.9135815,
              43.4427902
            ],
            [
              -79.913554,
              43.4428009
            ],
            [
              -79.9135272,
              43.4428116
            ],
            [
              -79.9135004,
              43.4428253
            ],
            [
              -79.9134756,
              43.442837
            ],
            [
              -79.9134474,
              43.4428491
            ],
            [
              -79.9134186,
              43.4428633
            ],
            [
              -79.9133971,
              43.442872
            ],
            [
              -79.9133784,
              43.4428822
            ],
            [
              -79.9133542,
              43.4428939
            ],
            [
              -79.9133307,
              43.4429066
            ],
            [
              -79.9133113,
              43.4429163
            ],
            [
              -79.9132932,
              43.4429285
            ],
            [
              -79.9132798,
              43.4429436
            ],
            [
              -79.913263,
              43.4429592
            ],
            [
              -79.9132536,
              43.4429738
            ],
            [
              -79.9132442,
              43.4429898
            ],
            [
              -79.9132322,
              43.4430059
            ],
            [
              -79.9132194,
              43.4430234
            ],
            [
              -79.9132047,
              43.443038
            ],
            [
              -79.9131879,
              43.4430531
            ],
            [
              -79.9131732,
              43.4430692
            ],
            [
              -79.9131517,
              43.4430819
            ],
            [
              -79.9131356,
              43.4430906
            ],
            [
              -79.9131168,
              43.4430989
            ],
            [
              -79.9130887,
              43.443112
            ],
            [
              -79.9130605,
              43.4431232
            ],
            [
              -79.9130303,
              43.443132
            ],
            [
              -79.9130022,
              43.4431369
            ],
            [
              -79.91297,
              43.4431413
            ],
            [
              -79.9129351,
              43.443149
            ],
            [
              -79.9129036,
              43.4431554
            ],
            [
              -79.9128774,
              43.4431622
            ],
            [
              -79.9128453,
              43.4431671
            ],
            [
              -79.9128124,
              43.4431739
            ],
            [
              -79.9127735,
              43.4431821
            ],
            [
              -79.9127487,
              43.4431904
            ],
            [
              -79.9127259,
              43.4431948
            ],
            [
              -79.9127004,
              43.4432036
            ],
            [
              -79.9126649,
              43.4432133
            ],
            [
              -79.912636,
              43.4432235
            ],
            [
              -79.9126153,
              43.4432342
            ],
            [
              -79.9125978,
              43.443244
            ],
            [
              -79.9125757,
              43.44326
            ],
            [
              -79.9125589,
              43.4432722
            ],
            [
              -79.9125381,
              43.4432849
            ],
            [
              -79.9125113,
              43.443298
            ],
            [
              -79.9124924,
              43.443308
            ],
            [
              -79.9125509,
              43.4434704
            ]
          ]
        ]
      }
    },
    {
      "type": "Feature",
      "properties": {
        "@id": "way/776901566",
        "golf": "tee",
        "landuse": "grass"
      },
      "geometry": {
        "type": "Polygon",
        "coordinates": [
          [
            [
              -79.911473,
              43.4433384
            ],
            [
              -79.911481,
              43.4433511
            ],
            [
              -79.9114944,
              43.4433579
            ],
            [
              -79.9115119,
              43.4433628
            ],
            [
              -79.911532,
              43.4433657
            ],
            [
              -79.9115534,
              43.4433618
            ],
            [
              -79.9115655,
              43.443353
            ],
            [
              -79.9115776,
              43.4433404
            ],
            [
              -79.9115883,
              43.4433267
            ],
            [
              -79.9115883,
              43.4433121
            ],
            [
              -79.9115789,
              43.4432975
            ],
            [
              -79.9115588,
              43.44328
            ],
            [
              -79.9115333,
              43.4432781
            ],
            [
              -79.9115092,
              43.4432781
            ],
            [
              -79.911485,
              43.4432829
            ],
            [
              -79.911473,
              43.4432975
            ],
            [
              -79.9114649,
              43.443317
            ],
            [
              -79.911473,
              43.4433384
            ]
          ]
        ]
      }
    },
    {
      "type": "Feature",
      "properties": {
        "@id": "way/776901567",
        "golf": "tee",
        "landuse": "grass"
      },
      "geometry": {
        "type": "Polygon",
        "coordinates": [
          [
            [
              -79.9116513,
              43.4431038
            ],
            [
              -79.9116634,
              43.4431135
            ],
            [
              -79.9116822,
              43.4431184
            ],
            [
              -79.9116983,
              43.4431203
            ],
            [
              -79.9117184,
              43.4431193
            ],
            [
              -79.9117332,
              43.4431145
            ],
            [
              -79.9117506,
              43.4431028
            ],
            [
              -79.9117627,
              43.4430882
            ],
            [
              -79.9117747,
              43.4430755
            ],
            [
              -79.9117855,
              43.4430658
            ],
            [
              -79.9118042,
              43.4430599
            ],
            [
              -79.911827,
              43.4430551
            ],
            [
              -79.9118525,
              43.4430492
            ],
            [
              -79.9118807,
              43.4430366
            ],
            [
              -79.9118927,
              43.4430152
            ],
            [
              -79.9118901,
              43.4429957
            ],
            [
              -79.911874,
              43.4429762
            ],
            [
              -79.9118606,
              43.4429665
            ],
            [
              -79.9118404,
              43.4429587
            ],
            [
              -79.9118136,
              43.4429538
            ],
            [
              -79.9117895,
              43.4429538
            ],
            [
              -79.911768,
              43.4429645
            ],
            [
              -79.9117479,
              43.4429801
            ],
            [
              -79.9117332,
              43.4429937
            ],
            [
              -79.9117104,
              43.4430093
            ],
            [
              -79.9116889,
              43.4430229
            ],
            [
              -79.9116688,
              43.4430337
            ],
            [
              -79.9116487,
              43.4430453
            ],
            [
              -79.9116339,
              43.4430619
            ],
            [
              -79.9116339,
              43.4430746
            ],
            [
              -79.9116393,
              43.4430901
            ],
            [
              -79.9116513,
              43.4431038
            ]
          ]
        ]
      }
    },
    {
      "type": "Feature",
      "properties": {
        "@id": "way/776901568",
        "golf": "tee",
        "landuse": "grass"
      },
      "geometry": {
        "type": "Polygon",
        "coordinates": [
          [
            [
              -79.9120497,
              43.4427386
            ],
            [
              -79.9120631,
              43.4427464
            ],
            [
              -79.9120818,
              43.4427532
            ],
            [
              -79.9121033,
              43.4427532
            ],
            [
              -79.9121248,
              43.4427474
            ],
            [
              -79.9121408,
              43.4427386
            ],
            [
              -79.9121556,
              43.4427269
            ],
            [
              -79.9121677,
              43.4427172
            ],
            [
              -79.9121824,
              43.4427094
            ],
            [
              -79.9122066,
              43.4427036
            ],
            [
              -79.9122347,
              43.4426997
            ],
            [
              -79.9122548,
              43.4426938
            ],
            [
              -79.9122683,
              43.4426821
            ],
            [
              -79.9122803,
              43.4426695
            ],
            [
              -79.9122911,
              43.4426568
            ],
            [
              -79.9123045,
              43.4426432
            ],
            [
              -79.9123219,
              43.4426325
            ],
            [
              -79.912346,
              43.4426237
            ],
            [
              -79.9123662,
              43.4426111
            ],
            [
              -79.9123796,
              43.4425994
            ],
            [
              -79.9123849,
              43.4425799
            ],
            [
              -79.9123796,
              43.4425624
            ],
            [
              -79.9123608,
              43.4425507
            ],
            [
              -79.9123366,
              43.4425419
            ],
            [
              -79.9123058,
              43.4425419
            ],
            [
              -79.9122884,
              43.4425448
            ],
            [
              -79.912275,
              43.4425565
            ],
            [
              -79.9122589,
              43.4425702
            ],
            [
              -79.9122347,
              43.4425789
            ],
            [
              -79.9122119,
              43.4425828
            ],
            [
              -79.9121905,
              43.4425857
            ],
            [
              -79.9121677,
              43.4425887
            ],
            [
              -79.9121449,
              43.4425965
            ],
            [
              -79.9121274,
              43.4426081
            ],
            [
              -79.9121154,
              43.4426247
            ],
            [
              -79.9121073,
              43.4426403
            ],
            [
              -79.9120926,
              43.4426549
            ],
            [
              -79.9120738,
              43.4426685
            ],
            [
              -79.9120523,
              43.4426821
            ],
            [
              -79.9120389,
              43.4426919
            ],
            [
              -79.9120255,
              43.4427055
            ],
            [
              -79.9120322,
              43.442724
            ],
            [
              -79.9120497,
              43.4427386
            ]
          ]
        ]
      }
    },
    {
      "type": "Feature",
      "properties": {
        "@id": "way/776901569",
        "golf": "tee",
        "landuse": "grass"
      },
      "geometry": {
        "type": "Polygon",
        "coordinates": [
          [
            [
              -79.9125177,
              43.4424095
            ],
            [
              -79.9125298,
              43.4424192
            ],
            [
              -79.9125485,
              43.442427
            ],
            [
              -79.9125727,
              43.442427
            ],
            [
              -79.9125955,
              43.4424251
            ],
            [
              -79.9126156,
              43.4424192
            ],
            [
              -79.9126304,
              43.4424085
            ],
            [
              -79.9126411,
              43.4423988
            ],
            [
              -79.9126505,
              43.4423861
            ],
            [
              -79.9126612,
              43.4423696
            ],
            [
              -79.9126599,
              43.442354
            ],
            [
              -79.9126505,
              43.4423413
            ],
            [
              -79.9126371,
              43.4423326
            ],
            [
              -79.9126143,
              43.4423238
            ],
            [
              -79.9125888,
              43.4423238
            ],
            [
              -79.912566,
              43.4423316
            ],
            [
              -79.9125512,
              43.4423433
            ],
            [
              -79.9125338,
              43.442352
            ],
            [
              -79.9125177,
              43.4423618
            ],
            [
              -79.912511,
              43.4423783
            ],
            [
              -79.9125097,
              43.4423939
            ],
            [
              -79.9125177,
              43.4424095
            ]
          ]
        ]
      }
    },
    {
      "type": "Feature",
      "properties": {
        "@id": "way/776901570",
        "golf": "tee",
        "landuse": "grass"
      },
      "geometry": {
        "type": "Polygon",
        "coordinates": [
          [
            [
              -79.9131413,
              43.4422985
            ],
            [
              -79.913152,
              43.4423073
            ],
            [
              -79.9131708,
              43.4423121
            ],
            [
              -79.913199,
              43.4423131
            ],
            [
              -79.9132164,
              43.4423063
            ],
            [
              -79.9132298,
              43.4422946
            ],
            [
              -79.9132312,
              43.4422712
            ],
            [
              -79.9132204,
              43.4422566
            ],
            [
              -79.913203,
              43.4422498
            ],
            [
              -79.9131789,
              43.4422459
            ],
            [
              -79.913152,
              43.4422508
            ],
            [
              -79.9131346,
              43.4422615
            ],
            [
              -79.9131306,
              43.4422819
            ],
            [
              -79.9131413,
              43.4422985
            ]
          ]
        ]
      }
    },
    {
      "type": "Feature",
      "properties": {
        "@id": "way/776901571",
        "golf": "green",
        "landuse": "grass"
      },
      "geometry": {
        "type": "Polygon",
        "coordinates": [
          [
            [
              -79.9170788,
              43.4416305
            ],
            [
              -79.9171029,
              43.4416451
            ],
            [
              -79.9171271,
              43.4416568
            ],
            [
              -79.9171552,
              43.4416665
            ],
            [
              -79.9171834,
              43.4416792
            ],
            [
              -79.9172116,
              43.4416919
            ],
            [
              -79.9172303,
              43.4417045
            ],
            [
              -79.9172478,
              43.441722
            ],
            [
              -79.9172625,
              43.4417396
            ],
            [
              -79.9172826,
              43.4417571
            ],
            [
              -79.9173028,
              43.4417698
            ],
            [
              -79.9173296,
              43.4417814
            ],
            [
              -79.9173591,
              43.4417814
            ],
            [
              -79.9173966,
              43.4417727
            ],
            [
              -79.9174168,
              43.441759
            ],
            [
              -79.9174382,
              43.4417396
            ],
            [
              -79.9174543,
              43.4417201
            ],
            [
              -79.9174664,
              43.4416987
            ],
            [
              -79.9174731,
              43.4416772
            ],
            [
              -79.9174731,
              43.4416587
            ],
            [
              -79.917465,
              43.4416383
            ],
            [
              -79.917453,
              43.4416208
            ],
            [
              -79.9174369,
              43.4416032
            ],
            [
              -79.9174181,
              43.4415906
            ],
            [
              -79.9174033,
              43.4415828
            ],
            [
              -79.9173832,
              43.441575
            ],
            [
              -79.9173577,
              43.4415721
            ],
            [
              -79.9173376,
              43.4415633
            ],
            [
              -79.9173215,
              43.4415516
            ],
            [
              -79.9173001,
              43.4415429
            ],
            [
              -79.9172786,
              43.4415351
            ],
            [
              -79.9172558,
              43.4415322
            ],
            [
              -79.9172344,
              43.4415273
            ],
            [
              -79.9172049,
              43.4415244
            ],
            [
              -79.9171821,
              43.4415195
            ],
            [
              -79.9171526,
              43.4415234
            ],
            [
              -79.9171257,
              43.4415331
            ],
            [
              -79.9170949,
              43.4415468
            ],
            [
              -79.9170761,
              43.4415643
            ],
            [
              -79.917064,
              43.4415779
            ],
            [
              -79.9170627,
              43.4415964
            ],
            [
              -79.917064,
              43.4416159
            ],
            [
              -79.9170788,
              43.4416305
            ]
          ]
        ]
      }
    },
    {
      "type": "Feature",
      "properties": {
        "@id": "way/776901572",
        "golf": "bunker",
        "natural": "sand"
      },
      "geometry": {
        "type": "Polygon",
        "coordinates": [
          [
            [
              -79.9174838,
              43.4417931
            ],
            [
              -79.9174959,
              43.4417941
            ],
            [
              -79.9175093,
              43.4417941
            ],
            [
              -79.9175267,
              43.4418019
            ],
            [
              -79.9175428,
              43.4418107
            ],
            [
              -79.9175589,
              43.4418136
            ],
            [
              -79.9175777,
              43.4418126
            ],
            [
              -79.9175965,
              43.4418077
            ],
            [
              -79.9176085,
              43.441797
            ],
            [
              -79.9176179,
              43.4417824
            ],
            [
              -79.9176179,
              43.4417698
            ],
            [
              -79.9176126,
              43.4417551
            ],
            [
              -79.9176045,
              43.4417435
            ],
            [
              -79.9175978,
              43.4417318
            ],
            [
              -79.9176018,
              43.441722
            ],
            [
              -79.9176152,
              43.4417133
            ],
            [
              -79.9176206,
              43.4417006
            ],
            [
              -79.9176206,
              43.441685
            ],
            [
              -79.9176152,
              43.4416724
            ],
            [
              -79.9176045,
              43.4416617
            ],
            [
              -79.9175871,
              43.4416558
            ],
            [
              -79.9175643,
              43.4416539
            ],
            [
              -79.9175442,
              43.4416597
            ],
            [
              -79.9175307,
              43.4416704
            ],
            [
              -79.9175281,
              43.441685
            ],
            [
              -79.9175307,
              43.4417065
            ],
            [
              -79.9175361,
              43.4417211
            ],
            [
              -79.9175334,
              43.4417357
            ],
            [
              -79.91752,
              43.4417425
            ],
            [
              -79.9174986,
              43.4417444
            ],
            [
              -79.9174784,
              43.4417522
            ],
            [
              -79.9174664,
              43.441761
            ],
            [
              -79.9174597,
              43.4417727
            ],
            [
              -79.9174623,
              43.4417824
            ],
            [
              -79.9174838,
              43.4417931
            ]
          ]
        ]
      }
    },
    {
      "type": "Feature",
      "properties": {
        "@id": "way/776901573",
        "golf": "bunker",
        "natural": "sand"
      },
      "geometry": {
        "type": "Polygon",
        "coordinates": [
          [
            [
              -79.9174248,
              43.4415292
            ],
            [
              -79.9174248,
              43.4415409
            ],
            [
              -79.9174302,
              43.4415565
            ],
            [
              -79.9174409,
              43.4415692
            ],
            [
              -79.9174543,
              43.441577
            ],
            [
              -79.9174717,
              43.4415818
            ],
            [
              -79.9174972,
              43.4415828
            ],
            [
              -79.9175133,
              43.4415799
            ],
            [
              -79.9175321,
              43.4415721
            ],
            [
              -79.9175401,
              43.4415594
            ],
            [
              -79.9175455,
              43.4415429
            ],
            [
              -79.9175428,
              43.4415253
            ],
            [
              -79.9175334,
              43.4415098
            ],
            [
              -79.9175227,
              43.4414971
            ],
            [
              -79.9175079,
              43.4414864
            ],
            [
              -79.9174932,
              43.4414767
            ],
            [
              -79.9174771,
              43.4414679
            ],
            [
              -79.9174597,
              43.441463
            ],
            [
              -79.9174355,
              43.4414611
            ],
            [
              -79.9174127,
              43.441463
            ],
            [
              -79.9173913,
              43.4414689
            ],
            [
              -79.9173712,
              43.4414689
            ],
            [
              -79.9173497,
              43.4414669
            ],
            [
              -79.9173363,
              43.4414601
            ],
            [
              -79.9173215,
              43.4414504
            ],
            [
              -79.9173095,
              43.4414397
            ],
            [
              -79.9173014,
              43.441426
            ],
            [
              -79.9172907,
              43.4414163
            ],
            [
              -79.9172773,
              43.4414046
            ],
            [
              -79.9172585,
              43.4413949
            ],
            [
              -79.9172344,
              43.4413919
            ],
            [
              -79.9172102,
              43.4413919
            ],
            [
              -79.9171821,
              43.4414017
            ],
            [
              -79.9171686,
              43.4414124
            ],
            [
              -79.9171566,
              43.4414231
            ],
            [
              -79.9171499,
              43.4414397
            ],
            [
              -79.9171512,
              43.4414621
            ],
            [
              -79.9171579,
              43.4414806
            ],
            [
              -79.917174,
              43.4414952
            ],
            [
              -79.9171941,
              43.4414981
            ],
            [
              -79.9172156,
              43.4415
            ],
            [
              -79.9172424,
              43.4414981
            ],
            [
              -79.9172545,
              43.4414942
            ],
            [
              -79.9172733,
              43.4414903
            ],
            [
              -79.917292,
              43.4414932
            ],
            [
              -79.9173054,
              43.4415049
            ],
            [
              -79.9173148,
              43.4415146
            ],
            [
              -79.9173336,
              43.4415224
            ],
            [
              -79.9173564,
              43.4415234
            ],
            [
              -79.9173752,
              43.4415185
            ],
            [
              -79.9173926,
              43.4415146
            ],
            [
              -79.9174168,
              43.4415166
            ],
            [
              -79.9174248,
              43.4415292
            ]
          ]
        ]
      }
    },
    {
      "type": "Feature",
      "properties": {
        "@id": "way/776901574",
        "golf": "bunker",
        "natural": "sand"
      },
      "geometry": {
        "type": "Polygon",
        "coordinates": [
          [
            [
              -79.9169742,
              43.4413345
            ],
            [
              -79.9169715,
              43.4413501
            ],
            [
              -79.9169728,
              43.4413666
            ],
            [
              -79.9169782,
              43.4413832
            ],
            [
              -79.9169863,
              43.4413968
            ],
            [
              -79.9170024,
              43.4414075
            ],
            [
              -79.9170251,
              43.4414124
            ],
            [
              -79.9170506,
              43.4414114
            ],
            [
              -79.9170748,
              43.4414036
            ],
            [
              -79.9170882,
              43.441391
            ],
            [
              -79.9170935,
              43.4413744
            ],
            [
              -79.9170895,
              43.4413598
            ],
            [
              -79.9170761,
              43.4413452
            ],
            [
              -79.9170614,
              43.4413364
            ],
            [
              -79.9170453,
              43.4413277
            ],
            [
              -79.9170372,
              43.4413179
            ],
            [
              -79.9170386,
              43.4413072
            ],
            [
              -79.9170506,
              43.4412907
            ],
            [
              -79.9170627,
              43.441278
            ],
            [
              -79.9170667,
              43.4412654
            ],
            [
              -79.917064,
              43.4412507
            ],
            [
              -79.9170547,
              43.4412371
            ],
            [
              -79.9170399,
              43.4412254
            ],
            [
              -79.9170211,
              43.4412206
            ],
            [
              -79.9169983,
              43.4412206
            ],
            [
              -79.9169728,
              43.4412274
            ],
            [
              -79.9169514,
              43.4412274
            ],
            [
              -79.9169313,
              43.4412186
            ],
            [
              -79.9169165,
              43.4412069
            ],
            [
              -79.9169085,
              43.4411923
            ],
            [
              -79.9169071,
              43.4411728
            ],
            [
              -79.9169058,
              43.4411573
            ],
            [
              -79.9168977,
              43.4411417
            ],
            [
              -79.9168817,
              43.4411319
            ],
            [
              -79.9168575,
              43.4411261
            ],
            [
              -79.916832,
              43.4411281
            ],
            [
              -79.9168146,
              43.4411378
            ],
            [
              -79.9168079,
              43.4411543
            ],
            [
              -79.9168092,
              43.4411709
            ],
            [
              -79.9168186,
              43.4411845
            ],
            [
              -79.9168374,
              43.4411962
            ],
            [
              -79.9168535,
              43.441206
            ],
            [
              -79.9168642,
              43.4412215
            ],
            [
              -79.9168629,
              43.441241
            ],
            [
              -79.9168615,
              43.4412546
            ],
            [
              -79.9168656,
              43.4412722
            ],
            [
              -79.916879,
              43.4412897
            ],
            [
              -79.916891,
              43.4412985
            ],
            [
              -79.9169071,
              43.4413072
            ],
            [
              -79.9169299,
              43.4413121
            ],
            [
              -79.9169514,
              43.4413131
            ],
            [
              -79.9169688,
              43.4413228
            ],
            [
              -79.9169742,
              43.4413345
            ]
          ]
        ]
      }
    },
    {
      "type": "Feature",
      "properties": {
        "@id": "way/776901575",
        "golf": "bunker",
        "natural": "sand"
      },
      "geometry": {
        "type": "Polygon",
        "coordinates": [
          [
            [
              -79.9157707,
              43.4413761
            ],
            [
              -79.9157781,
              43.4413825
            ],
            [
              -79.9157868,
              43.4413873
            ],
            [
              -79.9157955,
              43.4413932
            ],
            [
              -79.9158069,
              43.4413961
            ],
            [
              -79.9158177,
              43.4413981
            ],
            [
              -79.9158331,
              43.4413966
            ],
            [
              -79.9158465,
              43.4413927
            ],
            [
              -79.9158552,
              43.4413864
            ],
            [
              -79.9158612,
              43.44138
            ],
            [
              -79.9158679,
              43.4413723
            ],
            [
              -79.9158686,
              43.4413635
            ],
            [
              -79.9158673,
              43.4413557
            ],
            [
              -79.9158619,
              43.4413489
            ],
            [
              -79.9158519,
              43.441343
            ],
            [
              -79.9158438,
              43.4413406
            ],
            [
              -79.9158337,
              43.4413377
            ],
            [
              -79.9158237,
              43.4413348
            ],
            [
              -79.9158177,
              43.4413289
            ],
            [
              -79.9158136,
              43.4413216
            ],
            [
              -79.9158116,
              43.4413129
            ],
            [
              -79.9158123,
              43.441306
            ],
            [
              -79.9158156,
              43.4412992
            ],
            [
              -79.915823,
              43.4412939
            ],
            [
              -79.9158331,
              43.4412905
            ],
            [
              -79.9158451,
              43.4412812
            ],
            [
              -79.9158532,
              43.4412715
            ],
            [
              -79.9158532,
              43.4412627
            ],
            [
              -79.9158498,
              43.4412539
            ],
            [
              -79.9158465,
              43.4412462
            ],
            [
              -79.9158378,
              43.4412393
            ],
            [
              -79.9158304,
              43.441234
            ],
            [
              -79.9158183,
              43.4412301
            ],
            [
              -79.9158042,
              43.4412301
            ],
            [
              -79.9157908,
              43.441232
            ],
            [
              -79.9157808,
              43.4412379
            ],
            [
              -79.9157721,
              43.4412462
            ],
            [
              -79.9157627,
              43.4412549
            ],
            [
              -79.9157533,
              43.4412598
            ],
            [
              -79.9157432,
              43.4412627
            ],
            [
              -79.9157325,
              43.4412617
            ],
            [
              -79.9157191,
              43.4412583
            ],
            [
              -79.915711,
              43.4412525
            ],
            [
              -79.9157016,
              43.4412471
            ],
            [
              -79.9156889,
              43.4412423
            ],
            [
              -79.9156762,
              43.4412423
            ],
            [
              -79.9156634,
              43.4412457
            ],
            [
              -79.915652,
              43.441251
            ],
            [
              -79.915646,
              43.4412588
            ],
            [
              -79.915642,
              43.4412681
            ],
            [
              -79.9156406,
              43.4412768
            ],
            [
              -79.9156413,
              43.4412885
            ],
            [
              -79.915648,
              43.4412963
            ],
            [
              -79.9156614,
              43.4413017
            ],
            [
              -79.9156762,
              43.4413036
            ],
            [
              -79.9156889,
              43.4413031
            ],
            [
              -79.915705,
              43.4413026
            ],
            [
              -79.9157218,
              43.4413026
            ],
            [
              -79.9157399,
              43.4413094
            ],
            [
              -79.9157506,
              43.4413192
            ],
            [
              -79.9157566,
              43.4413284
            ],
            [
              -79.9157613,
              43.4413391
            ],
            [
              -79.9157613,
              43.4413479
            ],
            [
              -79.9157627,
              43.4413567
            ],
            [
              -79.9157647,
              43.4413649
            ],
            [
              -79.9157707,
              43.4413761
            ]
          ]
        ]
      }
    },
    {
      "type": "Feature",
      "properties": {
        "@id": "way/776901576",
        "golf": "bunker",
        "natural": "sand"
      },
      "geometry": {
        "type": "Polygon",
        "coordinates": [
          [
            [
              -79.9149691,
              43.441622
            ],
            [
              -79.9149852,
              43.4416298
            ],
            [
              -79.9150053,
              43.4416308
            ],
            [
              -79.9150294,
              43.4416288
            ],
            [
              -79.9150509,
              43.441621
            ],
            [
              -79.9150656,
              43.4416103
            ],
            [
              -79.915079,
              43.4415957
            ],
            [
              -79.9150817,
              43.4415811
            ],
            [
              -79.9150777,
              43.4415655
            ],
            [
              -79.915067,
              43.441549
            ],
            [
              -79.9150522,
              43.4415412
            ],
            [
              -79.9150334,
              43.4415354
            ],
            [
              -79.9150093,
              43.4415354
            ],
            [
              -79.9149811,
              43.4415393
            ],
            [
              -79.914961,
              43.4415509
            ],
            [
              -79.9149463,
              43.4415636
            ],
            [
              -79.9149436,
              43.4415811
            ],
            [
              -79.914949,
              43.4415986
            ],
            [
              -79.9149583,
              43.4416133
            ],
            [
              -79.9149691,
              43.441622
            ]
          ]
        ]
      }
    },
    {
      "type": "Feature",
      "properties": {
        "@id": "way/776901577",
        "golf": "fairway",
        "landuse": "grass"
      },
      "geometry": {
        "type": "Polygon",
        "coordinates": [
          [
            [
              -79.9159132,
              43.4411692
            ],
            [
              -79.9159373,
              43.4411877
            ],
            [
              -79.9159575,
              43.4412043
            ],
            [
              -79.9159829,
              43.4412218
            ],
            [
              -79.9160084,
              43.4412315
            ],
            [
              -79.9160272,
              43.4412442
            ],
            [
              -79.9160621,
              43.4412608
            ],
            [
              -79.9160943,
              43.4412763
            ],
            [
              -79.9161238,
              43.4412871
            ],
            [
              -79.9161613,
              43.4412968
            ],
            [
              -79.9161989,
              43.4413056
            ],
            [
              -79.9162351,
              43.4413143
            ],
            [
              -79.9162673,
              43.4413231
            ],
            [
              -79.9162954,
              43.4413299
            ],
            [
              -79.9163222,
              43.4413367
            ],
            [
              -79.9163544,
              43.4413445
            ],
            [
              -79.916392,
              43.4413503
            ],
            [
              -79.9164429,
              43.4413562
            ],
            [
              -79.9164832,
              43.4413611
            ],
            [
              -79.9165113,
              43.4413659
            ],
            [
              -79.9165462,
              43.4413727
            ],
            [
              -79.9165784,
              43.4413854
            ],
            [
              -79.9166092,
              43.441402
            ],
            [
              -79.9166361,
              43.4414214
            ],
            [
              -79.9166548,
              43.4414409
            ],
            [
              -79.916683,
              43.4414575
            ],
            [
              -79.9167152,
              43.4414769
            ],
            [
              -79.9167407,
              43.4414896
            ],
            [
              -79.9167742,
              43.4415061
            ],
            [
              -79.9168064,
              43.4415217
            ],
            [
              -79.9168413,
              43.4415393
            ],
            [
              -79.9168734,
              43.4415578
            ],
            [
              -79.916907,
              43.4415743
            ],
            [
              -79.9169472,
              43.4415938
            ],
            [
              -79.9169727,
              43.4416103
            ],
            [
              -79.9170022,
              43.4416259
            ],
            [
              -79.917033,
              43.4416386
            ],
            [
              -79.9170679,
              43.4416512
            ],
            [
              -79.9171014,
              43.4416629
            ],
            [
              -79.9171552,
              43.4416665
            ],
            [
              -79.9171846,
              43.441661
            ],
            [
              -79.9171712,
              43.4415305
            ],
            [
              -79.9171526,
              43.4415234
            ],
            [
              -79.9171148,
              43.4414993
            ],
            [
              -79.9170813,
              43.4414896
            ],
            [
              -79.9170478,
              43.4414789
            ],
            [
              -79.917021,
              43.4414711
            ],
            [
              -79.9169968,
              43.4414604
            ],
            [
              -79.9169754,
              43.4414399
            ],
            [
              -79.9169566,
              43.4414195
            ],
            [
              -79.9169378,
              43.441401
            ],
            [
              -79.9169257,
              43.4413854
            ],
            [
              -79.916911,
              43.4413649
            ],
            [
              -79.9168936,
              43.4413464
            ],
            [
              -79.9168721,
              43.4413309
            ],
            [
              -79.9168466,
              43.4413133
            ],
            [
              -79.9168292,
              43.4412978
            ],
            [
              -79.916797,
              43.4412734
            ],
            [
              -79.9167809,
              43.4412569
            ],
            [
              -79.9167581,
              43.4412296
            ],
            [
              -79.9167407,
              43.4412023
            ],
            [
              -79.9167259,
              43.4411819
            ],
            [
              -79.9167098,
              43.4411595
            ],
            [
              -79.9166884,
              43.4411332
            ],
            [
              -79.9166696,
              43.4411127
            ],
            [
              -79.9166495,
              43.4410942
            ],
            [
              -79.9166294,
              43.4410767
            ],
            [
              -79.9166025,
              43.4410553
            ],
            [
              -79.9165784,
              43.4410348
            ],
            [
              -79.9165569,
              43.4410173
            ],
            [
              -79.9165248,
              43.4409998
            ],
            [
              -79.9164912,
              43.4409813
            ],
            [
              -79.9164604,
              43.4409686
            ],
            [
              -79.9164295,
              43.4409579
            ],
            [
              -79.9164054,
              43.4409433
            ],
            [
              -79.9163786,
              43.4409287
            ],
            [
              -79.9163531,
              43.4409141
            ],
            [
              -79.9163209,
              43.4408927
            ],
            [
              -79.9162874,
              43.4408761
            ],
            [
              -79.9162592,
              43.4408567
            ],
            [
              -79.9162284,
              43.4408401
            ],
            [
              -79.9162002,
              43.4408216
            ],
            [
              -79.9161774,
              43.440807
            ],
            [
              -79.9161466,
              43.4407924
            ],
            [
              -79.916113,
              43.4407807
            ],
            [
              -79.9160808,
              43.44077
            ],
            [
              -79.9160326,
              43.4407661
            ],
            [
              -79.9159856,
              43.4407671
            ],
            [
              -79.9159454,
              43.4407729
            ],
            [
              -79.9159078,
              43.4407826
            ],
            [
              -79.915873,
              43.4407963
            ],
            [
              -79.915826,
              43.4408158
            ],
            [
              -79.9157965,
              43.4408265
            ],
            [
              -79.915755,
              43.4408411
            ],
            [
              -79.9157134,
              43.4408596
            ],
            [
              -79.9156785,
              43.4408713
            ],
            [
              -79.9156383,
              43.4408888
            ],
            [
              -79.9155994,
              43.4409024
            ],
            [
              -79.9155645,
              43.4409141
            ],
            [
              -79.9155283,
              43.4409268
            ],
            [
              -79.9154894,
              43.4409375
            ],
            [
              -79.9154425,
              43.440954
            ],
            [
              -79.9154063,
              43.4409657
            ],
            [
              -79.9153768,
              43.4409735
            ],
            [
              -79.9153419,
              43.4409823
            ],
            [
              -79.9153111,
              43.440993
            ],
            [
              -79.9152681,
              43.4410086
            ],
            [
              -79.9152373,
              43.4410212
            ],
            [
              -79.9151997,
              43.4410387
            ],
            [
              -79.9151649,
              43.4410524
            ],
            [
              -79.9151287,
              43.441065
            ],
            [
              -79.9150884,
              43.4410796
            ],
            [
              -79.9150562,
              43.4410913
            ],
            [
              -79.9150214,
              43.441105
            ],
            [
              -79.9149825,
              43.4411186
            ],
            [
              -79.9149409,
              43.4411332
            ],
            [
              -79.9148967,
              43.4411488
            ],
            [
              -79.9148631,
              43.4411634
            ],
            [
              -79.914835,
              43.4411712
            ],
            [
              -79.9148014,
              43.4411809
            ],
            [
              -79.9147545,
              43.4411984
            ],
            [
              -79.9147169,
              43.441214
            ],
            [
              -79.9146754,
              43.4412315
            ],
            [
              -79.9146351,
              43.4412491
            ],
            [
              -79.9145936,
              43.4412715
            ],
            [
              -79.9145533,
              43.44129
            ],
            [
              -79.9145131,
              43.4413017
            ],
            [
              -79.9144729,
              43.4413143
            ],
            [
              -79.9144353,
              43.4413328
            ],
            [
              -79.9143978,
              43.4413494
            ],
            [
              -79.9143629,
              43.4413649
            ],
            [
              -79.914324,
              43.4413776
            ],
            [
              -79.9142784,
              43.4413942
            ],
            [
              -79.9142382,
              43.4414088
            ],
            [
              -79.9141979,
              43.4414224
            ],
            [
              -79.9141617,
              43.441439
            ],
            [
              -79.9141188,
              43.4414575
            ],
            [
              -79.9140866,
              43.441474
            ],
            [
              -79.9140558,
              43.4414954
            ],
            [
              -79.9140209,
              43.4415285
            ],
            [
              -79.9139968,
              43.4415519
            ],
            [
              -79.9139673,
              43.4415792
            ],
            [
              -79.9139324,
              43.4416035
            ],
            [
              -79.9138975,
              43.441624
            ],
            [
              -79.9138653,
              43.4416395
            ],
            [
              -79.9138345,
              43.4416551
            ],
            [
              -79.9137929,
              43.4416756
            ],
            [
              -79.913754,
              43.4416941
            ],
            [
              -79.9137178,
              43.4417106
            ],
            [
              -79.9136722,
              43.4417408
            ],
            [
              -79.9136467,
              43.4417583
            ],
            [
              -79.9136186,
              43.4417759
            ],
            [
              -79.9135864,
              43.4418002
            ],
            [
              -79.9135515,
              43.4418314
            ],
            [
              -79.9135327,
              43.4418606
            ],
            [
              -79.9135177,
              43.4418864
            ],
            [
              -79.9135096,
              43.4419117
            ],
            [
              -79.9135016,
              43.441937
            ],
            [
              -79.9135029,
              43.4419653
            ],
            [
              -79.913515,
              43.4419906
            ],
            [
              -79.9135378,
              43.4420149
            ],
            [
              -79.9135592,
              43.4420334
            ],
            [
              -79.9135834,
              43.442049
            ],
            [
              -79.9136196,
              43.4420656
            ],
            [
              -79.9136558,
              43.4420743
            ],
            [
              -79.9137054,
              43.4420792
            ],
            [
              -79.913743,
              43.4420792
            ],
            [
              -79.9137899,
              43.4420733
            ],
            [
              -79.9138476,
              43.4420568
            ],
            [
              -79.9138744,
              43.4420461
            ],
            [
              -79.9139254,
              43.4420256
            ],
            [
              -79.9139723,
              43.4420042
            ],
            [
              -79.9140125,
              43.4419847
            ],
            [
              -79.9140541,
              43.4419662
            ],
            [
              -79.9140943,
              43.4419468
            ],
            [
              -79.9141319,
              43.4419302
            ],
            [
              -79.9141721,
              43.4419166
            ],
            [
              -79.9142043,
              43.441901
            ],
            [
              -79.9142432,
              43.4418815
            ],
            [
              -79.9142928,
              43.4418601
            ],
            [
              -79.9143478,
              43.4418416
            ],
            [
              -79.9143961,
              43.441825
            ],
            [
              -79.9144403,
              43.4418056
            ],
            [
              -79.9144779,
              43.441788
            ],
            [
              -79.9145449,
              43.4417608
            ],
            [
              -79.9145905,
              43.4417432
            ],
            [
              -79.9146402,
              43.4417257
            ],
            [
              -79.9146858,
              43.4417053
            ],
            [
              -79.9147367,
              43.4416829
            ],
            [
              -79.9147689,
              43.4416634
            ],
            [
              -79.9148091,
              43.4416361
            ],
            [
              -79.9148319,
              43.4416147
            ],
            [
              -79.9148534,
              43.4415923
            ],
            [
              -79.9148735,
              43.4415699
            ],
            [
              -79.914891,
              43.4415504
            ],
            [
              -79.9149137,
              43.44153
            ],
            [
              -79.9149406,
              43.4415096
            ],
            [
              -79.9149754,
              43.4414891
            ],
            [
              -79.9150264,
              43.4414764
            ],
            [
              -79.9150733,
              43.4414657
            ],
            [
              -79.9151055,
              43.441456
            ],
            [
              -79.9151431,
              43.4414472
            ],
            [
              -79.9151766,
              43.4414404
            ],
            [
              -79.9152101,
              43.4414268
            ],
            [
              -79.915249,
              43.4414112
            ],
            [
              -79.9152839,
              43.4413956
            ],
            [
              -79.9153174,
              43.4413664
            ],
            [
              -79.9153442,
              43.4413411
            ],
            [
              -79.9153724,
              43.4413187
            ],
            [
              -79.9154006,
              43.4412982
            ],
            [
              -79.9154328,
              43.4412778
            ],
            [
              -79.9154596,
              43.4412612
            ],
            [
              -79.9154918,
              43.4412476
            ],
            [
              -79.9155199,
              43.4412379
            ],
            [
              -79.9155615,
              43.4412223
            ],
            [
              -79.9155964,
              43.4412087
            ],
            [
              -79.9156621,
              43.4411911
            ],
            [
              -79.9156983,
              43.4411795
            ],
            [
              -79.9157372,
              43.4411687
            ],
            [
              -79.9157801,
              43.4411629
            ],
            [
              -79.9158257,
              43.441158
            ],
            [
              -79.9158646,
              43.4411571
            ],
            [
              -79.9158874,
              43.44116
            ],
            [
              -79.9159132,
              43.4411692
            ]
          ]
        ]
      }
    },
    {
      "type": "Feature",
      "properties": {
        "@id": "way/776901578",
        "golf": "tee",
        "landuse": "grass"
      },
      "geometry": {
        "type": "Polygon",
        "coordinates": [
          [
            [
              -79.9181016,
              43.4420685
            ],
            [
              -79.918115,
              43.4420782
            ],
            [
              -79.9181351,
              43.4420831
            ],
            [
              -79.9181525,
              43.4420831
            ],
            [
              -79.918174,
              43.4420772
            ],
            [
              -79.9181941,
              43.4420656
            ],
            [
              -79.9181968,
              43.442048
            ],
            [
              -79.9181914,
              43.4420324
            ],
            [
              -79.9181767,
              43.4420188
            ],
            [
              -79.9181606,
              43.4420101
            ],
            [
              -79.9181337,
              43.4420081
            ],
            [
              -79.9181109,
              43.4420159
            ],
            [
              -79.9180975,
              43.4420276
            ],
            [
              -79.9180868,
              43.4420441
            ],
            [
              -79.9180922,
              43.4420568
            ],
            [
              -79.9181016,
              43.4420685
            ]
          ]
        ]
      }
    },
    {
      "type": "Feature",
      "properties": {
        "@id": "way/776901579",
        "golf": "tee",
        "landuse": "grass"
      },
      "geometry": {
        "type": "Polygon",
        "coordinates": [
          [
            [
              -79.918009,
              43.4423216
            ],
            [
              -79.9180238,
              43.4423314
            ],
            [
              -79.9180452,
              43.4423411
            ],
            [
              -79.918068,
              43.4423411
            ],
            [
              -79.9180948,
              43.4423343
            ],
            [
              -79.9181163,
              43.4423236
            ],
            [
              -79.9181297,
              43.4423119
            ],
            [
              -79.9181391,
              43.4422905
            ],
            [
              -79.9181391,
              43.442272
            ],
            [
              -79.9181284,
              43.4422525
            ],
            [
              -79.9181136,
              43.4422399
            ],
            [
              -79.9180948,
              43.442233
            ],
            [
              -79.9180707,
              43.4422272
            ],
            [
              -79.9180425,
              43.4422272
            ],
            [
              -79.9180171,
              43.4422379
            ],
            [
              -79.9179969,
              43.4422506
            ],
            [
              -79.9179876,
              43.4422681
            ],
            [
              -79.9179876,
              43.4422876
            ],
            [
              -79.9179956,
              43.442308
            ],
            [
              -79.918009,
              43.4423216
            ]
          ]
        ]
      }
    },
    {
      "type": "Feature",
      "properties": {
        "@id": "way/776901580",
        "golf": "tee",
        "landuse": "grass"
      },
      "geometry": {
        "type": "Polygon",
        "coordinates": [
          [
            [
              -79.9182544,
              43.4422681
            ],
            [
              -79.9182571,
              43.4422798
            ],
            [
              -79.9182611,
              43.4422934
            ],
            [
              -79.9182746,
              43.4423041
            ],
            [
              -79.918292,
              43.4423129
            ],
            [
              -79.9183161,
              43.4423119
            ],
            [
              -79.9183403,
              43.4423051
            ],
            [
              -79.9183577,
              43.4422915
            ],
            [
              -79.9183644,
              43.4422739
            ],
            [
              -79.9183631,
              43.4422545
            ],
            [
              -79.9183577,
              43.4422389
            ],
            [
              -79.918351,
              43.4422243
            ],
            [
              -79.9183389,
              43.4422048
            ],
            [
              -79.9183322,
              43.4421902
            ],
            [
              -79.9183188,
              43.4421756
            ],
            [
              -79.9182987,
              43.4421727
            ],
            [
              -79.9182746,
              43.4421727
            ],
            [
              -79.9182571,
              43.4421775
            ],
            [
              -79.9182437,
              43.4421931
            ],
            [
              -79.9182518,
              43.4422496
            ],
            [
              -79.9182544,
              43.4422681
            ]
          ]
        ]
      }
    },
    {
      "type": "Feature",
      "properties": {
        "@id": "way/776901581",
        "golf": "tee",
        "landuse": "grass"
      },
      "geometry": {
        "type": "Polygon",
        "coordinates": [
          [
            [
              -79.9185441,
              43.4423781
            ],
            [
              -79.9185575,
              43.4423908
            ],
            [
              -79.9185776,
              43.4423947
            ],
            [
              -79.9185937,
              43.4423947
            ],
            [
              -79.9186139,
              43.4423927
            ],
            [
              -79.91863,
              43.4423869
            ],
            [
              -79.918642,
              43.4423772
            ],
            [
              -79.9186501,
              43.4423645
            ],
            [
              -79.9186514,
              43.4423509
            ],
            [
              -79.9186447,
              43.4423392
            ],
            [
              -79.9186353,
              43.4423304
            ],
            [
              -79.9186219,
              43.4423246
            ],
            [
              -79.9186031,
              43.4423216
            ],
            [
              -79.9185817,
              43.4423216
            ],
            [
              -79.9185629,
              43.4423255
            ],
            [
              -79.9185508,
              43.4423314
            ],
            [
              -79.9185414,
              43.4423411
            ],
            [
              -79.9185374,
              43.4423528
            ],
            [
              -79.9185374,
              43.4423645
            ],
            [
              -79.9185441,
              43.4423781
            ]
          ]
        ]
      }
    },
    {
      "type": "Feature",
      "properties": {
        "@id": "way/776901582",
        "golf": "tee",
        "landuse": "grass"
      },
      "geometry": {
        "type": "Polygon",
        "coordinates": [
          [
            [
              -79.918014,
              43.4426556
            ],
            [
              -79.9180368,
              43.4426634
            ],
            [
              -79.9180664,
              43.4426683
            ],
            [
              -79.9180959,
              43.4426654
            ],
            [
              -79.9181254,
              43.4426576
            ],
            [
              -79.9181468,
              43.4426449
            ],
            [
              -79.9181589,
              43.4426274
            ],
            [
              -79.9181669,
              43.4426128
            ],
            [
              -79.9181696,
              43.4425904
            ],
            [
              -79.9181656,
              43.4425748
            ],
            [
              -79.9181535,
              43.4425602
            ],
            [
              -79.9181401,
              43.4425485
            ],
            [
              -79.9181227,
              43.4425398
            ],
            [
              -79.9180972,
              43.442532
            ],
            [
              -79.9180677,
              43.442531
            ],
            [
              -79.9180436,
              43.442531
            ],
            [
              -79.9180167,
              43.4425378
            ],
            [
              -79.9179939,
              43.4425485
            ],
            [
              -79.9179805,
              43.4425651
            ],
            [
              -79.9179685,
              43.4425836
            ],
            [
              -79.9179644,
              43.4426079
            ],
            [
              -79.9179738,
              43.4426274
            ],
            [
              -79.9179939,
              43.4426449
            ],
            [
              -79.918014,
              43.4426556
            ]
          ]
        ]
      }
    },
    {
      "type": "Feature",
      "properties": {
        "@id": "way/776901583",
        "golf": "tee",
        "landuse": "grass"
      },
      "geometry": {
        "type": "Polygon",
        "coordinates": [
          [
            [
              -79.9180959,
              43.4429478
            ],
            [
              -79.9181093,
              43.4429575
            ],
            [
              -79.9181294,
              43.4429624
            ],
            [
              -79.9181482,
              43.4429624
            ],
            [
              -79.9181656,
              43.4429546
            ],
            [
              -79.9181803,
              43.4429419
            ],
            [
              -79.9181857,
              43.4429224
            ],
            [
              -79.9181803,
              43.4429059
            ],
            [
              -79.9181696,
              43.4428952
            ],
            [
              -79.9181562,
              43.4428825
            ],
            [
              -79.9181334,
              43.4428767
            ],
            [
              -79.9181106,
              43.4428806
            ],
            [
              -79.9180891,
              43.4428952
            ],
            [
              -79.9180811,
              43.4429137
            ],
            [
              -79.9180838,
              43.4429312
            ],
            [
              -79.9180959,
              43.4429478
            ]
          ]
        ]
      }
    },
    {
      "type": "Feature",
      "properties": {
        "@id": "way/776901584",
        "golf": "green",
        "landuse": "grass"
      },
      "geometry": {
        "type": "Polygon",
        "coordinates": [
          [
            [
              -79.9189364,
              43.4434609
            ],
            [
              -79.9189639,
              43.4434599
            ],
            [
              -79.9189867,
              43.4434555
            ],
            [
              -79.9190108,
              43.4434492
            ],
            [
              -79.919033,
              43.443439
            ],
            [
              -79.919047,
              43.4434288
            ],
            [
              -79.9190611,
              43.4434176
            ],
            [
              -79.9190725,
              43.4434044
            ],
            [
              -79.9190853,
              43.4433879
            ],
            [
              -79.9190906,
              43.4433733
            ],
            [
              -79.9190906,
              43.4433567
            ],
            [
              -79.9190879,
              43.4433441
            ],
            [
              -79.9190819,
              43.4433299
            ],
            [
              -79.9190752,
              43.4433173
            ],
            [
              -79.9190678,
              43.4433071
            ],
            [
              -79.9190571,
              43.4432934
            ],
            [
              -79.9190497,
              43.4432851
            ],
            [
              -79.9190383,
              43.4432754
            ],
            [
              -79.9190269,
              43.4432671
            ],
            [
              -79.9190175,
              43.4432598
            ],
            [
              -79.9190028,
              43.4432496
            ],
            [
              -79.9189874,
              43.4432413
            ],
            [
              -79.9189699,
              43.4432335
            ],
            [
              -79.9189505,
              43.4432272
            ],
            [
              -79.9189317,
              43.4432219
            ],
            [
              -79.9189102,
              43.4432184
            ],
            [
              -79.9188928,
              43.4432155
            ],
            [
              -79.9188734,
              43.443215
            ],
            [
              -79.9188539,
              43.4432194
            ],
            [
              -79.9188358,
              43.4432248
            ],
            [
              -79.9188184,
              43.4432311
            ],
            [
              -79.9188036,
              43.4432369
            ],
            [
              -79.9187882,
              43.4432443
            ],
            [
              -79.9187728,
              43.443254
            ],
            [
              -79.9187594,
              43.4432662
            ],
            [
              -79.91875,
              43.4432817
            ],
            [
              -79.9187466,
              43.4432983
            ],
            [
              -79.918746,
              43.4433119
            ],
            [
              -79.9187466,
              43.443329
            ],
            [
              -79.9187493,
              43.443345
            ],
            [
              -79.9187527,
              43.4433592
            ],
            [
              -79.9187587,
              43.4433742
            ],
            [
              -79.9187688,
              43.4433884
            ],
            [
              -79.9187781,
              43.443403
            ],
            [
              -79.9187902,
              43.4434132
            ],
            [
              -79.9188083,
              43.4434239
            ],
            [
              -79.9188258,
              43.4434346
            ],
            [
              -79.9188479,
              43.4434458
            ],
            [
              -79.9188673,
              43.4434517
            ],
            [
              -79.9188874,
              43.4434565
            ],
            [
              -79.9189129,
              43.4434585
            ],
            [
              -79.9189364,
              43.4434609
            ]
          ]
        ]
      }
    },
    {
      "type": "Feature",
      "properties": {
        "@id": "way/776901585",
        "golf": "fairway",
        "landuse": "grass"
      },
      "geometry": {
        "type": "Polygon",
        "coordinates": [
          [
            [
              -79.9186085,
              43.4431785
            ],
            [
              -79.9185937,
              43.4431785
            ],
            [
              -79.9185797,
              43.4431824
            ],
            [
              -79.9185736,
              43.4431888
            ],
            [
              -79.9185723,
              43.4431999
            ],
            [
              -79.918573,
              43.4432092
            ],
            [
              -79.9185776,
              43.4432209
            ],
            [
              -79.9185837,
              43.4432335
            ],
            [
              -79.9185917,
              43.4432462
            ],
            [
              -79.9186011,
              43.4432598
            ],
            [
              -79.9186058,
              43.443272
            ],
            [
              -79.9186112,
              43.4432856
            ],
            [
              -79.9186172,
              43.4432959
            ],
            [
              -79.9186246,
              43.443309
            ],
            [
              -79.9186393,
              43.4433251
            ],
            [
              -79.9186521,
              43.4433348
            ],
            [
              -79.9186648,
              43.4433402
            ],
            [
              -79.9186816,
              43.443345
            ],
            [
              -79.918701,
              43.4433509
            ],
            [
              -79.9187165,
              43.4433528
            ],
            [
              -79.9187339,
              43.4433601
            ],
            [
              -79.918748,
              43.4433679
            ],
            [
              -79.9187587,
              43.4433742
            ],
            [
              -79.9187694,
              43.4433767
            ],
            [
              -79.9187842,
              43.443254
            ],
            [
              -79.9187728,
              43.443254
            ],
            [
              -79.9187486,
              43.4432506
            ],
            [
              -79.9187325,
              43.4432496
            ],
            [
              -79.9187211,
              43.4432491
            ],
            [
              -79.9187057,
              43.4432452
            ],
            [
              -79.9186916,
              43.4432404
            ],
            [
              -79.9186782,
              43.443235
            ],
            [
              -79.9186675,
              43.4432282
            ],
            [
              -79.9186541,
              43.4432175
            ],
            [
              -79.918646,
              43.4432087
            ],
            [
              -79.918638,
              43.4431995
            ],
            [
              -79.9186313,
              43.4431907
            ],
            [
              -79.9186212,
              43.4431834
            ],
            [
              -79.9186085,
              43.4431785
            ]
          ]
        ]
      }
    },
    {
      "type": "Feature",
      "properties": {
        "@id": "way/776901586",
        "golf": "bunker",
        "natural": "sand"
      },
      "geometry": {
        "type": "Polygon",
        "coordinates": [
          [
            [
              -79.9186729,
              43.4432029
            ],
            [
              -79.9186789,
              43.4432087
            ],
            [
              -79.918689,
              43.4432131
            ],
            [
              -79.9187004,
              43.443216
            ],
            [
              -79.9187151,
              43.4432165
            ],
            [
              -79.9187299,
              43.4432155
            ],
            [
              -79.9187419,
              43.4432107
            ],
            [
              -79.9187513,
              43.4432073
            ],
            [
              -79.918758,
              43.4432034
            ],
            [
              -79.9187654,
              43.4431961
            ],
            [
              -79.9187694,
              43.4431883
            ],
            [
              -79.9187708,
              43.4431824
            ],
            [
              -79.9187641,
              43.4431771
            ],
            [
              -79.9187533,
              43.4431732
            ],
            [
              -79.9187419,
              43.4431707
            ],
            [
              -79.9187299,
              43.4431698
            ],
            [
              -79.9187171,
              43.4431698
            ],
            [
              -79.9187057,
              43.4431698
            ],
            [
              -79.9186937,
              43.4431712
            ],
            [
              -79.9186829,
              43.4431727
            ],
            [
              -79.9186749,
              43.4431751
            ],
            [
              -79.9186709,
              43.4431858
            ],
            [
              -79.9186709,
              43.4431931
            ],
            [
              -79.9186729,
              43.4432029
            ]
          ]
        ]
      }
    },
    {
      "type": "Feature",
      "properties": {
        "@id": "way/776901587",
        "golf": "bunker",
        "natural": "sand"
      },
      "geometry": {
        "type": "Polygon",
        "coordinates": [
          [
            [
              -79.9186601,
              43.4434224
            ],
            [
              -79.9186702,
              43.4434278
            ],
            [
              -79.9186823,
              43.4434288
            ],
            [
              -79.9186923,
              43.4434288
            ],
            [
              -79.9187057,
              43.4434254
            ],
            [
              -79.9187138,
              43.4434195
            ],
            [
              -79.9187205,
              43.4434127
            ],
            [
              -79.9187238,
              43.4434049
            ],
            [
              -79.9187232,
              43.4433947
            ],
            [
              -79.9187171,
              43.4433884
            ],
            [
              -79.9187097,
              43.4433815
            ],
            [
              -79.9186997,
              43.4433762
            ],
            [
              -79.9186896,
              43.4433723
            ],
            [
              -79.9186789,
              43.4433708
            ],
            [
              -79.9186655,
              43.4433718
            ],
            [
              -79.9186534,
              43.4433767
            ],
            [
              -79.9186454,
              43.4433835
            ],
            [
              -79.9186434,
              43.4433947
            ],
            [
              -79.9186454,
              43.4434054
            ],
            [
              -79.9186527,
              43.4434151
            ],
            [
              -79.9186601,
              43.4434224
            ]
          ]
        ]
      }
    },
    {
      "type": "Feature",
      "properties": {
        "@id": "way/776901588",
        "golf": "bunker",
        "natural": "sand"
      },
      "geometry": {
        "type": "Polygon",
        "coordinates": [
          [
            [
              -79.918754,
              43.4435086
            ],
            [
              -79.918762,
              43.4435154
            ],
            [
              -79.9187728,
              43.4435169
            ],
            [
              -79.9187835,
              43.4435174
            ],
            [
              -79.9187922,
              43.4435169
            ],
            [
              -79.9188003,
              43.4435135
            ],
            [
              -79.9188076,
              43.4435072
            ],
            [
              -79.918813,
              43.4435003
            ],
            [
              -79.918813,
              43.4434935
            ],
            [
              -79.9188103,
              43.4434843
            ],
            [
              -79.9188043,
              43.4434789
            ],
            [
              -79.9187976,
              43.4434745
            ],
            [
              -79.9187922,
              43.4434711
            ],
            [
              -79.9187808,
              43.4434706
            ],
            [
              -79.9187688,
              43.4434716
            ],
            [
              -79.91876,
              43.443476
            ],
            [
              -79.9187506,
              43.4434823
            ],
            [
              -79.9187493,
              43.4434896
            ],
            [
              -79.9187493,
              43.4434964
            ],
            [
              -79.918754,
              43.4435086
            ]
          ]
        ]
      }
    },
    {
      "type": "Feature",
      "properties": {
        "@id": "way/776901589",
        "golf": "bunker",
        "natural": "sand"
      },
      "geometry": {
        "type": "Polygon",
        "coordinates": [
          [
            [
              -79.9189639,
              43.4435257
            ],
            [
              -79.9189652,
              43.443532
            ],
            [
              -79.9189692,
              43.4435378
            ],
            [
              -79.9189753,
              43.4435422
            ],
            [
              -79.918984,
              43.4435456
            ],
            [
              -79.9189914,
              43.4435456
            ],
            [
              -79.9190034,
              43.4435456
            ],
            [
              -79.9190169,
              43.4435451
            ],
            [
              -79.9190256,
              43.4435442
            ],
            [
              -79.9190363,
              43.4435393
            ],
            [
              -79.919043,
              43.4435334
            ],
            [
              -79.9190497,
              43.4435281
            ],
            [
              -79.9190537,
              43.4435184
            ],
            [
              -79.9190558,
              43.4435111
            ],
            [
              -79.9190524,
              43.4435047
            ],
            [
              -79.919045,
              43.4435003
            ],
            [
              -79.9190363,
              43.443496
            ],
            [
              -79.9190249,
              43.4434916
            ],
            [
              -79.9190128,
              43.4434911
            ],
            [
              -79.9190008,
              43.4434916
            ],
            [
              -79.91899,
              43.443496
            ],
            [
              -79.918982,
              43.4434994
            ],
            [
              -79.9189726,
              43.4435057
            ],
            [
              -79.9189659,
              43.4435115
            ],
            [
              -79.9189639,
              43.4435184
            ],
            [
              -79.9189639,
              43.4435257
            ]
          ]
        ]
      }
    },
    {
      "type": "Feature",
      "properties": {
        "@id": "way/776901590",
        "golf": "water_hazard",
        "natural": "water"
      },
      "geometry": {
        "type": "Polygon",
        "coordinates": [
          [
            [
              -79.9182273,
              43.4431995
            ],
            [
              -79.9182018,
              43.4432092
            ],
            [
              -79.9181777,
              43.443216
            ],
            [
              -79.9181522,
              43.4432219
            ],
            [
              -79.91812,
              43.4432219
            ],
            [
              -79.9180918,
              43.4432209
            ],
            [
              -79.918065,
              43.4432209
            ],
            [
              -79.9180409,
              43.4432209
            ],
            [
              -79.9180154,
              43.4432258
            ],
            [
              -79.9179845,
              43.4432326
            ],
            [
              -79.917955,
              43.4432443
            ],
            [
              -79.9179336,
              43.443255
            ],
            [
              -79.9179121,
              43.4432657
            ],
            [
              -79.917888,
              43.4432783
            ],
            [
              -79.9178692,
              43.443292
            ],
            [
              -79.9178491,
              43.4433105
            ],
            [
              -79.917833,
              43.4433329
            ],
            [
              -79.9178209,
              43.4433533
            ],
            [
              -79.9178196,
              43.4433747
            ],
            [
              -79.9178196,
              43.4433962
            ],
            [
              -79.9178263,
              43.4434147
            ],
            [
              -79.9178343,
              43.44344
            ],
            [
              -79.9178424,
              43.4434565
            ],
            [
              -79.9178571,
              43.4434779
            ],
            [
              -79.9178705,
              43.4434984
            ],
            [
              -79.9178746,
              43.4435227
            ],
            [
              -79.9178773,
              43.4435529
            ],
            [
              -79.9178786,
              43.4435773
            ],
            [
              -79.9178786,
              43.4436006
            ],
            [
              -79.9178813,
              43.4436211
            ],
            [
              -79.9178893,
              43.4436396
            ],
            [
              -79.9178974,
              43.44366
            ],
            [
              -79.9179068,
              43.4436756
            ],
            [
              -79.9179215,
              43.4436892
            ],
            [
              -79.9179483,
              43.4437068
            ],
            [
              -79.9179792,
              43.4437146
            ],
            [
              -79.918006,
              43.4437233
            ],
            [
              -79.9180328,
              43.4437262
            ],
            [
              -79.9180623,
              43.4437282
            ],
            [
              -79.9180959,
              43.4437282
            ],
            [
              -79.9181347,
              43.4437243
            ],
            [
              -79.918171,
              43.4437214
            ],
            [
              -79.9182005,
              43.4437175
            ],
            [
              -79.9182313,
              43.4437185
            ],
            [
              -79.9182675,
              43.4437223
            ],
            [
              -79.9183091,
              43.4437262
            ],
            [
              -79.9183373,
              43.4437321
            ],
            [
              -79.9183735,
              43.4437408
            ],
            [
              -79.9183963,
              43.4437486
            ],
            [
              -79.9184284,
              43.4437642
            ],
            [
              -79.9184566,
              43.443774
            ],
            [
              -79.9184808,
              43.4437847
            ],
            [
              -79.9185089,
              43.4437886
            ],
            [
              -79.9185384,
              43.4437934
            ],
            [
              -79.9185639,
              43.4438012
            ],
            [
              -79.9185894,
              43.443811
            ],
            [
              -79.9186202,
              43.4438207
            ],
            [
              -79.918643,
              43.4438295
            ],
            [
              -79.9186631,
              43.4438392
            ],
            [
              -79.9186859,
              43.443846
            ],
            [
              -79.9187087,
              43.4438518
            ],
            [
              -79.9187342,
              43.4438538
            ],
            [
              -79.9187651,
              43.4438538
            ],
            [
              -79.9187932,
              43.4438538
            ],
            [
              -79.9188174,
              43.4438557
            ],
            [
              -79.9188469,
              43.4438626
            ],
            [
              -79.9188737,
              43.4438723
            ],
            [
              -79.9188965,
              43.4438781
            ],
            [
              -79.9189112,
              43.4438869
            ],
            [
              -79.9189327,
              43.4438976
            ],
            [
              -79.9189555,
              43.4439083
            ],
            [
              -79.9189689,
              43.4439181
            ],
            [
              -79.9189904,
              43.4439259
            ],
            [
              -79.9190105,
              43.4439346
            ],
            [
              -79.91904,
              43.4439444
            ],
            [
              -79.9190708,
              43.4439414
            ],
            [
              -79.9191097,
              43.4439317
            ],
            [
              -79.9191406,
              43.443921
            ],
            [
              -79.9191714,
              43.4439044
            ],
            [
              -79.9191969,
              43.4438801
            ],
            [
              -79.9192143,
              43.4438635
            ],
            [
              -79.9192224,
              43.443845
            ],
            [
              -79.9192304,
              43.4438265
            ],
            [
              -79.9192385,
              43.4438119
            ],
            [
              -79.9192546,
              43.4437915
            ],
            [
              -79.919276,
              43.443773
            ],
            [
              -79.9192948,
              43.4437525
            ],
            [
              -79.9193163,
              43.4437428
            ],
            [
              -79.9193404,
              43.4437408
            ],
            [
              -79.9193672,
              43.4437408
            ],
            [
              -79.919386,
              43.4437399
            ],
            [
              -79.9194075,
              43.4437399
            ],
            [
              -79.919441,
              43.443734
            ],
            [
              -79.9194785,
              43.4437262
            ],
            [
              -79.9195134,
              43.4437185
            ],
            [
              -79.9195523,
              43.4437068
            ],
            [
              -79.9195805,
              43.4436961
            ],
            [
              -79.9196167,
              43.4436776
            ],
            [
              -79.9196475,
              43.4436581
            ],
            [
              -79.919673,
              43.4436376
            ],
            [
              -79.9196891,
              43.4436201
            ],
            [
              -79.9197012,
              43.4435997
            ],
            [
              -79.9197065,
              43.4435792
            ],
            [
              -79.9197119,
              43.4435549
            ],
            [
              -79.9197119,
              43.4435315
            ],
            [
              -79.9197065,
              43.4435159
            ],
            [
              -79.9196985,
              43.4434964
            ],
            [
              -79.9196877,
              43.443475
            ],
            [
              -79.9196784,
              43.4434487
            ],
            [
              -79.9196636,
              43.4434302
            ],
            [
              -79.9196515,
              43.4434224
            ],
            [
              -79.9196354,
              43.4434137
            ],
            [
              -79.919614,
              43.4433981
            ],
            [
              -79.9196006,
              43.4433835
            ],
            [
              -79.9195952,
              43.4433611
            ],
            [
              -79.9195858,
              43.4433358
            ],
            [
              -79.9195778,
              43.4433163
            ],
            [
              -79.9195617,
              43.4432988
            ],
            [
              -79.9195442,
              43.443289
            ],
            [
              -79.9195241,
              43.4432744
            ],
            [
              -79.9195027,
              43.4432608
            ],
            [
              -79.9194879,
              43.4432374
            ],
            [
              -79.9194772,
              43.4432199
            ],
            [
              -79.9194718,
              43.4432063
            ],
            [
              -79.9194658,
              43.4431917
            ],
            [
              -79.9194604,
              43.4431785
            ],
            [
              -79.9194557,
              43.4431668
            ],
            [
              -79.9194447,
              43.4431517
            ],
            [
              -79.919438,
              43.4431332
            ],
            [
              -79.9194313,
              43.4431109
            ],
            [
              -79.9194246,
              43.4430924
            ],
            [
              -79.9194125,
              43.443068
            ],
            [
              -79.9193991,
              43.4430437
            ],
            [
              -79.919387,
              43.4430252
            ],
            [
              -79.9193723,
              43.4430047
            ],
            [
              -79.9193562,
              43.4429843
            ],
            [
              -79.9193401,
              43.4429677
            ],
            [
              -79.9193199,
              43.4429434
            ],
            [
              -79.9192958,
              43.4429249
            ],
            [
              -79.9192623,
              43.4429054
            ],
            [
              -79.9192368,
              43.4428918
            ],
            [
              -79.9192033,
              43.442884
            ],
            [
              -79.9191711,
              43.4428752
            ],
            [
              -79.9191362,
              43.4428684
            ],
            [
              -79.919104,
              43.4428645
            ],
            [
              -79.9190665,
              43.4428587
            ],
            [
              -79.9190343,
              43.4428538
            ],
            [
              -79.91899,
              43.4428489
            ],
            [
              -79.9189565,
              43.4428431
            ],
            [
              -79.9189176,
              43.4428382
            ],
            [
              -79.9188827,
              43.4428333
            ],
            [
              -79.9188465,
              43.4428236
            ],
            [
              -79.918813,
              43.4428187
            ],
            [
              -79.9187661,
              43.4428012
            ],
            [
              -79.9187406,
              43.4427934
            ],
            [
              -79.9187044,
              43.4427769
            ],
            [
              -79.9186843,
              43.4427554
            ],
            [
              -79.9186561,
              43.4427311
            ],
            [
              -79.918636,
              43.4427097
            ],
            [
              -79.9186118,
              43.4426883
            ],
            [
              -79.918585,
              43.4426668
            ],
            [
              -79.9185488,
              43.4426483
            ],
            [
              -79.9185113,
              43.4426337
            ],
            [
              -79.918467,
              43.4426279
            ],
            [
              -79.9184308,
              43.4426376
            ],
            [
              -79.9183959,
              43.4426532
            ],
            [
              -79.9183718,
              43.4426707
            ],
            [
              -79.9183329,
              43.442697
            ],
            [
              -79.9183034,
              43.4427204
            ],
            [
              -79.9182739,
              43.4427525
            ],
            [
              -79.9182538,
              43.4427778
            ],
            [
              -79.918243,
              43.4428051
            ],
            [
              -79.9182404,
              43.4428333
            ],
            [
              -79.9182417,
              43.4428616
            ],
            [
              -79.9182457,
              43.4428937
            ],
            [
              -79.9182578,
              43.4429171
            ],
            [
              -79.9182779,
              43.4429366
            ],
            [
              -79.9182967,
              43.4429502
            ],
            [
              -79.9183195,
              43.4429658
            ],
            [
              -79.918345,
              43.4429823
            ],
            [
              -79.9183651,
              43.4429862
            ],
            [
              -79.9183637,
              43.4430076
            ],
            [
              -79.9183678,
              43.4430291
            ],
            [
              -79.9183785,
              43.4430485
            ],
            [
              -79.9183892,
              43.4430602
            ],
            [
              -79.918412,
              43.4430855
            ],
            [
              -79.9184429,
              43.4430962
            ],
            [
              -79.9184791,
              43.4431099
            ],
            [
              -79.918518,
              43.4431167
            ],
            [
              -79.9185461,
              43.4431245
            ],
            [
              -79.918585,
              43.4431342
            ],
            [
              -79.9186172,
              43.4431381
            ],
            [
              -79.9186521,
              43.443141
            ],
            [
              -79.9186869,
              43.4431459
            ],
            [
              -79.9187312,
              43.4431517
            ],
            [
              -79.9187647,
              43.4431537
            ],
            [
              -79.9187862,
              43.4431576
            ],
            [
              -79.9188237,
              43.4431615
            ],
            [
              -79.9188599,
              43.4431683
            ],
            [
              -79.9189216,
              43.443179
            ],
            [
              -79.9189498,
              43.4431858
            ],
            [
              -79.9189793,
              43.4431965
            ],
            [
              -79.9190102,
              43.4432092
            ],
            [
              -79.9190383,
              43.4432258
            ],
            [
              -79.9190598,
              43.4432404
            ],
            [
              -79.9190839,
              43.4432579
            ],
            [
              -79.9191054,
              43.4432774
            ],
            [
              -79.9191255,
              43.4432978
            ],
            [
              -79.9191483,
              43.443327
            ],
            [
              -79.9191657,
              43.4433523
            ],
            [
              -79.9191738,
              43.4433718
            ],
            [
              -79.9191778,
              43.4433962
            ],
            [
              -79.9191778,
              43.4434293
            ],
            [
              -79.9191751,
              43.4434575
            ],
            [
              -79.919163,
              43.4434935
            ],
            [
              -79.9191429,
              43.4435208
            ],
            [
              -79.9191067,
              43.443549
            ],
            [
              -79.9190718,
              43.4435666
            ],
            [
              -79.9190437,
              43.4435773
            ],
            [
              -79.9190249,
              43.443587
            ],
            [
              -79.9189914,
              43.4436006
            ],
            [
              -79.9189565,
              43.4436094
            ],
            [
              -79.918927,
              43.4436113
            ],
            [
              -79.918872,
              43.4436065
            ],
            [
              -79.9188358,
              43.4435997
            ],
            [
              -79.9187916,
              43.4435967
            ],
            [
              -79.9187634,
              43.4435928
            ],
            [
              -79.9187393,
              43.4435812
            ],
            [
              -79.9187111,
              43.4435597
            ],
            [
              -79.9186963,
              43.4435471
            ],
            [
              -79.9186829,
              43.4435334
            ],
            [
              -79.9186615,
              43.4435218
            ],
            [
              -79.9186413,
              43.4435033
            ],
            [
              -79.9186266,
              43.4434789
            ],
            [
              -79.9186092,
              43.4434526
            ],
            [
              -79.9186011,
              43.4434302
            ],
            [
              -79.9185958,
              43.443402
            ],
            [
              -79.9185904,
              43.4433718
            ],
            [
              -79.918581,
              43.4433465
            ],
            [
              -79.9185649,
              43.4433075
            ],
            [
              -79.9185461,
              43.4432793
            ],
            [
              -79.9185247,
              43.443253
            ],
            [
              -79.9184925,
              43.4432326
            ],
            [
              -79.9184549,
              43.443215
            ],
            [
              -79.9184187,
              43.4432004
            ],
            [
              -79.9183879,
              43.4431888
            ],
            [
              -79.9183557,
              43.443178
            ],
            [
              -79.9183088,
              43.4431741
            ],
            [
              -79.9182806,
              43.443178
            ],
            [
              -79.9182605,
              43.4431858
            ],
            [
              -79.9182273,
              43.4431995
            ]
          ]
        ]
      }
    },
    {
      "type": "Feature",
      "properties": {
        "@id": "way/776902598",
        "golf": "tee",
        "landuse": "grass"
      },
      "geometry": {
        "type": "Polygon",
        "coordinates": [
          [
            [
              -79.9175026,
              43.4440895
            ],
            [
              -79.917512,
              43.4440899
            ],
            [
              -79.9175207,
              43.4440899
            ],
            [
              -79.9175307,
              43.444089
            ],
            [
              -79.9175415,
              43.4440875
            ],
            [
              -79.9175488,
              43.444086
            ],
            [
              -79.9175569,
              43.4440817
            ],
            [
              -79.9175629,
              43.4440783
            ],
            [
              -79.9175723,
              43.4440734
            ],
            [
              -79.9175797,
              43.4440675
            ],
            [
              -79.9175851,
              43.4440612
            ],
            [
              -79.9175924,
              43.444052
            ],
            [
              -79.9175965,
              43.4440388
            ],
            [
              -79.9175965,
              43.444031
            ],
            [
              -79.9175965,
              43.4440242
            ],
            [
              -79.9175958,
              43.4440159
            ],
            [
              -79.9175938,
              43.4440106
            ],
            [
              -79.9175897,
              43.4440038
            ],
            [
              -79.9175837,
              43.4439974
            ],
            [
              -79.9175757,
              43.4439887
            ],
            [
              -79.9175663,
              43.4439794
            ],
            [
              -79.9175569,
              43.4439741
            ],
            [
              -79.9175462,
              43.4439687
            ],
            [
              -79.9175321,
              43.4439653
            ],
            [
              -79.917518,
              43.4439648
            ],
            [
              -79.9175053,
              43.4439648
            ],
            [
              -79.9174925,
              43.4439663
            ],
            [
              -79.9174811,
              43.4439707
            ],
            [
              -79.9174717,
              43.4439755
            ],
            [
              -79.9174603,
              43.4439809
            ],
            [
              -79.9174503,
              43.4439887
            ],
            [
              -79.9174416,
              43.4439974
            ],
            [
              -79.9174362,
              43.4440067
            ],
            [
              -79.9174349,
              43.4440179
            ],
            [
              -79.9174342,
              43.4440286
            ],
            [
              -79.9174349,
              43.4440388
            ],
            [
              -79.9174369,
              43.444049
            ],
            [
              -79.9174422,
              43.4440578
            ],
            [
              -79.9174523,
              43.4440685
            ],
            [
              -79.9174603,
              43.4440749
            ],
            [
              -79.9174744,
              43.4440812
            ],
            [
              -79.9174811,
              43.4440841
            ],
            [
              -79.9174945,
              43.4440865
            ],
            [
              -79.9175026,
              43.4440895
            ]
          ]
        ]
      }
    },
    {
      "type": "Feature",
      "properties": {
        "@id": "way/776902599",
        "golf": "tee",
        "landuse": "grass"
      },
      "geometry": {
        "type": "Polygon",
        "coordinates": [
          [
            [
              -79.9176535,
              43.4439225
            ],
            [
              -79.9176649,
              43.4439239
            ],
            [
              -79.9176789,
              43.4439259
            ],
            [
              -79.9176923,
              43.4439264
            ],
            [
              -79.9177064,
              43.4439264
            ],
            [
              -79.9177232,
              43.4439225
            ],
            [
              -79.9177346,
              43.4439171
            ],
            [
              -79.917744,
              43.4439103
            ],
            [
              -79.9177554,
              43.443902
            ],
            [
              -79.9177621,
              43.4438933
            ],
            [
              -79.9177674,
              43.443883
            ],
            [
              -79.9177681,
              43.4438728
            ],
            [
              -79.9177654,
              43.4438611
            ],
            [
              -79.9177607,
              43.4438538
            ],
            [
              -79.917756,
              43.443847
            ],
            [
              -79.9177453,
              43.4438392
            ],
            [
              -79.9177393,
              43.4438339
            ],
            [
              -79.9177245,
              43.4438251
            ],
            [
              -79.9177138,
              43.4438197
            ],
            [
              -79.9177037,
              43.4438149
            ],
            [
              -79.917693,
              43.4438115
            ],
            [
              -79.9176789,
              43.4438115
            ],
            [
              -79.9176622,
              43.443811
            ],
            [
              -79.9176501,
              43.4438129
            ],
            [
              -79.917638,
              43.4438163
            ],
            [
              -79.9176273,
              43.4438217
            ],
            [
              -79.9176193,
              43.443829
            ],
            [
              -79.9176119,
              43.4438378
            ],
            [
              -79.9176072,
              43.4438455
            ],
            [
              -79.9176018,
              43.4438558
            ],
            [
              -79.9176018,
              43.443864
            ],
            [
              -79.9176018,
              43.4438738
            ],
            [
              -79.9176025,
              43.443884
            ],
            [
              -79.9176065,
              43.4438933
            ],
            [
              -79.9176125,
              43.4438996
            ],
            [
              -79.9176206,
              43.4439054
            ],
            [
              -79.9176307,
              43.4439108
            ],
            [
              -79.9176427,
              43.4439186
            ],
            [
              -79.9176535,
              43.4439225
            ]
          ]
        ]
      }
    },
    {
      "type": "Feature",
      "properties": {
        "@id": "way/776902600",
        "golf": "tee",
        "landuse": "grass"
      },
      "geometry": {
        "type": "Polygon",
        "coordinates": [
          [
            [
              -79.9178258,
              43.4437336
            ],
            [
              -79.9178358,
              43.4437394
            ],
            [
              -79.9178446,
              43.4437423
            ],
            [
              -79.9178539,
              43.4437428
            ],
            [
              -79.9178647,
              43.4437443
            ],
            [
              -79.9178734,
              43.4437418
            ],
            [
              -79.9178835,
              43.443735
            ],
            [
              -79.9178861,
              43.4437253
            ],
            [
              -79.9178868,
              43.443716
            ],
            [
              -79.9178848,
              43.4437053
            ],
            [
              -79.9178767,
              43.4436985
            ],
            [
              -79.917868,
              43.4436917
            ],
            [
              -79.9178566,
              43.4436849
            ],
            [
              -79.9178439,
              43.4436815
            ],
            [
              -79.9178285,
              43.4436786
            ],
            [
              -79.917813,
              43.4436786
            ],
            [
              -79.9178037,
              43.4436844
            ],
            [
              -79.9177976,
              43.4436951
            ],
            [
              -79.9177976,
              43.4437039
            ],
            [
              -79.9178043,
              43.4437141
            ],
            [
              -79.9178117,
              43.4437219
            ],
            [
              -79.9178191,
              43.4437277
            ],
            [
              -79.9178258,
              43.4437336
            ]
          ]
        ]
      }
    },
    {
      "type": "Feature",
      "properties": {
        "@id": "way/776902601",
        "golf": "tee",
        "landuse": "grass"
      },
      "geometry": {
        "type": "Polygon",
        "coordinates": [
          [
            [
              -79.9169413,
              43.4447194
            ],
            [
              -79.9169507,
              43.4447267
            ],
            [
              -79.9169635,
              43.4447297
            ],
            [
              -79.9169769,
              43.4447302
            ],
            [
              -79.916997,
              43.4447277
            ],
            [
              -79.9170097,
              43.4447214
            ],
            [
              -79.9170225,
              43.4447117
            ],
            [
              -79.9170339,
              43.4447009
            ],
            [
              -79.9170372,
              43.4446897
            ],
            [
              -79.9170345,
              43.4446795
            ],
            [
              -79.9170285,
              43.4446698
            ],
            [
              -79.9170191,
              43.4446615
            ],
            [
              -79.917007,
              43.4446542
            ],
            [
              -79.916995,
              43.4446498
            ],
            [
              -79.9169742,
              43.4446498
            ],
            [
              -79.9169554,
              43.4446552
            ],
            [
              -79.9169447,
              43.4446625
            ],
            [
              -79.9169326,
              43.4446737
            ],
            [
              -79.9169293,
              43.4446844
            ],
            [
              -79.9169293,
              43.4446961
            ],
            [
              -79.9169339,
              43.4447092
            ],
            [
              -79.9169413,
              43.4447194
            ]
          ]
        ]
      }
    },
    {
      "type": "Feature",
      "properties": {
        "@id": "way/776902602",
        "golf": "green",
        "landuse": "grass"
      },
      "geometry": {
        "type": "Polygon",
        "coordinates": [
          [
            [
              -79.9145039,
              43.4469754
            ],
            [
              -79.9145226,
              43.4469803
            ],
            [
              -79.9145475,
              43.4469837
            ],
            [
              -79.9145716,
              43.4469837
            ],
            [
              -79.9145977,
              43.4469793
            ],
            [
              -79.9146125,
              43.4469686
            ],
            [
              -79.9146232,
              43.4469579
            ],
            [
              -79.9146313,
              43.4469428
            ],
            [
              -79.914634,
              43.4469253
            ],
            [
              -79.9146353,
              43.4469107
            ],
            [
              -79.914636,
              43.4469
            ],
            [
              -79.91464,
              43.4468888
            ],
            [
              -79.914648,
              43.4468776
            ],
            [
              -79.9146601,
              43.446864
            ],
            [
              -79.9146749,
              43.4468513
            ],
            [
              -79.9146896,
              43.4468406
            ],
            [
              -79.9147064,
              43.4468313
            ],
            [
              -79.9147225,
              43.4468177
            ],
            [
              -79.9147365,
              43.4468046
            ],
            [
              -79.9147459,
              43.4467939
            ],
            [
              -79.9147526,
              43.4467812
            ],
            [
              -79.9147567,
              43.4467705
            ],
            [
              -79.9147526,
              43.4467573
            ],
            [
              -79.9147446,
              43.4467491
            ],
            [
              -79.9147372,
              43.4467442
            ],
            [
              -79.9147245,
              43.4467379
            ],
            [
              -79.9147057,
              43.446732
            ],
            [
              -79.9146842,
              43.446732
            ],
            [
              -79.9146702,
              43.446732
            ],
            [
              -79.9146487,
              43.4467359
            ],
            [
              -79.9146404,
              43.4467395
            ],
            [
              -79.9146286,
              43.4467447
            ],
            [
              -79.9146145,
              43.4467496
            ],
            [
              -79.9145991,
              43.4467554
            ],
            [
              -79.9145863,
              43.4467617
            ],
            [
              -79.9145723,
              43.4467715
            ],
            [
              -79.9145595,
              43.4467831
            ],
            [
              -79.9145508,
              43.4467953
            ],
            [
              -79.9145434,
              43.4468065
            ],
            [
              -79.9145401,
              43.4468177
            ],
            [
              -79.9145401,
              43.4468304
            ],
            [
              -79.9145361,
              43.446843
            ],
            [
              -79.91453,
              43.4468557
            ],
            [
              -79.9145226,
              43.446864
            ],
            [
              -79.9145112,
              43.4468761
            ],
            [
              -79.9145005,
              43.4468868
            ],
            [
              -79.9144925,
              43.4468961
            ],
            [
              -79.9144851,
              43.4469058
            ],
            [
              -79.914477,
              43.4469195
            ],
            [
              -79.914475,
              43.4469307
            ],
            [
              -79.914475,
              43.4469404
            ],
            [
              -79.9144784,
              43.4469506
            ],
            [
              -79.9144851,
              43.4469618
            ],
            [
              -79.9144931,
              43.4469696
            ],
            [
              -79.9145039,
              43.4469754
            ]
          ]
        ]
      }
    },
    {
      "type": "Feature",
      "properties": {
        "@id": "way/776902603",
        "golf": "bunker",
        "natural": "sand"
      },
      "geometry": {
        "type": "Polygon",
        "coordinates": [
          [
            [
              -79.9148063,
              43.4468825
            ],
            [
              -79.9148123,
              43.4468883
            ],
            [
              -79.914819,
              43.4468941
            ],
            [
              -79.9148291,
              43.4469005
            ],
            [
              -79.9148378,
              43.446901
            ],
            [
              -79.9148472,
              43.4469014
            ],
            [
              -79.9148633,
              43.446899
            ],
            [
              -79.9148747,
              43.4468932
            ],
            [
              -79.9148821,
              43.4468868
            ],
            [
              -79.9148854,
              43.4468791
            ],
            [
              -79.9148868,
              43.4468713
            ],
            [
              -79.9148854,
              43.446864
            ],
            [
              -79.91488,
              43.4468557
            ],
            [
              -79.9148727,
              43.4468498
            ],
            [
              -79.914866,
              43.4468445
            ],
            [
              -79.9148579,
              43.4468396
            ],
            [
              -79.9148458,
              43.4468352
            ],
            [
              -79.9148324,
              43.4468343
            ],
            [
              -79.914815,
              43.4468362
            ],
            [
              -79.9148043,
              43.4468406
            ],
            [
              -79.9147942,
              43.4468464
            ],
            [
              -79.9147895,
              43.4468552
            ],
            [
              -79.9147875,
              43.446864
            ],
            [
              -79.9147929,
              43.4468722
            ],
            [
              -79.9148003,
              43.4468781
            ],
            [
              -79.9148063,
              43.4468825
            ]
          ]
        ]
      }
    },
    {
      "type": "Feature",
      "properties": {
        "@id": "way/776902604",
        "golf": "bunker",
        "natural": "sand"
      },
      "geometry": {
        "type": "Polygon",
        "coordinates": [
          [
            [
              -79.9144066,
              43.4468104
            ],
            [
              -79.9144073,
              43.4468187
            ],
            [
              -79.9144133,
              43.446827
            ],
            [
              -79.9144221,
              43.4468318
            ],
            [
              -79.9144308,
              43.4468352
            ],
            [
              -79.9144402,
              43.4468372
            ],
            [
              -79.9144516,
              43.4468382
            ],
            [
              -79.914463,
              43.4468362
            ],
            [
              -79.9144717,
              43.4468328
            ],
            [
              -79.9144797,
              43.4468284
            ],
            [
              -79.9144864,
              43.4468226
            ],
            [
              -79.9144905,
              43.4468187
            ],
            [
              -79.9144945,
              43.4468119
            ],
            [
              -79.9144951,
              43.4468026
            ],
            [
              -79.9144972,
              43.4467948
            ],
            [
              -79.9145012,
              43.4467846
            ],
            [
              -79.9145059,
              43.4467758
            ],
            [
              -79.9145119,
              43.44677
            ],
            [
              -79.9145213,
              43.4467637
            ],
            [
              -79.9145307,
              43.4467583
            ],
            [
              -79.9145421,
              43.446752
            ],
            [
              -79.9145515,
              43.4467476
            ],
            [
              -79.9145595,
              43.4467447
            ],
            [
              -79.9145682,
              43.4467403
            ],
            [
              -79.9145783,
              43.446733
            ],
            [
              -79.9145857,
              43.4467267
            ],
            [
              -79.9145897,
              43.4467189
            ],
            [
              -79.9145904,
              43.4467101
            ],
            [
              -79.9145884,
              43.4467028
            ],
            [
              -79.9145837,
              43.446697
            ],
            [
              -79.9145749,
              43.4466941
            ],
            [
              -79.9145615,
              43.4466931
            ],
            [
              -79.9145515,
              43.4466926
            ],
            [
              -79.9145448,
              43.4466911
            ],
            [
              -79.9145374,
              43.4466887
            ],
            [
              -79.9145307,
              43.4466833
            ],
            [
              -79.9145253,
              43.446678
            ],
            [
              -79.91452,
              43.4466736
            ],
            [
              -79.9145099,
              43.4466707
            ],
            [
              -79.9144992,
              43.4466692
            ],
            [
              -79.9144884,
              43.4466692
            ],
            [
              -79.9144791,
              43.4466712
            ],
            [
              -79.9144697,
              43.4466765
            ],
            [
              -79.9144656,
              43.4466843
            ],
            [
              -79.9144636,
              43.4466931
            ],
            [
              -79.9144663,
              43.4467028
            ],
            [
              -79.9144724,
              43.4467126
            ],
            [
              -79.914477,
              43.4467203
            ],
            [
              -79.9144804,
              43.4467311
            ],
            [
              -79.914477,
              43.4467388
            ],
            [
              -79.9144677,
              43.4467466
            ],
            [
              -79.9144563,
              43.446752
            ],
            [
              -79.9144462,
              43.4467564
            ],
            [
              -79.9144341,
              43.4467608
            ],
            [
              -79.9144241,
              43.4467676
            ],
            [
              -79.9144154,
              43.4467749
            ],
            [
              -79.9144093,
              43.4467856
            ],
            [
              -79.9144066,
              43.4467953
            ],
            [
              -79.9144066,
              43.4468041
            ],
            [
              -79.9144066,
              43.4468104
            ]
          ]
        ]
      }
    },
    {
      "type": "Feature",
      "properties": {
        "@id": "way/776902605",
        "golf": "fairway",
        "landuse": "grass"
      },
      "geometry": {
        "type": "Polygon",
        "coordinates": [
          [
            [
              -79.9147567,
              43.4467705
            ],
            [
              -79.9147952,
              43.4467471
            ],
            [
              -79.914818,
              43.4467345
            ],
            [
              -79.9148355,
              43.4467238
            ],
            [
              -79.9148556,
              43.446714
            ],
            [
              -79.914877,
              43.4467043
            ],
            [
              -79.9148971,
              43.4466945
            ],
            [
              -79.9149159,
              43.4466858
            ],
            [
              -79.9149454,
              43.446677
            ],
            [
              -79.9149642,
              43.4466692
            ],
            [
              -79.9149897,
              43.4466566
            ],
            [
              -79.9150165,
              43.44664
            ],
            [
              -79.915042,
              43.4466225
            ],
            [
              -79.9150621,
              43.4466069
            ],
            [
              -79.9150822,
              43.4465904
            ],
            [
              -79.9151077,
              43.4465719
            ],
            [
              -79.9151278,
              43.4465543
            ],
            [
              -79.9151506,
              43.4465339
            ],
            [
              -79.9151721,
              43.4465173
            ],
            [
              -79.9151962,
              43.4464998
            ],
            [
              -79.915219,
              43.4464833
            ],
            [
              -79.9152351,
              43.4464667
            ],
            [
              -79.9152499,
              43.4464472
            ],
            [
              -79.9152659,
              43.4464326
            ],
            [
              -79.915282,
              43.4464219
            ],
            [
              -79.9153048,
              43.4464083
            ],
            [
              -79.915325,
              43.4463976
            ],
            [
              -79.9153491,
              43.4463849
            ],
            [
              -79.9153746,
              43.4463684
            ],
            [
              -79.915392,
              43.4463538
            ],
            [
              -79.9154094,
              43.4463353
            ],
            [
              -79.9154336,
              43.4463148
            ],
            [
              -79.9154524,
              43.4462944
            ],
            [
              -79.9154631,
              43.4462749
            ],
            [
              -79.9154805,
              43.4462554
            ],
            [
              -79.9154886,
              43.4462428
            ],
            [
              -79.9154993,
              43.4462282
            ],
            [
              -79.9155073,
              43.4462126
            ],
            [
              -79.9155194,
              43.4461902
            ],
            [
              -79.9155208,
              43.4461766
            ],
            [
              -79.9155288,
              43.4461522
            ],
            [
              -79.9155328,
              43.4461337
            ],
            [
              -79.9155436,
              43.4461074
            ],
            [
              -79.9155543,
              43.4460889
            ],
            [
              -79.915565,
              43.4460714
            ],
            [
              -79.9155811,
              43.4460519
            ],
            [
              -79.9155945,
              43.4460363
            ],
            [
              -79.915612,
              43.4460169
            ],
            [
              -79.9156307,
              43.4459984
            ],
            [
              -79.9156468,
              43.4459857
            ],
            [
              -79.9156683,
              43.4459721
            ],
            [
              -79.9156897,
              43.4459633
            ],
            [
              -79.9157139,
              43.4459536
            ],
            [
              -79.9157394,
              43.445939
            ],
            [
              -79.9157541,
              43.4459244
            ],
            [
              -79.9157675,
              43.4459107
            ],
            [
              -79.9157783,
              43.4458991
            ],
            [
              -79.915797,
              43.4458835
            ],
            [
              -79.9158145,
              43.445866
            ],
            [
              -79.9158332,
              43.4458494
            ],
            [
              -79.915852,
              43.4458319
            ],
            [
              -79.9158735,
              43.4458173
            ],
            [
              -79.9158976,
              43.4458007
            ],
            [
              -79.9159164,
              43.4457861
            ],
            [
              -79.9159352,
              43.4457705
            ],
            [
              -79.9159539,
              43.445752
            ],
            [
              -79.9159794,
              43.4457306
            ],
            [
              -79.9159969,
              43.4457141
            ],
            [
              -79.9160089,
              43.4457043
            ],
            [
              -79.9160223,
              43.4456926
            ],
            [
              -79.9160384,
              43.44568
            ],
            [
              -79.9160626,
              43.4456615
            ],
            [
              -79.9160827,
              43.4456459
            ],
            [
              -79.9161001,
              43.4456313
            ],
            [
              -79.9161202,
              43.4456118
            ],
            [
              -79.916135,
              43.4456011
            ],
            [
              -79.9161497,
              43.4455875
            ],
            [
              -79.9161645,
              43.4455748
            ],
            [
              -79.9161779,
              43.4455602
            ],
            [
              -79.9161953,
              43.4455437
            ],
            [
              -79.9162181,
              43.4455222
            ],
            [
              -79.9162383,
              43.4455047
            ],
            [
              -79.9162597,
              43.4454833
            ],
            [
              -79.9162798,
              43.4454599
            ],
            [
              -79.9163013,
              43.4454327
            ],
            [
              -79.9163214,
              43.4454122
            ],
            [
              -79.9163402,
              43.4453898
            ],
            [
              -79.9163643,
              43.4453645
            ],
            [
              -79.9163858,
              43.4453431
            ],
            [
              -79.9164045,
              43.4453236
            ],
            [
              -79.9164273,
              43.4453022
            ],
            [
              -79.9164515,
              43.4452788
            ],
            [
              -79.9164783,
              43.4452555
            ],
            [
              -79.9165038,
              43.4452321
            ],
            [
              -79.9165373,
              43.4452048
            ],
            [
              -79.9165668,
              43.4451776
            ],
            [
              -79.9165963,
              43.4451503
            ],
            [
              -79.9166191,
              43.4451289
            ],
            [
              -79.916658,
              43.4450929
            ],
            [
              -79.9166848,
              43.4450636
            ],
            [
              -79.9167076,
              43.4450393
            ],
            [
              -79.916721,
              43.4450188
            ],
            [
              -79.9167345,
              43.4449974
            ],
            [
              -79.9167626,
              43.4449653
            ],
            [
              -79.9167707,
              43.4449517
            ],
            [
              -79.9167935,
              43.4449254
            ],
            [
              -79.9168136,
              43.4448952
            ],
            [
              -79.9168283,
              43.444866
            ],
            [
              -79.9168297,
              43.4448387
            ],
            [
              -79.9168297,
              43.4448144
            ],
            [
              -79.9168283,
              43.444791
            ],
            [
              -79.9168122,
              43.4447637
            ],
            [
              -79.9167988,
              43.4447443
            ],
            [
              -79.9167881,
              43.4447326
            ],
            [
              -79.916764,
              43.4447151
            ],
            [
              -79.9167371,
              43.4447014
            ],
            [
              -79.9167103,
              43.4446956
            ],
            [
              -79.9166822,
              43.4446956
            ],
            [
              -79.91665,
              43.4446956
            ],
            [
              -79.9166151,
              43.4447014
            ],
            [
              -79.9165762,
              43.4447131
            ],
            [
              -79.91654,
              43.4447433
            ],
            [
              -79.9165185,
              43.4447657
            ],
            [
              -79.9164931,
              43.4447939
            ],
            [
              -79.9164689,
              43.4448202
            ],
            [
              -79.9164354,
              43.4448514
            ],
            [
              -79.9164113,
              43.4448835
            ],
            [
              -79.9163885,
              43.4449108
            ],
            [
              -79.9163616,
              43.4449371
            ],
            [
              -79.9163388,
              43.4449624
            ],
            [
              -79.9163187,
              43.4449867
            ],
            [
              -79.9162959,
              43.445012
            ],
            [
              -79.9162745,
              43.4450296
            ],
            [
              -79.9162503,
              43.4450549
            ],
            [
              -79.9162222,
              43.445088
            ],
            [
              -79.9161927,
              43.4451172
            ],
            [
              -79.9161672,
              43.4451425
            ],
            [
              -79.9161377,
              43.4451776
            ],
            [
              -79.9161108,
              43.4452048
            ],
            [
              -79.9160854,
              43.4452282
            ],
            [
              -79.9160585,
              43.4452555
            ],
            [
              -79.916029,
              43.4452798
            ],
            [
              -79.9160049,
              43.4453051
            ],
            [
              -79.9159727,
              43.4453382
            ],
            [
              -79.9159499,
              43.4453655
            ],
            [
              -79.9159325,
              43.4453859
            ],
            [
              -79.9159043,
              43.4454112
            ],
            [
              -79.9158721,
              43.4454385
            ],
            [
              -79.915848,
              43.445458
            ],
            [
              -79.9158145,
              43.4454862
            ],
            [
              -79.9157836,
              43.4455135
            ],
            [
              -79.9157474,
              43.4455495
            ],
            [
              -79.9157259,
              43.4455738
            ],
            [
              -79.9157031,
              43.4455943
            ],
            [
              -79.9156763,
              43.4456196
            ],
            [
              -79.9156428,
              43.445642
            ],
            [
              -79.9156106,
              43.4456712
            ],
            [
              -79.9155865,
              43.4456926
            ],
            [
              -79.9155664,
              43.4457111
            ],
            [
              -79.9155436,
              43.4457335
            ],
            [
              -79.9155181,
              43.4457598
            ],
            [
              -79.9154913,
              43.4457861
            ],
            [
              -79.9154671,
              43.4458105
            ],
            [
              -79.9154403,
              43.4458397
            ],
            [
              -79.9154175,
              43.4458611
            ],
            [
              -79.915388,
              43.4458874
            ],
            [
              -79.9153531,
              43.4459156
            ],
            [
              -79.9153303,
              43.4459341
            ],
            [
              -79.9153008,
              43.4459643
            ],
            [
              -79.9152794,
              43.4459799
            ],
            [
              -79.9152539,
              43.4459993
            ],
            [
              -79.9152257,
              43.4460208
            ],
            [
              -79.9151841,
              43.4460558
            ],
            [
              -79.9151546,
              43.446087
            ],
            [
              -79.9151345,
              43.4461084
            ],
            [
              -79.9151144,
              43.4461279
            ],
            [
              -79.9150943,
              43.4461493
            ],
            [
              -79.9150742,
              43.4461775
            ],
            [
              -79.9150594,
              43.4462058
            ],
            [
              -79.9150219,
              43.4462652
            ],
            [
              -79.9150018,
              43.4462924
            ],
            [
              -79.914991,
              43.4463138
            ],
            [
              -79.9149776,
              43.4463401
            ],
            [
              -79.9149722,
              43.4463723
            ],
            [
              -79.9149655,
              43.4463898
            ],
            [
              -79.9149562,
              43.4464073
            ],
            [
              -79.9149334,
              43.4464268
            ],
            [
              -79.9149092,
              43.4464463
            ],
            [
              -79.9148811,
              43.4464667
            ],
            [
              -79.9148529,
              43.4464901
            ],
            [
              -79.9148395,
              43.4465047
            ],
            [
              -79.9148194,
              43.4465358
            ],
            [
              -79.914806,
              43.446568
            ],
            [
              -79.9147885,
              43.4465982
            ],
            [
              -79.9147684,
              43.4466215
            ],
            [
              -79.9147429,
              43.4466468
            ],
            [
              -79.9147215,
              43.4466702
            ],
            [
              -79.9147013,
              43.4466936
            ],
            [
              -79.9146879,
              43.4467091
            ],
            [
              -79.9146651,
              43.4467208
            ],
            [
              -79.9146404,
              43.4467395
            ],
            [
              -79.9146236,
              43.4467569
            ],
            [
              -79.9147322,
              43.4467831
            ],
            [
              -79.9147567,
              43.4467705
            ]
          ]
        ]
      }
    },
    {
      "type": "Feature",
      "properties": {
        "@id": "way/777075203",
        "golf": "tee",
        "landuse": "grass"
      },
      "geometry": {
        "type": "Polygon",
        "coordinates": [
          [
            [
              -79.914928,
              43.4470996
            ],
            [
              -79.9149387,
              43.4471054
            ],
            [
              -79.9149535,
              43.4471083
            ],
            [
              -79.9149682,
              43.4471083
            ],
            [
              -79.9149857,
              43.4471045
            ],
            [
              -79.9149977,
              43.4471006
            ],
            [
              -79.9150111,
              43.4470918
            ],
            [
              -79.9150232,
              43.4470801
            ],
            [
              -79.9150299,
              43.4470684
            ],
            [
              -79.9150313,
              43.4470567
            ],
            [
              -79.9150299,
              43.4470451
            ],
            [
              -79.9150205,
              43.4470324
            ],
            [
              -79.9150044,
              43.4470275
            ],
            [
              -79.914987,
              43.4470246
            ],
            [
              -79.9149749,
              43.4470256
            ],
            [
              -79.9149602,
              43.4470314
            ],
            [
              -79.9149454,
              43.4470402
            ],
            [
              -79.914932,
              43.4470499
            ],
            [
              -79.914924,
              43.4470606
            ],
            [
              -79.9149186,
              43.4470723
            ],
            [
              -79.9149186,
              43.4470879
            ],
            [
              -79.914928,
              43.4470996
            ]
          ]
        ]
      }
    },
    {
      "type": "Feature",
      "properties": {
        "@id": "way/777075204",
        "golf": "tee",
        "landuse": "grass"
      },
      "geometry": {
        "type": "Polygon",
        "coordinates": [
          [
            [
              -79.9160304,
              43.4461853
            ],
            [
              -79.9160438,
              43.4461882
            ],
            [
              -79.9160599,
              43.4461902
            ],
            [
              -79.9160787,
              43.4461863
            ],
            [
              -79.9160948,
              43.4461795
            ],
            [
              -79.9161082,
              43.4461707
            ],
            [
              -79.9161256,
              43.4461639
            ],
            [
              -79.9161417,
              43.4461571
            ],
            [
              -79.9161591,
              43.4461464
            ],
            [
              -79.9161712,
              43.4461347
            ],
            [
              -79.9161752,
              43.4461211
            ],
            [
              -79.9161752,
              43.4461074
            ],
            [
              -79.9161658,
              43.4460967
            ],
            [
              -79.9161564,
              43.4460918
            ],
            [
              -79.9161403,
              43.4460802
            ],
            [
              -79.9161216,
              43.4460772
            ],
            [
              -79.9161055,
              43.4460782
            ],
            [
              -79.9160907,
              43.446085
            ],
            [
              -79.916072,
              43.4460967
            ],
            [
              -79.9160612,
              43.4461026
            ],
            [
              -79.9160505,
              43.4461103
            ],
            [
              -79.9160411,
              43.4461172
            ],
            [
              -79.9160317,
              43.4461249
            ],
            [
              -79.916021,
              43.4461337
            ],
            [
              -79.9160143,
              43.4461464
            ],
            [
              -79.9160116,
              43.4461619
            ],
            [
              -79.9160156,
              43.4461746
            ],
            [
              -79.9160304,
              43.4461853
            ]
          ]
        ]
      }
    },
    {
      "type": "Feature",
      "properties": {
        "@id": "way/777075205",
        "golf": "tee",
        "landuse": "grass"
      },
      "geometry": {
        "type": "Polygon",
        "coordinates": [
          [
            [
              -79.916251,
              43.4460534
            ],
            [
              -79.916261,
              43.4460587
            ],
            [
              -79.9162785,
              43.4460636
            ],
            [
              -79.9162959,
              43.4460646
            ],
            [
              -79.9163134,
              43.4460636
            ],
            [
              -79.9163308,
              43.4460587
            ],
            [
              -79.9163469,
              43.44605
            ],
            [
              -79.9163603,
              43.4460412
            ],
            [
              -79.9163724,
              43.446031
            ],
            [
              -79.9163777,
              43.4460188
            ],
            [
              -79.9163797,
              43.4460052
            ],
            [
              -79.9163737,
              43.4459886
            ],
            [
              -79.9163657,
              43.445977
            ],
            [
              -79.9163589,
              43.4459682
            ],
            [
              -79.9163482,
              43.4459604
            ],
            [
              -79.9163382,
              43.4459541
            ],
            [
              -79.9163214,
              43.4459458
            ],
            [
              -79.916308,
              43.4459419
            ],
            [
              -79.9162932,
              43.4459419
            ],
            [
              -79.9162771,
              43.4459419
            ],
            [
              -79.916261,
              43.4459438
            ],
            [
              -79.9162463,
              43.4459507
            ],
            [
              -79.9162356,
              43.4459585
            ],
            [
              -79.9162289,
              43.4459662
            ],
            [
              -79.9162248,
              43.4459779
            ],
            [
              -79.9162208,
              43.4459906
            ],
            [
              -79.9162188,
              43.4460076
            ],
            [
              -79.9162195,
              43.4460222
            ],
            [
              -79.9162329,
              43.4460378
            ],
            [
              -79.9162423,
              43.4460471
            ],
            [
              -79.916251,
              43.4460534
            ]
          ]
        ]
      }
    },
    {
      "type": "Feature",
      "properties": {
        "@id": "way/777075206",
        "golf": "tee",
        "landuse": "grass"
      },
      "geometry": {
        "type": "Polygon",
        "coordinates": [
          [
            [
              -79.9168981,
              43.4459706
            ],
            [
              -79.9169142,
              43.4459804
            ],
            [
              -79.9169303,
              43.4459862
            ],
            [
              -79.9169477,
              43.4459881
            ],
            [
              -79.9169718,
              43.4459872
            ],
            [
              -79.9169879,
              43.4459794
            ],
            [
              -79.916996,
              43.4459696
            ],
            [
              -79.9170027,
              43.445957
            ],
            [
              -79.917004,
              43.4459463
            ],
            [
              -79.917004,
              43.4459356
            ],
            [
              -79.917,
              43.4459249
            ],
            [
              -79.9169893,
              43.4459161
            ],
            [
              -79.9169772,
              43.4459093
            ],
            [
              -79.9169638,
              43.4459044
            ],
            [
              -79.916945,
              43.4459025
            ],
            [
              -79.9169262,
              43.4459034
            ],
            [
              -79.9169115,
              43.4459093
            ],
            [
              -79.9168981,
              43.4459161
            ],
            [
              -79.91689,
              43.4459288
            ],
            [
              -79.9168873,
              43.4459443
            ],
            [
              -79.9168914,
              43.445958
            ],
            [
              -79.9168981,
              43.4459706
            ]
          ]
        ]
      }
    },
    {
      "type": "Feature",
      "properties": {
        "@id": "way/777075207",
        "golf": "bunker",
        "natural": "sand"
      },
      "geometry": {
        "type": "Polygon",
        "coordinates": [
          [
            [
              -79.9183455,
              43.4441045
            ],
            [
              -79.9183562,
              43.4441089
            ],
            [
              -79.9183622,
              43.4441157
            ],
            [
              -79.9183696,
              43.4441206
            ],
            [
              -79.9183783,
              43.4441265
            ],
            [
              -79.918387,
              43.4441328
            ],
            [
              -79.9183944,
              43.4441381
            ],
            [
              -79.9184072,
              43.444142
            ],
            [
              -79.9184179,
              43.4441401
            ],
            [
              -79.9184279,
              43.4441357
            ],
            [
              -79.9184346,
              43.4441279
            ],
            [
              -79.9184407,
              43.4441211
            ],
            [
              -79.9184407,
              43.4441133
            ],
            [
              -79.91844,
              43.4441041
            ],
            [
              -79.9184373,
              43.4440982
            ],
            [
              -79.9184333,
              43.4440943
            ],
            [
              -79.9184219,
              43.4440909
            ],
            [
              -79.9184098,
              43.4440865
            ],
            [
              -79.9183998,
              43.4440826
            ],
            [
              -79.9183924,
              43.4440797
            ],
            [
              -79.9183864,
              43.4440729
            ],
            [
              -79.9183864,
              43.4440656
            ],
            [
              -79.9183897,
              43.4440578
            ],
            [
              -79.9183951,
              43.4440505
            ],
            [
              -79.9184004,
              43.4440447
            ],
            [
              -79.9184018,
              43.4440374
            ],
            [
              -79.9184031,
              43.4440286
            ],
            [
              -79.9184004,
              43.4440179
            ],
            [
              -79.9183964,
              43.4440125
            ],
            [
              -79.9183897,
              43.4440072
            ],
            [
              -79.918379,
              43.4440013
            ],
            [
              -79.9183629,
              43.4439994
            ],
            [
              -79.9183461,
              43.4440028
            ],
            [
              -79.9183388,
              43.4440086
            ],
            [
              -79.9183334,
              43.4440164
            ],
            [
              -79.918332,
              43.4440237
            ],
            [
              -79.918332,
              43.4440315
            ],
            [
              -79.91833,
              43.4440379
            ],
            [
              -79.91833,
              43.4440447
            ],
            [
              -79.9183274,
              43.4440529
            ],
            [
              -79.91832,
              43.4440588
            ],
            [
              -79.9183106,
              43.4440617
            ],
            [
              -79.9182979,
              43.4440612
            ],
            [
              -79.9182865,
              43.4440617
            ],
            [
              -79.9182777,
              43.4440651
            ],
            [
              -79.9182683,
              43.44407
            ],
            [
              -79.9182623,
              43.4440744
            ],
            [
              -79.9182576,
              43.4440807
            ],
            [
              -79.9182569,
              43.4440899
            ],
            [
              -79.9182596,
              43.4440987
            ],
            [
              -79.918265,
              43.4441055
            ],
            [
              -79.9182717,
              43.4441099
            ],
            [
              -79.9182811,
              43.4441128
            ],
            [
              -79.9182925,
              43.4441148
            ],
            [
              -79.9183039,
              43.4441114
            ],
            [
              -79.918316,
              43.4441075
            ],
            [
              -79.9183274,
              43.4441036
            ],
            [
              -79.9183374,
              43.4441026
            ],
            [
              -79.9183455,
              43.4441045
            ]
          ]
        ]
      }
    },
    {
      "type": "Feature",
      "properties": {
        "@id": "way/777075208",
        "golf": "bunker",
        "natural": "sand"
      },
      "geometry": {
        "type": "Polygon",
        "coordinates": [
          [
            [
              -79.9187344,
              43.4442053
            ],
            [
              -79.9187384,
              43.4442092
            ],
            [
              -79.9187438,
              43.4442131
            ],
            [
              -79.9187525,
              43.4442165
            ],
            [
              -79.9187612,
              43.4442185
            ],
            [
              -79.9187726,
              43.4442185
            ],
            [
              -79.9187833,
              43.4442165
            ],
            [
              -79.9187914,
              43.4442131
            ],
            [
              -79.9187981,
              43.4442073
            ],
            [
              -79.9188021,
              43.4442014
            ],
            [
              -79.9188048,
              43.4441927
            ],
            [
              -79.9188041,
              43.4441859
            ],
            [
              -79.9188001,
              43.4441786
            ],
            [
              -79.9187947,
              43.4441737
            ],
            [
              -79.9187867,
              43.4441703
            ],
            [
              -79.9187746,
              43.4441674
            ],
            [
              -79.9187605,
              43.4441678
            ],
            [
              -79.9187478,
              43.4441717
            ],
            [
              -79.9187397,
              43.4441761
            ],
            [
              -79.9187324,
              43.4441824
            ],
            [
              -79.9187304,
              43.4441897
            ],
            [
              -79.9187317,
              43.444198
            ],
            [
              -79.9187344,
              43.4442053
            ]
          ]
        ]
      }
    },
    {
      "type": "Feature",
      "properties": {
        "@id": "way/777075209",
        "golf": "bunker",
        "natural": "sand"
      },
      "geometry": {
        "type": "Polygon",
        "coordinates": [
          [
            [
              -79.918957,
              43.4440851
            ],
            [
              -79.918963,
              43.4440899
            ],
            [
              -79.9189711,
              43.4440938
            ],
            [
              -79.9189791,
              43.4440972
            ],
            [
              -79.9189885,
              43.4440997
            ],
            [
              -79.9189979,
              43.4441016
            ],
            [
              -79.9190093,
              43.4441011
            ],
            [
              -79.9190194,
              43.4440997
            ],
            [
              -79.9190294,
              43.4440953
            ],
            [
              -79.9190361,
              43.4440899
            ],
            [
              -79.9190415,
              43.4440802
            ],
            [
              -79.9190415,
              43.4440719
            ],
            [
              -79.9190395,
              43.4440627
            ],
            [
              -79.9190341,
              43.4440554
            ],
            [
              -79.9190301,
              43.44405
            ],
            [
              -79.9190247,
              43.4440442
            ],
            [
              -79.9190174,
              43.4440388
            ],
            [
              -79.919008,
              43.4440359
            ],
            [
              -79.9189946,
              43.4440359
            ],
            [
              -79.9189811,
              43.4440374
            ],
            [
              -79.9189684,
              43.4440413
            ],
            [
              -79.9189604,
              43.4440471
            ],
            [
              -79.9189543,
              43.4440529
            ],
            [
              -79.9189496,
              43.4440612
            ],
            [
              -79.9189496,
              43.4440695
            ],
            [
              -79.9189537,
              43.4440787
            ],
            [
              -79.918957,
              43.4440851
            ]
          ]
        ]
      }
    },
    {
      "type": "Feature",
      "properties": {
        "@id": "way/777075210",
        "golf": "green",
        "landuse": "grass"
      },
      "geometry": {
        "type": "Polygon",
        "coordinates": [
          [
            [
              -79.9185114,
              43.4441542
            ],
            [
              -79.9185181,
              43.4441688
            ],
            [
              -79.9185275,
              43.4441795
            ],
            [
              -79.9185476,
              43.4441912
            ],
            [
              -79.9185704,
              43.444199
            ],
            [
              -79.9185932,
              43.4442019
            ],
            [
              -79.9186147,
              43.4442009
            ],
            [
              -79.9186268,
              43.444199
            ],
            [
              -79.9186442,
              43.4441941
            ],
            [
              -79.9186563,
              43.4441824
            ],
            [
              -79.9186643,
              43.4441698
            ],
            [
              -79.918675,
              43.4441562
            ],
            [
              -79.9186858,
              43.4441464
            ],
            [
              -79.9186965,
              43.4441396
            ],
            [
              -79.9187099,
              43.4441328
            ],
            [
              -79.9187327,
              43.444124
            ],
            [
              -79.9187555,
              43.4441192
            ],
            [
              -79.9187743,
              43.4441162
            ],
            [
              -79.918789,
              43.4441153
            ],
            [
              -79.9188172,
              43.4441104
            ],
            [
              -79.918836,
              43.4440977
            ],
            [
              -79.9188561,
              43.4440802
            ],
            [
              -79.9188695,
              43.4440646
            ],
            [
              -79.9188802,
              43.4440471
            ],
            [
              -79.9188923,
              43.4440305
            ],
            [
              -79.918903,
              43.444014
            ],
            [
              -79.9189138,
              43.4439974
            ],
            [
              -79.9189218,
              43.4439819
            ],
            [
              -79.9189178,
              43.4439624
            ],
            [
              -79.9189111,
              43.4439439
            ],
            [
              -79.918895,
              43.4439322
            ],
            [
              -79.9188749,
              43.4439195
            ],
            [
              -79.9188561,
              43.4439137
            ],
            [
              -79.9188279,
              43.4439108
            ],
            [
              -79.9188011,
              43.4439108
            ],
            [
              -79.918781,
              43.4439137
            ],
            [
              -79.9187622,
              43.4439225
            ],
            [
              -79.9187461,
              43.4439322
            ],
            [
              -79.9187287,
              43.4439458
            ],
            [
              -79.9187005,
              43.4439634
            ],
            [
              -79.9186817,
              43.4439702
            ],
            [
              -79.9186563,
              43.443976
            ],
            [
              -79.9186402,
              43.4439809
            ],
            [
              -79.9186214,
              43.4439858
            ],
            [
              -79.9185986,
              43.4439926
            ],
            [
              -79.9185838,
              43.4439994
            ],
            [
              -79.9185704,
              43.4440072
            ],
            [
              -79.9185557,
              43.4440159
            ],
            [
              -79.9185436,
              43.4440296
            ],
            [
              -79.9185329,
              43.4440413
            ],
            [
              -79.9185248,
              43.4440568
            ],
            [
              -79.9185181,
              43.4440705
            ],
            [
              -79.9185141,
              43.444086
            ],
            [
              -79.9185074,
              43.4441026
            ],
            [
              -79.9185061,
              43.4441133
            ],
            [
              -79.9185061,
              43.444126
            ],
            [
              -79.9185087,
              43.4441386
            ],
            [
              -79.9185114,
              43.4441542
            ]
          ]
        ]
      }
    },
    {
      "type": "Feature",
      "properties": {
        "@id": "way/777083932",
        "golf": "fairway",
        "landuse": "grass"
      },
      "geometry": {
        "type": "Polygon",
        "coordinates": [
          [
            [
              -79.9185248,
              43.4440568
            ],
            [
              -79.9185047,
              43.4440744
            ],
            [
              -79.9184886,
              43.4441026
            ],
            [
              -79.9184752,
              43.444125
            ],
            [
              -79.9184658,
              43.4441416
            ],
            [
              -79.9184524,
              43.4441601
            ],
            [
              -79.918431,
              43.4441737
            ],
            [
              -79.9184041,
              43.4441854
            ],
            [
              -79.918376,
              43.4442
            ],
            [
              -79.9183545,
              43.4442068
            ],
            [
              -79.9183304,
              43.4442185
            ],
            [
              -79.9183076,
              43.4442321
            ],
            [
              -79.9182928,
              43.4442389
            ],
            [
              -79.9182687,
              43.4442526
            ],
            [
              -79.9182459,
              43.4442681
            ],
            [
              -79.9182231,
              43.4442827
            ],
            [
              -79.9182016,
              43.4442915
            ],
            [
              -79.9181842,
              43.4443051
            ],
            [
              -79.9181654,
              43.4443197
            ],
            [
              -79.918152,
              43.4443334
            ],
            [
              -79.9181225,
              43.4443489
            ],
            [
              -79.9180957,
              43.4443626
            ],
            [
              -79.9180715,
              43.4443782
            ],
            [
              -79.9180474,
              43.4443918
            ],
            [
              -79.9180286,
              43.4444025
            ],
            [
              -79.9180031,
              43.4444171
            ],
            [
              -79.9179763,
              43.4444327
            ],
            [
              -79.9179589,
              43.4444405
            ],
            [
              -79.9179294,
              43.4444541
            ],
            [
              -79.9179026,
              43.4444716
            ],
            [
              -79.9178865,
              43.4444833
            ],
            [
              -79.917861,
              43.4445047
            ],
            [
              -79.9178436,
              43.4445252
            ],
            [
              -79.9178328,
              43.4445408
            ],
            [
              -79.9178208,
              43.4445544
            ],
            [
              -79.917806,
              43.4445729
            ],
            [
              -79.9177872,
              43.4445914
            ],
            [
              -79.9177698,
              43.444608
            ],
            [
              -79.9177497,
              43.4446235
            ],
            [
              -79.9177336,
              43.4446381
            ],
            [
              -79.9177161,
              43.4446557
            ],
            [
              -79.9176947,
              43.4446761
            ],
            [
              -79.9176759,
              43.4446927
            ],
            [
              -79.9176598,
              43.4447141
            ],
            [
              -79.9176464,
              43.4447316
            ],
            [
              -79.917633,
              43.4447511
            ],
            [
              -79.9176196,
              43.4447696
            ],
            [
              -79.9175981,
              43.4447871
            ],
            [
              -79.917578,
              43.4448066
            ],
            [
              -79.9175579,
              43.4448222
            ],
            [
              -79.9175391,
              43.4448407
            ],
            [
              -79.9175203,
              43.4448601
            ],
            [
              -79.9175069,
              43.4448806
            ],
            [
              -79.9174935,
              43.444902
            ],
            [
              -79.9174801,
              43.4449215
            ],
            [
              -79.9174667,
              43.44494
            ],
            [
              -79.9174479,
              43.4449633
            ],
            [
              -79.9174305,
              43.4449867
            ],
            [
              -79.9174144,
              43.4450023
            ],
            [
              -79.9173986,
              43.4450154
            ],
            [
              -79.9173772,
              43.4450369
            ],
            [
              -79.9173544,
              43.4450563
            ],
            [
              -79.917337,
              43.4450768
            ],
            [
              -79.9173235,
              43.4450933
            ],
            [
              -79.9173007,
              43.4451148
            ],
            [
              -79.917282,
              43.4451401
            ],
            [
              -79.9172592,
              43.4451654
            ],
            [
              -79.9172458,
              43.4451839
            ],
            [
              -79.917223,
              43.4452082
            ],
            [
              -79.9172002,
              43.4452287
            ],
            [
              -79.9171867,
              43.4452482
            ],
            [
              -79.9171626,
              43.4452725
            ],
            [
              -79.9171445,
              43.445291
            ],
            [
              -79.9171304,
              43.4453046
            ],
            [
              -79.9171157,
              43.4453183
            ],
            [
              -79.9171023,
              43.4453348
            ],
            [
              -79.9170935,
              43.4453528
            ],
            [
              -79.9170875,
              43.4453684
            ],
            [
              -79.9170855,
              43.4453889
            ],
            [
              -79.9170828,
              43.4454064
            ],
            [
              -79.9170847,
              43.4454229
            ],
            [
              -79.9170887,
              43.4454361
            ],
            [
              -79.917094,
              43.4454521
            ],
            [
              -79.9171034,
              43.4454658
            ],
            [
              -79.9171148,
              43.445477
            ],
            [
              -79.9171269,
              43.4454877
            ],
            [
              -79.9171363,
              43.445496
            ],
            [
              -79.9171504,
              43.4455047
            ],
            [
              -79.9171678,
              43.4455115
            ],
            [
              -79.9171919,
              43.4455193
            ],
            [
              -79.9172121,
              43.4455232
            ],
            [
              -79.9172375,
              43.4455252
            ],
            [
              -79.9172691,
              43.4455237
            ],
            [
              -79.9173033,
              43.4455179
            ],
            [
              -79.9173287,
              43.4455125
            ],
            [
              -79.9173509,
              43.4455042
            ],
            [
              -79.9173763,
              43.4454867
            ],
            [
              -79.9173971,
              43.4454638
            ],
            [
              -79.9174099,
              43.4454507
            ],
            [
              -79.9174313,
              43.44542
            ],
            [
              -79.9174568,
              43.4453932
            ],
            [
              -79.9174756,
              43.4453723
            ],
            [
              -79.9175031,
              43.4453436
            ],
            [
              -79.9175272,
              43.4453149
            ],
            [
              -79.9175493,
              43.4452954
            ],
            [
              -79.9175755,
              43.4452754
            ],
            [
              -79.917601,
              43.4452535
            ],
            [
              -79.9176278,
              43.4452335
            ],
            [
              -79.9176513,
              43.4452131
            ],
            [
              -79.9176781,
              43.4451927
            ],
            [
              -79.9177056,
              43.4451751
            ],
            [
              -79.9177337,
              43.4451576
            ],
            [
              -79.9177606,
              43.4451362
            ],
            [
              -79.9177861,
              43.4451157
            ],
            [
              -79.9178062,
              43.4450967
            ],
            [
              -79.9178209,
              43.4450797
            ],
            [
              -79.9178317,
              43.4450583
            ],
            [
              -79.917837,
              43.4450422
            ],
            [
              -79.9178451,
              43.445015
            ],
            [
              -79.9178538,
              43.444993
            ],
            [
              -79.9178645,
              43.4449755
            ],
            [
              -79.9178793,
              43.444957
            ],
            [
              -79.9179041,
              43.4449337
            ],
            [
              -79.9179202,
              43.4449166
            ],
            [
              -79.9179342,
              43.4448918
            ],
            [
              -79.9179416,
              43.4448699
            ],
            [
              -79.9179497,
              43.4448407
            ],
            [
              -79.9179611,
              43.4448163
            ],
            [
              -79.9179751,
              43.4447934
            ],
            [
              -79.9179946,
              43.4447667
            ],
            [
              -79.9180201,
              43.4447384
            ],
            [
              -79.9180395,
              43.4447214
            ],
            [
              -79.9180684,
              43.4447
            ],
            [
              -79.9180965,
              43.444682
            ],
            [
              -79.918124,
              43.444663
            ],
            [
              -79.9181414,
              43.4446537
            ],
            [
              -79.9181596,
              43.444642
            ],
            [
              -79.9181877,
              43.4446226
            ],
            [
              -79.9182098,
              43.4446075
            ],
            [
              -79.9182367,
              43.4445914
            ],
            [
              -79.9182601,
              43.4445802
            ],
            [
              -79.9182863,
              43.4445646
            ],
            [
              -79.9183158,
              43.4445422
            ],
            [
              -79.9183426,
              43.4445232
            ],
            [
              -79.9183661,
              43.4445047
            ],
            [
              -79.9183862,
              43.4444848
            ],
            [
              -79.918407,
              43.4444638
            ],
            [
              -79.9184251,
              43.4444434
            ],
            [
              -79.9184445,
              43.4444225
            ],
            [
              -79.918466,
              43.444402
            ],
            [
              -79.9184948,
              43.444383
            ],
            [
              -79.9185143,
              43.4443713
            ],
            [
              -79.9185344,
              43.4443597
            ],
            [
              -79.9185532,
              43.4443455
            ],
            [
              -79.9185672,
              43.444329
            ],
            [
              -79.9185786,
              43.4443139
            ],
            [
              -79.9185874,
              43.4443003
            ],
            [
              -79.9186008,
              43.4442803
            ],
            [
              -79.9186108,
              43.4442599
            ],
            [
              -79.9186269,
              43.4442311
            ],
            [
              -79.9186403,
              43.4442126
            ],
            [
              -79.9186497,
              43.4442009
            ],
            [
              -79.9186563,
              43.4441824
            ],
            [
              -79.9185248,
              43.4440568
            ]
          ]
        ]
      }
    },
    {
      "type": "Feature",
      "properties": {
        "@id": "way/779947906",
        "source": "CanVec 6.0 - NRCan",
        "waterway": "stream"
      },
      "geometry": {
        "type": "LineString",
        "coordinates": [
          [
            -79.9127582,
            43.4420718
          ],
          [
            -79.9123721,
            43.4420399
          ],
          [
            -79.9117425,
            43.4421819
          ],
          [
            -79.9113959,
            43.4422924
          ],
          [
            -79.910838,
            43.4423112
          ],
          [
            -79.9104368,
            43.4422319
          ],
          [
            -79.9102022,
            43.4421544
          ],
          [
            -79.9100102,
            43.4419598
          ]
        ]
      }
    },
    {
      "type": "Feature",
      "properties": {
        "@id": "way/779947907",
        "golf": "water_hazard",
        "natural": "water"
      },
      "geometry": {
        "type": "Polygon",
        "coordinates": [
          [
            [
              -79.9141223,
              43.4432245
            ],
            [
              -79.9140097,
              43.4432635
            ],
            [
              -79.9138514,
              43.4433414
            ],
            [
              -79.9137361,
              43.4434037
            ],
            [
              -79.9136368,
              43.4434368
            ],
            [
              -79.913484,
              43.4434348
            ],
            [
              -79.913315,
              43.4434407
            ],
            [
              -79.9131406,
              43.4434543
            ],
            [
              -79.9129556,
              43.443466
            ],
            [
              -79.9127464,
              43.4434913
            ],
            [
              -79.9125908,
              43.4435244
            ],
            [
              -79.9124352,
              43.4435692
            ],
            [
              -79.9123279,
              43.4435828
            ],
            [
              -79.9122206,
              43.4435731
            ],
            [
              -79.9120597,
              43.4435673
            ],
            [
              -79.9118934,
              43.4435848
            ],
            [
              -79.9117352,
              43.4436257
            ],
            [
              -79.9116708,
              43.4436588
            ],
            [
              -79.9115957,
              43.4436783
            ],
            [
              -79.9115152,
              43.4437153
            ],
            [
              -79.9114213,
              43.4437678
            ],
            [
              -79.9113623,
              43.4438068
            ],
            [
              -79.9113114,
              43.4438574
            ],
            [
              -79.9112819,
              43.4439022
            ],
            [
              -79.9112497,
              43.4439645
            ],
            [
              -79.9112443,
              43.4440366
            ],
            [
              -79.9112604,
              43.4441028
            ],
            [
              -79.911298,
              43.4441768
            ],
            [
              -79.9113301,
              43.4442255
            ],
            [
              -79.911365,
              43.4442586
            ],
            [
              -79.9114026,
              43.444317
            ],
            [
              -79.9114804,
              43.4443657
            ],
            [
              -79.9115501,
              43.4444027
            ],
            [
              -79.9116601,
              43.44443
            ],
            [
              -79.91177,
              43.4444514
            ],
            [
              -79.9118854,
              43.4444631
            ],
            [
              -79.9120087,
              43.444467
            ],
            [
              -79.9120704,
              43.4444747
            ],
            [
              -79.9121455,
              43.4444962
            ],
            [
              -79.9123038,
              43.4445468
            ],
            [
              -79.9124191,
              43.4445955
            ],
            [
              -79.9125747,
              43.4446597
            ],
            [
              -79.9126713,
              43.444689
            ],
            [
              -79.9128,
              43.4447065
            ],
            [
              -79.9129019,
              43.4447201
            ],
            [
              -79.9130146,
              43.4447454
            ],
            [
              -79.9131004,
              43.4447552
            ],
            [
              -79.913205,
              43.4447513
            ],
            [
              -79.9133177,
              43.4447026
            ],
            [
              -79.9134035,
              43.4446442
            ],
            [
              -79.913484,
              43.4446266
            ],
            [
              -79.9135805,
              43.4446266
            ],
            [
              -79.9136959,
              43.4446033
            ],
            [
              -79.9137924,
              43.4445702
            ],
            [
              -79.9139238,
              43.4444767
            ],
            [
              -79.9139587,
              43.4443696
            ],
            [
              -79.9139614,
              43.4442644
            ],
            [
              -79.9139453,
              43.4441865
            ],
            [
              -79.9138917,
              43.4441145
            ],
            [
              -79.9138273,
              43.4440697
            ],
            [
              -79.9137844,
              43.4440463
            ],
            [
              -79.913771,
              43.4440229
            ],
            [
              -79.9137844,
              43.4439957
            ],
            [
              -79.9138809,
              43.4438964
            ],
            [
              -79.9139909,
              43.4438029
            ],
            [
              -79.9140714,
              43.4437133
            ],
            [
              -79.9141277,
              43.4436004
            ],
            [
              -79.9141706,
              43.4435186
            ],
            [
              -79.9142135,
              43.4434777
            ],
            [
              -79.9142913,
              43.4434387
            ],
            [
              -79.914353,
              43.4434056
            ],
            [
              -79.9144201,
              43.4433628
            ],
            [
              -79.9144308,
              43.4433394
            ],
            [
              -79.9143986,
              43.4432751
            ],
            [
              -79.9143369,
              43.4432206
            ],
            [
              -79.9142591,
              43.4432011
            ],
            [
              -79.9141679,
              43.4432089
            ],
            [
              -79.9141223,
              43.4432245
            ]
          ]
        ]
      }
    },
    {
      "type": "Feature",
      "properties": {
        "@id": "way/779947908",
        "golf": "cartpath",
        "golf_cart": "designated",
        "highway": "service"
      },
      "geometry": {
        "type": "LineString",
        "coordinates": [
          [
            -79.9171375,
            43.4423594
          ],
          [
            -79.9171106,
            43.4423303
          ],
          [
            -79.9170616,
            43.4422833
          ],
          [
            -79.9169299,
            43.4421592
          ],
          [
            -79.9168535,
            43.4420755
          ],
          [
            -79.9167717,
            43.4419849
          ],
          [
            -79.9166979,
            43.441947
          ],
          [
            -79.9166134,
            43.4419324
          ],
          [
            -79.9165289,
            43.441946
          ],
          [
            -79.9164673,
            43.4419752
          ],
          [
            -79.9162956,
            43.4420862
          ],
          [
            -79.9161776,
            43.4421466
          ],
          [
            -79.9160488,
            43.4421739
          ],
          [
            -79.9159831,
            43.4421739
          ],
          [
            -79.9158021,
            43.4421437
          ],
          [
            -79.9157109,
            43.4421271
          ],
          [
            -79.915617,
            43.4421359
          ],
          [
            -79.9154976,
            43.4421554
          ],
          [
            -79.9153917,
            43.4421583
          ],
          [
            -79.915275,
            43.44213
          ],
          [
            -79.9151892,
            43.4420989
          ],
          [
            -79.9151221,
            43.4420882
          ],
          [
            -79.9150591,
            43.442095
          ],
          [
            -79.9149317,
            43.44213
          ],
          [
            -79.9148324,
            43.4421388
          ],
          [
            -79.9147225,
            43.4421339
          ],
          [
            -79.9146796,
            43.442131
          ]
        ]
      }
    },
    {
      "type": "Feature",
      "properties": {
        "@id": "way/779947909",
        "golf": "cartpath",
        "golf_cart": "designated",
        "highway": "service"
      },
      "geometry": {
        "type": "LineString",
        "coordinates": [
          [
            -79.9146796,
            43.442131
          ],
          [
            -79.9145428,
            43.4421281
          ],
          [
            -79.914406,
            43.4421476
          ],
          [
            -79.9142705,
            43.4421787
          ],
          [
            -79.9141471,
            43.442205
          ],
          [
            -79.9140345,
            43.4422274
          ],
          [
            -79.9139594,
            43.4422479
          ],
          [
            -79.9139366,
            43.4422615
          ],
          [
            -79.9139044,
            43.4422975
          ],
          [
            -79.9138816,
            43.4423394
          ],
          [
            -79.9138534,
            43.4423657
          ],
          [
            -79.9137998,
            43.4423968
          ],
          [
            -79.9137327,
            43.4424261
          ],
          [
            -79.9136643,
            43.4424504
          ],
          [
            -79.9135852,
            43.4424708
          ],
          [
            -79.9135396,
            43.4424971
          ],
          [
            -79.9135074,
            43.4425419
          ],
          [
            -79.9134846,
            43.4425935
          ],
          [
            -79.9134444,
            43.4426325
          ],
          [
            -79.9133773,
            43.4426724
          ],
          [
            -79.9132741,
            43.4427143
          ],
          [
            -79.9131963,
            43.4427454
          ],
          [
            -79.913144,
            43.4427795
          ],
          [
            -79.9131158,
            43.4428097
          ],
          [
            -79.9130635,
            43.4428915
          ],
          [
            -79.9130179,
            43.4429538
          ],
          [
            -79.912975,
            43.4429723
          ],
          [
            -79.9129026,
            43.4429811
          ],
          [
            -79.9128181,
            43.442985
          ],
          [
            -79.9126947,
            43.4429752
          ],
          [
            -79.9126102,
            43.4429606
          ],
          [
            -79.9125244,
            43.4429343
          ],
          [
            -79.9124734,
            43.442911
          ],
          [
            -79.9124211,
            43.4428866
          ],
          [
            -79.9123594,
            43.4428905
          ],
          [
            -79.9123138,
            43.4429042
          ],
          [
            -79.9122468,
            43.4429285
          ],
          [
            -79.9122012,
            43.4429558
          ],
          [
            -79.9121717,
            43.4429898
          ],
          [
            -79.9121422,
            43.4430385
          ],
          [
            -79.9121234,
            43.443096
          ],
          [
            -79.9121167,
            43.4431719
          ],
          [
            -79.91211,
            43.4432109
          ],
          [
            -79.9120859,
            43.4432469
          ],
          [
            -79.912051,
            43.4432878
          ],
          [
            -79.9120188,
            43.4433414
          ],
          [
            -79.9119786,
            43.4434066
          ],
          [
            -79.911933,
            43.4434377
          ],
          [
            -79.9118431,
            43.443465
          ],
          [
            -79.9117814,
            43.443464
          ],
          [
            -79.9116969,
            43.4434514
          ],
          [
            -79.9116339,
            43.4434319
          ],
          [
            -79.9115964,
            43.4434056
          ],
          [
            -79.9116004,
            43.4433696
          ],
          [
            -79.9116285,
            43.4433384
          ]
        ]
      }
    },
    {
      "type": "Feature",
      "properties": {
        "@id": "way/779947910",
        "golf": "cartpath",
        "golf_cart": "designated",
        "highway": "service"
      },
      "geometry": {
        "type": "LineString",
        "coordinates": [
          [
            -79.9116285,
            43.4433384
          ],
          [
            -79.9116594,
            43.4432927
          ],
          [
            -79.9116862,
            43.443242
          ],
          [
            -79.9116943,
            43.4432235
          ],
          [
            -79.9117707,
            43.4431534
          ],
          [
            -79.9118391,
            43.443094
          ],
          [
            -79.9119021,
            43.4430629
          ],
          [
            -79.9119343,
            43.4430346
          ],
          [
            -79.9119504,
            43.4429791
          ],
          [
            -79.9119531,
            43.4429402
          ],
          [
            -79.9120027,
            43.4429003
          ],
          [
            -79.9120805,
            43.4428671
          ],
          [
            -79.9121757,
            43.4428292
          ],
          [
            -79.9123045,
            43.4427746
          ],
          [
            -79.9123635,
            43.4427425
          ],
          [
            -79.9123983,
            43.4427211
          ],
          [
            -79.9124828,
            43.4426529
          ],
          [
            -79.9125392,
            43.4425955
          ],
          [
            -79.9125982,
            43.4425322
          ],
          [
            -79.9126666,
            43.4424786
          ],
          [
            -79.9127537,
            43.4424319
          ],
          [
            -79.9128597,
            43.4424017
          ],
          [
            -79.9129589,
            43.442392
          ],
          [
            -79.9130246,
            43.4423881
          ],
          [
            -79.9131131,
            43.4423842
          ],
          [
            -79.9131896,
            43.4423754
          ],
          [
            -79.9132607,
            43.4423608
          ],
          [
            -79.9133036,
            43.4423491
          ],
          [
            -79.9133747,
            43.442318
          ],
          [
            -79.9134256,
            43.4422878
          ],
          [
            -79.9135021,
            43.4422459
          ],
          [
            -79.9135799,
            43.442207
          ],
          [
            -79.9136791,
            43.4421748
          ],
          [
            -79.9137757,
            43.4421563
          ],
          [
            -79.9138856,
            43.4421446
          ],
          [
            -79.914005,
            43.4421213
          ],
          [
            -79.914115,
            43.4420765
          ],
          [
            -79.9141927,
            43.4420327
          ],
          [
            -79.9142692,
            43.4419986
          ],
          [
            -79.9143429,
            43.441983
          ],
          [
            -79.9144382,
            43.4419713
          ],
          [
            -79.9145253,
            43.4419557
          ],
          [
            -79.9146219,
            43.4419207
          ],
          [
            -79.9146822,
            43.4418847
          ],
          [
            -79.9147533,
            43.441835
          ],
          [
            -79.914811,
            43.4417814
          ],
          [
            -79.9148512,
            43.4417415
          ],
          [
            -79.9149089,
            43.4417094
          ],
          [
            -79.9150229,
            43.4416821
          ],
          [
            -79.9151288,
            43.4416587
          ],
          [
            -79.9151865,
            43.4416383
          ],
          [
            -79.91522,
            43.4416217
          ],
          [
            -79.9152482,
            43.4415896
          ],
          [
            -79.9152549,
            43.4415633
          ],
          [
            -79.9152924,
            43.44154
          ],
          [
            -79.9153421,
            43.4415127
          ],
          [
            -79.9154346,
            43.4414173
          ],
          [
            -79.9155218,
            43.4413637
          ],
          [
            -79.9155942,
            43.4413403
          ],
          [
            -79.9156452,
            43.4413413
          ],
          [
            -79.915684,
            43.4413491
          ],
          [
            -79.9157055,
            43.4413715
          ],
          [
            -79.9157417,
            43.4414202
          ],
          [
            -79.9157739,
            43.4414377
          ],
          [
            -79.9158249,
            43.4414426
          ],
          [
            -79.9159053,
            43.4414397
          ],
          [
            -79.9161293,
            43.4414036
          ],
          [
            -79.9161709,
            43.4414017
          ],
          [
            -79.9162366,
            43.4414046
          ],
          [
            -79.9163425,
            43.4414212
          ],
          [
            -79.916478,
            43.4414426
          ],
          [
            -79.9166429,
            43.4415078
          ],
          [
            -79.9167569,
            43.4415565
          ],
          [
            -79.9168602,
            43.4416013
          ],
          [
            -79.9168964,
            43.4416334
          ]
        ]
      }
    },
    {
      "type": "Feature",
      "properties": {
        "@id": "way/779947911",
        "golf": "cartpath",
        "golf_cart": "designated",
        "highway": "service"
      },
      "geometry": {
        "type": "LineString",
        "coordinates": [
          [
            -79.9169182,
            43.4417308
          ],
          [
            -79.9168441,
            43.4418009
          ],
          [
            -79.9168186,
            43.4418019
          ],
          [
            -79.9167998,
            43.4418087
          ],
          [
            -79.9167918,
            43.4418262
          ],
          [
            -79.9167972,
            43.4418515
          ],
          [
            -79.9168092,
            43.4418613
          ],
          [
            -79.9168092,
            43.4418905
          ],
          [
            -79.9167985,
            43.4419324
          ],
          [
            -79.9167838,
            43.4419694
          ],
          [
            -79.9167717,
            43.4419849
          ]
        ]
      }
    },
    {
      "type": "Feature",
      "properties": {
        "@id": "way/779947912",
        "golf": "cartpath",
        "golf_cart": "designated",
        "highway": "service"
      },
      "geometry": {
        "type": "LineString",
        "coordinates": [
          [
            -79.9168441,
            43.4418009
          ],
          [
            -79.9168575,
            43.4418136
          ],
          [
            -79.9168589,
            43.4418321
          ],
          [
            -79.9168495,
            43.4418438
          ],
          [
            -79.9168307,
            43.4418554
          ],
          [
            -79.9168092,
            43.4418613
          ]
        ]
      }
    },
    {
      "type": "Feature",
      "properties": {
        "@id": "way/779947913",
        "golf": "tee",
        "landuse": "grass"
      },
      "geometry": {
        "type": "Polygon",
        "coordinates": [
          [
            [
              -79.9202143,
              43.4437639
            ],
            [
              -79.9202331,
              43.4437639
            ],
            [
              -79.9202545,
              43.4437571
            ],
            [
              -79.9202693,
              43.4437435
            ],
            [
              -79.9202787,
              43.443725
            ],
            [
              -79.9202787,
              43.4437084
            ],
            [
              -79.9202639,
              43.4436948
            ],
            [
              -79.9202425,
              43.443688
            ],
            [
              -79.9202223,
              43.443688
            ],
            [
              -79.9202022,
              43.4436929
            ],
            [
              -79.9201808,
              43.4437026
            ],
            [
              -79.9201714,
              43.4437133
            ],
            [
              -79.9201674,
              43.4437289
            ],
            [
              -79.9201714,
              43.4437406
            ],
            [
              -79.9201767,
              43.4437493
            ],
            [
              -79.9201928,
              43.44376
            ],
            [
              -79.9202143,
              43.4437639
            ]
          ]
        ]
      }
    },
    {
      "type": "Feature",
      "properties": {
        "@id": "way/779947914",
        "golf": "tee",
        "landuse": "grass"
      },
      "geometry": {
        "type": "Polygon",
        "coordinates": [
          [
            [
              -79.9199152,
              43.4438535
            ],
            [
              -79.9199313,
              43.4438681
            ],
            [
              -79.9199514,
              43.4438798
            ],
            [
              -79.9199756,
              43.4438818
            ],
            [
              -79.9199957,
              43.4438759
            ],
            [
              -79.9200158,
              43.4438642
            ],
            [
              -79.9200319,
              43.4438487
            ],
            [
              -79.92004,
              43.4438263
            ],
            [
              -79.9200306,
              43.4438097
            ],
            [
              -79.9200118,
              43.4437902
            ],
            [
              -79.9199876,
              43.4437805
            ],
            [
              -79.9199581,
              43.4437756
            ],
            [
              -79.919926,
              43.4437795
            ],
            [
              -79.9199032,
              43.4437912
            ],
            [
              -79.9198951,
              43.4438155
            ],
            [
              -79.9199018,
              43.4438399
            ],
            [
              -79.9199152,
              43.4438535
            ]
          ]
        ]
      }
    },
    {
      "type": "Feature",
      "properties": {
        "@id": "way/779947915",
        "golf": "tee",
        "landuse": "grass"
      },
      "geometry": {
        "type": "Polygon",
        "coordinates": [
          [
            [
              -79.9197127,
              43.444021
            ],
            [
              -79.9197288,
              43.4440298
            ],
            [
              -79.9197516,
              43.4440356
            ],
            [
              -79.9197771,
              43.4440337
            ],
            [
              -79.9197999,
              43.4440268
            ],
            [
              -79.9198187,
              43.4440113
            ],
            [
              -79.9198334,
              43.4439937
            ],
            [
              -79.9198334,
              43.4439713
            ],
            [
              -79.9198254,
              43.4439528
            ],
            [
              -79.9198053,
              43.4439363
            ],
            [
              -79.9197798,
              43.4439266
            ],
            [
              -79.9197463,
              43.4439266
            ],
            [
              -79.9197194,
              43.4439334
            ],
            [
              -79.9196993,
              43.4439489
            ],
            [
              -79.9196913,
              43.4439684
            ],
            [
              -79.9196913,
              43.4439879
            ],
            [
              -79.9196993,
              43.4440074
            ],
            [
              -79.9197127,
              43.444021
            ]
          ]
        ]
      }
    },
    {
      "type": "Feature",
      "properties": {
        "@id": "way/779947916",
        "golf": "tee",
        "landuse": "grass"
      },
      "geometry": {
        "type": "Polygon",
        "coordinates": [
          [
            [
              -79.9194794,
              43.4443345
            ],
            [
              -79.9195062,
              43.4443404
            ],
            [
              -79.9195277,
              43.4443394
            ],
            [
              -79.9195491,
              43.4443326
            ],
            [
              -79.9195692,
              43.4443248
            ],
            [
              -79.9195867,
              43.4443121
            ],
            [
              -79.9196041,
              43.4442975
            ],
            [
              -79.9196108,
              43.4442771
            ],
            [
              -79.9196081,
              43.4442596
            ],
            [
              -79.9195987,
              43.444245
            ],
            [
              -79.9195746,
              43.4442265
            ],
            [
              -79.9195558,
              43.4442148
            ],
            [
              -79.9195397,
              43.444205
            ],
            [
              -79.9195183,
              43.4441943
            ],
            [
              -79.9194874,
              43.4441914
            ],
            [
              -79.9194512,
              43.4441933
            ],
            [
              -79.9194271,
              43.444206
            ],
            [
              -79.919407,
              43.4442196
            ],
            [
              -79.9193935,
              43.4442391
            ],
            [
              -79.9193922,
              43.4442596
            ],
            [
              -79.9194029,
              43.4442839
            ],
            [
              -79.9194204,
              43.4443014
            ],
            [
              -79.9194485,
              43.444319
            ],
            [
              -79.9194794,
              43.4443345
            ]
          ]
        ]
      }
    },
    {
      "type": "Feature",
      "properties": {
        "@id": "way/779947917",
        "golf": "tee",
        "landuse": "grass"
      },
      "geometry": {
        "type": "Polygon",
        "coordinates": [
          [
            [
              -79.9191696,
              43.4446471
            ],
            [
              -79.9191924,
              43.4446568
            ],
            [
              -79.9192205,
              43.4446578
            ],
            [
              -79.91925,
              43.4446529
            ],
            [
              -79.9192675,
              43.4446471
            ],
            [
              -79.9192876,
              43.4446325
            ],
            [
              -79.9192916,
              43.444612
            ],
            [
              -79.9192876,
              43.4445896
            ],
            [
              -79.9192661,
              43.4445711
            ],
            [
              -79.9192366,
              43.4445604
            ],
            [
              -79.9192085,
              43.4445624
            ],
            [
              -79.9191776,
              43.4445741
            ],
            [
              -79.9191588,
              43.4445916
            ],
            [
              -79.9191495,
              43.444612
            ],
            [
              -79.9191508,
              43.4446296
            ],
            [
              -79.9191696,
              43.4446471
            ]
          ]
        ]
      }
    },
    {
      "type": "Feature",
      "properties": {
        "@id": "way/779947918",
        "golf": "green",
        "landuse": "grass"
      },
      "geometry": {
        "type": "Polygon",
        "coordinates": [
          [
            [
              -79.9181865,
              43.445465
            ],
            [
              -79.9182053,
              43.4454475
            ],
            [
              -79.9182228,
              43.4454319
            ],
            [
              -79.9182415,
              43.4454182
            ],
            [
              -79.918263,
              43.4454075
            ],
            [
              -79.9182952,
              43.4453988
            ],
            [
              -79.9183287,
              43.4453968
            ],
            [
              -79.9183676,
              43.4453929
            ],
            [
              -79.9183931,
              43.4453871
            ],
            [
              -79.9184239,
              43.4453735
            ],
            [
              -79.9184467,
              43.445352
            ],
            [
              -79.9184494,
              43.4453316
            ],
            [
              -79.9184333,
              43.4453121
            ],
            [
              -79.9184078,
              43.4453053
            ],
            [
              -79.918381,
              43.4453034
            ],
            [
              -79.9183475,
              43.4453014
            ],
            [
              -79.9183126,
              43.4453004
            ],
            [
              -79.9182818,
              43.4453024
            ],
            [
              -79.9182684,
              43.4453034
            ],
            [
              -79.9182456,
              43.4452956
            ],
            [
              -79.9182161,
              43.445281
            ],
            [
              -79.9181919,
              43.4452722
            ],
            [
              -79.9181597,
              43.4452693
            ],
            [
              -79.9181289,
              43.4452712
            ],
            [
              -79.9181034,
              43.4452819
            ],
            [
              -79.918086,
              43.4452897
            ],
            [
              -79.9180672,
              43.4452985
            ],
            [
              -79.9180457,
              43.4453072
            ],
            [
              -79.9180216,
              43.4453257
            ],
            [
              -79.9180068,
              43.4453452
            ],
            [
              -79.9179961,
              43.4453686
            ],
            [
              -79.9179934,
              43.44539
            ],
            [
              -79.9179934,
              43.4454144
            ],
            [
              -79.9179975,
              43.4454319
            ],
            [
              -79.9180055,
              43.4454523
            ],
            [
              -79.9180256,
              43.4454708
            ],
            [
              -79.9180605,
              43.4454806
            ],
            [
              -79.9180954,
              43.4454864
            ],
            [
              -79.9181208,
              43.4454874
            ],
            [
              -79.918149,
              43.4454854
            ],
            [
              -79.9181678,
              43.4454786
            ],
            [
              -79.9181865,
              43.445465
            ]
          ]
        ]
      }
    },
    {
      "type": "Feature",
      "properties": {
        "@id": "way/779947919",
        "golf": "fairway",
        "landuse": "grass"
      },
      "geometry": {
        "type": "Polygon",
        "coordinates": [
          [
            [
              -79.9180954,
              43.4454864
            ],
            [
              -79.9181249,
              43.4454991
            ],
            [
              -79.9181517,
              43.4455049
            ],
            [
              -79.9181946,
              43.4455107
            ],
            [
              -79.9182321,
              43.4455137
            ],
            [
              -79.918271,
              43.4455137
            ],
            [
              -79.9183113,
              43.4455039
            ],
            [
              -79.9183435,
              43.4454854
            ],
            [
              -79.9183689,
              43.4454533
            ],
            [
              -79.9183944,
              43.4454153
            ],
            [
              -79.9184119,
              43.4453959
            ],
            [
              -79.9184481,
              43.4453715
            ],
            [
              -79.9184695,
              43.4453365
            ],
            [
              -79.9184883,
              43.4453111
            ],
            [
              -79.9185084,
              43.4452829
            ],
            [
              -79.9185326,
              43.4452586
            ],
            [
              -79.918554,
              43.4452323
            ],
            [
              -79.9185795,
              43.445205
            ],
            [
              -79.918609,
              43.4451758
            ],
            [
              -79.9186372,
              43.4451417
            ],
            [
              -79.9186492,
              43.4451037
            ],
            [
              -79.9186412,
              43.4450755
            ],
            [
              -79.9186278,
              43.4450502
            ],
            [
              -79.918617,
              43.4450375
            ],
            [
              -79.9185862,
              43.4450122
            ],
            [
              -79.9185567,
              43.4449947
            ],
            [
              -79.9185178,
              43.4449801
            ],
            [
              -79.918487,
              43.4449713
            ],
            [
              -79.9184481,
              43.4449684
            ],
            [
              -79.9183837,
              43.4449684
            ],
            [
              -79.9183274,
              43.4449752
            ],
            [
              -79.9182844,
              43.4449898
            ],
            [
              -79.9182442,
              43.4450112
            ],
            [
              -79.9182147,
              43.4450395
            ],
            [
              -79.9181865,
              43.4450755
            ],
            [
              -79.9181651,
              43.4451125
            ],
            [
              -79.918149,
              43.4451524
            ],
            [
              -79.9181356,
              43.4451982
            ],
            [
              -79.9181316,
              43.4452313
            ],
            [
              -79.9181168,
              43.4452537
            ],
            [
              -79.91809,
              43.4452722
            ],
            [
              -79.918086,
              43.4452897
            ],
            [
              -79.9180954,
              43.4454864
            ]
          ]
        ]
      }
    },
    {
      "type": "Feature",
      "properties": {
        "@id": "way/779947920",
        "golf": "bunker",
        "natural": "sand"
      },
      "geometry": {
        "type": "Polygon",
        "coordinates": [
          [
            [
              -79.9178915,
              43.4455439
            ],
            [
              -79.9179049,
              43.4455531
            ],
            [
              -79.9179197,
              43.445558
            ],
            [
              -79.9179438,
              43.4455594
            ],
            [
              -79.9179646,
              43.4455541
            ],
            [
              -79.9179854,
              43.4455419
            ],
            [
              -79.9179948,
              43.4455312
            ],
            [
              -79.9179988,
              43.44552
            ],
            [
              -79.9179921,
              43.4455054
            ],
            [
              -79.9179767,
              43.4454922
            ],
            [
              -79.9179612,
              43.4454796
            ],
            [
              -79.9179552,
              43.445464
            ],
            [
              -79.9179545,
              43.4454465
            ],
            [
              -79.9179545,
              43.4454319
            ],
            [
              -79.9179492,
              43.4454158
            ],
            [
              -79.9179438,
              43.4454007
            ],
            [
              -79.9179485,
              43.4453822
            ],
            [
              -79.9179565,
              43.4453696
            ],
            [
              -79.9179586,
              43.4453564
            ],
            [
              -79.9179565,
              43.4453389
            ],
            [
              -79.9179572,
              43.4453189
            ],
            [
              -79.9179639,
              43.4452965
            ],
            [
              -79.917976,
              43.4452863
            ],
            [
              -79.9179988,
              43.4452737
            ],
            [
              -79.9180209,
              43.4452702
            ],
            [
              -79.918041,
              43.4452649
            ],
            [
              -79.9180605,
              43.4452566
            ],
            [
              -79.9180679,
              43.4452459
            ],
            [
              -79.9180625,
              43.4452323
            ],
            [
              -79.9180484,
              43.4452221
            ],
            [
              -79.9180283,
              43.4452162
            ],
            [
              -79.9180042,
              43.4452152
            ],
            [
              -79.9179726,
              43.4452191
            ],
            [
              -79.9179445,
              43.4452303
            ],
            [
              -79.9179143,
              43.4452474
            ],
            [
              -79.9178942,
              43.4452649
            ],
            [
              -79.9178761,
              43.4452849
            ],
            [
              -79.9178687,
              43.4453077
            ],
            [
              -79.9178674,
              43.445334
            ],
            [
              -79.91787,
              43.4453506
            ],
            [
              -79.9178674,
              43.445373
            ],
            [
              -79.9178486,
              43.4453924
            ],
            [
              -79.9178392,
              43.4454168
            ],
            [
              -79.9178593,
              43.4454353
            ],
            [
              -79.9178835,
              43.4454441
            ],
            [
              -79.9179009,
              43.4454548
            ],
            [
              -79.9179036,
              43.4454733
            ],
            [
              -79.9178982,
              43.4454947
            ],
            [
              -79.9178888,
              43.4455151
            ],
            [
              -79.9178835,
              43.4455317
            ],
            [
              -79.9178915,
              43.4455439
            ]
          ]
        ]
      }
    },
    {
      "type": "Feature",
      "properties": {
        "@id": "way/779947921",
        "golf": "tee",
        "landuse": "grass"
      },
      "geometry": {
        "type": "Polygon",
        "coordinates": [
          [
            [
              -79.9179505,
              43.4458637
            ],
            [
              -79.9179592,
              43.4458671
            ],
            [
              -79.9179753,
              43.4458715
            ],
            [
              -79.9180088,
              43.44587
            ],
            [
              -79.9180417,
              43.4458598
            ],
            [
              -79.9180578,
              43.4458467
            ],
            [
              -79.9180638,
              43.4458272
            ],
            [
              -79.9180585,
              43.4458097
            ],
            [
              -79.9180457,
              43.445797
            ],
            [
              -79.9180296,
              43.4457887
            ],
            [
              -79.9179995,
              43.4457863
            ],
            [
              -79.9179767,
              43.4457863
            ],
            [
              -79.9179565,
              43.4457921
            ],
            [
              -79.9179371,
              43.4458063
            ],
            [
              -79.9179331,
              43.4458209
            ],
            [
              -79.9179324,
              43.4458355
            ],
            [
              -79.9179378,
              43.4458515
            ],
            [
              -79.9179505,
              43.4458637
            ]
          ]
        ]
      }
    },
    {
      "type": "Feature",
      "properties": {
        "@id": "way/779947922",
        "golf": "tee",
        "landuse": "grass"
      },
      "geometry": {
        "type": "Polygon",
        "coordinates": [
          [
            [
              -79.9176742,
              43.4460886
            ],
            [
              -79.9176843,
              43.4460984
            ],
            [
              -79.9177037,
              43.4461057
            ],
            [
              -79.9177212,
              43.4461057
            ],
            [
              -79.9177447,
              43.4461008
            ],
            [
              -79.9177721,
              43.4460886
            ],
            [
              -79.9177862,
              43.4460818
            ],
            [
              -79.917801,
              43.4460735
            ],
            [
              -79.9178171,
              43.4460628
            ],
            [
              -79.9178379,
              43.4460507
            ],
            [
              -79.9178506,
              43.4460409
            ],
            [
              -79.9178586,
              43.4460317
            ],
            [
              -79.917856,
              43.4460195
            ],
            [
              -79.9178426,
              43.4460064
            ],
            [
              -79.9178251,
              43.4459981
            ],
            [
              -79.9178124,
              43.4459952
            ],
            [
              -79.9177936,
              43.4459922
            ],
            [
              -79.9177715,
              43.4459898
            ],
            [
              -79.9177534,
              43.4459893
            ],
            [
              -79.9177279,
              43.4459908
            ],
            [
              -79.9177058,
              43.4459971
            ],
            [
              -79.9176903,
              43.4460049
            ],
            [
              -79.9176803,
              43.4460122
            ],
            [
              -79.9176682,
              43.4460234
            ],
            [
              -79.9176628,
              43.4460331
            ],
            [
              -79.9176608,
              43.4460507
            ],
            [
              -79.9176628,
              43.4460682
            ],
            [
              -79.9176675,
              43.4460794
            ],
            [
              -79.9176742,
              43.4460886
            ]
          ]
        ]
      }
    },
    {
      "type": "Feature",
      "properties": {
        "@id": "way/779947923",
        "golf": "tee",
        "landuse": "grass"
      },
      "geometry": {
        "type": "Polygon",
        "coordinates": [
          [
            [
              -79.9173544,
              43.4464163
            ],
            [
              -79.9173792,
              43.4464182
            ],
            [
              -79.9174087,
              43.4464158
            ],
            [
              -79.9174442,
              43.446406
            ],
            [
              -79.9174664,
              43.4463939
            ],
            [
              -79.9174851,
              43.4463822
            ],
            [
              -79.9175073,
              43.4463627
            ],
            [
              -79.9175173,
              43.4463476
            ],
            [
              -79.9175247,
              43.4463252
            ],
            [
              -79.9175193,
              43.4463038
            ],
            [
              -79.9175086,
              43.4462863
            ],
            [
              -79.9174878,
              43.4462722
            ],
            [
              -79.917461,
              43.4462639
            ],
            [
              -79.9174308,
              43.4462644
            ],
            [
              -79.9174054,
              43.4462726
            ],
            [
              -79.9173859,
              43.4462824
            ],
            [
              -79.9173705,
              43.4462975
            ],
            [
              -79.9173577,
              43.446314
            ],
            [
              -79.9173417,
              43.4463325
            ],
            [
              -79.9173242,
              43.4463452
            ],
            [
              -79.9173115,
              43.4463617
            ],
            [
              -79.9173075,
              43.4463802
            ],
            [
              -79.9173135,
              43.4463948
            ],
            [
              -79.9173323,
              43.4464104
            ],
            [
              -79.9173544,
              43.4464163
            ]
          ]
        ]
      }
    },
    {
      "type": "Feature",
      "properties": {
        "@id": "way/779947924",
        "golf": "tee",
        "landuse": "grass"
      },
      "geometry": {
        "type": "Polygon",
        "coordinates": [
          [
            [
              -79.9170319,
              43.4466402
            ],
            [
              -79.9170446,
              43.446649
            ],
            [
              -79.9170674,
              43.4466577
            ],
            [
              -79.9170942,
              43.4466602
            ],
            [
              -79.9171204,
              43.4466534
            ],
            [
              -79.9171398,
              43.4466441
            ],
            [
              -79.9171566,
              43.4466324
            ],
            [
              -79.9171713,
              43.4466168
            ],
            [
              -79.9171834,
              43.4466017
            ],
            [
              -79.9171834,
              43.4465862
            ],
            [
              -79.917176,
              43.4465662
            ],
            [
              -79.9171579,
              43.446554
            ],
            [
              -79.9171324,
              43.4465467
            ],
            [
              -79.9171029,
              43.4465443
            ],
            [
              -79.9170687,
              43.4465477
            ],
            [
              -79.9170426,
              43.446557
            ],
            [
              -79.9170205,
              43.4465716
            ],
            [
              -79.9170097,
              43.4465871
            ],
            [
              -79.917007,
              43.4466091
            ],
            [
              -79.9170184,
              43.446629
            ],
            [
              -79.9170319,
              43.4466402
            ]
          ]
        ]
      }
    },
    {
      "type": "Feature",
      "properties": {
        "@id": "way/779947925",
        "golf": "water_hazard",
        "natural": "water"
      },
      "geometry": {
        "type": "Polygon",
        "coordinates": [
          [
            [
              -79.9154044,
              43.4469479
            ],
            [
              -79.9154715,
              43.4469528
            ],
            [
              -79.9155372,
              43.4469576
            ],
            [
              -79.9155895,
              43.4469615
            ],
            [
              -79.9156244,
              43.4469615
            ],
            [
              -79.915678,
              43.4469547
            ],
            [
              -79.9157115,
              43.4469722
            ],
            [
              -79.9157518,
              43.4469946
            ],
            [
              -79.9158054,
              43.4469985
            ],
            [
              -79.9158792,
              43.4469829
            ],
            [
              -79.915902,
              43.4469654
            ],
            [
              -79.9159342,
              43.4469566
            ],
            [
              -79.9159905,
              43.4469615
            ],
            [
              -79.9160334,
              43.4469654
            ],
            [
              -79.9160844,
              43.4469615
            ],
            [
              -79.9161568,
              43.4469372
            ],
            [
              -79.9161917,
              43.4469177
            ],
            [
              -79.9162238,
              43.4468992
            ],
            [
              -79.9162574,
              43.4468895
            ],
            [
              -79.9162882,
              43.4468865
            ],
            [
              -79.9163311,
              43.4468885
            ],
            [
              -79.9163754,
              43.4468924
            ],
            [
              -79.9164223,
              43.4468885
            ],
            [
              -79.9164706,
              43.4468797
            ],
            [
              -79.9165028,
              43.4468632
            ],
            [
              -79.9165336,
              43.4468359
            ],
            [
              -79.9165591,
              43.4468087
            ],
            [
              -79.9165926,
              43.4467931
            ],
            [
              -79.9166329,
              43.4467824
            ],
            [
              -79.9166892,
              43.4467658
            ],
            [
              -79.9167469,
              43.4467424
            ],
            [
              -79.9167925,
              43.4467123
            ],
            [
              -79.9168193,
              43.4466869
            ],
            [
              -79.9168381,
              43.4466412
            ],
            [
              -79.9168488,
              43.4466091
            ],
            [
              -79.9168488,
              43.4465798
            ],
            [
              -79.9168475,
              43.4465399
            ],
            [
              -79.9168327,
              43.4464971
            ],
            [
              -79.9168126,
              43.4464581
            ],
            [
              -79.9167764,
              43.446427
            ],
            [
              -79.9167428,
              43.4464017
            ],
            [
              -79.9167093,
              43.4463802
            ],
            [
              -79.9166637,
              43.4463676
            ],
            [
              -79.9166181,
              43.4463578
            ],
            [
              -79.9165779,
              43.4463442
            ],
            [
              -79.9165216,
              43.4463247
            ],
            [
              -79.9164679,
              43.446315
            ],
            [
              -79.9164062,
              43.4463131
            ],
            [
              -79.9163553,
              43.446316
            ],
            [
              -79.9162989,
              43.4463208
            ],
            [
              -79.9162386,
              43.4463384
            ],
            [
              -79.9161809,
              43.446354
            ],
            [
              -79.916142,
              43.4463724
            ],
            [
              -79.916083,
              43.4463754
            ],
            [
              -79.9160294,
              43.4463793
            ],
            [
              -79.9159811,
              43.4463968
            ],
            [
              -79.9159355,
              43.4464241
            ],
            [
              -79.915898,
              43.4464591
            ],
            [
              -79.9158591,
              43.4464873
            ],
            [
              -79.9158215,
              43.4465078
            ],
            [
              -79.9157437,
              43.4465351
            ],
            [
              -79.9156807,
              43.4465477
            ],
            [
              -79.9156311,
              43.4465555
            ],
            [
              -79.9155627,
              43.4465759
            ],
            [
              -79.9155131,
              43.4465993
            ],
            [
              -79.9154648,
              43.4466217
            ],
            [
              -79.9154272,
              43.446648
            ],
            [
              -79.9153937,
              43.4466743
            ],
            [
              -79.9153749,
              43.4466967
            ],
            [
              -79.9153508,
              43.4467298
            ],
            [
              -79.915332,
              43.4467707
            ],
            [
              -79.9153213,
              43.4468155
            ],
            [
              -79.9153199,
              43.4468379
            ],
            [
              -79.9153253,
              43.446868
            ],
            [
              -79.9153374,
              43.446905
            ],
            [
              -79.9153642,
              43.4469381
            ],
            [
              -79.9154044,
              43.4469479
            ]
          ]
        ]
      }
    },
    {
      "type": "Feature",
      "properties": {
        "@id": "way/779947926",
        "golf": "cartpath",
        "golf_cart": "designated",
        "highway": "service"
      },
      "geometry": {
        "type": "LineString",
        "coordinates": [
          [
            -79.9153288,
            43.4472873
          ],
          [
            -79.9152413,
            43.4473453
          ],
          [
            -79.9151471,
            43.4473886
          ],
          [
            -79.9150442,
            43.4474452
          ],
          [
            -79.9149861,
            43.4474986
          ],
          [
            -79.9149258,
            43.4475755
          ],
          [
            -79.9148836,
            43.447612
          ],
          [
            -79.9148333,
            43.4476378
          ],
          [
            -79.9147099,
            43.4477036
          ],
          [
            -79.9145972,
            43.4477703
          ],
          [
            -79.9144822,
            43.4478591
          ],
          [
            -79.9143333,
            43.4479787
          ],
          [
            -79.9142183,
            43.4480487
          ],
          [
            -79.9140895,
            43.4480901
          ],
          [
            -79.9139589,
            43.4481209
          ],
          [
            -79.9138455,
            43.4481563
          ],
          [
            -79.9137639,
            43.4482061
          ],
          [
            -79.9137376,
            43.4482634
          ],
          [
            -79.9137649,
            43.4483374
          ],
          [
            -79.9137528,
            43.4484218
          ],
          [
            -79.9137144,
            43.4484937
          ],
          [
            -79.9136323,
            43.4485334
          ],
          [
            -79.9135216,
            43.448544
          ],
          [
            -79.9134117,
            43.4485277
          ],
          [
            -79.9133368,
            43.4485211
          ],
          [
            -79.9132491,
            43.448531
          ],
          [
            -79.9131896,
            43.4485741
          ],
          [
            -79.9131563,
            43.4486329
          ],
          [
            -79.9131399,
            43.4487399
          ],
          [
            -79.9131128,
            43.4487717
          ],
          [
            -79.9130618,
            43.4487855
          ],
          [
            -79.9130014,
            43.4487858
          ],
          [
            -79.9129178,
            43.4487507
          ],
          [
            -79.912814,
            43.4486585
          ],
          [
            -79.9127882,
            43.4486356
          ]
        ]
      }
    },
    {
      "type": "Feature",
      "properties": {
        "@id": "way/779947927",
        "golf": "bunker",
        "natural": "sand"
      },
      "geometry": {
        "type": "Polygon",
        "coordinates": [
          [
            [
              -79.9161648,
              43.4473524
            ],
            [
              -79.9161782,
              43.4473563
            ],
            [
              -79.916197,
              43.4473554
            ],
            [
              -79.9162158,
              43.4473456
            ],
            [
              -79.9162305,
              43.447333
            ],
            [
              -79.9162399,
              43.4473164
            ],
            [
              -79.9162399,
              43.4472969
            ],
            [
              -79.9162265,
              43.4472804
            ],
            [
              -79.9162064,
              43.4472716
            ],
            [
              -79.9161742,
              43.4472726
            ],
            [
              -79.9161514,
              43.4472843
            ],
            [
              -79.9161353,
              43.4473008
            ],
            [
              -79.9161326,
              43.4473193
            ],
            [
              -79.9161434,
              43.4473417
            ],
            [
              -79.9161648,
              43.4473524
            ]
          ]
        ]
      }
    },
    {
      "type": "Feature",
      "properties": {
        "@id": "way/779947928",
        "golf": "bunker",
        "natural": "sand"
      },
      "geometry": {
        "type": "Polygon",
        "coordinates": [
          [
            [
              -79.9160361,
              43.4474284
            ],
            [
              -79.9160482,
              43.4474381
            ],
            [
              -79.9160683,
              43.447443
            ],
            [
              -79.9160897,
              43.4474401
            ],
            [
              -79.9161125,
              43.4474333
            ],
            [
              -79.9161286,
              43.4474196
            ],
            [
              -79.9161273,
              43.4474021
            ],
            [
              -79.9161072,
              43.4473865
            ],
            [
              -79.9160777,
              43.4473787
            ],
            [
              -79.9160468,
              43.4473787
            ],
            [
              -79.916028,
              43.4473865
            ],
            [
              -79.916024,
              43.4474031
            ],
            [
              -79.916028,
              43.4474177
            ],
            [
              -79.9160361,
              43.4474284
            ]
          ]
        ]
      }
    },
    {
      "type": "Feature",
      "properties": {
        "@id": "way/779947929",
        "golf": "bunker",
        "natural": "sand"
      },
      "geometry": {
        "type": "Polygon",
        "coordinates": [
          [
            [
              -79.9155359,
              43.4477361
            ],
            [
              -79.9155466,
              43.4477526
            ],
            [
              -79.9155654,
              43.4477662
            ],
            [
              -79.9155841,
              43.447776
            ],
            [
              -79.9156136,
              43.4477799
            ],
            [
              -79.9156458,
              43.447776
            ],
            [
              -79.9156726,
              43.4477575
            ],
            [
              -79.9156767,
              43.4477341
            ],
            [
              -79.9156659,
              43.4477137
            ],
            [
              -79.9156498,
              43.4477
            ],
            [
              -79.9156418,
              43.4476815
            ],
            [
              -79.9156445,
              43.447663
            ],
            [
              -79.9156566,
              43.4476484
            ],
            [
              -79.915682,
              43.4476358
            ],
            [
              -79.9157129,
              43.4476348
            ],
            [
              -79.915741,
              43.4476445
            ],
            [
              -79.9157625,
              43.4476484
            ],
            [
              -79.915784,
              43.4476475
            ],
            [
              -79.9158014,
              43.4476397
            ],
            [
              -79.9158121,
              43.447629
            ],
            [
              -79.9158135,
              43.4476114
            ],
            [
              -79.9157974,
              43.447592
            ],
            [
              -79.9157853,
              43.4475744
            ],
            [
              -79.9157799,
              43.4475579
            ],
            [
              -79.915784,
              43.4475423
            ],
            [
              -79.9157987,
              43.4475277
            ],
            [
              -79.9158188,
              43.4475189
            ],
            [
              -79.9158416,
              43.447516
            ],
            [
              -79.9158671,
              43.4475199
            ],
            [
              -79.9158886,
              43.4475257
            ],
            [
              -79.91591,
              43.4475267
            ],
            [
              -79.9159328,
              43.4475219
            ],
            [
              -79.9159583,
              43.4475082
            ],
            [
              -79.9159677,
              43.4474878
            ],
            [
              -79.9159583,
              43.4474693
            ],
            [
              -79.9159449,
              43.4474547
            ],
            [
              -79.9159248,
              43.447441
            ],
            [
              -79.9159181,
              43.4474216
            ],
            [
              -79.9159208,
              43.447404
            ],
            [
              -79.9159167,
              43.4473865
            ],
            [
              -79.915902,
              43.4473748
            ],
            [
              -79.9158792,
              43.4473739
            ],
            [
              -79.915851,
              43.4473807
            ],
            [
              -79.9158322,
              43.4473933
            ],
            [
              -79.9158255,
              43.4474167
            ],
            [
              -79.9158336,
              43.4474381
            ],
            [
              -79.9158443,
              43.4474547
            ],
            [
              -79.915843,
              43.4474673
            ],
            [
              -79.9158242,
              43.4474819
            ],
            [
              -79.9158014,
              43.4474868
            ],
            [
              -79.9157719,
              43.4474887
            ],
            [
              -79.9157357,
              43.4474897
            ],
            [
              -79.9157062,
              43.4474946
            ],
            [
              -79.9156861,
              43.4475053
            ],
            [
              -79.9156726,
              43.4475228
            ],
            [
              -79.9156726,
              43.4475413
            ],
            [
              -79.915678,
              43.4475589
            ],
            [
              -79.9156861,
              43.4475744
            ],
            [
              -79.9156807,
              43.4475958
            ],
            [
              -79.9156566,
              43.4476075
            ],
            [
              -79.9156297,
              43.4476143
            ],
            [
              -79.9156002,
              43.4476202
            ],
            [
              -79.9155788,
              43.4476251
            ],
            [
              -79.9155587,
              43.4476397
            ],
            [
              -79.9155412,
              43.4476562
            ],
            [
              -79.9155291,
              43.4476786
            ],
            [
              -79.9155265,
              43.4476961
            ],
            [
              -79.9155291,
              43.4477166
            ],
            [
              -79.9155359,
              43.4477361
            ]
          ]
        ]
      }
    },
    {
      "type": "Feature",
      "properties": {
        "@id": "way/779947930",
        "golf": "bunker",
        "natural": "sand"
      },
      "geometry": {
        "type": "Polygon",
        "coordinates": [
          [
            [
              -79.9145434,
              43.4485152
            ],
            [
              -79.9145508,
              43.4485274
            ],
            [
              -79.9145649,
              43.4485366
            ],
            [
              -79.9145884,
              43.448543
            ],
            [
              -79.9146118,
              43.4485449
            ],
            [
              -79.9146387,
              43.4485425
            ],
            [
              -79.9146615,
              43.4485332
            ],
            [
              -79.9146742,
              43.4485225
            ],
            [
              -79.9146829,
              43.4485113
            ],
            [
              -79.9146889,
              43.4484996
            ],
            [
              -79.9146863,
              43.4484855
            ],
            [
              -79.9146775,
              43.4484758
            ],
            [
              -79.9146541,
              43.4484724
            ],
            [
              -79.9146299,
              43.4484719
            ],
            [
              -79.9146132,
              43.4484665
            ],
            [
              -79.9146051,
              43.4484573
            ],
            [
              -79.9146045,
              43.4484446
            ],
            [
              -79.9146125,
              43.4484324
            ],
            [
              -79.9146219,
              43.4484217
            ],
            [
              -79.9146252,
              43.4484091
            ],
            [
              -79.9146159,
              43.4483979
            ],
            [
              -79.9145984,
              43.4483906
            ],
            [
              -79.9145783,
              43.4483896
            ],
            [
              -79.9145589,
              43.4483984
            ],
            [
              -79.9145522,
              43.4484159
            ],
            [
              -79.9145562,
              43.4484339
            ],
            [
              -79.9145636,
              43.4484466
            ],
            [
              -79.9145662,
              43.4484617
            ],
            [
              -79.9145615,
              43.4484767
            ],
            [
              -79.9145488,
              43.448485
            ],
            [
              -79.9145394,
              43.4485006
            ],
            [
              -79.9145434,
              43.4485152
            ]
          ]
        ]
      }
    },
    {
      "type": "Feature",
      "properties": {
        "@id": "way/779947931",
        "golf": "bunker",
        "natural": "sand"
      },
      "geometry": {
        "type": "Polygon",
        "coordinates": [
          [
            [
              -79.9140613,
              43.4482723
            ],
            [
              -79.91407,
              43.4482845
            ],
            [
              -79.9140821,
              43.4482927
            ],
            [
              -79.9140989,
              43.4483
            ],
            [
              -79.914117,
              43.4483005
            ],
            [
              -79.9141371,
              43.4482971
            ],
            [
              -79.9141552,
              43.4482927
            ],
            [
              -79.9141726,
              43.4482918
            ],
            [
              -79.9141901,
              43.4482947
            ],
            [
              -79.9142048,
              43.4482995
            ],
            [
              -79.9142216,
              43.4483064
            ],
            [
              -79.9142397,
              43.4483078
            ],
            [
              -79.9142524,
              43.4483073
            ],
            [
              -79.9142712,
              43.448302
            ],
            [
              -79.9142819,
              43.4482947
            ],
            [
              -79.914294,
              43.4482888
            ],
            [
              -79.9143101,
              43.4482835
            ],
            [
              -79.9143302,
              43.448281
            ],
            [
              -79.9143517,
              43.4482781
            ],
            [
              -79.9143711,
              43.4482757
            ],
            [
              -79.9143872,
              43.4482718
            ],
            [
              -79.9143966,
              43.4482621
            ],
            [
              -79.9143999,
              43.4482479
            ],
            [
              -79.9143973,
              43.4482377
            ],
            [
              -79.9143932,
              43.4482256
            ],
            [
              -79.9143845,
              43.4482168
            ],
            [
              -79.9143724,
              43.448208
            ],
            [
              -79.9143543,
              43.4482027
            ],
            [
              -79.9143336,
              43.4482056
            ],
            [
              -79.9143168,
              43.4482148
            ],
            [
              -79.9143094,
              43.448228
            ],
            [
              -79.9143054,
              43.448245
            ],
            [
              -79.914298,
              43.4482552
            ],
            [
              -79.9142839,
              43.4482635
            ],
            [
              -79.9142699,
              43.4482679
            ],
            [
              -79.9142538,
              43.448266
            ],
            [
              -79.9142363,
              43.4482596
            ],
            [
              -79.9142289,
              43.4482475
            ],
            [
              -79.9142303,
              43.4482333
            ],
            [
              -79.9142437,
              43.4482231
            ],
            [
              -79.9142531,
              43.4482129
            ],
            [
              -79.9142564,
              43.4482027
            ],
            [
              -79.9142551,
              43.4481895
            ],
            [
              -79.9142484,
              43.4481793
            ],
            [
              -79.9142336,
              43.4481749
            ],
            [
              -79.9142189,
              43.448172
            ],
            [
              -79.9142015,
              43.4481754
            ],
            [
              -79.9141921,
              43.4481827
            ],
            [
              -79.914188,
              43.4481954
            ],
            [
              -79.9141914,
              43.4482109
            ],
            [
              -79.9141934,
              43.4482226
            ],
            [
              -79.9141914,
              43.4482343
            ],
            [
              -79.9141827,
              43.4482431
            ],
            [
              -79.9141646,
              43.448245
            ],
            [
              -79.9141485,
              43.4482431
            ],
            [
              -79.9141384,
              43.4482343
            ],
            [
              -79.9141223,
              43.4482251
            ],
            [
              -79.9141076,
              43.4482241
            ],
            [
              -79.9140875,
              43.448226
            ],
            [
              -79.9140694,
              43.4482338
            ],
            [
              -79.91406,
              43.4482402
            ],
            [
              -79.9140546,
              43.4482518
            ],
            [
              -79.9140553,
              43.4482621
            ],
            [
              -79.9140613,
              43.4482723
            ]
          ]
        ]
      }
    },
    {
      "type": "Feature",
      "properties": {
        "@id": "way/779947932",
        "golf": "green",
        "landuse": "grass"
      },
      "geometry": {
        "type": "Polygon",
        "coordinates": [
          [
            [
              -79.9139802,
              43.4484037
            ],
            [
              -79.9139842,
              43.4484159
            ],
            [
              -79.9139943,
              43.4484251
            ],
            [
              -79.9140124,
              43.4484324
            ],
            [
              -79.9140224,
              43.4484363
            ],
            [
              -79.9140425,
              43.4484402
            ],
            [
              -79.9140673,
              43.4484422
            ],
            [
              -79.9140908,
              43.4484422
            ],
            [
              -79.9141156,
              43.4484417
            ],
            [
              -79.9141398,
              43.4484412
            ],
            [
              -79.9141686,
              43.4484417
            ],
            [
              -79.9141914,
              43.4484436
            ],
            [
              -79.9142149,
              43.4484514
            ],
            [
              -79.9142403,
              43.4484621
            ],
            [
              -79.9142658,
              43.4484743
            ],
            [
              -79.9142873,
              43.448485
            ],
            [
              -79.9143148,
              43.4484918
            ],
            [
              -79.914349,
              43.4484996
            ],
            [
              -79.9143751,
              43.448504
            ],
            [
              -79.9143932,
              43.448505
            ],
            [
              -79.9144221,
              43.4485045
            ],
            [
              -79.9144355,
              43.4485001
            ],
            [
              -79.9144563,
              43.4484928
            ],
            [
              -79.914471,
              43.4484816
            ],
            [
              -79.9144804,
              43.4484714
            ],
            [
              -79.9144838,
              43.4484505
            ],
            [
              -79.9144838,
              43.4484393
            ],
            [
              -79.9144824,
              43.4484183
            ],
            [
              -79.9144777,
              43.4484062
            ],
            [
              -79.9144703,
              43.4483906
            ],
            [
              -79.9144576,
              43.448374
            ],
            [
              -79.9144455,
              43.4483643
            ],
            [
              -79.9144274,
              43.4483546
            ],
            [
              -79.9144046,
              43.4483453
            ],
            [
              -79.9143765,
              43.4483438
            ],
            [
              -79.9143631,
              43.4483438
            ],
            [
              -79.914347,
              43.4483438
            ],
            [
              -79.9143027,
              43.4483477
            ],
            [
              -79.9142725,
              43.4483565
            ],
            [
              -79.914245,
              43.4483609
            ],
            [
              -79.9142122,
              43.4483628
            ],
            [
              -79.914184,
              43.4483633
            ],
            [
              -79.9141552,
              43.4483614
            ],
            [
              -79.9141351,
              43.448356
            ],
            [
              -79.914115,
              43.4483487
            ],
            [
              -79.9140948,
              43.4483438
            ],
            [
              -79.9140647,
              43.4483395
            ],
            [
              -79.9140392,
              43.4483404
            ],
            [
              -79.9140177,
              43.4483468
            ],
            [
              -79.9139956,
              43.4483604
            ],
            [
              -79.9139842,
              43.448374
            ],
            [
              -79.9139788,
              43.4483886
            ],
            [
              -79.9139802,
              43.4484037
            ]
          ]
        ]
      }
    },
    {
      "type": "Feature",
      "properties": {
        "@id": "way/779947933",
        "golf": "fairway",
        "landuse": "grass"
      },
      "geometry": {
        "type": "Polygon",
        "coordinates": [
          [
            [
              -79.9144824,
              43.4484183
            ],
            [
              -79.9144918,
              43.4484066
            ],
            [
              -79.914528,
              43.4483677
            ],
            [
              -79.9145656,
              43.4483502
            ],
            [
              -79.9145978,
              43.4483356
            ],
            [
              -79.9146152,
              43.4483258
            ],
            [
              -79.9146393,
              43.4483025
            ],
            [
              -79.9146527,
              43.448282
            ],
            [
              -79.9146729,
              43.4482567
            ],
            [
              -79.914701,
              43.4482343
            ],
            [
              -79.9147372,
              43.4482129
            ],
            [
              -79.9147694,
              43.4481993
            ],
            [
              -79.9148137,
              43.4481876
            ],
            [
              -79.9148633,
              43.448171
            ],
            [
              -79.914925,
              43.4481486
            ],
            [
              -79.9149719,
              43.4481311
            ],
            [
              -79.9150081,
              43.4481165
            ],
            [
              -79.9150618,
              43.4480941
            ],
            [
              -79.9150913,
              43.4480766
            ],
            [
              -79.9151101,
              43.4480552
            ],
            [
              -79.9151194,
              43.4480279
            ],
            [
              -79.9151329,
              43.4479987
            ],
            [
              -79.9151516,
              43.4479646
            ],
            [
              -79.9151825,
              43.4479228
            ],
            [
              -79.9152093,
              43.4478935
            ],
            [
              -79.9152401,
              43.4478653
            ],
            [
              -79.9152683,
              43.4478419
            ],
            [
              -79.9153032,
              43.4478195
            ],
            [
              -79.9153434,
              43.4477874
            ],
            [
              -79.9153716,
              43.447767
            ],
            [
              -79.9154064,
              43.4477417
            ],
            [
              -79.9154306,
              43.4477183
            ],
            [
              -79.9154547,
              43.4476852
            ],
            [
              -79.9154748,
              43.4476453
            ],
            [
              -79.9154963,
              43.4476141
            ],
            [
              -79.9155204,
              43.4475839
            ],
            [
              -79.9155633,
              43.4475421
            ],
            [
              -79.9155929,
              43.4475109
            ],
            [
              -79.9156237,
              43.4474758
            ],
            [
              -79.9156559,
              43.4474593
            ],
            [
              -79.9157028,
              43.4474388
            ],
            [
              -79.9157337,
              43.4474291
            ],
            [
              -79.9157632,
              43.4474135
            ],
            [
              -79.9157793,
              43.4473921
            ],
            [
              -79.9157954,
              43.4473658
            ],
            [
              -79.9158396,
              43.4473415
            ],
            [
              -79.9158906,
              43.447323
            ],
            [
              -79.9159308,
              43.4473025
            ],
            [
              -79.9159764,
              43.4472801
            ],
            [
              -79.9159952,
              43.4472636
            ],
            [
              -79.9160086,
              43.4472393
            ],
            [
              -79.9160099,
              43.447213
            ],
            [
              -79.9159992,
              43.4471906
            ],
            [
              -79.9159845,
              43.4471721
            ],
            [
              -79.9159697,
              43.4471594
            ],
            [
              -79.9159321,
              43.4471351
            ],
            [
              -79.9158973,
              43.4471214
            ],
            [
              -79.9158544,
              43.4471136
            ],
            [
              -79.9157994,
              43.4471127
            ],
            [
              -79.9157404,
              43.4471175
            ],
            [
              -79.9156934,
              43.4471321
            ],
            [
              -79.9156465,
              43.4471477
            ],
            [
              -79.9155942,
              43.4471701
            ],
            [
              -79.9155486,
              43.4471954
            ],
            [
              -79.915507,
              43.4472246
            ],
            [
              -79.9154507,
              43.4472665
            ],
            [
              -79.9154131,
              43.4472986
            ],
            [
              -79.9153743,
              43.4473288
            ],
            [
              -79.91533,
              43.447358
            ],
            [
              -79.9152844,
              43.4473989
            ],
            [
              -79.9152348,
              43.4474379
            ],
            [
              -79.9151905,
              43.44747
            ],
            [
              -79.9151503,
              43.4475021
            ],
            [
              -79.9151154,
              43.4475284
            ],
            [
              -79.9150792,
              43.4475537
            ],
            [
              -79.9150323,
              43.4475829
            ],
            [
              -79.9149303,
              43.4476443
            ],
            [
              -79.9148794,
              43.4476871
            ],
            [
              -79.9148485,
              43.4477134
            ],
            [
              -79.9148003,
              43.4477485
            ],
            [
              -79.9147614,
              43.4477709
            ],
            [
              -79.9147104,
              43.4478001
            ],
            [
              -79.9146635,
              43.4478341
            ],
            [
              -79.9146152,
              43.4478809
            ],
            [
              -79.9145843,
              43.4479305
            ],
            [
              -79.9145615,
              43.4479627
            ],
            [
              -79.9145267,
              43.4480045
            ],
            [
              -79.9144891,
              43.4480425
            ],
            [
              -79.9144569,
              43.4480707
            ],
            [
              -79.9144301,
              43.448099
            ],
            [
              -79.9144167,
              43.4481262
            ],
            [
              -79.9144154,
              43.4481525
            ],
            [
              -79.9144234,
              43.4482012
            ],
            [
              -79.9144328,
              43.4482421
            ],
            [
              -79.9144315,
              43.4482577
            ],
            [
              -79.9144234,
              43.4482859
            ],
            [
              -79.914406,
              43.4483093
            ],
            [
              -79.9143899,
              43.4483288
            ],
            [
              -79.9143631,
              43.4483438
            ],
            [
              -79.9144824,
              43.4484183
            ]
          ]
        ]
      }
    },
    {
      "type": "Feature",
      "properties": {
        "@id": "way/779956284",
        "golf": "cartpath",
        "golf_cart": "designated",
        "highway": "service"
      },
      "geometry": {
        "type": "LineString",
        "coordinates": [
          [
            -79.9124722,
            43.4487286
          ],
          [
            -79.9122785,
            43.4487867
          ],
          [
            -79.9122288,
            43.4488802
          ],
          [
            -79.9122101,
            43.4489406
          ],
          [
            -79.9121377,
            43.4490029
          ],
          [
            -79.912033,
            43.4490554
          ],
          [
            -79.9119472,
            43.4491645
          ],
          [
            -79.9119043,
            43.4492482
          ],
          [
            -79.9118932,
            43.4493001
          ]
        ]
      }
    },
    {
      "type": "Feature",
      "properties": {
        "@id": "way/779956286",
        "golf": "green",
        "landuse": "grass"
      },
      "geometry": {
        "type": "Polygon",
        "coordinates": [
          [
            [
              -79.9128678,
              43.4486169
            ],
            [
              -79.9128839,
              43.4486256
            ],
            [
              -79.9129121,
              43.4486266
            ],
            [
              -79.9129429,
              43.4486198
            ],
            [
              -79.9129764,
              43.4486061
            ],
            [
              -79.91301,
              43.4485886
            ],
            [
              -79.9130381,
              43.4485721
            ],
            [
              -79.9130717,
              43.4485526
            ],
            [
              -79.9130918,
              43.4485341
            ],
            [
              -79.9131079,
              43.4485127
            ],
            [
              -79.9131132,
              43.4484893
            ],
            [
              -79.9131065,
              43.4484679
            ],
            [
              -79.9130797,
              43.4484465
            ],
            [
              -79.9130368,
              43.4484397
            ],
            [
              -79.9129818,
              43.4484426
            ],
            [
              -79.9129362,
              43.4484591
            ],
            [
              -79.9129013,
              43.4484776
            ],
            [
              -79.9128772,
              43.4484971
            ],
            [
              -79.9128598,
              43.4485234
            ],
            [
              -79.9128504,
              43.4485497
            ],
            [
              -79.912849,
              43.448576
            ],
            [
              -79.9128531,
              43.4485993
            ],
            [
              -79.9128678,
              43.4486169
            ]
          ]
        ]
      }
    },
    {
      "type": "Feature",
      "properties": {
        "@id": "way/779956287",
        "golf": "tee",
        "landuse": "grass"
      },
      "geometry": {
        "type": "Polygon",
        "coordinates": [
          [
            [
              -79.9122925,
              43.4488544
            ],
            [
              -79.9123019,
              43.4488603
            ],
            [
              -79.9123294,
              43.4488642
            ],
            [
              -79.9123582,
              43.4488651
            ],
            [
              -79.912387,
              43.4488642
            ],
            [
              -79.9124179,
              43.4488612
            ],
            [
              -79.9124366,
              43.4488578
            ],
            [
              -79.9124568,
              43.448852
            ],
            [
              -79.9124742,
              43.4488432
            ],
            [
              -79.9124916,
              43.4488311
            ],
            [
              -79.9125024,
              43.4488199
            ],
            [
              -79.9125077,
              43.4488087
            ],
            [
              -79.9125077,
              43.4487994
            ],
            [
              -79.912505,
              43.4487892
            ],
            [
              -79.912495,
              43.4487829
            ],
            [
              -79.9124755,
              43.4487819
            ],
            [
              -79.9124494,
              43.4487853
            ],
            [
              -79.9124273,
              43.4487902
            ],
            [
              -79.9124038,
              43.448795
            ],
            [
              -79.9123763,
              43.4488014
            ],
            [
              -79.9123548,
              43.4488048
            ],
            [
              -79.912332,
              43.4488091
            ],
            [
              -79.9123139,
              43.4488145
            ],
            [
              -79.9122992,
              43.4488242
            ],
            [
              -79.9122905,
              43.4488369
            ],
            [
              -79.9122885,
              43.4488466
            ],
            [
              -79.9122925,
              43.4488544
            ]
          ]
        ]
      }
    },
    {
      "type": "Feature",
      "properties": {
        "@id": "way/779956288",
        "golf": "tee",
        "landuse": "grass"
      },
      "geometry": {
        "type": "Polygon",
        "coordinates": [
          [
            [
              -79.9123025,
              43.4489498
            ],
            [
              -79.9123153,
              43.4489571
            ],
            [
              -79.9123294,
              43.448961
            ],
            [
              -79.9123414,
              43.448963
            ],
            [
              -79.9123689,
              43.4489596
            ],
            [
              -79.9123843,
              43.4489513
            ],
            [
              -79.9123917,
              43.4489416
            ],
            [
              -79.9123924,
              43.4489323
            ],
            [
              -79.9123917,
              43.4489201
            ],
            [
              -79.912385,
              43.4489089
            ],
            [
              -79.9123716,
              43.4488997
            ],
            [
              -79.9123501,
              43.4488977
            ],
            [
              -79.9123314,
              43.4488987
            ],
            [
              -79.9123139,
              43.4489046
            ],
            [
              -79.9123012,
              43.4489153
            ],
            [
              -79.9122938,
              43.4489265
            ],
            [
              -79.9122958,
              43.4489416
            ],
            [
              -79.9123025,
              43.4489498
            ]
          ]
        ]
      }
    },
    {
      "type": "Feature",
      "properties": {
        "@id": "way/779956289",
        "golf": "tee",
        "landuse": "grass"
      },
      "geometry": {
        "type": "Polygon",
        "coordinates": [
          [
            [
              -79.9124977,
              43.4489581
            ],
            [
              -79.9125091,
              43.4489644
            ],
            [
              -79.9125272,
              43.4489674
            ],
            [
              -79.9125453,
              43.4489664
            ],
            [
              -79.912558,
              43.448961
            ],
            [
              -79.9125654,
              43.4489537
            ],
            [
              -79.9125728,
              43.4489435
            ],
            [
              -79.9125728,
              43.4489313
            ],
            [
              -79.9125674,
              43.4489206
            ],
            [
              -79.912554,
              43.4489123
            ],
            [
              -79.9125312,
              43.4489089
            ],
            [
              -79.9125111,
              43.4489128
            ],
            [
              -79.912497,
              43.4489201
            ],
            [
              -79.9124883,
              43.4489313
            ],
            [
              -79.9124869,
              43.448943
            ],
            [
              -79.912491,
              43.4489513
            ],
            [
              -79.9124977,
              43.4489581
            ]
          ]
        ]
      }
    },
    {
      "type": "Feature",
      "properties": {
        "@id": "way/779956290",
        "golf": "tee",
        "landuse": "grass"
      },
      "geometry": {
        "type": "Polygon",
        "coordinates": [
          [
            [
              -79.9121503,
              43.4495778
            ],
            [
              -79.9121611,
              43.4495914
            ],
            [
              -79.9121758,
              43.4496002
            ],
            [
              -79.9121946,
              43.4496041
            ],
            [
              -79.9122201,
              43.4496002
            ],
            [
              -79.9122415,
              43.4495866
            ],
            [
              -79.9122576,
              43.4495661
            ],
            [
              -79.9122549,
              43.4495447
            ],
            [
              -79.9122429,
              43.4495282
            ],
            [
              -79.9122241,
              43.4495126
            ],
            [
              -79.9121932,
              43.4495097
            ],
            [
              -79.9121664,
              43.4495204
            ],
            [
              -79.912149,
              43.4495389
            ],
            [
              -79.9121463,
              43.4495593
            ],
            [
              -79.9121503,
              43.4495778
            ]
          ]
        ]
      }
    },
    {
      "type": "Feature",
      "properties": {
        "@id": "way/779956291",
        "golf": "tee",
        "landuse": "grass"
      },
      "geometry": {
        "type": "Polygon",
        "coordinates": [
          [
            [
              -79.9125258,
              43.449793
            ],
            [
              -79.9125379,
              43.4497998
            ],
            [
              -79.912558,
              43.4498027
            ],
            [
              -79.9125768,
              43.4498008
            ],
            [
              -79.9125929,
              43.449791
            ],
            [
              -79.9126023,
              43.4497803
            ],
            [
              -79.9126023,
              43.4497648
            ],
            [
              -79.9125929,
              43.4497492
            ],
            [
              -79.9125768,
              43.4497394
            ],
            [
              -79.9125486,
              43.4497365
            ],
            [
              -79.9125258,
              43.4497463
            ],
            [
              -79.9125151,
              43.4497628
            ],
            [
              -79.9125164,
              43.4497803
            ],
            [
              -79.9125258,
              43.449793
            ]
          ]
        ]
      }
    },
    {
      "type": "Feature",
      "properties": {
        "@id": "way/779956292",
        "bridge": "yes",
        "golf": "cartpath",
        "golf_cart": "designated",
        "highway": "service",
        "layer": "1"
      },
      "geometry": {
        "type": "LineString",
        "coordinates": [
          [
            -79.9118932,
            43.4493001
          ],
          [
            -79.9118828,
            43.4493485
          ]
        ]
      }
    },
    {
      "type": "Feature",
      "properties": {
        "@id": "way/779956293",
        "golf": "bunker",
        "natural": "sand"
      },
      "geometry": {
        "type": "Polygon",
        "coordinates": [
          [
            [
              -79.9121668,
              43.4506264
            ],
            [
              -79.9121741,
              43.4506327
            ],
            [
              -79.9121869,
              43.4506342
            ],
            [
              -79.9121996,
              43.4506317
            ],
            [
              -79.9122117,
              43.4506254
            ],
            [
              -79.9122251,
              43.4506206
            ],
            [
              -79.9122412,
              43.4506206
            ],
            [
              -79.9122559,
              43.450624
            ],
            [
              -79.9122673,
              43.4506249
            ],
            [
              -79.9122807,
              43.4506191
            ],
            [
              -79.9122921,
              43.4506103
            ],
            [
              -79.9122962,
              43.4505982
            ],
            [
              -79.9122935,
              43.4505874
            ],
            [
              -79.9122848,
              43.4505763
            ],
            [
              -79.9122767,
              43.4505651
            ],
            [
              -79.9122754,
              43.4505578
            ],
            [
              -79.9122821,
              43.45055
            ],
            [
              -79.9122928,
              43.4505402
            ],
            [
              -79.9123029,
              43.4505315
            ],
            [
              -79.9123035,
              43.4505242
            ],
            [
              -79.9123022,
              43.4505139
            ],
            [
              -79.9122955,
              43.4505032
            ],
            [
              -79.9122814,
              43.4504959
            ],
            [
              -79.9122626,
              43.4504901
            ],
            [
              -79.9122486,
              43.4504838
            ],
            [
              -79.9122419,
              43.450476
            ],
            [
              -79.9122432,
              43.4504672
            ],
            [
              -79.9122486,
              43.4504599
            ],
            [
              -79.9122606,
              43.4504516
            ],
            [
              -79.9122787,
              43.4504438
            ],
            [
              -79.9122915,
              43.450437
            ],
            [
              -79.9122975,
              43.4504253
            ],
            [
              -79.9122989,
              43.4504122
            ],
            [
              -79.9122908,
              43.4504025
            ],
            [
              -79.9122801,
              43.4503947
            ],
            [
              -79.9122613,
              43.4503893
            ],
            [
              -79.9122392,
              43.4503927
            ],
            [
              -79.9122083,
              43.4503981
            ],
            [
              -79.9121896,
              43.4504083
            ],
            [
              -79.9121681,
              43.4504234
            ],
            [
              -79.912154,
              43.4504424
            ],
            [
              -79.9121466,
              43.4504594
            ],
            [
              -79.9121453,
              43.450475
            ],
            [
              -79.91215,
              43.4504877
            ],
            [
              -79.9121587,
              43.4505037
            ],
            [
              -79.9121735,
              43.4505164
            ],
            [
              -79.9121902,
              43.4505247
            ],
            [
              -79.9122009,
              43.4505339
            ],
            [
              -79.9122036,
              43.4505422
            ],
            [
              -79.9122003,
              43.4505524
            ],
            [
              -79.9121875,
              43.4505607
            ],
            [
              -79.9121741,
              43.4505675
            ],
            [
              -79.9121647,
              43.4505816
            ],
            [
              -79.9121574,
              43.4505962
            ],
            [
              -79.9121587,
              43.4506108
            ],
            [
              -79.9121614,
              43.4506201
            ],
            [
              -79.9121668,
              43.4506264
            ]
          ]
        ]
      }
    },
    {
      "type": "Feature",
      "properties": {
        "@id": "way/779956294",
        "golf": "bunker",
        "natural": "sand"
      },
      "geometry": {
        "type": "Polygon",
        "coordinates": [
          [
            [
              -79.9126549,
              43.4510153
            ],
            [
              -79.9126576,
              43.4510275
            ],
            [
              -79.9126656,
              43.4510368
            ],
            [
              -79.9126777,
              43.4510446
            ],
            [
              -79.9126951,
              43.4510504
            ],
            [
              -79.9127153,
              43.4510504
            ],
            [
              -79.9127347,
              43.4510455
            ],
            [
              -79.9127488,
              43.4510373
            ],
            [
              -79.9127568,
              43.4510275
            ],
            [
              -79.9127595,
              43.4510144
            ],
            [
              -79.9127642,
              43.4509954
            ],
            [
              -79.9127696,
              43.4509793
            ],
            [
              -79.9127763,
              43.4509696
            ],
            [
              -79.912785,
              43.4509623
            ],
            [
              -79.9128004,
              43.4509574
            ],
            [
              -79.9128239,
              43.4509525
            ],
            [
              -79.91284,
              43.4509487
            ],
            [
              -79.9128541,
              43.4509404
            ],
            [
              -79.9128655,
              43.4509292
            ],
            [
              -79.9128708,
              43.450917
            ],
            [
              -79.9128708,
              43.4509034
            ],
            [
              -79.9128655,
              43.4508863
            ],
            [
              -79.9128567,
              43.4508771
            ],
            [
              -79.9128433,
              43.4508654
            ],
            [
              -79.9128212,
              43.4508576
            ],
            [
              -79.9127998,
              43.4508571
            ],
            [
              -79.912781,
              43.4508635
            ],
            [
              -79.9127702,
              43.4508747
            ],
            [
              -79.9127689,
              43.4508902
            ],
            [
              -79.9127723,
              43.4509068
            ],
            [
              -79.9127743,
              43.4509175
            ],
            [
              -79.9127676,
              43.4509326
            ],
            [
              -79.9127562,
              43.4509462
            ],
            [
              -79.9127441,
              43.4509569
            ],
            [
              -79.91273,
              43.4509608
            ],
            [
              -79.9127092,
              43.4509628
            ],
            [
              -79.9126978,
              43.4509633
            ],
            [
              -79.9126804,
              43.4509686
            ],
            [
              -79.9126677,
              43.4509774
            ],
            [
              -79.9126569,
              43.4509886
            ],
            [
              -79.9126529,
              43.4510027
            ],
            [
              -79.9126549,
              43.4510153
            ]
          ]
        ]
      }
    },
    {
      "type": "Feature",
      "properties": {
        "@id": "way/779956295",
        "golf": "bunker",
        "natural": "sand"
      },
      "geometry": {
        "type": "Polygon",
        "coordinates": [
          [
            [
              -79.9118958,
              43.4514647
            ],
            [
              -79.9119066,
              43.4514661
            ],
            [
              -79.911918,
              43.4514651
            ],
            [
              -79.9119294,
              43.4514627
            ],
            [
              -79.9119414,
              43.4514549
            ],
            [
              -79.9119475,
              43.4514481
            ],
            [
              -79.9119488,
              43.4514369
            ],
            [
              -79.9119435,
              43.4514252
            ],
            [
              -79.9119354,
              43.4514165
            ],
            [
              -79.9119233,
              43.4514087
            ],
            [
              -79.9119106,
              43.4514048
            ],
            [
              -79.9118925,
              43.4514058
            ],
            [
              -79.9118771,
              43.4514101
            ],
            [
              -79.9118684,
              43.4514194
            ],
            [
              -79.911863,
              43.451433
            ],
            [
              -79.9118663,
              43.4514457
            ],
            [
              -79.9118757,
              43.4514544
            ],
            [
              -79.9118858,
              43.4514612
            ],
            [
              -79.9118958,
              43.4514647
            ]
          ]
        ]
      }
    },
    {
      "type": "Feature",
      "properties": {
        "@id": "way/779956296",
        "golf": "bunker",
        "natural": "sand"
      },
      "geometry": {
        "type": "Polygon",
        "coordinates": [
          [
            [
              -79.9117584,
              43.4516107
            ],
            [
              -79.9117664,
              43.451616
            ],
            [
              -79.9117812,
              43.4516185
            ],
            [
              -79.9117939,
              43.451618
            ],
            [
              -79.911808,
              43.4516126
            ],
            [
              -79.9118194,
              43.4515995
            ],
            [
              -79.9118261,
              43.4515912
            ],
            [
              -79.9118335,
              43.4515849
            ],
            [
              -79.9118482,
              43.451581
            ],
            [
              -79.911863,
              43.4515756
            ],
            [
              -79.9118744,
              43.4515674
            ],
            [
              -79.9118777,
              43.4515576
            ],
            [
              -79.9118764,
              43.4515474
            ],
            [
              -79.9118697,
              43.4515338
            ],
            [
              -79.9118603,
              43.4515255
            ],
            [
              -79.9118449,
              43.4515172
            ],
            [
              -79.9118275,
              43.4515153
            ],
            [
              -79.91181,
              43.4515211
            ],
            [
              -79.9118006,
              43.4515328
            ],
            [
              -79.9117892,
              43.4515484
            ],
            [
              -79.9117845,
              43.4515562
            ],
            [
              -79.9117718,
              43.4515625
            ],
            [
              -79.9117577,
              43.4515703
            ],
            [
              -79.911749,
              43.451581
            ],
            [
              -79.9117463,
              43.4515937
            ],
            [
              -79.9117517,
              43.4516053
            ],
            [
              -79.9117584,
              43.4516107
            ]
          ]
        ]
      }
    },
    {
      "type": "Feature",
      "properties": {
        "@id": "way/779956297",
        "golf": "bunker",
        "natural": "sand"
      },
      "geometry": {
        "type": "Polygon",
        "coordinates": [
          [
            [
              -79.9120675,
              43.4517115
            ],
            [
              -79.9120742,
              43.4517158
            ],
            [
              -79.9120863,
              43.4517178
            ],
            [
              -79.9120997,
              43.4517163
            ],
            [
              -79.9121098,
              43.4517124
            ],
            [
              -79.9121178,
              43.4517037
            ],
            [
              -79.9121232,
              43.4516959
            ],
            [
              -79.9121305,
              43.4516857
            ],
            [
              -79.9121339,
              43.4516759
            ],
            [
              -79.9121372,
              43.4516676
            ],
            [
              -79.9121339,
              43.4516589
            ],
            [
              -79.9121245,
              43.4516545
            ],
            [
              -79.9121091,
              43.451654
            ],
            [
              -79.9120984,
              43.4516589
            ],
            [
              -79.9120937,
              43.4516672
            ],
            [
              -79.9120923,
              43.451674
            ],
            [
              -79.9120849,
              43.4516803
            ],
            [
              -79.9120762,
              43.4516847
            ],
            [
              -79.9120682,
              43.45169
            ],
            [
              -79.9120621,
              43.4516988
            ],
            [
              -79.9120635,
              43.4517056
            ],
            [
              -79.9120675,
              43.4517115
            ]
          ]
        ]
      }
    },
    {
      "type": "Feature",
      "properties": {
        "@id": "way/779956298",
        "golf": "bunker",
        "natural": "sand"
      },
      "geometry": {
        "type": "Polygon",
        "coordinates": [
          [
            [
              -79.9121185,
              43.4516122
            ],
            [
              -79.9121258,
              43.451618
            ],
            [
              -79.9121366,
              43.4516214
            ],
            [
              -79.91215,
              43.4516209
            ],
            [
              -79.9121587,
              43.4516175
            ],
            [
              -79.9121621,
              43.4516122
            ],
            [
              -79.9121668,
              43.4516034
            ],
            [
              -79.9121728,
              43.4515975
            ],
            [
              -79.9121855,
              43.4515927
            ],
            [
              -79.9121963,
              43.4515864
            ],
            [
              -79.9121983,
              43.4515766
            ],
            [
              -79.9121909,
              43.4515659
            ],
            [
              -79.9121768,
              43.451561
            ],
            [
              -79.91216,
              43.4515606
            ],
            [
              -79.9121413,
              43.4515664
            ],
            [
              -79.9121258,
              43.4515776
            ],
            [
              -79.9121171,
              43.4515898
            ],
            [
              -79.9121138,
              43.4516049
            ],
            [
              -79.9121185,
              43.4516122
            ]
          ]
        ]
      }
    },
    {
      "type": "Feature",
      "properties": {
        "@id": "way/779956299",
        "golf": "green",
        "landuse": "grass"
      },
      "geometry": {
        "type": "Polygon",
        "coordinates": [
          [
            [
              -79.9118201,
              43.4517231
            ],
            [
              -79.9118321,
              43.4517319
            ],
            [
              -79.9118442,
              43.4517402
            ],
            [
              -79.9118623,
              43.4517455
            ],
            [
              -79.9118844,
              43.4517465
            ],
            [
              -79.9119039,
              43.4517446
            ],
            [
              -79.9119207,
              43.4517387
            ],
            [
              -79.9119394,
              43.4517251
            ],
            [
              -79.9119488,
              43.4517124
            ],
            [
              -79.9119562,
              43.4517046
            ],
            [
              -79.9119629,
              43.4516949
            ],
            [
              -79.911975,
              43.4516823
            ],
            [
              -79.911987,
              43.4516764
            ],
            [
              -79.9120058,
              43.4516706
            ],
            [
              -79.9120253,
              43.4516618
            ],
            [
              -79.912042,
              43.4516491
            ],
            [
              -79.9120514,
              43.451637
            ],
            [
              -79.9120635,
              43.4516195
            ],
            [
              -79.9120709,
              43.4516019
            ],
            [
              -79.9120735,
              43.4515859
            ],
            [
              -79.9120722,
              43.451563
            ],
            [
              -79.9120668,
              43.4515484
            ],
            [
              -79.9120621,
              43.4515352
            ],
            [
              -79.9120481,
              43.4515216
            ],
            [
              -79.9120306,
              43.4515138
            ],
            [
              -79.9120098,
              43.4515114
            ],
            [
              -79.9119823,
              43.4515138
            ],
            [
              -79.9119569,
              43.4515201
            ],
            [
              -79.9119401,
              43.4515304
            ],
            [
              -79.9119267,
              43.4515469
            ],
            [
              -79.9119173,
              43.4515659
            ],
            [
              -79.9119133,
              43.451582
            ],
            [
              -79.9119066,
              43.4515941
            ],
            [
              -79.9118965,
              43.4516029
            ],
            [
              -79.9118798,
              43.4516117
            ],
            [
              -79.9118556,
              43.4516248
            ],
            [
              -79.9118348,
              43.4516341
            ],
            [
              -79.9118147,
              43.4516453
            ],
            [
              -79.9118013,
              43.4516569
            ],
            [
              -79.9117953,
              43.4516725
            ],
            [
              -79.9117959,
              43.4516847
            ],
            [
              -79.9118013,
              43.4516993
            ],
            [
              -79.9118107,
              43.4517134
            ],
            [
              -79.9118201,
              43.4517231
            ]
          ]
        ]
      }
    },
    {
      "type": "Feature",
      "properties": {
        "@id": "way/779956300",
        "golf": "fairway",
        "landuse": "grass"
      },
      "geometry": {
        "type": "Polygon",
        "coordinates": [
          [
            [
              -79.9120735,
              43.4515859
            ],
            [
              -79.9120843,
              43.4515654
            ],
            [
              -79.912095,
              43.4515445
            ],
            [
              -79.9121064,
              43.4515255
            ],
            [
              -79.9121185,
              43.4515163
            ],
            [
              -79.912144,
              43.4515036
            ],
            [
              -79.9121741,
              43.4514929
            ],
            [
              -79.9122043,
              43.4514827
            ],
            [
              -79.9122311,
              43.4514695
            ],
            [
              -79.9122566,
              43.4514574
            ],
            [
              -79.9122787,
              43.4514403
            ],
            [
              -79.9122975,
              43.4514135
            ],
            [
              -79.9123089,
              43.4513838
            ],
            [
              -79.9123163,
              43.451361
            ],
            [
              -79.9123223,
              43.4513357
            ],
            [
              -79.912329,
              43.4513133
            ],
            [
              -79.9123371,
              43.4512977
            ],
            [
              -79.9123572,
              43.4512729
            ],
            [
              -79.9123773,
              43.4512558
            ],
            [
              -79.9124028,
              43.4512354
            ],
            [
              -79.9124276,
              43.4512169
            ],
            [
              -79.9124524,
              43.451195
            ],
            [
              -79.9124779,
              43.4511716
            ],
            [
              -79.912494,
              43.4511458
            ],
            [
              -79.9125047,
              43.451122
            ],
            [
              -79.9125121,
              43.4510889
            ],
            [
              -79.9125242,
              43.4510601
            ],
            [
              -79.9125295,
              43.4510338
            ],
            [
              -79.9125315,
              43.4510124
            ],
            [
              -79.9125349,
              43.4509886
            ],
            [
              -79.9125463,
              43.4509598
            ],
            [
              -79.9125584,
              43.4509316
            ],
            [
              -79.9125671,
              43.4509131
            ],
            [
              -79.9125905,
              43.4508888
            ],
            [
              -79.9126053,
              43.4508742
            ],
            [
              -79.9126301,
              43.4508566
            ],
            [
              -79.9126556,
              43.4508357
            ],
            [
              -79.9126791,
              43.4508162
            ],
            [
              -79.9127045,
              43.45079
            ],
            [
              -79.912722,
              43.4507671
            ],
            [
              -79.9127354,
              43.4507408
            ],
            [
              -79.9127428,
              43.4507135
            ],
            [
              -79.9127474,
              43.4506877
            ],
            [
              -79.9127488,
              43.4506644
            ],
            [
              -79.9127461,
              43.4506371
            ],
            [
              -79.9127421,
              43.4506147
            ],
            [
              -79.9127374,
              43.4505938
            ],
            [
              -79.9127307,
              43.4505714
            ],
            [
              -79.912726,
              43.4505451
            ],
            [
              -79.9127233,
              43.4505135
            ],
            [
              -79.9127287,
              43.4504808
            ],
            [
              -79.9127361,
              43.4504546
            ],
            [
              -79.9127421,
              43.4504249
            ],
            [
              -79.9127542,
              43.4503952
            ],
            [
              -79.9127582,
              43.4503694
            ],
            [
              -79.9127588,
              43.4503436
            ],
            [
              -79.9127548,
              43.4503129
            ],
            [
              -79.9127374,
              43.450273
            ],
            [
              -79.9127186,
              43.450235
            ],
            [
              -79.9127005,
              43.4501995
            ],
            [
              -79.9126864,
              43.4501737
            ],
            [
              -79.912671,
              43.4501464
            ],
            [
              -79.9126563,
              43.4501177
            ],
            [
              -79.9126415,
              43.4500958
            ],
            [
              -79.9126234,
              43.4500768
            ],
            [
              -79.9125959,
              43.4500637
            ],
            [
              -79.9125617,
              43.4500554
            ],
            [
              -79.9125295,
              43.4500607
            ],
            [
              -79.9124926,
              43.4500705
            ],
            [
              -79.9124537,
              43.450087
            ],
            [
              -79.9124122,
              43.450108
            ],
            [
              -79.9123887,
              43.4501279
            ],
            [
              -79.9123652,
              43.4501518
            ],
            [
              -79.9123404,
              43.4501892
            ],
            [
              -79.9123203,
              43.4502228
            ],
            [
              -79.9123116,
              43.4502545
            ],
            [
              -79.9123116,
              43.4502813
            ],
            [
              -79.9123203,
              43.4503095
            ],
            [
              -79.9123411,
              43.4503406
            ],
            [
              -79.9123538,
              43.4503538
            ],
            [
              -79.9123726,
              43.450383
            ],
            [
              -79.9123827,
              43.4504054
            ],
            [
              -79.9123874,
              43.450437
            ],
            [
              -79.9123874,
              43.4504643
            ],
            [
              -79.9123914,
              43.450492
            ],
            [
              -79.9123887,
              43.450532
            ],
            [
              -79.9123907,
              43.4505592
            ],
            [
              -79.912386,
              43.4505952
            ],
            [
              -79.912382,
              43.4506293
            ],
            [
              -79.9123726,
              43.4506571
            ],
            [
              -79.9123572,
              43.4506872
            ],
            [
              -79.9123317,
              43.4507174
            ],
            [
              -79.9123129,
              43.4507335
            ],
            [
              -79.9122928,
              43.4507578
            ],
            [
              -79.9122814,
              43.4507754
            ],
            [
              -79.9122707,
              43.4508012
            ],
            [
              -79.9122546,
              43.4508464
            ],
            [
              -79.9122506,
              43.4508732
            ],
            [
              -79.9122439,
              43.4509136
            ],
            [
              -79.9122284,
              43.4509516
            ],
            [
              -79.9122204,
              43.4509847
            ],
            [
              -79.9122144,
              43.4510139
            ],
            [
              -79.9121989,
              43.4510596
            ],
            [
              -79.9121942,
              43.4510884
            ],
            [
              -79.9121862,
              43.4511244
            ],
            [
              -79.9121728,
              43.4511536
            ],
            [
              -79.91216,
              43.451193
            ],
            [
              -79.9121433,
              43.4512179
            ],
            [
              -79.9121232,
              43.4512524
            ],
            [
              -79.9120977,
              43.4512816
            ],
            [
              -79.9120836,
              43.4512953
            ],
            [
              -79.9120648,
              43.4513206
            ],
            [
              -79.9120467,
              43.4513459
            ],
            [
              -79.91203,
              43.4513673
            ],
            [
              -79.9120219,
              43.4513921
            ],
            [
              -79.9120192,
              43.4514179
            ],
            [
              -79.9120212,
              43.4514452
            ],
            [
              -79.9120212,
              43.4514564
            ],
            [
              -79.9120186,
              43.4514724
            ],
            [
              -79.9120051,
              43.4514929
            ],
            [
              -79.911985,
              43.4515036
            ],
            [
              -79.9119575,
              43.4515158
            ],
            [
              -79.9119347,
              43.4515265
            ],
            [
              -79.9119267,
              43.4515469
            ],
            [
              -79.9120735,
              43.4515859
            ]
          ]
        ]
      }
    },
    {
      "type": "Feature",
      "properties": {
        "@id": "way/779956301",
        "golf": "hole",
        "handicap": "10",
        "par": "4",
        "ref": "10"
      },
      "geometry": {
        "type": "LineString",
        "coordinates": [
          [
            -79.9123941,
            43.4488369
          ],
          [
            -79.9125765,
            43.4507062
          ],
          [
            -79.911922,
            43.4516409
          ]
        ]
      }
    },
    {
      "type": "Feature",
      "properties": {
        "@id": "way/779956302",
        "golf": "tee",
        "landuse": "grass"
      },
      "geometry": {
        "type": "Polygon",
        "coordinates": [
          [
            [
              -79.9112675,
              43.4512758
            ],
            [
              -79.9112756,
              43.4512845
            ],
            [
              -79.9112944,
              43.4512904
            ],
            [
              -79.9113145,
              43.4512884
            ],
            [
              -79.9113346,
              43.4512826
            ],
            [
              -79.9113413,
              43.4512709
            ],
            [
              -79.9113386,
              43.4512573
            ],
            [
              -79.9113292,
              43.4512466
            ],
            [
              -79.9113078,
              43.4512407
            ],
            [
              -79.9112836,
              43.4512437
            ],
            [
              -79.9112702,
              43.4512544
            ],
            [
              -79.9112662,
              43.4512651
            ],
            [
              -79.9112675,
              43.4512758
            ]
          ]
        ]
      }
    },
    {
      "type": "Feature",
      "properties": {
        "@id": "way/779956303",
        "golf": "tee",
        "landuse": "grass"
      },
      "geometry": {
        "type": "Polygon",
        "coordinates": [
          [
            [
              -79.9110543,
              43.4511492
            ],
            [
              -79.9110677,
              43.4511589
            ],
            [
              -79.9110878,
              43.4511648
            ],
            [
              -79.911116,
              43.4511677
            ],
            [
              -79.9111442,
              43.4511609
            ],
            [
              -79.9111603,
              43.4511482
            ],
            [
              -79.9111683,
              43.4511317
            ],
            [
              -79.9111616,
              43.4511132
            ],
            [
              -79.9111428,
              43.4510927
            ],
            [
              -79.9111133,
              43.4510811
            ],
            [
              -79.9110798,
              43.4510811
            ],
            [
              -79.9110543,
              43.4510889
            ],
            [
              -79.9110369,
              43.4511054
            ],
            [
              -79.9110355,
              43.4511229
            ],
            [
              -79.9110409,
              43.4511405
            ],
            [
              -79.9110543,
              43.4511492
            ]
          ]
        ]
      }
    },
    {
      "type": "Feature",
      "properties": {
        "@id": "way/779956304",
        "golf": "tee",
        "landuse": "grass"
      },
      "geometry": {
        "type": "Polygon",
        "coordinates": [
          [
            [
              -79.910766,
              43.4510119
            ],
            [
              -79.910778,
              43.4510246
            ],
            [
              -79.9107968,
              43.4510382
            ],
            [
              -79.9108236,
              43.451046
            ],
            [
              -79.9108598,
              43.4510489
            ],
            [
              -79.9108974,
              43.451047
            ],
            [
              -79.9109363,
              43.4510363
            ],
            [
              -79.9109577,
              43.4510119
            ],
            [
              -79.9109604,
              43.4509876
            ],
            [
              -79.9109524,
              43.4509555
            ],
            [
              -79.9109309,
              43.4509311
            ],
            [
              -79.9109028,
              43.4509175
            ],
            [
              -79.9108692,
              43.4509078
            ],
            [
              -79.9108303,
              43.4509078
            ],
            [
              -79.9107941,
              43.4509224
            ],
            [
              -79.9107687,
              43.4509448
            ],
            [
              -79.9107593,
              43.4509662
            ],
            [
              -79.9107566,
              43.4509934
            ],
            [
              -79.910766,
              43.4510119
            ]
          ]
        ]
      }
    },
    {
      "type": "Feature",
      "properties": {
        "@id": "way/779956305",
        "golf": "tee",
        "landuse": "grass"
      },
      "geometry": {
        "type": "Polygon",
        "coordinates": [
          [
            [
              -79.9103677,
              43.4507062
            ],
            [
              -79.9103864,
              43.4507091
            ],
            [
              -79.9104119,
              43.4507111
            ],
            [
              -79.9104441,
              43.4507091
            ],
            [
              -79.9104669,
              43.4506955
            ],
            [
              -79.910479,
              43.450677
            ],
            [
              -79.9104749,
              43.4506566
            ],
            [
              -79.9104669,
              43.4506391
            ],
            [
              -79.9104428,
              43.4506215
            ],
            [
              -79.9104012,
              43.4506157
            ],
            [
              -79.9103663,
              43.4506244
            ],
            [
              -79.9103408,
              43.4506391
            ],
            [
              -79.9103288,
              43.4506595
            ],
            [
              -79.9103368,
              43.4506848
            ],
            [
              -79.9103475,
              43.4506975
            ],
            [
              -79.9103677,
              43.4507062
            ]
          ]
        ]
      }
    },
    {
      "type": "Feature",
      "properties": {
        "@id": "way/779956306",
        "source": "CanVec 6.0 - NRCan",
        "waterway": "stream"
      },
      "geometry": {
        "type": "LineString",
        "coordinates": [
          [
            -79.9055725,
            43.4490068
          ],
          [
            -79.9071402,
            43.4476245
          ],
          [
            -79.9072202,
            43.4475539
          ]
        ]
      }
    },
    {
      "type": "Feature",
      "properties": {
        "@id": "way/779956307",
        "golf": "bunker",
        "natural": "sand"
      },
      "geometry": {
        "type": "Polygon",
        "coordinates": [
          [
            [
              -79.9059253,
              43.4494284
            ],
            [
              -79.9059266,
              43.4494337
            ],
            [
              -79.905932,
              43.4494415
            ],
            [
              -79.9059387,
              43.4494474
            ],
            [
              -79.9059487,
              43.4494517
            ],
            [
              -79.9059615,
              43.4494551
            ],
            [
              -79.9059762,
              43.4494556
            ],
            [
              -79.9059896,
              43.4494566
            ],
            [
              -79.9060037,
              43.4494605
            ],
            [
              -79.9060124,
              43.4494663
            ],
            [
              -79.9060198,
              43.4494717
            ],
            [
              -79.9060252,
              43.4494795
            ],
            [
              -79.9060312,
              43.4494878
            ],
            [
              -79.9060386,
              43.4494941
            ],
            [
              -79.9060453,
              43.4494994
            ],
            [
              -79.9060567,
              43.4495033
            ],
            [
              -79.9060681,
              43.4495053
            ],
            [
              -79.9060835,
              43.4495043
            ],
            [
              -79.9060956,
              43.4494999
            ],
            [
              -79.9061043,
              43.4494912
            ],
            [
              -79.906111,
              43.4494844
            ],
            [
              -79.9061164,
              43.4494746
            ],
            [
              -79.906117,
              43.4494639
            ],
            [
              -79.9061103,
              43.4494542
            ],
            [
              -79.9060976,
              43.4494469
            ],
            [
              -79.9060815,
              43.449443
            ],
            [
              -79.9060654,
              43.4494405
            ],
            [
              -79.9060513,
              43.4494381
            ],
            [
              -79.9060366,
              43.4494342
            ],
            [
              -79.9060258,
              43.4494274
            ],
            [
              -79.9060151,
              43.4494186
            ],
            [
              -79.9060084,
              43.4494099
            ],
            [
              -79.9059977,
              43.4494006
            ],
            [
              -79.9059829,
              43.4493962
            ],
            [
              -79.9059641,
              43.4493953
            ],
            [
              -79.9059467,
              43.4493987
            ],
            [
              -79.9059346,
              43.449406
            ],
            [
              -79.9059253,
              43.4494181
            ],
            [
              -79.9059253,
              43.4494284
            ]
          ]
        ]
      }
    },
    {
      "type": "Feature",
      "properties": {
        "@id": "way/779956308",
        "golf": "bunker",
        "natural": "sand"
      },
      "geometry": {
        "type": "Polygon",
        "coordinates": [
          [
            [
              -79.9057831,
              43.4493695
            ],
            [
              -79.9057932,
              43.4493719
            ],
            [
              -79.9058059,
              43.4493729
            ],
            [
              -79.9058166,
              43.4493714
            ],
            [
              -79.905828,
              43.449368
            ],
            [
              -79.9058374,
              43.4493631
            ],
            [
              -79.9058448,
              43.4493578
            ],
            [
              -79.9058508,
              43.449351
            ],
            [
              -79.9058555,
              43.4493417
            ],
            [
              -79.9058562,
              43.4493315
            ],
            [
              -79.9058528,
              43.4493232
            ],
            [
              -79.9058441,
              43.4493149
            ],
            [
              -79.905832,
              43.4493081
            ],
            [
              -79.9058173,
              43.4493052
            ],
            [
              -79.9057999,
              43.4493052
            ],
            [
              -79.9057851,
              43.4493081
            ],
            [
              -79.9057737,
              43.449314
            ],
            [
              -79.9057636,
              43.4493218
            ],
            [
              -79.9057583,
              43.4493325
            ],
            [
              -79.9057583,
              43.4493432
            ],
            [
              -79.905763,
              43.4493534
            ],
            [
              -79.905771,
              43.4493626
            ],
            [
              -79.9057831,
              43.4493695
            ]
          ]
        ]
      }
    },
    {
      "type": "Feature",
      "properties": {
        "@id": "way/779956309",
        "golf": "bunker",
        "natural": "sand"
      },
      "geometry": {
        "type": "Polygon",
        "coordinates": [
          [
            [
              -79.9061881,
              43.4491426
            ],
            [
              -79.9061928,
              43.449148
            ],
            [
              -79.9062002,
              43.4491514
            ],
            [
              -79.9062082,
              43.4491528
            ],
            [
              -79.9062236,
              43.4491514
            ],
            [
              -79.9062364,
              43.4491528
            ],
            [
              -79.9062444,
              43.4491562
            ],
            [
              -79.9062511,
              43.4491645
            ],
            [
              -79.9062538,
              43.4491777
            ],
            [
              -79.9062558,
              43.4491859
            ],
            [
              -79.9062659,
              43.4491937
            ],
            [
              -79.9062793,
              43.4491962
            ],
            [
              -79.9062961,
              43.4491971
            ],
            [
              -79.9063189,
              43.4491966
            ],
            [
              -79.9063343,
              43.4491898
            ],
            [
              -79.9063437,
              43.4491825
            ],
            [
              -79.9063477,
              43.4491733
            ],
            [
              -79.9063457,
              43.4491631
            ],
            [
              -79.9063403,
              43.4491553
            ],
            [
              -79.9063276,
              43.4491499
            ],
            [
              -79.9063155,
              43.449146
            ],
            [
              -79.9063075,
              43.4491421
            ],
            [
              -79.9063021,
              43.4491363
            ],
            [
              -79.9062947,
              43.4491265
            ],
            [
              -79.9062833,
              43.4491178
            ],
            [
              -79.9062726,
              43.4491105
            ],
            [
              -79.9062605,
              43.4491042
            ],
            [
              -79.9062471,
              43.4491007
            ],
            [
              -79.9062317,
              43.4490983
            ],
            [
              -79.9062149,
              43.4490988
            ],
            [
              -79.9062002,
              43.4491051
            ],
            [
              -79.9061894,
              43.4491158
            ],
            [
              -79.9061848,
              43.4491256
            ],
            [
              -79.9061848,
              43.4491363
            ],
            [
              -79.9061881,
              43.4491426
            ]
          ]
        ]
      }
    },
    {
      "type": "Feature",
      "properties": {
        "@id": "way/779956310",
        "golf": "green",
        "landuse": "grass"
      },
      "geometry": {
        "type": "Polygon",
        "coordinates": [
          [
            [
              -79.9058736,
              43.4492789
            ],
            [
              -79.9058864,
              43.4492867
            ],
            [
              -79.9059004,
              43.449294
            ],
            [
              -79.9059192,
              43.4493003
            ],
            [
              -79.90594,
              43.4493042
            ],
            [
              -79.9059655,
              43.4493076
            ],
            [
              -79.9059876,
              43.4493159
            ],
            [
              -79.906005,
              43.4493257
            ],
            [
              -79.9060238,
              43.4493398
            ],
            [
              -79.9060399,
              43.4493539
            ],
            [
              -79.9060587,
              43.4493646
            ],
            [
              -79.9060795,
              43.4493714
            ],
            [
              -79.9061063,
              43.4493768
            ],
            [
              -79.9061371,
              43.4493782
            ],
            [
              -79.9061633,
              43.4493777
            ],
            [
              -79.9061888,
              43.4493709
            ],
            [
              -79.9062096,
              43.4493592
            ],
            [
              -79.906227,
              43.4493403
            ],
            [
              -79.9062337,
              43.4493252
            ],
            [
              -79.906235,
              43.4493096
            ],
            [
              -79.9062337,
              43.4492891
            ],
            [
              -79.906223,
              43.4492633
            ],
            [
              -79.9062109,
              43.4492444
            ],
            [
              -79.9061888,
              43.4492268
            ],
            [
              -79.9061687,
              43.4492161
            ],
            [
              -79.9061459,
              43.4492078
            ],
            [
              -79.9061197,
              43.4492005
            ],
            [
              -79.9060808,
              43.4491971
            ],
            [
              -79.9060587,
              43.4491957
            ],
            [
              -79.9060419,
              43.4491903
            ],
            [
              -79.9060305,
              43.4491791
            ],
            [
              -79.9060218,
              43.4491645
            ],
            [
              -79.9060158,
              43.4491509
            ],
            [
              -79.9060024,
              43.4491397
            ],
            [
              -79.9059836,
              43.4491343
            ],
            [
              -79.9059588,
              43.4491319
            ],
            [
              -79.9059409,
              43.4491342
            ],
            [
              -79.9059286,
              43.4491358
            ],
            [
              -79.9059152,
              43.4491421
            ],
            [
              -79.9058931,
              43.4491558
            ],
            [
              -79.9058703,
              43.4491723
            ],
            [
              -79.9058569,
              43.4491855
            ],
            [
              -79.9058468,
              43.4492088
            ],
            [
              -79.9058421,
              43.4492312
            ],
            [
              -79.9058488,
              43.4492502
            ],
            [
              -79.9058589,
              43.4492667
            ],
            [
              -79.9058736,
              43.4492789
            ]
          ]
        ]
      }
    },
    {
      "type": "Feature",
      "properties": {
        "@id": "way/779956311",
        "golf": "fairway",
        "landuse": "grass"
      },
      "geometry": {
        "type": "Polygon",
        "coordinates": [
          [
            [
              -79.9061063,
              43.4493768
            ],
            [
              -79.9061405,
              43.4493846
            ],
            [
              -79.9061767,
              43.4493889
            ],
            [
              -79.9062109,
              43.4494006
            ],
            [
              -79.9062304,
              43.4494123
            ],
            [
              -79.9062625,
              43.4494342
            ],
            [
              -79.9062873,
              43.4494556
            ],
            [
              -79.9063128,
              43.4494785
            ],
            [
              -79.9063289,
              43.4494926
            ],
            [
              -79.9063531,
              43.4495097
            ],
            [
              -79.9063732,
              43.4495213
            ],
            [
              -79.906404,
              43.4495311
            ],
            [
              -79.9064416,
              43.449534
            ],
            [
              -79.9064731,
              43.4495291
            ],
            [
              -79.9065006,
              43.4495131
            ],
            [
              -79.9065147,
              43.4494931
            ],
            [
              -79.9065187,
              43.4494736
            ],
            [
              -79.90652,
              43.4494517
            ],
            [
              -79.9065234,
              43.4494279
            ],
            [
              -79.9065294,
              43.4494089
            ],
            [
              -79.9065395,
              43.4493943
            ],
            [
              -79.9065482,
              43.4493816
            ],
            [
              -79.9065475,
              43.4493626
            ],
            [
              -79.9065395,
              43.4493451
            ],
            [
              -79.9065241,
              43.4493276
            ],
            [
              -79.9065019,
              43.4493149
            ],
            [
              -79.9064771,
              43.4493072
            ],
            [
              -79.9064429,
              43.4493062
            ],
            [
              -79.9064027,
              43.4493067
            ],
            [
              -79.9063839,
              43.4493042
            ],
            [
              -79.9063631,
              43.4492984
            ],
            [
              -79.906337,
              43.4492862
            ],
            [
              -79.9063068,
              43.4492731
            ],
            [
              -79.906286,
              43.4492624
            ],
            [
              -79.9062592,
              43.4492502
            ],
            [
              -79.9062364,
              43.4492395
            ],
            [
              -79.9062149,
              43.4492293
            ],
            [
              -79.9061941,
              43.4492147
            ],
            [
              -79.9061787,
              43.449203
            ],
            [
              -79.9061606,
              43.4491893
            ],
            [
              -79.9061445,
              43.4491699
            ],
            [
              -79.9061338,
              43.4491538
            ],
            [
              -79.9061298,
              43.4491373
            ],
            [
              -79.9061271,
              43.449128
            ],
            [
              -79.9061217,
              43.4491207
            ],
            [
              -79.906109,
              43.4491178
            ],
            [
              -79.9060734,
              43.4491163
            ],
            [
              -79.9060473,
              43.4491168
            ],
            [
              -79.9060131,
              43.4491202
            ],
            [
              -79.9059869,
              43.4491222
            ],
            [
              -79.9059601,
              43.4491261
            ],
            [
              -79.9059409,
              43.4491342
            ],
            [
              -79.9061063,
              43.4493768
            ]
          ]
        ]
      }
    },
    {
      "type": "Feature",
      "properties": {
        "@id": "way/779956312",
        "golf": "lateral_water_hazard",
        "natural": "water"
      },
      "geometry": {
        "type": "Polygon",
        "coordinates": [
          [
            [
              -79.9074239,
              43.4494488
            ],
            [
              -79.90744,
              43.4494683
            ],
            [
              -79.9074669,
              43.4494858
            ],
            [
              -79.9075044,
              43.4494994
            ],
            [
              -79.9075554,
              43.4495082
            ],
            [
              -79.9075996,
              43.4495102
            ],
            [
              -79.9076519,
              43.4494985
            ],
            [
              -79.9077029,
              43.4494751
            ],
            [
              -79.9077726,
              43.4494401
            ],
            [
              -79.9078249,
              43.449404
            ],
            [
              -79.9078517,
              43.4493651
            ],
            [
              -79.9078692,
              43.4493271
            ],
            [
              -79.9078853,
              43.4492921
            ],
            [
              -79.9078853,
              43.4492434
            ],
            [
              -79.9078786,
              43.4491869
            ],
            [
              -79.9078692,
              43.4491412
            ],
            [
              -79.9078357,
              43.4491003
            ],
            [
              -79.9077994,
              43.4490633
            ],
            [
              -79.9077525,
              43.4490457
            ],
            [
              -79.9077042,
              43.4490311
            ],
            [
              -79.9076734,
              43.4490068
            ],
            [
              -79.9076425,
              43.4489717
            ],
            [
              -79.907609,
              43.4489308
            ],
            [
              -79.9075728,
              43.4488792
            ],
            [
              -79.907546,
              43.4488286
            ],
            [
              -79.9075232,
              43.4487663
            ],
            [
              -79.9074896,
              43.4487089
            ],
            [
              -79.9074588,
              43.4486573
            ],
            [
              -79.9074293,
              43.4486154
            ],
            [
              -79.9074038,
              43.4485784
            ],
            [
              -79.9073783,
              43.4485433
            ],
            [
              -79.9073354,
              43.4484995
            ],
            [
              -79.9073086,
              43.448483
            ],
            [
              -79.9072657,
              43.4484781
            ],
            [
              -79.9072201,
              43.4484927
            ],
            [
              -79.9071866,
              43.4485063
            ],
            [
              -79.9071128,
              43.4485599
            ],
            [
              -79.9070364,
              43.4486193
            ],
            [
              -79.90698,
              43.4486719
            ],
            [
              -79.9069264,
              43.4487225
            ],
            [
              -79.9068942,
              43.4487556
            ],
            [
              -79.9068473,
              43.4487848
            ],
            [
              -79.9068097,
              43.4488237
            ],
            [
              -79.9067708,
              43.4488997
            ],
            [
              -79.9067574,
              43.4489503
            ],
            [
              -79.9067574,
              43.4490039
            ],
            [
              -79.9067574,
              43.449035
            ],
            [
              -79.9067574,
              43.4490788
            ],
            [
              -79.9067413,
              43.4491139
            ],
            [
              -79.9067359,
              43.4491694
            ],
            [
              -79.9067547,
              43.4492064
            ],
            [
              -79.9067695,
              43.4492249
            ],
            [
              -79.9068124,
              43.4492463
            ],
            [
              -79.9068835,
              43.449258
            ],
            [
              -79.9069639,
              43.449256
            ],
            [
              -79.9070189,
              43.4492463
            ],
            [
              -79.9070524,
              43.4492424
            ],
            [
              -79.9070846,
              43.4492512
            ],
            [
              -79.9071329,
              43.4492921
            ],
            [
              -79.9071638,
              43.4493184
            ],
            [
              -79.9072214,
              43.4493349
            ],
            [
              -79.9072724,
              43.4493505
            ],
            [
              -79.9073314,
              43.4493719
            ],
            [
              -79.9073783,
              43.4494031
            ],
            [
              -79.9074078,
              43.4494274
            ],
            [
              -79.9074239,
              43.4494488
            ]
          ]
        ]
      }
    },
    {
      "type": "Feature",
      "properties": {
        "@id": "way/779956313",
        "golf": "hole",
        "handicap": "6",
        "par": "5",
        "ref": "11"
      },
      "geometry": {
        "type": "LineString",
        "coordinates": [
          [
            -79.9112957,
            43.4512665
          ],
          [
            -79.9082755,
            43.4500768
          ],
          [
            -79.9068057,
            43.4495043
          ],
          [
            -79.9060547,
            43.449257
          ]
        ]
      }
    },
    {
      "type": "Feature",
      "properties": {
        "@id": "way/779956314",
        "golf": "fairway",
        "landuse": "grass"
      },
      "geometry": {
        "type": "Polygon",
        "coordinates": [
          [
            [
              -79.9067011,
              43.4495549
            ],
            [
              -79.9067118,
              43.4496114
            ],
            [
              -79.9067306,
              43.449664
            ],
            [
              -79.9067735,
              43.4497146
            ],
            [
              -79.9068298,
              43.4497477
            ],
            [
              -79.9068915,
              43.449773
            ],
            [
              -79.90698,
              43.4498022
            ],
            [
              -79.9070927,
              43.4498334
            ],
            [
              -79.9071892,
              43.4498529
            ],
            [
              -79.9073126,
              43.4498801
            ],
            [
              -79.9074172,
              43.4499035
            ],
            [
              -79.9075165,
              43.4499327
            ],
            [
              -79.9075862,
              43.4499697
            ],
            [
              -79.9076559,
              43.4500184
            ],
            [
              -79.9077203,
              43.4500573
            ],
            [
              -79.9077927,
              43.4500846
            ],
            [
              -79.9078866,
              43.4501002
            ],
            [
              -79.9079832,
              43.4501235
            ],
            [
              -79.908069,
              43.4501605
            ],
            [
              -79.9081387,
              43.4501917
            ],
            [
              -79.9082219,
              43.4502248
            ],
            [
              -79.9082943,
              43.4502579
            ],
            [
              -79.9083775,
              43.4502871
            ],
            [
              -79.9084472,
              43.4503221
            ],
            [
              -79.908525,
              43.450363
            ],
            [
              -79.9085706,
              43.4503903
            ],
            [
              -79.9086215,
              43.4504156
            ],
            [
              -79.9086806,
              43.4504253
            ],
            [
              -79.9087691,
              43.4504195
            ],
            [
              -79.9088817,
              43.4504039
            ],
            [
              -79.9089407,
              43.4503922
            ],
            [
              -79.9089944,
              43.4503961
            ],
            [
              -79.9090561,
              43.4504137
            ],
            [
              -79.9091392,
              43.4504487
            ],
            [
              -79.909225,
              43.4504799
            ],
            [
              -79.9092921,
              43.4505052
            ],
            [
              -79.9093618,
              43.4505363
            ],
            [
              -79.9094155,
              43.4505616
            ],
            [
              -79.9094664,
              43.4505986
            ],
            [
              -79.9095201,
              43.4506434
            ],
            [
              -79.9095737,
              43.4506707
            ],
            [
              -79.9096354,
              43.4506902
            ],
            [
              -79.9097186,
              43.4507194
            ],
            [
              -79.9097776,
              43.450733
            ],
            [
              -79.9098607,
              43.4507311
            ],
            [
              -79.909917,
              43.4507135
            ],
            [
              -79.909968,
              43.4506746
            ],
            [
              -79.9099841,
              43.450622
            ],
            [
              -79.9099653,
              43.4505655
            ],
            [
              -79.9099224,
              43.4505188
            ],
            [
              -79.9098607,
              43.4504915
            ],
            [
              -79.909799,
              43.4504721
            ],
            [
              -79.9096971,
              43.4504448
            ],
            [
              -79.9096408,
              43.4504215
            ],
            [
              -79.9095603,
              43.4503845
            ],
            [
              -79.9095201,
              43.4503533
            ],
            [
              -79.9094584,
              43.4503241
            ],
            [
              -79.9093726,
              43.4502949
            ],
            [
              -79.9092814,
              43.4502598
            ],
            [
              -79.9092197,
              43.4502443
            ],
            [
              -79.9091526,
              43.4502462
            ],
            [
              -79.9090802,
              43.4502423
            ],
            [
              -79.9090346,
              43.4502209
            ],
            [
              -79.9089917,
              43.45018
            ],
            [
              -79.9089515,
              43.4501469
            ],
            [
              -79.9089166,
              43.4501196
            ],
            [
              -79.9088415,
              43.4500943
            ],
            [
              -79.9087476,
              43.4500671
            ],
            [
              -79.9086618,
              43.4500437
            ],
            [
              -79.9085947,
              43.4500164
            ],
            [
              -79.9085277,
              43.4499833
            ],
            [
              -79.9084499,
              43.4499463
            ],
            [
              -79.908348,
              43.4498977
            ],
            [
              -79.908246,
              43.4498587
            ],
            [
              -79.9081495,
              43.4498178
            ],
            [
              -79.9080449,
              43.4497769
            ],
            [
              -79.9079322,
              43.4497282
            ],
            [
              -79.9077981,
              43.4496815
            ],
            [
              -79.9076747,
              43.4496465
            ],
            [
              -79.9075567,
              43.4496192
            ],
            [
              -79.9074387,
              43.44959
            ],
            [
              -79.9073582,
              43.4495608
            ],
            [
              -79.9073153,
              43.4495199
            ],
            [
              -79.907267,
              43.4494712
            ],
            [
              -79.9072,
              43.4494478
            ],
            [
              -79.9071115,
              43.4494245
            ],
            [
              -79.9070524,
              43.4493953
            ],
            [
              -79.906972,
              43.4493544
            ],
            [
              -79.9068835,
              43.4493485
            ],
            [
              -79.9068057,
              43.4493602
            ],
            [
              -79.9067386,
              43.4493992
            ],
            [
              -79.9067091,
              43.449442
            ],
            [
              -79.906693,
              43.4495024
            ],
            [
              -79.9067011,
              43.4495549
            ]
          ]
        ]
      }
    },
    {
      "type": "Feature",
      "properties": {
        "@id": "way/779956315",
        "golf": "tee",
        "landuse": "grass"
      },
      "geometry": {
        "type": "Polygon",
        "coordinates": [
          [
            [
              -79.9054565,
              43.4495978
            ],
            [
              -79.9054726,
              43.4496124
            ],
            [
              -79.9055008,
              43.449628
            ],
            [
              -79.9055263,
              43.4496328
            ],
            [
              -79.9055518,
              43.4496309
            ],
            [
              -79.9055678,
              43.4496211
            ],
            [
              -79.9055826,
              43.4496007
            ],
            [
              -79.9055813,
              43.4495764
            ],
            [
              -79.9055678,
              43.4495569
            ],
            [
              -79.9055383,
              43.4495433
            ],
            [
              -79.9055102,
              43.4495374
            ],
            [
              -79.9054834,
              43.4495364
            ],
            [
              -79.9054579,
              43.4495472
            ],
            [
              -79.9054431,
              43.4495705
            ],
            [
              -79.9054471,
              43.4495841
            ],
            [
              -79.9054565,
              43.4495978
            ]
          ]
        ]
      }
    },
    {
      "type": "Feature",
      "properties": {
        "@id": "way/779962230",
        "golf": "tee",
        "landuse": "grass"
      },
      "geometry": {
        "type": "Polygon",
        "coordinates": [
          [
            [
              -79.9057476,
              43.4497166
            ],
            [
              -79.9057704,
              43.4497321
            ],
            [
              -79.9057945,
              43.4497448
            ],
            [
              -79.9058253,
              43.4497575
            ],
            [
              -79.9058535,
              43.4497575
            ],
            [
              -79.905883,
              43.4497545
            ],
            [
              -79.9059004,
              43.4497419
            ],
            [
              -79.9059139,
              43.4497175
            ],
            [
              -79.9059112,
              43.4496932
            ],
            [
              -79.9058978,
              43.4496737
            ],
            [
              -79.9058763,
              43.4496572
            ],
            [
              -79.9058548,
              43.4496445
            ],
            [
              -79.9058253,
              43.4496338
            ],
            [
              -79.9057864,
              43.4496299
            ],
            [
              -79.9057516,
              43.4496377
            ],
            [
              -79.9057328,
              43.4496572
            ],
            [
              -79.9057248,
              43.4496805
            ],
            [
              -79.9057315,
              43.4497029
            ],
            [
              -79.9057476,
              43.4497166
            ]
          ]
        ]
      }
    },
    {
      "type": "Feature",
      "properties": {
        "@id": "way/779962231",
        "golf": "tee",
        "landuse": "grass"
      },
      "geometry": {
        "type": "Polygon",
        "coordinates": [
          [
            [
              -79.9061137,
              43.449848
            ],
            [
              -79.9061351,
              43.4498626
            ],
            [
              -79.9061553,
              43.4498723
            ],
            [
              -79.9061794,
              43.4498753
            ],
            [
              -79.9062035,
              43.4498733
            ],
            [
              -79.9062277,
              43.4498616
            ],
            [
              -79.9062397,
              43.449846
            ],
            [
              -79.9062424,
              43.4498285
            ],
            [
              -79.906233,
              43.449811
            ],
            [
              -79.9062169,
              43.4497935
            ],
            [
              -79.9061955,
              43.4497818
            ],
            [
              -79.906162,
              43.449773
            ],
            [
              -79.9061311,
              43.449775
            ],
            [
              -79.906111,
              43.4497876
            ],
            [
              -79.9060962,
              43.4498042
            ],
            [
              -79.9060976,
              43.4498314
            ],
            [
              -79.9061137,
              43.449848
            ]
          ]
        ]
      }
    },
    {
      "type": "Feature",
      "properties": {
        "@id": "way/779962232",
        "golf": "tee",
        "landuse": "grass"
      },
      "geometry": {
        "type": "Polygon",
        "coordinates": [
          [
            [
              -79.9067158,
              43.4501294
            ],
            [
              -79.9067225,
              43.4501401
            ],
            [
              -79.9067359,
              43.4501488
            ],
            [
              -79.9067574,
              43.4501527
            ],
            [
              -79.9067789,
              43.4501508
            ],
            [
              -79.9067923,
              43.4501449
            ],
            [
              -79.9068043,
              43.4501333
            ],
            [
              -79.9068043,
              43.4501167
            ],
            [
              -79.9067936,
              43.4501021
            ],
            [
              -79.9067789,
              43.4500914
            ],
            [
              -79.9067561,
              43.4500807
            ],
            [
              -79.9067292,
              43.4500846
            ],
            [
              -79.9067118,
              43.4500982
            ],
            [
              -79.9067078,
              43.4501157
            ],
            [
              -79.9067158,
              43.4501294
            ]
          ]
        ]
      }
    },
    {
      "type": "Feature",
      "properties": {
        "@id": "way/779962233",
        "golf": "bunker",
        "natural": "sand"
      },
      "geometry": {
        "type": "Polygon",
        "coordinates": [
          [
            [
              -79.9064838,
              43.4503835
            ],
            [
              -79.9064932,
              43.4503961
            ],
            [
              -79.906512,
              43.4504078
            ],
            [
              -79.9065308,
              43.4504146
            ],
            [
              -79.9065495,
              43.4504234
            ],
            [
              -79.9065603,
              43.4504419
            ],
            [
              -79.9065764,
              43.4504575
            ],
            [
              -79.9065938,
              43.4504662
            ],
            [
              -79.9066206,
              43.4504701
            ],
            [
              -79.9066448,
              43.4504653
            ],
            [
              -79.9066622,
              43.4504546
            ],
            [
              -79.9066702,
              43.450437
            ],
            [
              -79.9066555,
              43.4504176
            ],
            [
              -79.9066434,
              43.4504039
            ],
            [
              -79.9066233,
              43.4503922
            ],
            [
              -79.9065938,
              43.4503825
            ],
            [
              -79.9065683,
              43.4503767
            ],
            [
              -79.9065536,
              43.4503698
            ],
            [
              -79.9065375,
              43.4503572
            ],
            [
              -79.9065227,
              43.4503436
            ],
            [
              -79.9065039,
              43.4503338
            ],
            [
              -79.9064811,
              43.4503387
            ],
            [
              -79.9064771,
              43.4503543
            ],
            [
              -79.9064785,
              43.4503689
            ],
            [
              -79.9064838,
              43.4503835
            ]
          ]
        ]
      }
    },
    {
      "type": "Feature",
      "properties": {
        "@id": "way/779962234",
        "golf": "bunker",
        "natural": "sand"
      },
      "geometry": {
        "type": "Polygon",
        "coordinates": [
          [
            [
              -79.9067279,
              43.4505646
            ],
            [
              -79.9067359,
              43.4505811
            ],
            [
              -79.9067507,
              43.4505957
            ],
            [
              -79.9067655,
              43.4506064
            ],
            [
              -79.9067856,
              43.4506191
            ],
            [
              -79.906807,
              43.4506308
            ],
            [
              -79.9068379,
              43.4506415
            ],
            [
              -79.9068714,
              43.4506483
            ],
            [
              -79.9069063,
              43.4506483
            ],
            [
              -79.9069277,
              43.4506434
            ],
            [
              -79.9069425,
              43.4506317
            ],
            [
              -79.9069452,
              43.4506171
            ],
            [
              -79.9069411,
              43.4506045
            ],
            [
              -79.9069237,
              43.4505948
            ],
            [
              -79.9069022,
              43.4505879
            ],
            [
              -79.9068714,
              43.450584
            ],
            [
              -79.9068499,
              43.4505792
            ],
            [
              -79.9068285,
              43.4505675
            ],
            [
              -79.9068124,
              43.4505539
            ],
            [
              -79.9068003,
              43.4505402
            ],
            [
              -79.9067775,
              43.4505315
            ],
            [
              -79.9067467,
              43.4505276
            ],
            [
              -79.9067239,
              43.4505334
            ],
            [
              -79.9067212,
              43.450547
            ],
            [
              -79.9067279,
              43.4505646
            ]
          ]
        ]
      }
    },
    {
      "type": "Feature",
      "properties": {
        "@id": "way/779962235",
        "golf": "bunker",
        "natural": "sand"
      },
      "geometry": {
        "type": "Polygon",
        "coordinates": [
          [
            [
              -79.9087221,
              43.451693
            ],
            [
              -79.9087302,
              43.4517085
            ],
            [
              -79.9087449,
              43.4517183
            ],
            [
              -79.9087677,
              43.4517251
            ],
            [
              -79.9087905,
              43.4517251
            ],
            [
              -79.908812,
              43.4517212
            ],
            [
              -79.9088334,
              43.4517222
            ],
            [
              -79.9088536,
              43.451727
            ],
            [
              -79.9088683,
              43.4517339
            ],
            [
              -79.9088871,
              43.4517514
            ],
            [
              -79.9089099,
              43.4517621
            ],
            [
              -79.9089367,
              43.4517679
            ],
            [
              -79.9089635,
              43.4517689
            ],
            [
              -79.908989,
              43.4517621
            ],
            [
              -79.9090105,
              43.4517533
            ],
            [
              -79.9090292,
              43.4517387
            ],
            [
              -79.9090359,
              43.4517212
            ],
            [
              -79.9090373,
              43.4517046
            ],
            [
              -79.9090292,
              43.4516871
            ],
            [
              -79.9090158,
              43.4516706
            ],
            [
              -79.9089796,
              43.4516638
            ],
            [
              -79.9089474,
              43.4516618
            ],
            [
              -79.9089139,
              43.4516667
            ],
            [
              -79.9088884,
              43.4516764
            ],
            [
              -79.908867,
              43.4516823
            ],
            [
              -79.9088401,
              43.4516813
            ],
            [
              -79.90882,
              43.4516715
            ],
            [
              -79.9088012,
              43.4516579
            ],
            [
              -79.9087771,
              43.4516501
            ],
            [
              -79.9087503,
              43.4516521
            ],
            [
              -79.9087329,
              43.4516638
            ],
            [
              -79.9087235,
              43.4516735
            ],
            [
              -79.9087221,
              43.451693
            ]
          ]
        ]
      }
    },
    {
      "type": "Feature",
      "properties": {
        "@id": "way/779962236",
        "golf": "bunker",
        "natural": "sand"
      },
      "geometry": {
        "type": "Polygon",
        "coordinates": [
          [
            [
              -79.9097896,
              43.4515567
            ],
            [
              -79.909795,
              43.4515683
            ],
            [
              -79.9098057,
              43.4515781
            ],
            [
              -79.9098218,
              43.4515849
            ],
            [
              -79.9098406,
              43.4515849
            ],
            [
              -79.9098607,
              43.4515791
            ],
            [
              -79.9098795,
              43.4515742
            ],
            [
              -79.909901,
              43.4515752
            ],
            [
              -79.9099157,
              43.4515888
            ],
            [
              -79.9099358,
              43.4515985
            ],
            [
              -79.9099573,
              43.4516024
            ],
            [
              -79.9099787,
              43.4516014
            ],
            [
              -79.9099989,
              43.4515937
            ],
            [
              -79.9100042,
              43.4515761
            ],
            [
              -79.9099908,
              43.4515606
            ],
            [
              -79.9099734,
              43.4515508
            ],
            [
              -79.9099533,
              43.4515382
            ],
            [
              -79.9099264,
              43.4515275
            ],
            [
              -79.909901,
              43.4515216
            ],
            [
              -79.9098688,
              43.4515197
            ],
            [
              -79.9098379,
              43.4515236
            ],
            [
              -79.9098111,
              43.4515313
            ],
            [
              -79.909791,
              43.4515421
            ],
            [
              -79.9097896,
              43.4515567
            ]
          ]
        ]
      }
    },
    {
      "type": "Feature",
      "properties": {
        "@id": "way/779962237",
        "golf": "bunker",
        "natural": "sand"
      },
      "geometry": {
        "type": "Polygon",
        "coordinates": [
          [
            [
              -79.9097816,
              43.4512743
            ],
            [
              -79.909799,
              43.4512733
            ],
            [
              -79.9098205,
              43.4512743
            ],
            [
              -79.9098406,
              43.4512792
            ],
            [
              -79.909858,
              43.4512831
            ],
            [
              -79.9098782,
              43.4512928
            ],
            [
              -79.9099077,
              43.4513026
            ],
            [
              -79.9099305,
              43.4513123
            ],
            [
              -79.9099573,
              43.451323
            ],
            [
              -79.9099854,
              43.4513269
            ],
            [
              -79.9100123,
              43.4513249
            ],
            [
              -79.9100324,
              43.4513123
            ],
            [
              -79.9100377,
              43.4512987
            ],
            [
              -79.9100337,
              43.451286
            ],
            [
              -79.9100217,
              43.4512772
            ],
            [
              -79.9099962,
              43.4512753
            ],
            [
              -79.9099761,
              43.4512802
            ],
            [
              -79.9099519,
              43.4512782
            ],
            [
              -79.9099331,
              43.4512695
            ],
            [
              -79.9099117,
              43.4512558
            ],
            [
              -79.9098875,
              43.4512451
            ],
            [
              -79.909858,
              43.4512432
            ],
            [
              -79.9098312,
              43.4512471
            ],
            [
              -79.9098098,
              43.4512529
            ],
            [
              -79.909791,
              43.4512558
            ],
            [
              -79.9097789,
              43.4512597
            ],
            [
              -79.9097736,
              43.4512685
            ],
            [
              -79.9097816,
              43.4512743
            ]
          ]
        ]
      }
    },
    {
      "type": "Feature",
      "properties": {
        "@id": "way/779962238",
        "golf": "lateral_water_hazard",
        "natural": "water"
      },
      "geometry": {
        "type": "Polygon",
        "coordinates": [
          [
            [
              -79.9102523,
              43.4512529
            ],
            [
              -79.910259,
              43.4512704
            ],
            [
              -79.9102805,
              43.4512938
            ],
            [
              -79.9103006,
              43.4513123
            ],
            [
              -79.9103221,
              43.4513249
            ],
            [
              -79.9103636,
              43.4513347
            ],
            [
              -79.9104066,
              43.4513376
            ],
            [
              -79.9104468,
              43.4513181
            ],
            [
              -79.9104709,
              43.451287
            ],
            [
              -79.9104897,
              43.4512626
            ],
            [
              -79.9105152,
              43.4512344
            ],
            [
              -79.9105447,
              43.4511867
            ],
            [
              -79.9105621,
              43.4511497
            ],
            [
              -79.9105728,
              43.4511234
            ],
            [
              -79.9105675,
              43.4510806
            ],
            [
              -79.91055,
              43.4510446
            ],
            [
              -79.9105138,
              43.4510163
            ],
            [
              -79.9104749,
              43.4509988
            ],
            [
              -79.9104334,
              43.4509949
            ],
            [
              -79.9103998,
              43.4510007
            ],
            [
              -79.9103623,
              43.4510222
            ],
            [
              -79.9103261,
              43.4510543
            ],
            [
              -79.9102952,
              43.4510854
            ],
            [
              -79.910259,
              43.4511195
            ],
            [
              -79.9102563,
              43.4511458
            ],
            [
              -79.9102537,
              43.451177
            ],
            [
              -79.910247,
              43.451213
            ],
            [
              -79.9102523,
              43.4512529
            ]
          ]
        ]
      }
    },
    {
      "type": "Feature",
      "properties": {
        "@id": "way/779962239",
        "golf": "lateral_water_hazard",
        "natural": "water"
      },
      "geometry": {
        "type": "Polygon",
        "coordinates": [
          [
            [
              -79.9083936,
              43.4510163
            ],
            [
              -79.9083989,
              43.4510446
            ],
            [
              -79.908411,
              43.4510728
            ],
            [
              -79.9084231,
              43.451101
            ],
            [
              -79.9084472,
              43.4511224
            ],
            [
              -79.9084673,
              43.4511341
            ],
            [
              -79.9085303,
              43.4511555
            ],
            [
              -79.9085652,
              43.4511653
            ],
            [
              -79.9086068,
              43.4511643
            ],
            [
              -79.908635,
              43.4511633
            ],
            [
              -79.9086712,
              43.4511614
            ],
            [
              -79.9087087,
              43.4511653
            ],
            [
              -79.9087436,
              43.451177
            ],
            [
              -79.9087744,
              43.4511935
            ],
            [
              -79.9087999,
              43.4512062
            ],
            [
              -79.9088428,
              43.4512227
            ],
            [
              -79.9088817,
              43.4512334
            ],
            [
              -79.9089219,
              43.4512393
            ],
            [
              -79.9089675,
              43.4512402
            ],
            [
              -79.9090118,
              43.4512354
            ],
            [
              -79.9090722,
              43.4512256
            ],
            [
              -79.9091164,
              43.4512188
            ],
            [
              -79.9091727,
              43.4512227
            ],
            [
              -79.9092331,
              43.4512325
            ],
            [
              -79.9092867,
              43.4512471
            ],
            [
              -79.909327,
              43.4512558
            ],
            [
              -79.9094007,
              43.4512656
            ],
            [
              -79.9094892,
              43.4512733
            ],
            [
              -79.9095523,
              43.4512743
            ],
            [
              -79.9096207,
              43.4512743
            ],
            [
              -79.9096958,
              43.4512656
            ],
            [
              -79.9097682,
              43.4512451
            ],
            [
              -79.9098218,
              43.4512334
            ],
            [
              -79.9098554,
              43.4512256
            ],
            [
              -79.9098983,
              43.451213
            ],
            [
              -79.9099318,
              43.4511994
            ],
            [
              -79.9099626,
              43.4511867
            ],
            [
              -79.910019,
              43.4511789
            ],
            [
              -79.9100874,
              43.4511633
            ],
            [
              -79.9101424,
              43.4511536
            ],
            [
              -79.9101772,
              43.451137
            ],
            [
              -79.9102175,
              43.4511127
            ],
            [
              -79.9102537,
              43.4510728
            ],
            [
              -79.9102818,
              43.4510387
            ],
            [
              -79.9102966,
              43.450993
            ],
            [
              -79.9102765,
              43.4509511
            ],
            [
              -79.9102443,
              43.4509316
            ],
            [
              -79.9101826,
              43.4509121
            ],
            [
              -79.9101115,
              43.4509053
            ],
            [
              -79.9100377,
              43.450919
            ],
            [
              -79.9099774,
              43.4509355
            ],
            [
              -79.9099519,
              43.4509511
            ],
            [
              -79.9099117,
              43.4509472
            ],
            [
              -79.9098768,
              43.4509151
            ],
            [
              -79.9098446,
              43.4508936
            ],
            [
              -79.9098124,
              43.4508644
            ],
            [
              -79.9097695,
              43.4508343
            ],
            [
              -79.9097105,
              43.4508119
            ],
            [
              -79.9096421,
              43.4507846
            ],
            [
              -79.9095523,
              43.4507593
            ],
            [
              -79.9094892,
              43.4507311
            ],
            [
              -79.9094329,
              43.4507067
            ],
            [
              -79.9093806,
              43.4506921
            ],
            [
              -79.9093404,
              43.4506756
            ],
            [
              -79.9092881,
              43.4506551
            ],
            [
              -79.9092519,
              43.4506288
            ],
            [
              -79.9092089,
              43.4505977
            ],
            [
              -79.9091633,
              43.4505743
            ],
            [
              -79.9091043,
              43.4505539
            ],
            [
              -79.9090494,
              43.4505461
            ],
            [
              -79.9089836,
              43.4505461
            ],
            [
              -79.908926,
              43.4505597
            ],
            [
              -79.9088924,
              43.450586
            ],
            [
              -79.9088777,
              43.4506055
            ],
            [
              -79.9088683,
              43.4506317
            ],
            [
              -79.9088468,
              43.4506697
            ],
            [
              -79.9088388,
              43.4506892
            ],
            [
              -79.9087919,
              43.4507077
            ],
            [
              -79.9087503,
              43.4507272
            ],
            [
              -79.9087208,
              43.4507437
            ],
            [
              -79.9086873,
              43.4507719
            ],
            [
              -79.9086685,
              43.4507895
            ],
            [
              -79.9086363,
              43.4508206
            ],
            [
              -79.9085961,
              43.4508391
            ],
            [
              -79.9085585,
              43.4508615
            ],
            [
              -79.9084995,
              43.4508936
            ],
            [
              -79.9084539,
              43.4509209
            ],
            [
              -79.9084338,
              43.4509345
            ],
            [
              -79.908415,
              43.4509628
            ],
            [
              -79.9084003,
              43.450992
            ],
            [
              -79.9083936,
              43.4510163
            ]
          ]
        ]
      }
    },
    {
      "type": "Feature",
      "properties": {
        "@id": "way/779962240",
        "golf": "green",
        "landuse": "grass"
      },
      "geometry": {
        "type": "Polygon",
        "coordinates": [
          [
            [
              -79.9097058,
              43.4514535
            ],
            [
              -79.9097199,
              43.4514632
            ],
            [
              -79.9097313,
              43.4514695
            ],
            [
              -79.9097494,
              43.4514734
            ],
            [
              -79.9097682,
              43.4514759
            ],
            [
              -79.9097957,
              43.4514773
            ],
            [
              -79.9098165,
              43.4514783
            ],
            [
              -79.90985,
              43.4514807
            ],
            [
              -79.9098829,
              43.4514822
            ],
            [
              -79.9099056,
              43.4514866
            ],
            [
              -79.9099365,
              43.4514948
            ],
            [
              -79.9099606,
              43.4514992
            ],
            [
              -79.9099814,
              43.4515041
            ],
            [
              -79.9099968,
              43.4515104
            ],
            [
              -79.910021,
              43.4515187
            ],
            [
              -79.9100458,
              43.4515265
            ],
            [
              -79.9100706,
              43.4515275
            ],
            [
              -79.9101001,
              43.451524
            ],
            [
              -79.9101343,
              43.4515143
            ],
            [
              -79.9101598,
              43.4515036
            ],
            [
              -79.9101779,
              43.451488
            ],
            [
              -79.9102,
              43.4514637
            ],
            [
              -79.9102101,
              43.4514423
            ],
            [
              -79.9102141,
              43.4514208
            ],
            [
              -79.9102054,
              43.4513989
            ],
            [
              -79.9101866,
              43.4513834
            ],
            [
              -79.9101652,
              43.4513765
            ],
            [
              -79.9101377,
              43.4513746
            ],
            [
              -79.9101015,
              43.4513761
            ],
            [
              -79.9100753,
              43.4513809
            ],
            [
              -79.9100438,
              43.4513887
            ],
            [
              -79.9100156,
              43.451395
            ],
            [
              -79.9099948,
              43.4513985
            ],
            [
              -79.9099626,
              43.4513999
            ],
            [
              -79.9099419,
              43.4514014
            ],
            [
              -79.909907,
              43.451396
            ],
            [
              -79.9098815,
              43.4513902
            ],
            [
              -79.909856,
              43.4513795
            ],
            [
              -79.9098312,
              43.4513741
            ],
            [
              -79.9098031,
              43.4513697
            ],
            [
              -79.9097742,
              43.4513692
            ],
            [
              -79.9097494,
              43.4513736
            ],
            [
              -79.909728,
              43.45138
            ],
            [
              -79.9097132,
              43.4513926
            ],
            [
              -79.9097018,
              43.4514053
            ],
            [
              -79.9096984,
              43.4514223
            ],
            [
              -79.9096991,
              43.4514398
            ],
            [
              -79.9097058,
              43.4514535
            ]
          ]
        ]
      }
    },
    {
      "type": "Feature",
      "properties": {
        "@id": "way/779962241",
        "golf": "cartpath",
        "golf_cart": "designated",
        "highway": "service"
      },
      "geometry": {
        "type": "LineString",
        "coordinates": [
          [
            -79.9106281,
            43.4511461
          ],
          [
            -79.9107311,
            43.4511151
          ],
          [
            -79.9108156,
            43.4511073
          ],
          [
            -79.9108587,
            43.4511033
          ]
        ]
      }
    },
    {
      "type": "Feature",
      "properties": {
        "@id": "way/779962242",
        "golf": "fairway",
        "landuse": "grass"
      },
      "geometry": {
        "type": "Polygon",
        "coordinates": [
          [
            [
              -79.9098165,
              43.4514783
            ],
            [
              -79.9097749,
              43.4514919
            ],
            [
              -79.90974,
              43.4515094
            ],
            [
              -79.9097105,
              43.4515289
            ],
            [
              -79.909681,
              43.4515503
            ],
            [
              -79.9096435,
              43.4515708
            ],
            [
              -79.909614,
              43.4515864
            ],
            [
              -79.909555,
              43.4516078
            ],
            [
              -79.9094986,
              43.4516185
            ],
            [
              -79.9094262,
              43.4516302
            ],
            [
              -79.9093578,
              43.451636
            ],
            [
              -79.9093095,
              43.4516428
            ],
            [
              -79.9092586,
              43.4516477
            ],
            [
              -79.9092157,
              43.4516496
            ],
            [
              -79.9091848,
              43.4516457
            ],
            [
              -79.9091499,
              43.451635
            ],
            [
              -79.9090882,
              43.4516214
            ],
            [
              -79.9090225,
              43.4516029
            ],
            [
              -79.9089367,
              43.4515805
            ],
            [
              -79.9088589,
              43.4515717
            ],
            [
              -79.9087945,
              43.4515669
            ],
            [
              -79.908706,
              43.451561
            ],
            [
              -79.9086296,
              43.4515503
            ],
            [
              -79.9085639,
              43.4515377
            ],
            [
              -79.9084982,
              43.4515153
            ],
            [
              -79.9084606,
              43.4515036
            ],
            [
              -79.908415,
              43.4514948
            ],
            [
              -79.9083828,
              43.4514861
            ],
            [
              -79.9083506,
              43.4514666
            ],
            [
              -79.9083117,
              43.4514442
            ],
            [
              -79.9082822,
              43.4514208
            ],
            [
              -79.9082581,
              43.4513926
            ],
            [
              -79.908238,
              43.4513683
            ],
            [
              -79.9082112,
              43.4513371
            ],
            [
              -79.9081656,
              43.4513069
            ],
            [
              -79.9081213,
              43.4512787
            ],
            [
              -79.9080811,
              43.4512602
            ],
            [
              -79.9080301,
              43.4512388
            ],
            [
              -79.9079872,
              43.4512144
            ],
            [
              -79.907951,
              43.4511921
            ],
            [
              -79.9078893,
              43.4511589
            ],
            [
              -79.9078289,
              43.4511249
            ],
            [
              -79.9077807,
              43.4511005
            ],
            [
              -79.907731,
              43.4510762
            ],
            [
              -79.9076841,
              43.4510548
            ],
            [
              -79.9076372,
              43.4510295
            ],
            [
              -79.9075822,
              43.4509973
            ],
            [
              -79.9075339,
              43.4509691
            ],
            [
              -79.9074964,
              43.4509409
            ],
            [
              -79.9074601,
              43.4509175
            ],
            [
              -79.9074132,
              43.4508815
            ],
            [
              -79.9073649,
              43.4508503
            ],
            [
              -79.9073099,
              43.4508133
            ],
            [
              -79.9072617,
              43.45079
            ],
            [
              -79.907212,
              43.4507646
            ],
            [
              -79.9071664,
              43.4507335
            ],
            [
              -79.9071182,
              43.4506945
            ],
            [
              -79.90709,
              43.4506683
            ],
            [
              -79.907039,
              43.4506283
            ],
            [
              -79.9069975,
              43.4505874
            ],
            [
              -79.9069545,
              43.4505563
            ],
            [
              -79.9069237,
              43.4505417
            ],
            [
              -79.9068821,
              43.4505281
            ],
            [
              -79.9068312,
              43.4504998
            ],
            [
              -79.9067748,
              43.4504619
            ],
            [
              -79.9067386,
              43.4504239
            ],
            [
              -79.9067185,
              43.450384
            ],
            [
              -79.9067011,
              43.4503304
            ],
            [
              -79.9067078,
              43.450272
            ],
            [
              -79.9067319,
              43.4502506
            ],
            [
              -79.9067829,
              43.4502438
            ],
            [
              -79.9068406,
              43.4502477
            ],
            [
              -79.9068982,
              43.4502632
            ],
            [
              -79.9069452,
              43.4502837
            ],
            [
              -79.9070136,
              43.4503178
            ],
            [
              -79.9070672,
              43.450346
            ],
            [
              -79.9071182,
              43.4503752
            ],
            [
              -79.9071731,
              43.4504015
            ],
            [
              -79.9072228,
              43.4504171
            ],
            [
              -79.9072898,
              43.4504424
            ],
            [
              -79.9073354,
              43.4504628
            ],
            [
              -79.9073904,
              43.4504891
            ],
            [
              -79.90744,
              43.4505125
            ],
            [
              -79.9074896,
              43.4505339
            ],
            [
              -79.9075272,
              43.450567
            ],
            [
              -79.9075634,
              43.4505943
            ],
            [
              -79.907605,
              43.4506186
            ],
            [
              -79.9076519,
              43.4506556
            ],
            [
              -79.9076975,
              43.4506858
            ],
            [
              -79.9077699,
              43.4507247
            ],
            [
              -79.9078142,
              43.4507491
            ],
            [
              -79.9078947,
              43.450787
            ],
            [
              -79.9079523,
              43.4508162
            ],
            [
              -79.9079926,
              43.4508367
            ],
            [
              -79.9080529,
              43.4508678
            ],
            [
              -79.9081133,
              43.4509136
            ],
            [
              -79.9081669,
              43.4509506
            ],
            [
              -79.9082246,
              43.4509964
            ],
            [
              -79.9082755,
              43.4510402
            ],
            [
              -79.9083037,
              43.4510801
            ],
            [
              -79.9083238,
              43.4511249
            ],
            [
              -79.9083547,
              43.4511609
            ],
            [
              -79.908407,
              43.451193
            ],
            [
              -79.9084552,
              43.4512164
            ],
            [
              -79.9085049,
              43.451232
            ],
            [
              -79.9085639,
              43.4512388
            ],
            [
              -79.908635,
              43.4512407
            ],
            [
              -79.9086712,
              43.4512388
            ],
            [
              -79.9087422,
              43.4512553
            ],
            [
              -79.9087959,
              43.4512787
            ],
            [
              -79.9088509,
              43.4512953
            ],
            [
              -79.9089219,
              43.4513001
            ],
            [
              -79.9090011,
              43.4513001
            ],
            [
              -79.9090842,
              43.4512962
            ],
            [
              -79.9091526,
              43.4512982
            ],
            [
              -79.909213,
              43.451306
            ],
            [
              -79.909272,
              43.4513167
            ],
            [
              -79.9093256,
              43.4513293
            ],
            [
              -79.9093819,
              43.4513371
            ],
            [
              -79.9094302,
              43.4513391
            ],
            [
              -79.9094973,
              43.4513439
            ],
            [
              -79.9095925,
              43.4513498
            ],
            [
              -79.9096421,
              43.4513556
            ],
            [
              -79.9096917,
              43.4513615
            ],
            [
              -79.9097347,
              43.4513663
            ],
            [
              -79.9097742,
              43.4513692
            ],
            [
              -79.9098165,
              43.4514783
            ]
          ]
        ]
      }
    },
    {
      "type": "Feature",
      "properties": {
        "@id": "way/779962243",
        "golf": "hole",
        "handicap": "2",
        "par": "4",
        "ref": "12"
      },
      "geometry": {
        "type": "LineString",
        "coordinates": [
          [
            -79.9055155,
            43.4495837
          ],
          [
            -79.9080797,
            43.4511414
          ],
          [
            -79.9099948,
            43.4514491
          ]
        ]
      }
    },
    {
      "type": "Feature",
      "properties": {
        "@id": "way/779962244",
        "golf": "tee",
        "landuse": "grass"
      },
      "geometry": {
        "type": "Polygon",
        "coordinates": [
          [
            [
              -79.9116189,
              43.4513663
            ],
            [
              -79.9116243,
              43.4513731
            ],
            [
              -79.9116337,
              43.451378
            ],
            [
              -79.9116431,
              43.4513804
            ],
            [
              -79.9116578,
              43.4513795
            ],
            [
              -79.9116692,
              43.4513756
            ],
            [
              -79.9116819,
              43.4513683
            ],
            [
              -79.9116907,
              43.4513585
            ],
            [
              -79.9116913,
              43.4513464
            ],
            [
              -79.9116853,
              43.4513381
            ],
            [
              -79.9116732,
              43.4513313
            ],
            [
              -79.9116544,
              43.4513288
            ],
            [
              -79.911637,
              43.4513332
            ],
            [
              -79.9116223,
              43.4513415
            ],
            [
              -79.9116162,
              43.4513512
            ],
            [
              -79.9116162,
              43.4513585
            ],
            [
              -79.9116189,
              43.4513663
            ]
          ]
        ]
      }
    },
    {
      "type": "Feature",
      "properties": {
        "@id": "way/779962245",
        "golf": "tee",
        "landuse": "grass"
      },
      "geometry": {
        "type": "Polygon",
        "coordinates": [
          [
            [
              -79.911637,
              43.4510528
            ],
            [
              -79.9116477,
              43.4510626
            ],
            [
              -79.9116585,
              43.4510723
            ],
            [
              -79.9116712,
              43.4510781
            ],
            [
              -79.911688,
              43.4510806
            ],
            [
              -79.9117148,
              43.4510767
            ],
            [
              -79.9117322,
              43.4510689
            ],
            [
              -79.9117497,
              43.4510572
            ],
            [
              -79.911757,
              43.4510407
            ],
            [
              -79.9117557,
              43.4510168
            ],
            [
              -79.9117477,
              43.45099
            ],
            [
              -79.9117356,
              43.450972
            ],
            [
              -79.9117188,
              43.4509584
            ],
            [
              -79.9116987,
              43.4509506
            ],
            [
              -79.9116853,
              43.4509477
            ],
            [
              -79.9116598,
              43.4509472
            ],
            [
              -79.9116377,
              43.450954
            ],
            [
              -79.9116223,
              43.4509652
            ],
            [
              -79.9116129,
              43.4509783
            ],
            [
              -79.9116075,
              43.450991
            ],
            [
              -79.9116142,
              43.4510149
            ],
            [
              -79.9116263,
              43.4510387
            ],
            [
              -79.911637,
              43.4510528
            ]
          ]
        ]
      }
    },
    {
      "type": "Feature",
      "properties": {
        "@id": "way/779962246",
        "golf": "tee",
        "landuse": "grass"
      },
      "geometry": {
        "type": "Polygon",
        "coordinates": [
          [
            [
              -79.9111877,
              43.450919
            ],
            [
              -79.9112032,
              43.4509306
            ],
            [
              -79.9112253,
              43.4509423
            ],
            [
              -79.9112427,
              43.4509525
            ],
            [
              -79.9112615,
              43.4509603
            ],
            [
              -79.9112856,
              43.4509691
            ],
            [
              -79.9113078,
              43.4509764
            ],
            [
              -79.9113205,
              43.4509856
            ],
            [
              -79.9113312,
              43.4510017
            ],
            [
              -79.911344,
              43.4510261
            ],
            [
              -79.9113487,
              43.4510416
            ],
            [
              -79.9113574,
              43.4510606
            ],
            [
              -79.9113748,
              43.4510767
            ],
            [
              -79.9113943,
              43.4510879
            ],
            [
              -79.9114184,
              43.4510952
            ],
            [
              -79.9114439,
              43.4510937
            ],
            [
              -79.9114674,
              43.4510859
            ],
            [
              -79.9114841,
              43.4510689
            ],
            [
              -79.9114861,
              43.4510514
            ],
            [
              -79.9114848,
              43.4510358
            ],
            [
              -79.9114788,
              43.4510202
            ],
            [
              -79.911466,
              43.4510027
            ],
            [
              -79.9114486,
              43.4509895
            ],
            [
              -79.9114312,
              43.450974
            ],
            [
              -79.9114164,
              43.4509633
            ],
            [
              -79.9113949,
              43.4509438
            ],
            [
              -79.9113789,
              43.4509306
            ],
            [
              -79.9113614,
              43.4509126
            ],
            [
              -79.9113453,
              43.4508932
            ],
            [
              -79.9113252,
              43.4508678
            ],
            [
              -79.9113145,
              43.4508484
            ],
            [
              -79.9113011,
              43.4508308
            ],
            [
              -79.911289,
              43.4508211
            ],
            [
              -79.9112729,
              43.4508138
            ],
            [
              -79.9112548,
              43.4508109
            ],
            [
              -79.911232,
              43.4508099
            ],
            [
              -79.9112092,
              43.4508148
            ],
            [
              -79.9111904,
              43.4508235
            ],
            [
              -79.911171,
              43.4508367
            ],
            [
              -79.9111603,
              43.4508479
            ],
            [
              -79.9111535,
              43.4508674
            ],
            [
              -79.9111569,
              43.4508878
            ],
            [
              -79.9111717,
              43.4509053
            ],
            [
              -79.9111877,
              43.450919
            ]
          ]
        ]
      }
    },
    {
      "type": "Feature",
      "properties": {
        "@id": "way/779962247",
        "golf": "bunker",
        "natural": "sand"
      },
      "geometry": {
        "type": "Polygon",
        "coordinates": [
          [
            [
              -79.9115029,
              43.4508625
            ],
            [
              -79.9115123,
              43.4508717
            ],
            [
              -79.9115317,
              43.4508805
            ],
            [
              -79.9115539,
              43.4508839
            ],
            [
              -79.9115793,
              43.4508834
            ],
            [
              -79.9116048,
              43.4508781
            ],
            [
              -79.911641,
              43.4508659
            ],
            [
              -79.9116591,
              43.4508542
            ],
            [
              -79.9116732,
              43.4508391
            ],
            [
              -79.9116853,
              43.4508197
            ],
            [
              -79.9116933,
              43.4508012
            ],
            [
              -79.9116954,
              43.4507836
            ],
            [
              -79.9116893,
              43.4507627
            ],
            [
              -79.9116793,
              43.4507457
            ],
            [
              -79.9116652,
              43.4507238
            ],
            [
              -79.9116605,
              43.450697
            ],
            [
              -79.9116685,
              43.4506804
            ],
            [
              -79.9116833,
              43.4506619
            ],
            [
              -79.9116947,
              43.4506454
            ],
            [
              -79.9117094,
              43.4506313
            ],
            [
              -79.9117262,
              43.4506147
            ],
            [
              -79.9117363,
              43.4506006
            ],
            [
              -79.911741,
              43.4505831
            ],
            [
              -79.9117296,
              43.4505641
            ],
            [
              -79.9117094,
              43.4505466
            ],
            [
              -79.911684,
              43.4505354
            ],
            [
              -79.9116498,
              43.4505188
            ],
            [
              -79.9116223,
              43.4505042
            ],
            [
              -79.9115975,
              43.4504901
            ],
            [
              -79.9115787,
              43.4504662
            ],
            [
              -79.91157,
              43.4504468
            ],
            [
              -79.9115679,
              43.4504215
            ],
            [
              -79.911574,
              43.4504
            ],
            [
              -79.9115827,
              43.4503849
            ],
            [
              -79.9115934,
              43.4503689
            ],
            [
              -79.9115968,
              43.4503562
            ],
            [
              -79.9115961,
              43.4503406
            ],
            [
              -79.911582,
              43.450326
            ],
            [
              -79.9115626,
              43.4503119
            ],
            [
              -79.9115425,
              43.4503041
            ],
            [
              -79.9115136,
              43.4502973
            ],
            [
              -79.9114781,
              43.45029
            ],
            [
              -79.9114472,
              43.4502827
            ],
            [
              -79.9114211,
              43.450273
            ],
            [
              -79.9113936,
              43.4502574
            ],
            [
              -79.9113762,
              43.4502433
            ],
            [
              -79.9113648,
              43.4502287
            ],
            [
              -79.9113641,
              43.4502146
            ],
            [
              -79.9113708,
              43.4501985
            ],
            [
              -79.9113795,
              43.4501863
            ],
            [
              -79.9113909,
              43.4501722
            ],
            [
              -79.9113976,
              43.4501561
            ],
            [
              -79.9113983,
              43.4501401
            ],
            [
              -79.9113862,
              43.4501269
            ],
            [
              -79.9113641,
              43.4501182
            ],
            [
              -79.911342,
              43.4501143
            ],
            [
              -79.9113172,
              43.4501143
            ],
            [
              -79.911295,
              43.4501167
            ],
            [
              -79.9112696,
              43.4501279
            ],
            [
              -79.9112447,
              43.4501411
            ],
            [
              -79.911228,
              43.4501527
            ],
            [
              -79.9112105,
              43.4501664
            ],
            [
              -79.9111998,
              43.45018
            ],
            [
              -79.9111884,
              43.4501975
            ],
            [
              -79.9111804,
              43.4502082
            ],
            [
              -79.911169,
              43.4502204
            ],
            [
              -79.9111576,
              43.4502316
            ],
            [
              -79.9111408,
              43.4502516
            ],
            [
              -79.9111314,
              43.4502628
            ],
            [
              -79.911122,
              43.4502798
            ],
            [
              -79.911122,
              43.4502954
            ],
            [
              -79.9111227,
              43.4503036
            ],
            [
              -79.9111267,
              43.4503168
            ],
            [
              -79.9111388,
              43.4503309
            ],
            [
              -79.9111542,
              43.4503411
            ],
            [
              -79.9111763,
              43.4503509
            ],
            [
              -79.9112065,
              43.4503601
            ],
            [
              -79.9112213,
              43.4503621
            ],
            [
              -79.9112461,
              43.4503689
            ],
            [
              -79.9112702,
              43.4503776
            ],
            [
              -79.9112877,
              43.4503845
            ],
            [
              -79.9113051,
              43.4503937
            ],
            [
              -79.9113198,
              43.4504034
            ],
            [
              -79.9113319,
              43.4504151
            ],
            [
              -79.911346,
              43.4504292
            ],
            [
              -79.9113581,
              43.4504443
            ],
            [
              -79.9113621,
              43.4504589
            ],
            [
              -79.9113601,
              43.4504765
            ],
            [
              -79.9113574,
              43.450493
            ],
            [
              -79.9113507,
              43.4505032
            ],
            [
              -79.9113467,
              43.4505115
            ],
            [
              -79.9113413,
              43.4505247
            ],
            [
              -79.9113433,
              43.4505344
            ],
            [
              -79.911348,
              43.450548
            ],
            [
              -79.9113594,
              43.4505621
            ],
            [
              -79.9113782,
              43.4505743
            ],
            [
              -79.9113956,
              43.450584
            ],
            [
              -79.9114191,
              43.4505938
            ],
            [
              -79.9114392,
              43.4506021
            ],
            [
              -79.9114533,
              43.4506079
            ],
            [
              -79.9114721,
              43.4506186
            ],
            [
              -79.9114888,
              43.4506279
            ],
            [
              -79.9114996,
              43.4506386
            ],
            [
              -79.9115042,
              43.4506493
            ],
            [
              -79.9115056,
              43.4506605
            ],
            [
              -79.9115016,
              43.450676
            ],
            [
              -79.9114942,
              43.4506868
            ],
            [
              -79.9114821,
              43.4507057
            ],
            [
              -79.9114707,
              43.4507257
            ],
            [
              -79.9114667,
              43.4507452
            ],
            [
              -79.911462,
              43.4507651
            ],
            [
              -79.911464,
              43.4507822
            ],
            [
              -79.9114687,
              43.4508016
            ],
            [
              -79.9114747,
              43.4508158
            ],
            [
              -79.9114801,
              43.4508318
            ],
            [
              -79.9114922,
              43.4508493
            ],
            [
              -79.9115029,
              43.4508625
            ]
          ]
        ]
      }
    },
    {
      "type": "Feature",
      "properties": {
        "@id": "way/779962248",
        "golf": "bunker",
        "natural": "sand"
      },
      "geometry": {
        "type": "Polygon",
        "coordinates": [
          [
            [
              -79.9113031,
              43.4499308
            ],
            [
              -79.9113038,
              43.4499415
            ],
            [
              -79.9113031,
              43.4499507
            ],
            [
              -79.9113058,
              43.4499604
            ],
            [
              -79.9113125,
              43.4499673
            ],
            [
              -79.9113219,
              43.4499721
            ],
            [
              -79.9113353,
              43.4499746
            ],
            [
              -79.9113467,
              43.4499746
            ],
            [
              -79.9113628,
              43.4499736
            ],
            [
              -79.9113755,
              43.4499707
            ],
            [
              -79.9113849,
              43.4499663
            ],
            [
              -79.9113943,
              43.4499595
            ],
            [
              -79.9113996,
              43.4499497
            ],
            [
              -79.911399,
              43.4499371
            ],
            [
              -79.9113949,
              43.4499264
            ],
            [
              -79.9113876,
              43.4499181
            ],
            [
              -79.9113762,
              43.4499123
            ],
            [
              -79.9113634,
              43.4499079
            ],
            [
              -79.9113493,
              43.449905
            ],
            [
              -79.9113379,
              43.4498952
            ],
            [
              -79.9113333,
              43.449886
            ],
            [
              -79.9113333,
              43.4498772
            ],
            [
              -79.9113393,
              43.449868
            ],
            [
              -79.911346,
              43.4498592
            ],
            [
              -79.9113487,
              43.4498499
            ],
            [
              -79.9113447,
              43.4498378
            ],
            [
              -79.9113379,
              43.4498285
            ],
            [
              -79.9113279,
              43.4498222
            ],
            [
              -79.9113125,
              43.4498188
            ],
            [
              -79.9112937,
              43.4498178
            ],
            [
              -79.9112776,
              43.4498193
            ],
            [
              -79.9112628,
              43.4498227
            ],
            [
              -79.9112481,
              43.4498295
            ],
            [
              -79.911238,
              43.4498383
            ],
            [
              -79.9112313,
              43.4498475
            ],
            [
              -79.9112273,
              43.4498548
            ],
            [
              -79.9112246,
              43.449866
            ],
            [
              -79.9112253,
              43.4498757
            ],
            [
              -79.91123,
              43.4498869
            ],
            [
              -79.9112354,
              43.4498947
            ],
            [
              -79.9112454,
              43.4499015
            ],
            [
              -79.9112541,
              43.449905
            ],
            [
              -79.9112669,
              43.4499069
            ],
            [
              -79.9112789,
              43.4499079
            ],
            [
              -79.911291,
              43.4499123
            ],
            [
              -79.9113011,
              43.4499215
            ],
            [
              -79.9113031,
              43.4499308
            ]
          ]
        ]
      }
    },
    {
      "type": "Feature",
      "properties": {
        "@id": "way/779962249",
        "golf": "bunker",
        "natural": "sand"
      },
      "geometry": {
        "type": "Polygon",
        "coordinates": [
          [
            [
              -79.9108853,
              43.449791
            ],
            [
              -79.9108853,
              43.4497979
            ],
            [
              -79.91088,
              43.4498037
            ],
            [
              -79.9108739,
              43.4498134
            ],
            [
              -79.9108733,
              43.4498237
            ],
            [
              -79.9108773,
              43.4498319
            ],
            [
              -79.9108873,
              43.4498387
            ],
            [
              -79.9109021,
              43.4498407
            ],
            [
              -79.9109168,
              43.4498407
            ],
            [
              -79.9109296,
              43.4498402
            ],
            [
              -79.9109443,
              43.4498417
            ],
            [
              -79.9109551,
              43.4498431
            ],
            [
              -79.9109725,
              43.4498441
            ],
            [
              -79.9109873,
              43.4498441
            ],
            [
              -79.9110047,
              43.4498412
            ],
            [
              -79.9110161,
              43.4498319
            ],
            [
              -79.9110214,
              43.4498222
            ],
            [
              -79.9110214,
              43.4498125
            ],
            [
              -79.9110188,
              43.4498018
            ],
            [
              -79.9110087,
              43.449791
            ],
            [
              -79.9109993,
              43.4497857
            ],
            [
              -79.9109846,
              43.4497798
            ],
            [
              -79.9109718,
              43.449773
            ],
            [
              -79.9109624,
              43.4497652
            ],
            [
              -79.9109517,
              43.449757
            ],
            [
              -79.9109383,
              43.4497492
            ],
            [
              -79.9109242,
              43.4497409
            ],
            [
              -79.9109054,
              43.4497365
            ],
            [
              -79.9108847,
              43.4497385
            ],
            [
              -79.9108733,
              43.4497467
            ],
            [
              -79.9108672,
              43.4497575
            ],
            [
              -79.9108712,
              43.4497721
            ],
            [
              -79.9108793,
              43.4497818
            ],
            [
              -79.9108853,
              43.449791
            ]
          ]
        ]
      }
    },
    {
      "type": "Feature",
      "properties": {
        "@id": "way/779962250",
        "golf": "tee",
        "landuse": "grass"
      },
      "geometry": {
        "type": "Polygon",
        "coordinates": [
          [
            [
              -79.911057,
              43.4497784
            ],
            [
              -79.9110684,
              43.449791
            ],
            [
              -79.9110805,
              43.4498032
            ],
            [
              -79.9110898,
              43.4498149
            ],
            [
              -79.9111006,
              43.4498261
            ],
            [
              -79.9111126,
              43.449831
            ],
            [
              -79.9111287,
              43.4498353
            ],
            [
              -79.9111509,
              43.4498349
            ],
            [
              -79.9111656,
              43.4498324
            ],
            [
              -79.9111871,
              43.4498217
            ],
            [
              -79.9112072,
              43.4498076
            ],
            [
              -79.9112213,
              43.4497969
            ],
            [
              -79.91124,
              43.4497896
            ],
            [
              -79.9112615,
              43.4497862
            ],
            [
              -79.9112776,
              43.4497837
            ],
            [
              -79.9113031,
              43.4497833
            ],
            [
              -79.9113272,
              43.4497837
            ],
            [
              -79.91135,
              43.4497833
            ],
            [
              -79.9113735,
              43.4497847
            ],
            [
              -79.9113936,
              43.4497852
            ],
            [
              -79.9114144,
              43.4497828
            ],
            [
              -79.9114291,
              43.4497764
            ],
            [
              -79.9114392,
              43.4497648
            ],
            [
              -79.9114466,
              43.4497536
            ],
            [
              -79.9114486,
              43.4497414
            ],
            [
              -79.9114466,
              43.4497321
            ],
            [
              -79.9114439,
              43.4497248
            ],
            [
              -79.9114365,
              43.4497151
            ],
            [
              -79.9114258,
              43.4497088
            ],
            [
              -79.9114177,
              43.4497063
            ],
            [
              -79.9114003,
              43.4497005
            ],
            [
              -79.9113789,
              43.4496981
            ],
            [
              -79.9113527,
              43.4496951
            ],
            [
              -79.9113326,
              43.4496927
            ],
            [
              -79.9112991,
              43.4496898
            ],
            [
              -79.9112716,
              43.4496878
            ],
            [
              -79.9112494,
              43.4496859
            ],
            [
              -79.9112179,
              43.4496825
            ],
            [
              -79.9111998,
              43.4496766
            ],
            [
              -79.9111837,
              43.4496727
            ],
            [
              -79.911167,
              43.4496674
            ],
            [
              -79.9111515,
              43.4496606
            ],
            [
              -79.9111375,
              43.4496538
            ],
            [
              -79.911118,
              43.449646
            ],
            [
              -79.9110992,
              43.4496377
            ],
            [
              -79.9110791,
              43.4496333
            ],
            [
              -79.9110577,
              43.4496319
            ],
            [
              -79.9110355,
              43.4496382
            ],
            [
              -79.9110214,
              43.4496455
            ],
            [
              -79.9110107,
              43.4496533
            ],
            [
              -79.9109953,
              43.4496654
            ],
            [
              -79.9109919,
              43.4496805
            ],
            [
              -79.9109899,
              43.4496961
            ],
            [
              -79.910994,
              43.4497146
            ],
            [
              -79.911002,
              43.4497292
            ],
            [
              -79.9110107,
              43.4497399
            ],
            [
              -79.9110261,
              43.4497506
            ],
            [
              -79.9110375,
              43.4497594
            ],
            [
              -79.9110503,
              43.4497682
            ],
            [
              -79.911057,
              43.4497784
            ]
          ]
        ]
      }
    },
    {
      "type": "Feature",
      "properties": {
        "@id": "way/779962251",
        "golf": "fairway",
        "landuse": "grass"
      },
      "geometry": {
        "type": "Polygon",
        "coordinates": [
          [
            [
              -79.9110684,
              43.449791
            ],
            [
              -79.9110717,
              43.449812
            ],
            [
              -79.9110738,
              43.449828
            ],
            [
              -79.9110704,
              43.4498417
            ],
            [
              -79.9110644,
              43.4498582
            ],
            [
              -79.9110496,
              43.4498787
            ],
            [
              -79.9110389,
              43.4498908
            ],
            [
              -79.9110221,
              43.4499045
            ],
            [
              -79.91101,
              43.4499205
            ],
            [
              -79.9110033,
              43.4499342
            ],
            [
              -79.9109973,
              43.4499536
            ],
            [
              -79.9109953,
              43.4499697
            ],
            [
              -79.910998,
              43.4499887
            ],
            [
              -79.9110047,
              43.4500033
            ],
            [
              -79.9110147,
              43.4500189
            ],
            [
              -79.9110228,
              43.4500305
            ],
            [
              -79.9110335,
              43.4500393
            ],
            [
              -79.9110436,
              43.45005
            ],
            [
              -79.9110577,
              43.4500612
            ],
            [
              -79.9110704,
              43.4500734
            ],
            [
              -79.9110838,
              43.450087
            ],
            [
              -79.9111012,
              43.4500958
            ],
            [
              -79.9111193,
              43.4501011
            ],
            [
              -79.9111388,
              43.450106
            ],
            [
              -79.9111576,
              43.450105
            ],
            [
              -79.9111757,
              43.4501016
            ],
            [
              -79.9111951,
              43.4500953
            ],
            [
              -79.9112146,
              43.4500856
            ],
            [
              -79.9112327,
              43.4500729
            ],
            [
              -79.9112414,
              43.4500651
            ],
            [
              -79.9112528,
              43.450052
            ],
            [
              -79.9112662,
              43.4500369
            ],
            [
              -79.9112722,
              43.4500198
            ],
            [
              -79.9112722,
              43.4500028
            ],
            [
              -79.9112655,
              43.4499853
            ],
            [
              -79.9112575,
              43.4499663
            ],
            [
              -79.9112447,
              43.4499483
            ],
            [
              -79.9112293,
              43.4499337
            ],
            [
              -79.9112132,
              43.4499186
            ],
            [
              -79.9111978,
              43.4499045
            ],
            [
              -79.9111864,
              43.4498908
            ],
            [
              -79.911175,
              43.4498787
            ],
            [
              -79.9111743,
              43.449865
            ],
            [
              -79.9111784,
              43.4498495
            ],
            [
              -79.9111898,
              43.4498373
            ],
            [
              -79.9112012,
              43.4498251
            ],
            [
              -79.9112059,
              43.4498164
            ],
            [
              -79.9112072,
              43.4498076
            ],
            [
              -79.9110684,
              43.449791
            ]
          ]
        ]
      }
    },
    {
      "type": "Feature",
      "properties": {
        "@id": "way/779962252",
        "golf": "hole",
        "handicap": "16",
        "par": "3",
        "ref": "13"
      },
      "geometry": {
        "type": "LineString",
        "coordinates": [
          [
            -79.9116551,
            43.4513537
          ],
          [
            -79.9111535,
            43.4497258
          ]
        ]
      }
    },
    {
      "type": "Feature",
      "properties": {
        "@id": "way/779962253",
        "golf": "tee",
        "landuse": "grass"
      },
      "geometry": {
        "type": "Polygon",
        "coordinates": [
          [
            [
              -79.9110141,
              43.4506181
            ],
            [
              -79.9110181,
              43.4506249
            ],
            [
              -79.9110255,
              43.4506327
            ],
            [
              -79.9110349,
              43.4506356
            ],
            [
              -79.9110449,
              43.4506356
            ],
            [
              -79.911059,
              43.4506332
            ],
            [
              -79.9110704,
              43.4506279
            ],
            [
              -79.9110791,
              43.4506201
            ],
            [
              -79.9110852,
              43.4506118
            ],
            [
              -79.9110878,
              43.4506025
            ],
            [
              -79.9110872,
              43.4505948
            ],
            [
              -79.9110818,
              43.4505845
            ],
            [
              -79.9110717,
              43.4505787
            ],
            [
              -79.911055,
              43.4505772
            ],
            [
              -79.9110369,
              43.4505811
            ],
            [
              -79.9110255,
              43.4505874
            ],
            [
              -79.9110194,
              43.4505952
            ],
            [
              -79.9110147,
              43.450603
            ],
            [
              -79.9110134,
              43.4506103
            ],
            [
              -79.9110141,
              43.4506181
            ]
          ]
        ]
      }
    },
    {
      "type": "Feature",
      "properties": {
        "@id": "way/779970377",
        "golf": "tee",
        "landuse": "grass"
      },
      "geometry": {
        "type": "Polygon",
        "coordinates": [
          [
            [
              -79.9105387,
              43.4503192
            ],
            [
              -79.9105568,
              43.450329
            ],
            [
              -79.9105782,
              43.4503382
            ],
            [
              -79.910599,
              43.4503465
            ],
            [
              -79.9106138,
              43.4503548
            ],
            [
              -79.9106278,
              43.4503689
            ],
            [
              -79.9106386,
              43.450382
            ],
            [
              -79.910654,
              43.4503908
            ],
            [
              -79.9106687,
              43.4503932
            ],
            [
              -79.9106848,
              43.4503927
            ],
            [
              -79.9107043,
              43.4503859
            ],
            [
              -79.9107177,
              43.4503752
            ],
            [
              -79.9107231,
              43.4503645
            ],
            [
              -79.9107251,
              43.4503504
            ],
            [
              -79.910721,
              43.4503377
            ],
            [
              -79.910713,
              43.450327
            ],
            [
              -79.9106982,
              43.4503182
            ],
            [
              -79.9106788,
              43.4503085
            ],
            [
              -79.9106587,
              43.4502988
            ],
            [
              -79.9106412,
              43.4502895
            ],
            [
              -79.9106278,
              43.4502808
            ],
            [
              -79.9106104,
              43.4502681
            ],
            [
              -79.910591,
              43.4502598
            ],
            [
              -79.9105742,
              43.450254
            ],
            [
              -79.9105554,
              43.4502506
            ],
            [
              -79.9105387,
              43.4502525
            ],
            [
              -79.9105212,
              43.4502603
            ],
            [
              -79.9105091,
              43.4502725
            ],
            [
              -79.9105071,
              43.4502847
            ],
            [
              -79.9105118,
              43.4502998
            ],
            [
              -79.9105226,
              43.4503114
            ],
            [
              -79.9105387,
              43.4503192
            ]
          ]
        ]
      }
    },
    {
      "type": "Feature",
      "properties": {
        "@id": "way/779970378",
        "golf": "tee",
        "landuse": "grass"
      },
      "geometry": {
        "type": "Polygon",
        "coordinates": [
          [
            [
              -79.9103911,
              43.450049
            ],
            [
              -79.9104025,
              43.4500588
            ],
            [
              -79.9104166,
              43.4500675
            ],
            [
              -79.9104287,
              43.4500719
            ],
            [
              -79.9104448,
              43.4500753
            ],
            [
              -79.9104635,
              43.4500748
            ],
            [
              -79.910481,
              43.4500724
            ],
            [
              -79.9104944,
              43.4500675
            ],
            [
              -79.9105112,
              43.4500627
            ],
            [
              -79.9105319,
              43.4500559
            ],
            [
              -79.9105514,
              43.450051
            ],
            [
              -79.9105682,
              43.4500452
            ],
            [
              -79.910593,
              43.4500403
            ],
            [
              -79.9106211,
              43.4500354
            ],
            [
              -79.9106406,
              43.4500281
            ],
            [
              -79.9106493,
              43.4500169
            ],
            [
              -79.910648,
              43.4500033
            ],
            [
              -79.9106406,
              43.4499931
            ],
            [
              -79.9106265,
              43.4499843
            ],
            [
              -79.9106091,
              43.4499799
            ],
            [
              -79.9105842,
              43.4499785
            ],
            [
              -79.9105588,
              43.4499809
            ],
            [
              -79.91054,
              43.4499799
            ],
            [
              -79.9105226,
              43.4499789
            ],
            [
              -79.9105024,
              43.4499726
            ],
            [
              -79.9104716,
              43.4499653
            ],
            [
              -79.9104528,
              43.4499624
            ],
            [
              -79.9104294,
              43.4499629
            ],
            [
              -79.9104079,
              43.4499712
            ],
            [
              -79.9103938,
              43.4499809
            ],
            [
              -79.9103844,
              43.4499936
            ],
            [
              -79.9103777,
              43.4500101
            ],
            [
              -79.9103797,
              43.4500281
            ],
            [
              -79.9103824,
              43.4500379
            ],
            [
              -79.9103911,
              43.450049
            ]
          ]
        ]
      }
    },
    {
      "type": "Feature",
      "properties": {
        "@id": "way/779970379",
        "golf": "tee",
        "landuse": "grass"
      },
      "geometry": {
        "type": "Polygon",
        "coordinates": [
          [
            [
              -79.9100445,
              43.4498714
            ],
            [
              -79.9100639,
              43.4498796
            ],
            [
              -79.9100921,
              43.4498855
            ],
            [
              -79.9101169,
              43.4498874
            ],
            [
              -79.9101437,
              43.4498845
            ],
            [
              -79.9101658,
              43.4498767
            ],
            [
              -79.9101799,
              43.449865
            ],
            [
              -79.9101913,
              43.4498499
            ],
            [
              -79.9101926,
              43.4498314
            ],
            [
              -79.9101846,
              43.4498129
            ],
            [
              -79.9101665,
              43.4497964
            ],
            [
              -79.9101437,
              43.4497828
            ],
            [
              -79.9101162,
              43.4497721
            ],
            [
              -79.9100894,
              43.4497667
            ],
            [
              -79.9100471,
              43.4497686
            ],
            [
              -79.910017,
              43.4497755
            ],
            [
              -79.9099989,
              43.4497852
            ],
            [
              -79.9099861,
              43.4498076
            ],
            [
              -79.9099875,
              43.4498266
            ],
            [
              -79.9100002,
              43.4498431
            ],
            [
              -79.9100196,
              43.4498592
            ],
            [
              -79.9100445,
              43.4498714
            ]
          ]
        ]
      }
    },
    {
      "type": "Feature",
      "properties": {
        "@id": "way/779970380",
        "golf": "tee",
        "landuse": "grass"
      },
      "geometry": {
        "type": "Polygon",
        "coordinates": [
          [
            [
              -79.9098627,
              43.4495627
            ],
            [
              -79.9098842,
              43.4495739
            ],
            [
              -79.9099056,
              43.4495846
            ],
            [
              -79.9099258,
              43.449591
            ],
            [
              -79.9099479,
              43.4495963
            ],
            [
              -79.90997,
              43.4495968
            ],
            [
              -79.9099854,
              43.4495924
            ],
            [
              -79.9099962,
              43.4495861
            ],
            [
              -79.9100069,
              43.4495744
            ],
            [
              -79.9100103,
              43.4495627
            ],
            [
              -79.9100082,
              43.4495457
            ],
            [
              -79.9099989,
              43.4495306
            ],
            [
              -79.9099841,
              43.4495165
            ],
            [
              -79.9099667,
              43.4495024
            ],
            [
              -79.9099466,
              43.4494912
            ],
            [
              -79.9099191,
              43.4494848
            ],
            [
              -79.9098896,
              43.4494868
            ],
            [
              -79.9098647,
              43.4494955
            ],
            [
              -79.9098487,
              43.4495058
            ],
            [
              -79.9098373,
              43.4495204
            ],
            [
              -79.9098373,
              43.4495369
            ],
            [
              -79.9098466,
              43.4495525
            ],
            [
              -79.9098627,
              43.4495627
            ]
          ]
        ]
      }
    },
    {
      "type": "Feature",
      "properties": {
        "@id": "way/779970381",
        "golf": "bunker",
        "natural": "sand"
      },
      "geometry": {
        "type": "Polygon",
        "coordinates": [
          [
            [
              -79.9077921,
              43.4483661
            ],
            [
              -79.9078055,
              43.4483788
            ],
            [
              -79.9078216,
              43.4483895
            ],
            [
              -79.907843,
              43.4483973
            ],
            [
              -79.9078645,
              43.4484012
            ],
            [
              -79.90789,
              43.4484031
            ],
            [
              -79.9079087,
              43.4484041
            ],
            [
              -79.9079235,
              43.4484119
            ],
            [
              -79.9079275,
              43.4484236
            ],
            [
              -79.9079222,
              43.4484411
            ],
            [
              -79.9079275,
              43.4484596
            ],
            [
              -79.9079423,
              43.4484723
            ],
            [
              -79.9079678,
              43.4484801
            ],
            [
              -79.9079879,
              43.4484762
            ],
            [
              -79.908004,
              43.4484684
            ],
            [
              -79.9080147,
              43.4484577
            ],
            [
              -79.9080147,
              43.448446
            ],
            [
              -79.908004,
              43.4484324
            ],
            [
              -79.9079973,
              43.4484148
            ],
            [
              -79.9080013,
              43.4484012
            ],
            [
              -79.9080134,
              43.4483915
            ],
            [
              -79.9080241,
              43.4483817
            ],
            [
              -79.9080254,
              43.4483652
            ],
            [
              -79.9080187,
              43.4483486
            ],
            [
              -79.9080026,
              43.4483389
            ],
            [
              -79.9079771,
              43.4483389
            ],
            [
              -79.9079597,
              43.4483525
            ],
            [
              -79.907945,
              43.4483593
            ],
            [
              -79.9079262,
              43.4483593
            ],
            [
              -79.9079114,
              43.4483535
            ],
            [
              -79.9079034,
              43.4483408
            ],
            [
              -79.9079047,
              43.4483291
            ],
            [
              -79.9079101,
              43.4483155
            ],
            [
              -79.9079087,
              43.448297
            ],
            [
              -79.907898,
              43.4482814
            ],
            [
              -79.9078699,
              43.4482688
            ],
            [
              -79.9078403,
              43.4482649
            ],
            [
              -79.9078122,
              43.4482668
            ],
            [
              -79.9077867,
              43.4482814
            ],
            [
              -79.907776,
              43.4483009
            ],
            [
              -79.9077746,
              43.4483272
            ],
            [
              -79.90778,
              43.4483476
            ],
            [
              -79.9077921,
              43.4483661
            ]
          ]
        ]
      }
    },
    {
      "type": "Feature",
      "properties": {
        "@id": "way/779970382",
        "golf": "bunker",
        "natural": "sand"
      },
      "geometry": {
        "type": "Polygon",
        "coordinates": [
          [
            [
              -79.9071698,
              43.4480672
            ],
            [
              -79.9071778,
              43.448076
            ],
            [
              -79.9071913,
              43.4480848
            ],
            [
              -79.9072114,
              43.4480877
            ],
            [
              -79.9072261,
              43.4480848
            ],
            [
              -79.9072436,
              43.4480779
            ],
            [
              -79.907257,
              43.4480672
            ],
            [
              -79.907261,
              43.4480536
            ],
            [
              -79.9072583,
              43.448039
            ],
            [
              -79.9072476,
              43.4480263
            ],
            [
              -79.9072315,
              43.4480186
            ],
            [
              -79.90721,
              43.4480156
            ],
            [
              -79.9071859,
              43.4480215
            ],
            [
              -79.9071711,
              43.4480341
            ],
            [
              -79.9071685,
              43.4480517
            ],
            [
              -79.9071698,
              43.4480672
            ]
          ]
        ]
      }
    },
    {
      "type": "Feature",
      "properties": {
        "@id": "way/779970383",
        "golf": "bunker",
        "natural": "sand"
      },
      "geometry": {
        "type": "Polygon",
        "coordinates": [
          [
            [
              -79.9069566,
              43.4480108
            ],
            [
              -79.9069686,
              43.4480195
            ],
            [
              -79.9069847,
              43.4480283
            ],
            [
              -79.9070008,
              43.4480312
            ],
            [
              -79.9070223,
              43.4480244
            ],
            [
              -79.9070424,
              43.4480147
            ],
            [
              -79.9070491,
              43.4479981
            ],
            [
              -79.9070464,
              43.4479816
            ],
            [
              -79.9070317,
              43.4479699
            ],
            [
              -79.9070115,
              43.447964
            ],
            [
              -79.9069861,
              43.4479679
            ],
            [
              -79.9069646,
              43.4479757
            ],
            [
              -79.9069499,
              43.4479923
            ],
            [
              -79.9069566,
              43.4480108
            ]
          ]
        ]
      }
    },
    {
      "type": "Feature",
      "properties": {
        "@id": "way/779970384",
        "golf": "bunker",
        "natural": "sand"
      },
      "geometry": {
        "type": "Polygon",
        "coordinates": [
          [
            [
              -79.9067789,
              43.4482853
            ],
            [
              -79.9067889,
              43.4482878
            ],
            [
              -79.9067976,
              43.4482926
            ],
            [
              -79.9068077,
              43.4482994
            ],
            [
              -79.9068171,
              43.4483033
            ],
            [
              -79.9068305,
              43.4483038
            ],
            [
              -79.9068426,
              43.4483009
            ],
            [
              -79.9068499,
              43.448296
            ],
            [
              -79.906856,
              43.4482902
            ],
            [
              -79.9068593,
              43.4482829
            ],
            [
              -79.9068613,
              43.4482756
            ],
            [
              -79.9068593,
              43.4482683
            ],
            [
              -79.9068526,
              43.44826
            ],
            [
              -79.9068419,
              43.4482576
            ],
            [
              -79.9068292,
              43.4482561
            ],
            [
              -79.9068198,
              43.4482547
            ],
            [
              -79.9068117,
              43.4482488
            ],
            [
              -79.9068084,
              43.4482401
            ],
            [
              -79.9068064,
              43.4482293
            ],
            [
              -79.9067963,
              43.4482211
            ],
            [
              -79.9067815,
              43.4482172
            ],
            [
              -79.9067661,
              43.4482182
            ],
            [
              -79.9067534,
              43.4482216
            ],
            [
              -79.9067467,
              43.4482298
            ],
            [
              -79.9067453,
              43.4482386
            ],
            [
              -79.9067413,
              43.4482464
            ],
            [
              -79.9067339,
              43.4482527
            ],
            [
              -79.9067205,
              43.4482551
            ],
            [
              -79.9067098,
              43.448261
            ],
            [
              -79.9067011,
              43.4482688
            ],
            [
              -79.9066984,
              43.448278
            ],
            [
              -79.9067018,
              43.4482868
            ],
            [
              -79.9067078,
              43.4482941
            ],
            [
              -79.9067172,
              43.4482999
            ],
            [
              -79.9067292,
              43.4483033
            ],
            [
              -79.9067447,
              43.4483033
            ],
            [
              -79.9067534,
              43.4482994
            ],
            [
              -79.9067621,
              43.4482926
            ],
            [
              -79.9067688,
              43.4482883
            ],
            [
              -79.9067789,
              43.4482853
            ]
          ]
        ]
      }
    },
    {
      "type": "Feature",
      "properties": {
        "@id": "way/779970385",
        "golf": "green",
        "landuse": "grass"
      },
      "geometry": {
        "type": "Polygon",
        "coordinates": [
          [
            [
              -79.9068908,
              43.4482138
            ],
            [
              -79.9068989,
              43.448222
            ],
            [
              -79.9069103,
              43.4482337
            ],
            [
              -79.906919,
              43.4482405
            ],
            [
              -79.9069277,
              43.4482498
            ],
            [
              -79.9069438,
              43.448261
            ],
            [
              -79.9069653,
              43.4482722
            ],
            [
              -79.9069854,
              43.448281
            ],
            [
              -79.9070075,
              43.4482863
            ],
            [
              -79.907033,
              43.4482907
            ],
            [
              -79.9070531,
              43.4482941
            ],
            [
              -79.9070732,
              43.448296
            ],
            [
              -79.907096,
              43.448296
            ],
            [
              -79.9071208,
              43.4482921
            ],
            [
              -79.9071396,
              43.4482844
            ],
            [
              -79.9071537,
              43.4482741
            ],
            [
              -79.9071631,
              43.4482629
            ],
            [
              -79.9071651,
              43.4482483
            ],
            [
              -79.9071671,
              43.4482386
            ],
            [
              -79.9071651,
              43.4482259
            ],
            [
              -79.9071591,
              43.4482143
            ],
            [
              -79.907153,
              43.4482001
            ],
            [
              -79.9071443,
              43.4481904
            ],
            [
              -79.9071336,
              43.4481812
            ],
            [
              -79.9071175,
              43.4481729
            ],
            [
              -79.9070887,
              43.4481656
            ],
            [
              -79.9070699,
              43.4481597
            ],
            [
              -79.9070551,
              43.4481515
            ],
            [
              -79.9070397,
              43.4481412
            ],
            [
              -79.9070297,
              43.4481334
            ],
            [
              -79.9070229,
              43.4481237
            ],
            [
              -79.9070156,
              43.4481096
            ],
            [
              -79.9070048,
              43.448093
            ],
            [
              -79.9069921,
              43.4480809
            ],
            [
              -79.9069733,
              43.4480668
            ],
            [
              -79.906962,
              43.4480607
            ],
            [
              -79.9069525,
              43.4480556
            ],
            [
              -79.9069297,
              43.4480497
            ],
            [
              -79.9069056,
              43.4480468
            ],
            [
              -79.9068754,
              43.4480478
            ],
            [
              -79.9068526,
              43.4480502
            ],
            [
              -79.9068352,
              43.4480556
            ],
            [
              -79.9068178,
              43.4480687
            ],
            [
              -79.9068077,
              43.4480838
            ],
            [
              -79.906805,
              43.448096
            ],
            [
              -79.906805,
              43.4481154
            ],
            [
              -79.9068131,
              43.4481295
            ],
            [
              -79.9068312,
              43.4481471
            ],
            [
              -79.9068513,
              43.4481622
            ],
            [
              -79.906864,
              43.4481758
            ],
            [
              -79.9068741,
              43.4481899
            ],
            [
              -79.9068821,
              43.4482016
            ],
            [
              -79.9068908,
              43.4482138
            ]
          ]
        ]
      }
    },
    {
      "type": "Feature",
      "properties": {
        "@id": "way/779970386",
        "golf": "fairway",
        "landuse": "grass"
      },
      "geometry": {
        "type": "Polygon",
        "coordinates": [
          [
            [
              -79.9069653,
              43.4482722
            ],
            [
              -79.9069941,
              43.4482941
            ],
            [
              -79.9070276,
              43.4483106
            ],
            [
              -79.9070706,
              43.4483243
            ],
            [
              -79.9071188,
              43.4483369
            ],
            [
              -79.9071537,
              43.4483467
            ],
            [
              -79.9071913,
              43.4483603
            ],
            [
              -79.9072395,
              43.4483769
            ],
            [
              -79.9072878,
              43.4483934
            ],
            [
              -79.9073187,
              43.4484061
            ],
            [
              -79.9073535,
              43.4484168
            ],
            [
              -79.9073911,
              43.4484333
            ],
            [
              -79.9074233,
              43.4484547
            ],
            [
              -79.9074501,
              43.448483
            ],
            [
              -79.9074756,
              43.4485112
            ],
            [
              -79.9074997,
              43.4485346
            ],
            [
              -79.9075185,
              43.448557
            ],
            [
              -79.907552,
              43.4485872
            ],
            [
              -79.9075815,
              43.4486115
            ],
            [
              -79.9076137,
              43.4486261
            ],
            [
              -79.9076539,
              43.4486495
            ],
            [
              -79.9076995,
              43.4486826
            ],
            [
              -79.9077371,
              43.4487137
            ],
            [
              -79.9077733,
              43.4487439
            ],
            [
              -79.9077974,
              43.4487663
            ],
            [
              -79.9078363,
              43.4488004
            ],
            [
              -79.9078658,
              43.4488315
            ],
            [
              -79.9079101,
              43.4488676
            ],
            [
              -79.9079396,
              43.4489036
            ],
            [
              -79.907957,
              43.4489192
            ],
            [
              -79.9080026,
              43.4489552
            ],
            [
              -79.9080402,
              43.4489854
            ],
            [
              -79.908063,
              43.4490078
            ],
            [
              -79.9080898,
              43.4490282
            ],
            [
              -79.9081166,
              43.4490438
            ],
            [
              -79.9081448,
              43.4490672
            ],
            [
              -79.9081729,
              43.4490866
            ],
            [
              -79.9082065,
              43.4491051
            ],
            [
              -79.9082346,
              43.4491217
            ],
            [
              -79.9082628,
              43.4491353
            ],
            [
              -79.9083057,
              43.4491548
            ],
            [
              -79.9083366,
              43.4491684
            ],
            [
              -79.908362,
              43.449183
            ],
            [
              -79.9083902,
              43.4491996
            ],
            [
              -79.9084117,
              43.4492171
            ],
            [
              -79.9084278,
              43.4492375
            ],
            [
              -79.9084438,
              43.4492541
            ],
            [
              -79.9084707,
              43.4492638
            ],
            [
              -79.9085163,
              43.4492716
            ],
            [
              -79.9085793,
              43.4492862
            ],
            [
              -79.9086222,
              43.4492979
            ],
            [
              -79.9086785,
              43.4493242
            ],
            [
              -79.9087201,
              43.4493417
            ],
            [
              -79.908759,
              43.4493583
            ],
            [
              -79.9087939,
              43.4493748
            ],
            [
              -79.9088234,
              43.4493914
            ],
            [
              -79.9088569,
              43.4494069
            ],
            [
              -79.9088904,
              43.4494216
            ],
            [
              -79.9089307,
              43.449441
            ],
            [
              -79.9089709,
              43.4494634
            ],
            [
              -79.9090071,
              43.44948
            ],
            [
              -79.9090661,
              43.4494965
            ],
            [
              -79.9091117,
              43.4495102
            ],
            [
              -79.9091466,
              43.4495199
            ],
            [
              -79.9092056,
              43.4495423
            ],
            [
              -79.9092539,
              43.4495647
            ],
            [
              -79.9092887,
              43.4495812
            ],
            [
              -79.9093384,
              43.4495978
            ],
            [
              -79.909384,
              43.4496036
            ],
            [
              -79.9094296,
              43.4496036
            ],
            [
              -79.9094725,
              43.4495929
            ],
            [
              -79.909506,
              43.4495793
            ],
            [
              -79.9095261,
              43.4495588
            ],
            [
              -79.9095395,
              43.4495423
            ],
            [
              -79.9095503,
              43.4495199
            ],
            [
              -79.9095583,
              43.4494955
            ],
            [
              -79.909561,
              43.4494673
            ],
            [
              -79.9095543,
              43.4494401
            ],
            [
              -79.9095382,
              43.4494157
            ],
            [
              -79.9095114,
              43.4493894
            ],
            [
              -79.9094805,
              43.4493641
            ],
            [
              -79.909447,
              43.4493515
            ],
            [
              -79.9094027,
              43.4493388
            ],
            [
              -79.9093679,
              43.4493291
            ],
            [
              -79.9093276,
              43.4493145
            ],
            [
              -79.9092861,
              43.4492999
            ],
            [
              -79.9092405,
              43.4492755
            ],
            [
              -79.9092056,
              43.4492551
            ],
            [
              -79.9091734,
              43.4492298
            ],
            [
              -79.9091426,
              43.4492103
            ],
            [
              -79.9091064,
              43.4491879
            ],
            [
              -79.9090715,
              43.4491733
            ],
            [
              -79.9090232,
              43.4491558
            ],
            [
              -79.9089736,
              43.4491431
            ],
            [
              -79.9089092,
              43.4491256
            ],
            [
              -79.9088475,
              43.4491051
            ],
            [
              -79.9087778,
              43.4490759
            ],
            [
              -79.9087228,
              43.4490535
            ],
            [
              -79.9086772,
              43.4490302
            ],
            [
              -79.908637,
              43.4490078
            ],
            [
              -79.9086021,
              43.4489863
            ],
            [
              -79.9085793,
              43.448964
            ],
            [
              -79.9085552,
              43.4489513
            ],
            [
              -79.9084961,
              43.4489299
            ],
            [
              -79.9084465,
              43.4489065
            ],
            [
              -79.9084009,
              43.4488851
            ],
            [
              -79.9083728,
              43.4488637
            ],
            [
              -79.9083312,
              43.4488315
            ],
            [
              -79.9083044,
              43.4487975
            ],
            [
              -79.9082695,
              43.4487575
            ],
            [
              -79.9082413,
              43.4487196
            ],
            [
              -79.9081998,
              43.4486709
            ],
            [
              -79.9081609,
              43.4486349
            ],
            [
              -79.9081233,
              43.4485988
            ],
            [
              -79.9080858,
              43.4485735
            ],
            [
              -79.9080375,
              43.4485521
            ],
            [
              -79.9079865,
              43.4485307
            ],
            [
              -79.9079463,
              43.4485161
            ],
            [
              -79.9078967,
              43.4484898
            ],
            [
              -79.9078471,
              43.4484586
            ],
            [
              -79.9077921,
              43.4484226
            ],
            [
              -79.9077518,
              43.4483924
            ],
            [
              -79.9077103,
              43.4483613
            ],
            [
              -79.9076901,
              43.448334
            ],
            [
              -79.9076606,
              43.4483136
            ],
            [
              -79.9076244,
              43.4483077
            ],
            [
              -79.9075654,
              43.448299
            ],
            [
              -79.9075145,
              43.4482805
            ],
            [
              -79.9074568,
              43.4482493
            ],
            [
              -79.9074099,
              43.448225
            ],
            [
              -79.907375,
              43.4482074
            ],
            [
              -79.9073267,
              43.4481919
            ],
            [
              -79.9072784,
              43.448188
            ],
            [
              -79.9072248,
              43.4481782
            ],
            [
              -79.9071872,
              43.4481636
            ],
            [
              -79.9071604,
              43.4481422
            ],
            [
              -79.907155,
              43.4481227
            ],
            [
              -79.907155,
              43.4481062
            ],
            [
              -79.9071443,
              43.4480887
            ],
            [
              -79.9071162,
              43.448077
            ],
            [
              -79.9070719,
              43.4480711
            ],
            [
              -79.9070357,
              43.4480682
            ],
            [
              -79.9069955,
              43.4480633
            ],
            [
              -79.906962,
              43.4480607
            ],
            [
              -79.9069653,
              43.4482722
            ]
          ]
        ]
      }
    },
    {
      "type": "Feature",
      "properties": {
        "@id": "way/779970387",
        "golf": "hole",
        "handicap": "18",
        "par": "4",
        "ref": "14"
      },
      "geometry": {
        "type": "LineString",
        "coordinates": [
          [
            -79.9106057,
            43.4503144
          ],
          [
            -79.9085458,
            43.4491188
          ],
          [
            -79.9068935,
            43.4481179
          ]
        ]
      }
    },
    {
      "type": "Feature",
      "properties": {
        "@id": "way/779970388",
        "golf": "cartpath",
        "golf_cart": "designated",
        "highway": "service"
      },
      "geometry": {
        "type": "LineString",
        "coordinates": [
          [
            -79.9071715,
            43.447755
          ],
          [
            -79.9070786,
            43.4477732
          ],
          [
            -79.9069686,
            43.4478053
          ],
          [
            -79.9068908,
            43.4478258
          ],
          [
            -79.9068224,
            43.4478745
          ],
          [
            -79.9067514,
            43.4479387
          ],
          [
            -79.9066266,
            43.4480497
          ],
          [
            -79.9064738,
            43.4481899
          ],
          [
            -79.9064429,
            43.4482756
          ],
          [
            -79.9064483,
            43.4483399
          ]
        ]
      }
    },
    {
      "type": "Feature",
      "properties": {
        "@id": "way/779970389",
        "golf": "cartpath",
        "golf_cart": "designated",
        "highway": "service"
      },
      "geometry": {
        "type": "LineString",
        "coordinates": [
          [
            -79.9069686,
            43.4478053
          ],
          [
            -79.9071027,
            43.447855
          ],
          [
            -79.9071792,
            43.4478891
          ],
          [
            -79.907221,
            43.4479089
          ]
        ]
      }
    },
    {
      "type": "Feature",
      "properties": {
        "@id": "way/779970390",
        "golf": "cartpath",
        "golf_cart": "designated",
        "highway": "service"
      },
      "geometry": {
        "type": "LineString",
        "coordinates": [
          [
            -79.908704,
            43.4466702
          ],
          [
            -79.908649,
            43.4467022
          ],
          [
            -79.9086034,
            43.4467255
          ],
          [
            -79.9085552,
            43.4467207
          ],
          [
            -79.9084826,
            43.4466987
          ]
        ]
      }
    },
    {
      "type": "Feature",
      "properties": {
        "@id": "way/779970391",
        "golf": "tee",
        "landuse": "grass"
      },
      "geometry": {
        "type": "Polygon",
        "coordinates": [
          [
            [
              -79.9080724,
              43.4468005
            ],
            [
              -79.9080844,
              43.4468054
            ],
            [
              -79.9081005,
              43.4468054
            ],
            [
              -79.9081139,
              43.4468025
            ],
            [
              -79.908126,
              43.4467966
            ],
            [
              -79.9081381,
              43.4467869
            ],
            [
              -79.9081408,
              43.4467752
            ],
            [
              -79.9081341,
              43.4467606
            ],
            [
              -79.9081153,
              43.4467548
            ],
            [
              -79.9080925,
              43.4467596
            ],
            [
              -79.9080737,
              43.4467733
            ],
            [
              -79.908067,
              43.4467869
            ],
            [
              -79.9080724,
              43.4468005
            ]
          ]
        ]
      }
    },
    {
      "type": "Feature",
      "properties": {
        "@id": "way/779970392",
        "golf": "tee",
        "landuse": "grass"
      },
      "geometry": {
        "type": "Polygon",
        "coordinates": [
          [
            [
              -79.9082507,
              43.4466477
            ],
            [
              -79.9082588,
              43.4466623
            ],
            [
              -79.9082829,
              43.44667
            ],
            [
              -79.9083111,
              43.4466632
            ],
            [
              -79.9083379,
              43.4466554
            ],
            [
              -79.908362,
              43.4466486
            ],
            [
              -79.9083902,
              43.4466389
            ],
            [
              -79.9084103,
              43.4466243
            ],
            [
              -79.908421,
              43.4466087
            ],
            [
              -79.9084291,
              43.446597
            ],
            [
              -79.9084251,
              43.4465805
            ],
            [
              -79.9084117,
              43.4465678
            ],
            [
              -79.9083942,
              43.4465561
            ],
            [
              -79.9083674,
              43.4465522
            ],
            [
              -79.9083406,
              43.4465571
            ],
            [
              -79.9083124,
              43.4465668
            ],
            [
              -79.9082843,
              43.4465824
            ],
            [
              -79.9082628,
              43.4466019
            ],
            [
              -79.9082521,
              43.4466194
            ],
            [
              -79.908248,
              43.446635
            ],
            [
              -79.9082507,
              43.4466477
            ]
          ]
        ]
      }
    },
    {
      "type": "Feature",
      "properties": {
        "@id": "way/779970393",
        "golf": "tee",
        "landuse": "grass"
      },
      "geometry": {
        "type": "Polygon",
        "coordinates": [
          [
            [
              -79.9084666,
              43.4465055
            ],
            [
              -79.9084787,
              43.4465152
            ],
            [
              -79.9084988,
              43.4465182
            ],
            [
              -79.9085203,
              43.4465182
            ],
            [
              -79.908535,
              43.4465104
            ],
            [
              -79.9085458,
              43.4464987
            ],
            [
              -79.9085565,
              43.4464909
            ],
            [
              -79.9085753,
              43.4464821
            ],
            [
              -79.9086008,
              43.4464773
            ],
            [
              -79.9086236,
              43.4464753
            ],
            [
              -79.9086464,
              43.4464695
            ],
            [
              -79.9086611,
              43.4464578
            ],
            [
              -79.9086745,
              43.4464451
            ],
            [
              -79.9086799,
              43.4464305
            ],
            [
              -79.9086732,
              43.446413
            ],
            [
              -79.9086544,
              43.4463964
            ],
            [
              -79.9086343,
              43.4463848
            ],
            [
              -79.9086128,
              43.4463779
            ],
            [
              -79.9085873,
              43.4463779
            ],
            [
              -79.9085578,
              43.4463857
            ],
            [
              -79.908535,
              43.4463974
            ],
            [
              -79.9085203,
              43.4464169
            ],
            [
              -79.9085069,
              43.4464325
            ],
            [
              -79.9084894,
              43.4464461
            ],
            [
              -79.9084693,
              43.4464568
            ],
            [
              -79.9084573,
              43.4464734
            ],
            [
              -79.9084573,
              43.4464919
            ],
            [
              -79.9084666,
              43.4465055
            ]
          ]
        ]
      }
    },
    {
      "type": "Feature",
      "properties": {
        "@id": "way/779970394",
        "golf": "tee",
        "landuse": "grass"
      },
      "geometry": {
        "type": "Polygon",
        "coordinates": [
          [
            [
              -79.9087764,
              43.4462027
            ],
            [
              -79.9087899,
              43.4462115
            ],
            [
              -79.9088086,
              43.4462163
            ],
            [
              -79.9088287,
              43.4462183
            ],
            [
              -79.9088529,
              43.4462105
            ],
            [
              -79.9088663,
              43.4461978
            ],
            [
              -79.9088676,
              43.4461803
            ],
            [
              -79.9088569,
              43.4461637
            ],
            [
              -79.9088368,
              43.446153
            ],
            [
              -79.9088153,
              43.4461482
            ],
            [
              -79.9087899,
              43.446156
            ],
            [
              -79.9087724,
              43.4461686
            ],
            [
              -79.9087684,
              43.4461871
            ],
            [
              -79.9087764,
              43.4462027
            ]
          ]
        ]
      }
    },
    {
      "type": "Feature",
      "properties": {
        "@id": "way/779970395",
        "golf": "tee",
        "landuse": "grass"
      },
      "geometry": {
        "type": "Polygon",
        "coordinates": [
          [
            [
              -79.9111153,
              43.4438303
            ],
            [
              -79.9111113,
              43.4438498
            ],
            [
              -79.9111153,
              43.4438692
            ],
            [
              -79.9111328,
              43.4438877
            ],
            [
              -79.9111529,
              43.4438946
            ],
            [
              -79.9111797,
              43.4438965
            ],
            [
              -79.9112079,
              43.4438868
            ],
            [
              -79.9112253,
              43.4438731
            ],
            [
              -79.9112441,
              43.4438556
            ],
            [
              -79.9112501,
              43.4438483
            ],
            [
              -79.9112561,
              43.443841
            ],
            [
              -79.9112736,
              43.4438235
            ],
            [
              -79.911295,
              43.4438001
            ],
            [
              -79.9113192,
              43.4437738
            ],
            [
              -79.9113353,
              43.4437563
            ],
            [
              -79.9113567,
              43.4437417
            ],
            [
              -79.9113849,
              43.4437222
            ],
            [
              -79.9114063,
              43.4437047
            ],
            [
              -79.9114184,
              43.4436842
            ],
            [
              -79.9114184,
              43.4436667
            ],
            [
              -79.9114063,
              43.4436453
            ],
            [
              -79.9113849,
              43.4436297
            ],
            [
              -79.9113567,
              43.4436248
            ],
            [
              -79.9113098,
              43.4436229
            ],
            [
              -79.9112628,
              43.4436278
            ],
            [
              -79.911228,
              43.4436356
            ],
            [
              -79.9111958,
              43.4436492
            ],
            [
              -79.9111636,
              43.4436677
            ],
            [
              -79.9111341,
              43.4436911
            ],
            [
              -79.911118,
              43.4437144
            ],
            [
              -79.91111,
              43.4437397
            ],
            [
              -79.9111046,
              43.4437651
            ],
            [
              -79.9111073,
              43.4437904
            ],
            [
              -79.9111126,
              43.4438108
            ],
            [
              -79.9111153,
              43.4438303
            ]
          ]
        ]
      }
    },
    {
      "type": "Feature",
      "properties": {
        "@id": "way/779970396",
        "golf": "bunker",
        "natural": "sand"
      },
      "geometry": {
        "type": "Polygon",
        "coordinates": [
          [
            [
              -79.9107465,
              43.4440504
            ],
            [
              -79.9107586,
              43.444063
            ],
            [
              -79.9107787,
              43.4440698
            ],
            [
              -79.9107988,
              43.4440718
            ],
            [
              -79.9108203,
              43.4440708
            ],
            [
              -79.910835,
              43.444064
            ],
            [
              -79.9108471,
              43.4440504
            ],
            [
              -79.9108484,
              43.4440357
            ],
            [
              -79.9108404,
              43.4440182
            ],
            [
              -79.9108216,
              43.4440056
            ],
            [
              -79.9107975,
              43.4439987
            ],
            [
              -79.910768,
              43.4440026
            ],
            [
              -79.9107452,
              43.4440143
            ],
            [
              -79.9107412,
              43.4440338
            ],
            [
              -79.9107465,
              43.4440504
            ]
          ]
        ]
      }
    },
    {
      "type": "Feature",
      "properties": {
        "@id": "way/779970397",
        "golf": "bunker",
        "natural": "sand"
      },
      "geometry": {
        "type": "Polygon",
        "coordinates": [
          [
            [
              -79.9109128,
              43.443917
            ],
            [
              -79.9109222,
              43.4439228
            ],
            [
              -79.9109396,
              43.4439238
            ],
            [
              -79.9109557,
              43.4439218
            ],
            [
              -79.9109678,
              43.4439121
            ],
            [
              -79.9109705,
              43.4439033
            ],
            [
              -79.9109705,
              43.4438926
            ],
            [
              -79.9109624,
              43.4438829
            ],
            [
              -79.9109504,
              43.4438761
            ],
            [
              -79.9109303,
              43.4438751
            ],
            [
              -79.9109142,
              43.4438819
            ],
            [
              -79.9109034,
              43.4438926
            ],
            [
              -79.9109061,
              43.4439062
            ],
            [
              -79.9109128,
              43.443917
            ]
          ]
        ]
      }
    },
    {
      "type": "Feature",
      "properties": {
        "@id": "way/779970398",
        "golf": "bunker",
        "natural": "sand"
      },
      "geometry": {
        "type": "Polygon",
        "coordinates": [
          [
            [
              -79.9110054,
              43.4438697
            ],
            [
              -79.9110121,
              43.4438751
            ],
            [
              -79.9110235,
              43.4438795
            ],
            [
              -79.9110409,
              43.4438804
            ],
            [
              -79.9110556,
              43.443878
            ],
            [
              -79.9110644,
              43.4438692
            ],
            [
              -79.9110691,
              43.4438605
            ],
            [
              -79.9110657,
              43.4438498
            ],
            [
              -79.9110603,
              43.443841
            ],
            [
              -79.9110483,
              43.4438352
            ],
            [
              -79.9110328,
              43.4438327
            ],
            [
              -79.9110161,
              43.4438357
            ],
            [
              -79.9110047,
              43.443842
            ],
            [
              -79.9109973,
              43.4438522
            ],
            [
              -79.911,
              43.4438634
            ],
            [
              -79.9110054,
              43.4438697
            ]
          ]
        ]
      }
    },
    {
      "type": "Feature",
      "properties": {
        "@id": "way/779970399",
        "golf": "bunker",
        "natural": "sand"
      },
      "geometry": {
        "type": "Polygon",
        "coordinates": [
          [
            [
              -79.9101786,
              43.4455679
            ],
            [
              -79.9101853,
              43.4455737
            ],
            [
              -79.910196,
              43.4455805
            ],
            [
              -79.9102067,
              43.4455844
            ],
            [
              -79.9102215,
              43.4455883
            ],
            [
              -79.9102396,
              43.4455888
            ],
            [
              -79.9102563,
              43.4455873
            ],
            [
              -79.9102711,
              43.4455834
            ],
            [
              -79.9102832,
              43.4455786
            ],
            [
              -79.9102952,
              43.4455708
            ],
            [
              -79.9103019,
              43.4455635
            ],
            [
              -79.9103053,
              43.4455576
            ],
            [
              -79.9103073,
              43.4455469
            ],
            [
              -79.910308,
              43.4455357
            ],
            [
              -79.9103073,
              43.4455289
            ],
            [
              -79.9103133,
              43.4455197
            ],
            [
              -79.9103214,
              43.4455128
            ],
            [
              -79.9103321,
              43.445507
            ],
            [
              -79.9103422,
              43.4455036
            ],
            [
              -79.910361,
              43.4455002
            ],
            [
              -79.9103764,
              43.4454977
            ],
            [
              -79.9103918,
              43.4454939
            ],
            [
              -79.9104079,
              43.4454895
            ],
            [
              -79.9104226,
              43.4454822
            ],
            [
              -79.910434,
              43.4454734
            ],
            [
              -79.9104428,
              43.4454642
            ],
            [
              -79.9104515,
              43.445453
            ],
            [
              -79.9104568,
              43.4454408
            ],
            [
              -79.9104568,
              43.4454267
            ],
            [
              -79.9104548,
              43.445414
            ],
            [
              -79.9104555,
              43.4453999
            ],
            [
              -79.9104649,
              43.4453892
            ],
            [
              -79.9104736,
              43.4453809
            ],
            [
              -79.9104931,
              43.4453746
            ],
            [
              -79.9105105,
              43.4453668
            ],
            [
              -79.9105252,
              43.445358
            ],
            [
              -79.910534,
              43.4453459
            ],
            [
              -79.9105353,
              43.4453351
            ],
            [
              -79.9105306,
              43.445322
            ],
            [
              -79.9105199,
              43.4453103
            ],
            [
              -79.9105058,
              43.4453001
            ],
            [
              -79.9104863,
              43.4452967
            ],
            [
              -79.9104669,
              43.4452957
            ],
            [
              -79.9104454,
              43.4452981
            ],
            [
              -79.9104267,
              43.4453025
            ],
            [
              -79.9104092,
              43.4453093
            ],
            [
              -79.9103952,
              43.4453191
            ],
            [
              -79.9103838,
              43.4453288
            ],
            [
              -79.9103784,
              43.445339
            ],
            [
              -79.910377,
              43.4453522
            ],
            [
              -79.9103764,
              43.4453678
            ],
            [
              -79.9103697,
              43.4453809
            ],
            [
              -79.9103589,
              43.4453916
            ],
            [
              -79.9103462,
              43.4453999
            ],
            [
              -79.9103281,
              43.4454057
            ],
            [
              -79.91031,
              43.4454126
            ],
            [
              -79.9102899,
              43.4454203
            ],
            [
              -79.9102771,
              43.445433
            ],
            [
              -79.9102677,
              43.4454486
            ],
            [
              -79.9102637,
              43.4454603
            ],
            [
              -79.9102563,
              43.4454758
            ],
            [
              -79.9102496,
              43.445489
            ],
            [
              -79.9102369,
              43.4455026
            ],
            [
              -79.9102215,
              43.4455085
            ],
            [
              -79.9102061,
              43.4455138
            ],
            [
              -79.9101893,
              43.4455206
            ],
            [
              -79.9101739,
              43.4455289
            ],
            [
              -79.9101658,
              43.4455406
            ],
            [
              -79.9101678,
              43.4455503
            ],
            [
              -79.9101732,
              43.4455601
            ],
            [
              -79.9101786,
              43.4455679
            ]
          ]
        ]
      }
    },
    {
      "type": "Feature",
      "properties": {
        "@id": "way/779970400",
        "golf": "fairway",
        "landuse": "grass"
      },
      "geometry": {
        "type": "Polygon",
        "coordinates": [
          [
            [
              -79.9095395,
              43.4458225
            ],
            [
              -79.9095516,
              43.445841
            ],
            [
              -79.9095731,
              43.4458614
            ],
            [
              -79.9095959,
              43.4458789
            ],
            [
              -79.9096294,
              43.4458867
            ],
            [
              -79.9096723,
              43.4458906
            ],
            [
              -79.9097045,
              43.4458867
            ],
            [
              -79.9097528,
              43.4458673
            ],
            [
              -79.9097903,
              43.4458439
            ],
            [
              -79.9098145,
              43.4458176
            ],
            [
              -79.9098359,
              43.4457767
            ],
            [
              -79.9098668,
              43.4457455
            ],
            [
              -79.9098855,
              43.4457232
            ],
            [
              -79.9099164,
              43.4456959
            ],
            [
              -79.909958,
              43.4456657
            ],
            [
              -79.9100089,
              43.4456355
            ],
            [
              -79.9100559,
              43.4456005
            ],
            [
              -79.910084,
              43.4455683
            ],
            [
              -79.9101122,
              43.4455382
            ],
            [
              -79.9101457,
              43.445506
            ],
            [
              -79.9101739,
              43.4454778
            ],
            [
              -79.9102087,
              43.4454418
            ],
            [
              -79.9102329,
              43.4454155
            ],
            [
              -79.9102584,
              43.4453843
            ],
            [
              -79.9102812,
              43.44536
            ],
            [
              -79.9103026,
              43.4453376
            ],
            [
              -79.9103348,
              43.4453064
            ],
            [
              -79.9103737,
              43.4452753
            ],
            [
              -79.9104099,
              43.445247
            ],
            [
              -79.9104528,
              43.4452256
            ],
            [
              -79.9104998,
              43.4452013
            ],
            [
              -79.9105319,
              43.445175
            ],
            [
              -79.9105467,
              43.4451565
            ],
            [
              -79.9105655,
              43.4451263
            ],
            [
              -79.9105816,
              43.4450951
            ],
            [
              -79.910591,
              43.4450611
            ],
            [
              -79.9106017,
              43.4450289
            ],
            [
              -79.9106285,
              43.4449978
            ],
            [
              -79.9106674,
              43.4449539
            ],
            [
              -79.9107009,
              43.4449189
            ],
            [
              -79.9107277,
              43.4448858
            ],
            [
              -79.9107532,
              43.4448537
            ],
            [
              -79.910768,
              43.4448225
            ],
            [
              -79.91078,
              43.4447952
            ],
            [
              -79.9107935,
              43.4447631
            ],
            [
              -79.9108096,
              43.44473
            ],
            [
              -79.9108283,
              43.4446959
            ],
            [
              -79.9108471,
              43.4446657
            ],
            [
              -79.9108659,
              43.4446355
            ],
            [
              -79.910886,
              43.4445995
            ],
            [
              -79.9108994,
              43.4445615
            ],
            [
              -79.9109101,
              43.4445294
            ],
            [
              -79.9109182,
              43.4445022
            ],
            [
              -79.9109329,
              43.4444788
            ],
            [
              -79.9109598,
              43.4444467
            ],
            [
              -79.910996,
              43.4444145
            ],
            [
              -79.9110282,
              43.4443921
            ],
            [
              -79.9110563,
              43.4443717
            ],
            [
              -79.9110724,
              43.4443512
            ],
            [
              -79.9110751,
              43.4443298
            ],
            [
              -79.9110778,
              43.4442996
            ],
            [
              -79.9110778,
              43.4442626
            ],
            [
              -79.9110751,
              43.4442344
            ],
            [
              -79.9110778,
              43.4441954
            ],
            [
              -79.9110872,
              43.4441545
            ],
            [
              -79.9111033,
              43.4441166
            ],
            [
              -79.911122,
              43.4440747
            ],
            [
              -79.9111569,
              43.4440221
            ],
            [
              -79.9111757,
              43.4439841
            ],
            [
              -79.9112012,
              43.4439413
            ],
            [
              -79.9112186,
              43.4439033
            ],
            [
              -79.91124,
              43.4438819
            ],
            [
              -79.9112501,
              43.4438483
            ],
            [
              -79.9111113,
              43.4438498
            ],
            [
              -79.9110939,
              43.4438761
            ],
            [
              -79.9110764,
              43.4438887
            ],
            [
              -79.911051,
              43.4439014
            ],
            [
              -79.9110107,
              43.4439131
            ],
            [
              -79.9109745,
              43.4439325
            ],
            [
              -79.910945,
              43.4439491
            ],
            [
              -79.9109209,
              43.4439705
            ],
            [
              -79.9109007,
              43.4440017
            ],
            [
              -79.9108672,
              43.4440533
            ],
            [
              -79.9108552,
              43.4440757
            ],
            [
              -79.9108216,
              43.4441098
            ],
            [
              -79.9107988,
              43.4441253
            ],
            [
              -79.9107573,
              43.4441536
            ],
            [
              -79.9107143,
              43.4441701
            ],
            [
              -79.9106661,
              43.4441974
            ],
            [
              -79.9106245,
              43.4442227
            ],
            [
              -79.9105869,
              43.4442529
            ],
            [
              -79.9105588,
              43.444284
            ],
            [
              -79.9105534,
              43.4443142
            ],
            [
              -79.9105534,
              43.4443405
            ],
            [
              -79.9105614,
              43.4443697
            ],
            [
              -79.9105628,
              43.444396
            ],
            [
              -79.9105588,
              43.4444262
            ],
            [
              -79.910544,
              43.4444496
            ],
            [
              -79.9105252,
              43.4444739
            ],
            [
              -79.9104971,
              43.4444973
            ],
            [
              -79.9104635,
              43.4445226
            ],
            [
              -79.910422,
              43.4445625
            ],
            [
              -79.9103831,
              43.4446015
            ],
            [
              -79.9103576,
              43.4446317
            ],
            [
              -79.9103375,
              43.4446618
            ],
            [
              -79.9103187,
              43.4446969
            ],
            [
              -79.910316,
              43.44473
            ],
            [
              -79.9103214,
              43.4447631
            ],
            [
              -79.9103321,
              43.4447972
            ],
            [
              -79.9103442,
              43.4448313
            ],
            [
              -79.9103522,
              43.4448576
            ],
            [
              -79.9103549,
              43.4448897
            ],
            [
              -79.9103402,
              43.4449189
            ],
            [
              -79.9103133,
              43.4449403
            ],
            [
              -79.9102812,
              43.4449715
            ],
            [
              -79.9102463,
              43.4450065
            ],
            [
              -79.9101967,
              43.4450611
            ],
            [
              -79.9101403,
              43.4451107
            ],
            [
              -79.9101015,
              43.4451458
            ],
            [
              -79.9100585,
              43.4451896
            ],
            [
              -79.9100156,
              43.4452227
            ],
            [
              -79.9099714,
              43.4452626
            ],
            [
              -79.9099244,
              43.4453035
            ],
            [
              -79.9098761,
              43.4453415
            ],
            [
              -79.9098373,
              43.4453775
            ],
            [
              -79.9098118,
              43.445396
            ],
            [
              -79.9097742,
              43.4454388
            ],
            [
              -79.909738,
              43.4454807
            ],
            [
              -79.9097018,
              43.4455177
            ],
            [
              -79.9096535,
              43.4455547
            ],
            [
              -79.9096052,
              43.4455985
            ],
            [
              -79.909569,
              43.4456472
            ],
            [
              -79.9095489,
              43.4456803
            ],
            [
              -79.9095301,
              43.4457095
            ],
            [
              -79.9095261,
              43.4457494
            ],
            [
              -79.9095261,
              43.4457728
            ],
            [
              -79.9095301,
              43.4457972
            ],
            [
              -79.9095395,
              43.4458225
            ]
          ]
        ]
      }
    },
    {
      "type": "Feature",
      "properties": {
        "@id": "way/779970401",
        "golf": "hole",
        "handicap": "8",
        "par": "5",
        "ref": "15"
      },
      "geometry": {
        "type": "LineString",
        "coordinates": [
          [
            -79.9081086,
            43.4467825
          ],
          [
            -79.9101095,
            43.4453278
          ],
          [
            -79.9112333,
            43.4437446
          ]
        ]
      }
    },
    {
      "type": "Feature",
      "properties": {
        "@id": "way/779970402",
        "golf": "tee",
        "landuse": "grass"
      },
      "geometry": {
        "type": "Polygon",
        "coordinates": [
          [
            [
              -79.9115619,
              43.4445216
            ],
            [
              -79.9115726,
              43.4445353
            ],
            [
              -79.9115874,
              43.444545
            ],
            [
              -79.9116062,
              43.4445499
            ],
            [
              -79.9116263,
              43.4445518
            ],
            [
              -79.9116477,
              43.4445469
            ],
            [
              -79.9116719,
              43.4445372
            ],
            [
              -79.911684,
              43.4445236
            ],
            [
              -79.911692,
              43.444508
            ],
            [
              -79.9116907,
              43.4444885
            ],
            [
              -79.9116772,
              43.444471
            ],
            [
              -79.9116625,
              43.4444613
            ],
            [
              -79.9116397,
              43.4444554
            ],
            [
              -79.9116115,
              43.4444544
            ],
            [
              -79.9115861,
              43.4444632
            ],
            [
              -79.9115659,
              43.4444778
            ],
            [
              -79.9115592,
              43.4444973
            ],
            [
              -79.9115565,
              43.444506
            ],
            [
              -79.9115619,
              43.4445216
            ]
          ]
        ]
      }
    },
    {
      "type": "Feature",
      "properties": {
        "@id": "way/779970403",
        "golf": "tee",
        "landuse": "grass"
      },
      "geometry": {
        "type": "Polygon",
        "coordinates": [
          [
            [
              -79.9115351,
              43.4447407
            ],
            [
              -79.9115525,
              43.4447534
            ],
            [
              -79.9115753,
              43.4447612
            ],
            [
              -79.9116021,
              43.4447699
            ],
            [
              -79.9116343,
              43.444767
            ],
            [
              -79.9116652,
              43.4447543
            ],
            [
              -79.9116866,
              43.4447349
            ],
            [
              -79.911696,
              43.4447173
            ],
            [
              -79.9116947,
              43.4446949
            ],
            [
              -79.911684,
              43.4446716
            ],
            [
              -79.9116612,
              43.4446579
            ],
            [
              -79.9116263,
              43.4446531
            ],
            [
              -79.9115887,
              43.444656
            ],
            [
              -79.9115565,
              43.4446638
            ],
            [
              -79.9115351,
              43.4446823
            ],
            [
              -79.9115217,
              43.4447027
            ],
            [
              -79.9115257,
              43.4447242
            ],
            [
              -79.9115351,
              43.4447407
            ]
          ]
        ]
      }
    },
    {
      "type": "Feature",
      "properties": {
        "@id": "way/779970404",
        "golf": "tee",
        "landuse": "grass"
      },
      "geometry": {
        "type": "Polygon",
        "coordinates": [
          [
            [
              -79.9115284,
              43.4449501
            ],
            [
              -79.9115498,
              43.4449608
            ],
            [
              -79.911578,
              43.4449647
            ],
            [
              -79.9116142,
              43.4449578
            ],
            [
              -79.9116464,
              43.4449384
            ],
            [
              -79.9116652,
              43.4449179
            ],
            [
              -79.9116813,
              43.4448955
            ],
            [
              -79.911696,
              43.4448692
            ],
            [
              -79.9117,
              43.4448507
            ],
            [
              -79.9116893,
              43.4448303
            ],
            [
              -79.9116612,
              43.4448157
            ],
            [
              -79.9116276,
              43.4448108
            ],
            [
              -79.9115954,
              43.4448196
            ],
            [
              -79.9115565,
              43.4448381
            ],
            [
              -79.9115217,
              43.4448644
            ],
            [
              -79.9115042,
              43.4448868
            ],
            [
              -79.9114989,
              43.4449131
            ],
            [
              -79.9115123,
              43.4449364
            ],
            [
              -79.9115284,
              43.4449501
            ]
          ]
        ]
      }
    },
    {
      "type": "Feature",
      "properties": {
        "@id": "way/779970405",
        "golf": "tee",
        "landuse": "grass"
      },
      "geometry": {
        "type": "Polygon",
        "coordinates": [
          [
            [
              -79.9114788,
              43.4450942
            ],
            [
              -79.9114962,
              43.4451
            ],
            [
              -79.9115203,
              43.4451039
            ],
            [
              -79.9115405,
              43.4451039
            ],
            [
              -79.9115592,
              43.445101
            ],
            [
              -79.9115767,
              43.4450932
            ],
            [
              -79.9115874,
              43.4450805
            ],
            [
              -79.9115847,
              43.4450611
            ],
            [
              -79.9115767,
              43.4450494
            ],
            [
              -79.9115552,
              43.4450367
            ],
            [
              -79.9115244,
              43.4450289
            ],
            [
              -79.9114949,
              43.4450289
            ],
            [
              -79.9114707,
              43.4450387
            ],
            [
              -79.9114573,
              43.4450542
            ],
            [
              -79.9114573,
              43.4450727
            ],
            [
              -79.9114654,
              43.4450844
            ],
            [
              -79.9114788,
              43.4450942
            ]
          ]
        ]
      }
    },
    {
      "type": "Feature",
      "properties": {
        "@id": "way/779970406",
        "golf": "bunker",
        "natural": "sand"
      },
      "geometry": {
        "type": "Polygon",
        "coordinates": [
          [
            [
              -79.9099238,
              43.4469436
            ],
            [
              -79.9099318,
              43.4469485
            ],
            [
              -79.9099412,
              43.4469524
            ],
            [
              -79.9099533,
              43.4469539
            ],
            [
              -79.9099647,
              43.4469534
            ],
            [
              -79.9099781,
              43.44695
            ],
            [
              -79.9099875,
              43.4469446
            ],
            [
              -79.9099948,
              43.4469402
            ],
            [
              -79.9100009,
              43.446932
            ],
            [
              -79.9100062,
              43.4469232
            ],
            [
              -79.9100069,
              43.4469125
            ],
            [
              -79.9100042,
              43.4469037
            ],
            [
              -79.9099995,
              43.446893
            ],
            [
              -79.9099908,
              43.4468867
            ],
            [
              -79.9099747,
              43.4468808
            ],
            [
              -79.9099559,
              43.4468823
            ],
            [
              -79.9099392,
              43.4468857
            ],
            [
              -79.9099231,
              43.4468925
            ],
            [
              -79.9099144,
              43.4469013
            ],
            [
              -79.909911,
              43.446912
            ],
            [
              -79.909911,
              43.4469242
            ],
            [
              -79.909915,
              43.4469354
            ],
            [
              -79.9099238,
              43.4469436
            ]
          ]
        ]
      }
    },
    {
      "type": "Feature",
      "properties": {
        "@id": "way/779977864",
        "golf": "bunker",
        "natural": "sand"
      },
      "geometry": {
        "type": "Polygon",
        "coordinates": [
          [
            [
              -79.9102865,
              43.4469889
            ],
            [
              -79.9102859,
              43.4469962
            ],
            [
              -79.9102859,
              43.4470069
            ],
            [
              -79.9102912,
              43.4470181
            ],
            [
              -79.9102979,
              43.4470279
            ],
            [
              -79.9103073,
              43.4470342
            ],
            [
              -79.9103194,
              43.447042
            ],
            [
              -79.9103321,
              43.4470469
            ],
            [
              -79.9103482,
              43.4470493
            ],
            [
              -79.910363,
              43.4470498
            ],
            [
              -79.9103791,
              43.4470478
            ],
            [
              -79.9103931,
              43.447042
            ],
            [
              -79.9104059,
              43.4470327
            ],
            [
              -79.9104119,
              43.447024
            ],
            [
              -79.9104153,
              43.4470142
            ],
            [
              -79.9104146,
              43.447006
            ],
            [
              -79.9104139,
              43.4469957
            ],
            [
              -79.9104092,
              43.4469879
            ],
            [
              -79.9104025,
              43.4469802
            ],
            [
              -79.9103891,
              43.4469758
            ],
            [
              -79.910373,
              43.4469743
            ],
            [
              -79.9103603,
              43.4469719
            ],
            [
              -79.9103482,
              43.4469646
            ],
            [
              -79.9103449,
              43.4469563
            ],
            [
              -79.9103435,
              43.4469461
            ],
            [
              -79.9103502,
              43.4469334
            ],
            [
              -79.9103563,
              43.4469251
            ],
            [
              -79.9103596,
              43.4469149
            ],
            [
              -79.9103576,
              43.4469028
            ],
            [
              -79.9103516,
              43.4468935
            ],
            [
              -79.9103368,
              43.4468818
            ],
            [
              -79.9103201,
              43.4468794
            ],
            [
              -79.9102979,
              43.4468789
            ],
            [
              -79.9102791,
              43.4468808
            ],
            [
              -79.9102651,
              43.4468852
            ],
            [
              -79.9102503,
              43.446892
            ],
            [
              -79.9102382,
              43.4469071
            ],
            [
              -79.9102382,
              43.4469213
            ],
            [
              -79.9102443,
              43.4469359
            ],
            [
              -79.910257,
              43.4469456
            ],
            [
              -79.9102664,
              43.4469505
            ],
            [
              -79.9102798,
              43.4469573
            ],
            [
              -79.9102865,
              43.4469641
            ],
            [
              -79.9102865,
              43.4469738
            ],
            [
              -79.9102879,
              43.4469821
            ],
            [
              -79.9102865,
              43.4469889
            ]
          ]
        ]
      }
    },
    {
      "type": "Feature",
      "properties": {
        "@id": "way/779977865",
        "golf": "bunker",
        "natural": "sand"
      },
      "geometry": {
        "type": "Polygon",
        "coordinates": [
          [
            [
              -79.9102349,
              43.4466584
            ],
            [
              -79.910249,
              43.4466627
            ],
            [
              -79.9102624,
              43.4466637
            ],
            [
              -79.9102751,
              43.4466627
            ],
            [
              -79.9102912,
              43.4466584
            ],
            [
              -79.910306,
              43.4466496
            ],
            [
              -79.9103127,
              43.4466408
            ],
            [
              -79.910318,
              43.4466311
            ],
            [
              -79.9103207,
              43.4466204
            ],
            [
              -79.9103194,
              43.4466068
            ],
            [
              -79.910308,
              43.4465941
            ],
            [
              -79.9102986,
              43.4465878
            ],
            [
              -79.9102838,
              43.4465834
            ],
            [
              -79.9102677,
              43.446581
            ],
            [
              -79.910247,
              43.4465824
            ],
            [
              -79.9102295,
              43.4465883
            ],
            [
              -79.9102181,
              43.446597
            ],
            [
              -79.9102094,
              43.4466072
            ],
            [
              -79.9102034,
              43.4466219
            ],
            [
              -79.9102054,
              43.4466345
            ],
            [
              -79.9102128,
              43.4466457
            ],
            [
              -79.9102255,
              43.446654
            ],
            [
              -79.9102349,
              43.4466584
            ]
          ]
        ]
      }
    },
    {
      "type": "Feature",
      "properties": {
        "@id": "way/779977866",
        "golf": "bunker",
        "natural": "sand"
      },
      "geometry": {
        "type": "Polygon",
        "coordinates": [
          [
            [
              -79.9105038,
              43.4466209
            ],
            [
              -79.9105145,
              43.4466282
            ],
            [
              -79.9105259,
              43.446636
            ],
            [
              -79.9105387,
              43.4466389
            ],
            [
              -79.9105641,
              43.4466384
            ],
            [
              -79.9105842,
              43.4466321
            ],
            [
              -79.9105997,
              43.4466238
            ],
            [
              -79.910607,
              43.4466136
            ],
            [
              -79.9106117,
              43.4466029
            ],
            [
              -79.9106111,
              43.4465858
            ],
            [
              -79.9106037,
              43.4465732
            ],
            [
              -79.9105956,
              43.4465639
            ],
            [
              -79.9105822,
              43.4465547
            ],
            [
              -79.9105668,
              43.4465503
            ],
            [
              -79.910548,
              43.4465493
            ],
            [
              -79.9105319,
              43.4465556
            ],
            [
              -79.9105152,
              43.4465644
            ],
            [
              -79.9105011,
              43.4465776
            ],
            [
              -79.9104951,
              43.4465936
            ],
            [
              -79.9104971,
              43.4466082
            ],
            [
              -79.9105038,
              43.4466209
            ]
          ]
        ]
      }
    },
    {
      "type": "Feature",
      "properties": {
        "@id": "way/779977867",
        "golf": "green",
        "landuse": "grass"
      },
      "geometry": {
        "type": "Polygon",
        "coordinates": [
          [
            [
              -79.910088,
              43.4471116
            ],
            [
              -79.9100974,
              43.4471228
            ],
            [
              -79.9101035,
              43.447133
            ],
            [
              -79.9101162,
              43.4471481
            ],
            [
              -79.9101256,
              43.4471603
            ],
            [
              -79.910135,
              43.44717
            ],
            [
              -79.9101484,
              43.4471851
            ],
            [
              -79.9101672,
              43.4471997
            ],
            [
              -79.9101913,
              43.4472129
            ],
            [
              -79.9102094,
              43.4472182
            ],
            [
              -79.9102289,
              43.4472211
            ],
            [
              -79.9102517,
              43.4472207
            ],
            [
              -79.9102704,
              43.4472182
            ],
            [
              -79.9102959,
              43.447208
            ],
            [
              -79.9103147,
              43.4471924
            ],
            [
              -79.9103227,
              43.4471768
            ],
            [
              -79.9103288,
              43.4471593
            ],
            [
              -79.9103308,
              43.4471418
            ],
            [
              -79.9103254,
              43.4471209
            ],
            [
              -79.9103194,
              43.4471053
            ],
            [
              -79.9103053,
              43.4470858
            ],
            [
              -79.9102926,
              43.4470678
            ],
            [
              -79.9102765,
              43.4470532
            ],
            [
              -79.910257,
              43.4470405
            ],
            [
              -79.9102389,
              43.4470284
            ],
            [
              -79.9102255,
              43.4470157
            ],
            [
              -79.9102154,
              43.4470016
            ],
            [
              -79.9102047,
              43.4469802
            ],
            [
              -79.910196,
              43.4469621
            ],
            [
              -79.9101846,
              43.4469388
            ],
            [
              -79.9101712,
              43.4469222
            ],
            [
              -79.9101564,
              43.4469105
            ],
            [
              -79.910137,
              43.4469052
            ],
            [
              -79.9101175,
              43.4469047
            ],
            [
              -79.9100934,
              43.4469071
            ],
            [
              -79.910076,
              43.4469174
            ],
            [
              -79.9100599,
              43.4469349
            ],
            [
              -79.9100491,
              43.4469548
            ],
            [
              -79.9100471,
              43.4469811
            ],
            [
              -79.9100465,
              43.4470011
            ],
            [
              -79.9100471,
              43.4470206
            ],
            [
              -79.9100498,
              43.4470357
            ],
            [
              -79.9100579,
              43.4470629
            ],
            [
              -79.9100699,
              43.4470868
            ],
            [
              -79.9100787,
              43.4470994
            ],
            [
              -79.910088,
              43.4471116
            ]
          ]
        ]
      }
    },
    {
      "type": "Feature",
      "properties": {
        "@id": "way/779977868",
        "golf": "fairway",
        "landuse": "grass"
      },
      "geometry": {
        "type": "Polygon",
        "coordinates": [
          [
            [
              -79.910088,
              43.4471116
            ],
            [
              -79.9100605,
              43.4471014
            ],
            [
              -79.9100404,
              43.4470907
            ],
            [
              -79.9100176,
              43.4470809
            ],
            [
              -79.9099948,
              43.4470731
            ],
            [
              -79.9099626,
              43.4470722
            ],
            [
              -79.9099398,
              43.4470722
            ],
            [
              -79.9099238,
              43.4470673
            ],
            [
              -79.9099144,
              43.4470566
            ],
            [
              -79.9099077,
              43.4470449
            ],
            [
              -79.909913,
              43.4470342
            ],
            [
              -79.9099358,
              43.4470186
            ],
            [
              -79.9099573,
              43.4470128
            ],
            [
              -79.9099814,
              43.447004
            ],
            [
              -79.9100056,
              43.4469855
            ],
            [
              -79.9100243,
              43.4469621
            ],
            [
              -79.910031,
              43.4469446
            ],
            [
              -79.9100324,
              43.446929
            ],
            [
              -79.9100324,
              43.4469028
            ],
            [
              -79.9100351,
              43.4468765
            ],
            [
              -79.910031,
              43.4468404
            ],
            [
              -79.910027,
              43.4468132
            ],
            [
              -79.9100203,
              43.4467859
            ],
            [
              -79.910023,
              43.4467509
            ],
            [
              -79.9100203,
              43.4467139
            ],
            [
              -79.9100149,
              43.446673
            ],
            [
              -79.9100096,
              43.4466486
            ],
            [
              -79.9100042,
              43.4466029
            ],
            [
              -79.9100056,
              43.4465717
            ],
            [
              -79.9100096,
              43.4465425
            ],
            [
              -79.910023,
              43.4465113
            ],
            [
              -79.9100431,
              43.4464802
            ],
            [
              -79.9100659,
              43.446451
            ],
            [
              -79.9100887,
              43.4464237
            ],
            [
              -79.9101128,
              43.4463916
            ],
            [
              -79.9101276,
              43.4463721
            ],
            [
              -79.9101437,
              43.4463478
            ],
            [
              -79.9101598,
              43.4463137
            ],
            [
              -79.9101719,
              43.4462874
            ],
            [
              -79.910192,
              43.4462504
            ],
            [
              -79.9102081,
              43.4462212
            ],
            [
              -79.9102295,
              43.4461881
            ],
            [
              -79.910255,
              43.446155
            ],
            [
              -79.9102791,
              43.4461209
            ],
            [
              -79.9103154,
              43.4460829
            ],
            [
              -79.9103516,
              43.4460508
            ],
            [
              -79.9103717,
              43.4460245
            ],
            [
              -79.9104025,
              43.4459778
            ],
            [
              -79.9104253,
              43.445934
            ],
            [
              -79.9104481,
              43.4458736
            ],
            [
              -79.9104776,
              43.4458307
            ],
            [
              -79.9105286,
              43.4457714
            ],
            [
              -79.9105849,
              43.4457188
            ],
            [
              -79.9106252,
              43.4456798
            ],
            [
              -79.9106547,
              43.4456428
            ],
            [
              -79.9106895,
              43.4456039
            ],
            [
              -79.9107231,
              43.4455318
            ],
            [
              -79.9107861,
              43.4454656
            ],
            [
              -79.9108089,
              43.4454276
            ],
            [
              -79.9108397,
              43.4453751
            ],
            [
              -79.9108666,
              43.4453215
            ],
            [
              -79.9108893,
              43.4452855
            ],
            [
              -79.9109282,
              43.44523
            ],
            [
              -79.9109484,
              43.4452056
            ],
            [
              -79.9109832,
              43.445192
            ],
            [
              -79.9110369,
              43.4451852
            ],
            [
              -79.9110798,
              43.4451871
            ],
            [
              -79.9111227,
              43.445191
            ],
            [
              -79.9111817,
              43.4452027
            ],
            [
              -79.9112354,
              43.4452241
            ],
            [
              -79.9112595,
              43.4452485
            ],
            [
              -79.911281,
              43.4452777
            ],
            [
              -79.911289,
              43.4453215
            ],
            [
              -79.9112783,
              43.4453488
            ],
            [
              -79.9112568,
              43.4453829
            ],
            [
              -79.9112152,
              43.4454374
            ],
            [
              -79.9111656,
              43.4455016
            ],
            [
              -79.911124,
              43.4455494
            ],
            [
              -79.9110959,
              43.4455864
            ],
            [
              -79.9110476,
              43.4456389
            ],
            [
              -79.9110127,
              43.4456847
            ],
            [
              -79.9109671,
              43.4457451
            ],
            [
              -79.9109242,
              43.4457967
            ],
            [
              -79.9108706,
              43.445857
            ],
            [
              -79.910825,
              43.4459116
            ],
            [
              -79.9107807,
              43.4459612
            ],
            [
              -79.9107432,
              43.4460031
            ],
            [
              -79.9107083,
              43.4460479
            ],
            [
              -79.9106775,
              43.4461005
            ],
            [
              -79.9106694,
              43.4461248
            ],
            [
              -79.9106493,
              43.4461676
            ],
            [
              -79.9106117,
              43.4462115
            ],
            [
              -79.9105715,
              43.4462572
            ],
            [
              -79.910534,
              43.446301
            ],
            [
              -79.9105045,
              43.4463594
            ],
            [
              -79.9104817,
              43.4464101
            ],
            [
              -79.9104521,
              43.4464685
            ],
            [
              -79.9104307,
              43.4465259
            ],
            [
              -79.9104253,
              43.446561
            ],
            [
              -79.9104092,
              43.4465999
            ],
            [
              -79.9103958,
              43.4466506
            ],
            [
              -79.9103931,
              43.4466856
            ],
            [
              -79.9103864,
              43.4467275
            ],
            [
              -79.9103596,
              43.4467635
            ],
            [
              -79.9103221,
              43.4467937
            ],
            [
              -79.9102724,
              43.44682
            ],
            [
              -79.9102335,
              43.4468463
            ],
            [
              -79.9101987,
              43.4468794
            ],
            [
              -79.9101866,
              43.4469076
            ],
            [
              -79.9101846,
              43.4469388
            ],
            [
              -79.910088,
              43.4471116
            ]
          ]
        ]
      }
    },
    {
      "type": "Feature",
      "properties": {
        "@id": "way/779977869",
        "golf": "hole",
        "handicap": "12",
        "par": "4",
        "ref": "16"
      },
      "geometry": {
        "type": "LineString",
        "coordinates": [
          [
            -79.9116256,
            43.4445007
          ],
          [
            -79.9102899,
            43.4464325
          ],
          [
            -79.9101987,
            43.4471218
          ]
        ]
      }
    },
    {
      "type": "Feature",
      "properties": {
        "@id": "way/779977870",
        "golf": "cartpath",
        "golf_cart": "designated",
        "highway": "service"
      },
      "geometry": {
        "type": "LineString",
        "coordinates": [
          [
            -79.9103653,
            43.447478
          ],
          [
            -79.9103093,
            43.4474407
          ],
          [
            -79.9102329,
            43.4474056
          ],
          [
            -79.9101591,
            43.4473725
          ],
          [
            -79.9100934,
            43.4473326
          ],
          [
            -79.9100491,
            43.4472927
          ],
          [
            -79.9100022,
            43.4472625
          ],
          [
            -79.9099325,
            43.4472411
          ],
          [
            -79.9098587,
            43.4472226
          ],
          [
            -79.9098051,
            43.4472012
          ],
          [
            -79.9097641,
            43.447184
          ]
        ]
      }
    },
    {
      "type": "Feature",
      "properties": {
        "@id": "way/779977871",
        "golf": "cartpath",
        "golf_cart": "designated",
        "highway": "service"
      },
      "geometry": {
        "type": "LineString",
        "coordinates": [
          [
            -79.9101982,
            43.4476465
          ],
          [
            -79.9102356,
            43.4477046
          ],
          [
            -79.9102825,
            43.4477367
          ],
          [
            -79.9103898,
            43.4477639
          ],
          [
            -79.9104863,
            43.4477659
          ],
          [
            -79.9105923,
            43.4477678
          ],
          [
            -79.9106754,
            43.4477659
          ],
          [
            -79.9107415,
            43.4477647
          ]
        ]
      }
    },
    {
      "type": "Feature",
      "properties": {
        "@id": "way/779977872",
        "golf": "tee",
        "landuse": "grass"
      },
      "geometry": {
        "type": "Polygon",
        "coordinates": [
          [
            [
              -79.9103227,
              43.4476997
            ],
            [
              -79.9103375,
              43.4477089
            ],
            [
              -79.9103576,
              43.4477158
            ],
            [
              -79.910375,
              43.4477216
            ],
            [
              -79.9104005,
              43.4477269
            ],
            [
              -79.9104287,
              43.4477313
            ],
            [
              -79.9104548,
              43.4477318
            ],
            [
              -79.910479,
              43.4477284
            ],
            [
              -79.9104971,
              43.4477201
            ],
            [
              -79.9105091,
              43.4477084
            ],
            [
              -79.9105098,
              43.4476948
            ],
            [
              -79.9105051,
              43.4476836
            ],
            [
              -79.9104931,
              43.4476734
            ],
            [
              -79.910481,
              43.4476671
            ],
            [
              -79.9104589,
              43.4476612
            ],
            [
              -79.9104421,
              43.4476573
            ],
            [
              -79.9104294,
              43.4476515
            ],
            [
              -79.9104186,
              43.4476452
            ],
            [
              -79.9104119,
              43.4476364
            ],
            [
              -79.9104119,
              43.4476233
            ],
            [
              -79.9104112,
              43.4476082
            ],
            [
              -79.9104092,
              43.4475921
            ],
            [
              -79.9104019,
              43.4475804
            ],
            [
              -79.9103884,
              43.4475731
            ],
            [
              -79.9103677,
              43.4475697
            ],
            [
              -79.9103475,
              43.4475712
            ],
            [
              -79.9103321,
              43.447577
            ],
            [
              -79.9103174,
              43.4475848
            ],
            [
              -79.9103026,
              43.4475979
            ],
            [
              -79.9102932,
              43.4476111
            ],
            [
              -79.9102899,
              43.4476252
            ],
            [
              -79.9102879,
              43.4476379
            ],
            [
              -79.9102892,
              43.4476554
            ],
            [
              -79.9102966,
              43.4476705
            ],
            [
              -79.9103087,
              43.447687
            ],
            [
              -79.9103227,
              43.4476997
            ]
          ]
        ]
      }
    },
    {
      "type": "Feature",
      "properties": {
        "@id": "way/779977873",
        "golf": "tee",
        "landuse": "grass"
      },
      "geometry": {
        "type": "Polygon",
        "coordinates": [
          [
            [
              -79.9101075,
              43.4475093
            ],
            [
              -79.9101229,
              43.4475132
            ],
            [
              -79.9101316,
              43.447523
            ],
            [
              -79.910135,
              43.4475405
            ],
            [
              -79.9101417,
              43.4475551
            ],
            [
              -79.9101504,
              43.4475668
            ],
            [
              -79.9101672,
              43.447576
            ],
            [
              -79.9101893,
              43.447578
            ],
            [
              -79.9102114,
              43.4475755
            ],
            [
              -79.9102315,
              43.4475678
            ],
            [
              -79.9102449,
              43.447558
            ],
            [
              -79.910259,
              43.4475449
            ],
            [
              -79.9102677,
              43.4475342
            ],
            [
              -79.9102718,
              43.4475205
            ],
            [
              -79.9102738,
              43.4475059
            ],
            [
              -79.9102698,
              43.4474908
            ],
            [
              -79.9102644,
              43.4474748
            ],
            [
              -79.9102563,
              43.4474626
            ],
            [
              -79.9102456,
              43.4474529
            ],
            [
              -79.9102302,
              43.4474426
            ],
            [
              -79.9102094,
              43.4474334
            ],
            [
              -79.9101886,
              43.4474241
            ],
            [
              -79.9101678,
              43.4474198
            ],
            [
              -79.910139,
              43.4474173
            ],
            [
              -79.9101102,
              43.4474183
            ],
            [
              -79.9100887,
              43.4474241
            ],
            [
              -79.9100693,
              43.4474358
            ],
            [
              -79.9100592,
              43.447449
            ],
            [
              -79.9100559,
              43.4474611
            ],
            [
              -79.9100552,
              43.4474738
            ],
            [
              -79.9100632,
              43.4474869
            ],
            [
              -79.910078,
              43.4474981
            ],
            [
              -79.9100907,
              43.4475035
            ],
            [
              -79.9101075,
              43.4475093
            ]
          ]
        ]
      }
    },
    {
      "type": "Feature",
      "properties": {
        "@id": "way/779977874",
        "golf": "tee",
        "landuse": "grass"
      },
      "geometry": {
        "type": "Polygon",
        "coordinates": [
          [
            [
              -79.9098822,
              43.4473745
            ],
            [
              -79.9098855,
              43.4473896
            ],
            [
              -79.9098969,
              43.4474003
            ],
            [
              -79.9099157,
              43.44741
            ],
            [
              -79.9099305,
              43.4474149
            ],
            [
              -79.9099499,
              43.4474198
            ],
            [
              -79.9099694,
              43.4474193
            ],
            [
              -79.9099881,
              43.4474168
            ],
            [
              -79.9100062,
              43.4474095
            ],
            [
              -79.9100183,
              43.4473988
            ],
            [
              -79.9100297,
              43.4473871
            ],
            [
              -79.9100384,
              43.4473706
            ],
            [
              -79.9100398,
              43.4473472
            ],
            [
              -79.9100357,
              43.4473307
            ],
            [
              -79.9100277,
              43.447318
            ],
            [
              -79.9100143,
              43.4473024
            ],
            [
              -79.9099942,
              43.4472908
            ],
            [
              -79.909968,
              43.447281
            ],
            [
              -79.9099405,
              43.4472771
            ],
            [
              -79.9099117,
              43.4472796
            ],
            [
              -79.9098942,
              43.4472873
            ],
            [
              -79.9098862,
              43.4472995
            ],
            [
              -79.9098829,
              43.4473175
            ],
            [
              -79.9098875,
              43.4473375
            ],
            [
              -79.9098842,
              43.4473594
            ],
            [
              -79.9098822,
              43.4473745
            ]
          ]
        ]
      }
    },
    {
      "type": "Feature",
      "properties": {
        "@id": "way/779977875",
        "golf": "tee",
        "landuse": "grass"
      },
      "geometry": {
        "type": "Polygon",
        "coordinates": [
          [
            [
              -79.9095959,
              43.4472494
            ],
            [
              -79.9096066,
              43.4472572
            ],
            [
              -79.90962,
              43.4472615
            ],
            [
              -79.9096354,
              43.4472654
            ],
            [
              -79.9096542,
              43.4472659
            ],
            [
              -79.9096689,
              43.447265
            ],
            [
              -79.909683,
              43.4472606
            ],
            [
              -79.9096958,
              43.4472557
            ],
            [
              -79.9097072,
              43.4472479
            ],
            [
              -79.9097159,
              43.4472372
            ],
            [
              -79.9097179,
              43.4472265
            ],
            [
              -79.9097186,
              43.4472172
            ],
            [
              -79.9097166,
              43.447207
            ],
            [
              -79.9097092,
              43.4471963
            ],
            [
              -79.9097018,
              43.4471851
            ],
            [
              -79.9096891,
              43.4471778
            ],
            [
              -79.9096763,
              43.4471729
            ],
            [
              -79.9096622,
              43.447169
            ],
            [
              -79.9096435,
              43.4471681
            ],
            [
              -79.9096173,
              43.447171
            ],
            [
              -79.9096005,
              43.4471783
            ],
            [
              -79.9095905,
              43.4471866
            ],
            [
              -79.9095831,
              43.4471948
            ],
            [
              -79.9095777,
              43.447209
            ],
            [
              -79.9095777,
              43.4472255
            ],
            [
              -79.9095845,
              43.4472396
            ],
            [
              -79.9095959,
              43.4472494
            ]
          ]
        ]
      }
    },
    {
      "type": "Feature",
      "properties": {
        "@id": "way/779977876",
        "golf": "bunker",
        "natural": "sand"
      },
      "geometry": {
        "type": "Polygon",
        "coordinates": [
          [
            [
              -79.9089333,
              43.4468565
            ],
            [
              -79.9089421,
              43.4468623
            ],
            [
              -79.9089528,
              43.4468677
            ],
            [
              -79.9089689,
              43.4468706
            ],
            [
              -79.908981,
              43.4468701
            ],
            [
              -79.9089964,
              43.4468658
            ],
            [
              -79.9090044,
              43.4468599
            ],
            [
              -79.9090111,
              43.4468516
            ],
            [
              -79.9090138,
              43.4468395
            ],
            [
              -79.9090091,
              43.4468283
            ],
            [
              -79.9090004,
              43.44682
            ],
            [
              -79.908989,
              43.4468137
            ],
            [
              -79.9089763,
              43.4468107
            ],
            [
              -79.9089642,
              43.4468107
            ],
            [
              -79.9089515,
              43.4468127
            ],
            [
              -79.9089401,
              43.446818
            ],
            [
              -79.9089307,
              43.4468249
            ],
            [
              -79.9089253,
              43.4468341
            ],
            [
              -79.9089253,
              43.4468443
            ],
            [
              -79.908928,
              43.4468502
            ],
            [
              -79.9089333,
              43.4468565
            ]
          ]
        ]
      }
    },
    {
      "type": "Feature",
      "properties": {
        "@id": "way/779977877",
        "golf": "bunker",
        "natural": "sand"
      },
      "geometry": {
        "type": "Polygon",
        "coordinates": [
          [
            [
              -79.9087748,
              43.4468344
            ],
            [
              -79.9087785,
              43.4468387
            ],
            [
              -79.9087838,
              43.4468419
            ],
            [
              -79.9087892,
              43.4468446
            ],
            [
              -79.9087972,
              43.4468465
            ],
            [
              -79.9088049,
              43.4468475
            ],
            [
              -79.9088133,
              43.4468477
            ],
            [
              -79.908821,
              43.446847
            ],
            [
              -79.9088274,
              43.4468453
            ],
            [
              -79.9088351,
              43.4468424
            ],
            [
              -79.9088405,
              43.4468397
            ],
            [
              -79.9088455,
              43.4468358
            ],
            [
              -79.9088505,
              43.4468319
            ],
            [
              -79.9088542,
              43.4468268
            ],
            [
              -79.9088552,
              43.4468212
            ],
            [
              -79.9088566,
              43.4468171
            ],
            [
              -79.9088569,
              43.4468107
            ],
            [
              -79.9088562,
              43.4468047
            ],
            [
              -79.9088512,
              43.4467988
            ],
            [
              -79.9088445,
              43.4467944
            ],
            [
              -79.9088354,
              43.4467898
            ],
            [
              -79.9088271,
              43.4467866
            ],
            [
              -79.9088177,
              43.4467845
            ],
            [
              -79.9088083,
              43.4467837
            ],
            [
              -79.9088006,
              43.4467845
            ],
            [
              -79.9087932,
              43.4467859
            ],
            [
              -79.9087858,
              43.4467891
            ],
            [
              -79.9087825,
              43.4467913
            ],
            [
              -79.9087754,
              43.4467954
            ],
            [
              -79.9087714,
              43.4467998
            ],
            [
              -79.9087684,
              43.4468071
            ],
            [
              -79.9087677,
              43.4468122
            ],
            [
              -79.9087677,
              43.4468173
            ],
            [
              -79.9087687,
              43.4468244
            ],
            [
              -79.9087707,
              43.4468292
            ],
            [
              -79.9087748,
              43.4468344
            ]
          ]
        ]
      }
    },
    {
      "type": "Feature",
      "properties": {
        "@id": "way/779977878",
        "golf": "bunker",
        "natural": "sand"
      },
      "geometry": {
        "type": "Polygon",
        "coordinates": [
          [
            [
              -79.9081847,
              43.4470133
            ],
            [
              -79.9081961,
              43.4470167
            ],
            [
              -79.9082088,
              43.4470181
            ],
            [
              -79.9082263,
              43.4470162
            ],
            [
              -79.908239,
              43.4470142
            ],
            [
              -79.9082531,
              43.4470123
            ],
            [
              -79.9082651,
              43.4470089
            ],
            [
              -79.9082812,
              43.4470011
            ],
            [
              -79.908298,
              43.4469933
            ],
            [
              -79.9083134,
              43.446986
            ],
            [
              -79.9083228,
              43.4469777
            ],
            [
              -79.9083389,
              43.446968
            ],
            [
              -79.908351,
              43.4469548
            ],
            [
              -79.908361,
              43.4469427
            ],
            [
              -79.9083738,
              43.4469324
            ],
            [
              -79.9083845,
              43.4469203
            ],
            [
              -79.9084013,
              43.446913
            ],
            [
              -79.9084207,
              43.4469062
            ],
            [
              -79.9084402,
              43.4469018
            ],
            [
              -79.9084609,
              43.4468969
            ],
            [
              -79.9084797,
              43.4468925
            ],
            [
              -79.9084965,
              43.4468852
            ],
            [
              -79.9085099,
              43.4468755
            ],
            [
              -79.9085166,
              43.4468604
            ],
            [
              -79.9085179,
              43.4468497
            ],
            [
              -79.9085179,
              43.446839
            ],
            [
              -79.9085086,
              43.4468292
            ],
            [
              -79.9084972,
              43.4468215
            ],
            [
              -79.9084831,
              43.4468185
            ],
            [
              -79.908467,
              43.4468151
            ],
            [
              -79.9084482,
              43.4468161
            ],
            [
              -79.9084328,
              43.446821
            ],
            [
              -79.90842,
              43.4468322
            ],
            [
              -79.9084147,
              43.4468434
            ],
            [
              -79.908406,
              43.4468521
            ],
            [
              -79.9083905,
              43.446855
            ],
            [
              -79.9083818,
              43.4468555
            ],
            [
              -79.9083724,
              43.4468541
            ],
            [
              -79.9083577,
              43.4468507
            ],
            [
              -79.9083423,
              43.4468473
            ],
            [
              -79.9083275,
              43.4468453
            ],
            [
              -79.9083128,
              43.4468458
            ],
            [
              -79.9083014,
              43.4468492
            ],
            [
              -79.9082893,
              43.4468541
            ],
            [
              -79.9082799,
              43.4468589
            ],
            [
              -79.9082725,
              43.4468662
            ],
            [
              -79.9082665,
              43.446874
            ],
            [
              -79.9082658,
              43.4468862
            ],
            [
              -79.9082685,
              43.4468955
            ],
            [
              -79.9082698,
              43.4469052
            ],
            [
              -79.9082698,
              43.4469149
            ],
            [
              -79.9082638,
              43.4469242
            ],
            [
              -79.9082511,
              43.4469281
            ],
            [
              -79.908239,
              43.4469281
            ],
            [
              -79.9082263,
              43.4469256
            ],
            [
              -79.9082102,
              43.4469237
            ],
            [
              -79.9081974,
              43.4469237
            ],
            [
              -79.908184,
              43.4469271
            ],
            [
              -79.9081686,
              43.4469363
            ],
            [
              -79.9081605,
              43.4469446
            ],
            [
              -79.9081545,
              43.4469539
            ],
            [
              -79.9081525,
              43.446966
            ],
            [
              -79.9081532,
              43.4469782
            ],
            [
              -79.9081565,
              43.4469889
            ],
            [
              -79.9081612,
              43.4469977
            ],
            [
              -79.9081706,
              43.4470045
            ],
            [
              -79.908176,
              43.4470079
            ],
            [
              -79.9081847,
              43.4470133
            ]
          ]
        ]
      }
    },
    {
      "type": "Feature",
      "properties": {
        "@id": "way/779977879",
        "golf": "bunker",
        "natural": "sand"
      },
      "geometry": {
        "type": "Polygon",
        "coordinates": [
          [
            [
              -79.9079225,
              43.4471515
            ],
            [
              -79.9079325,
              43.4471588
            ],
            [
              -79.9079453,
              43.4471652
            ],
            [
              -79.9079594,
              43.4471671
            ],
            [
              -79.9079714,
              43.4471686
            ],
            [
              -79.9079909,
              43.4471666
            ],
            [
              -79.908005,
              43.4471598
            ],
            [
              -79.908015,
              43.4471515
            ],
            [
              -79.9080251,
              43.4471403
            ],
            [
              -79.9080358,
              43.4471272
            ],
            [
              -79.9080385,
              43.4471131
            ],
            [
              -79.9080405,
              43.4471028
            ],
            [
              -79.9080372,
              43.4470897
            ],
            [
              -79.9080345,
              43.4470819
            ],
            [
              -79.9080211,
              43.4470692
            ],
            [
              -79.9080077,
              43.44706
            ],
            [
              -79.9079969,
              43.4470546
            ],
            [
              -79.9079849,
              43.4470527
            ],
            [
              -79.9079701,
              43.447059
            ],
            [
              -79.9079507,
              43.4470736
            ],
            [
              -79.9079393,
              43.4470829
            ],
            [
              -79.9079245,
              43.447096
            ],
            [
              -79.9079185,
              43.4471058
            ],
            [
              -79.9079158,
              43.4471194
            ],
            [
              -79.9079144,
              43.4471291
            ],
            [
              -79.9079198,
              43.4471428
            ],
            [
              -79.9079225,
              43.4471515
            ]
          ]
        ]
      }
    },
    {
      "type": "Feature",
      "properties": {
        "@id": "way/779977880",
        "golf": "green",
        "landuse": "grass"
      },
      "geometry": {
        "type": "Polygon",
        "coordinates": [
          [
            [
              -79.9082162,
              43.44708
            ],
            [
              -79.9082095,
              43.4470916
            ],
            [
              -79.9082055,
              43.4471053
            ],
            [
              -79.9082055,
              43.4471218
            ],
            [
              -79.9082095,
              43.4471364
            ],
            [
              -79.9082269,
              43.4471471
            ],
            [
              -79.9082457,
              43.447153
            ],
            [
              -79.9082672,
              43.447152
            ],
            [
              -79.908294,
              43.4471491
            ],
            [
              -79.9083181,
              43.4471432
            ],
            [
              -79.9083476,
              43.4471384
            ],
            [
              -79.9083691,
              43.4471374
            ],
            [
              -79.9083892,
              43.4471374
            ],
            [
              -79.9084107,
              43.4471335
            ],
            [
              -79.9084361,
              43.4471267
            ],
            [
              -79.9084616,
              43.4471189
            ],
            [
              -79.9084804,
              43.4471131
            ],
            [
              -79.9084965,
              43.4471033
            ],
            [
              -79.9085206,
              43.4470897
            ],
            [
              -79.9085381,
              43.4470751
            ],
            [
              -79.9085501,
              43.4470615
            ],
            [
              -79.9085515,
              43.4470449
            ],
            [
              -79.9085488,
              43.4470303
            ],
            [
              -79.9085407,
              43.4470147
            ],
            [
              -79.90853,
              43.4469991
            ],
            [
              -79.9085166,
              43.4469836
            ],
            [
              -79.9084925,
              43.4469719
            ],
            [
              -79.908471,
              43.446966
            ],
            [
              -79.9084415,
              43.446968
            ],
            [
              -79.908412,
              43.4469758
            ],
            [
              -79.9083892,
              43.4469845
            ],
            [
              -79.9083731,
              43.4469943
            ],
            [
              -79.908357,
              43.4470089
            ],
            [
              -79.9083449,
              43.4470225
            ],
            [
              -79.9083262,
              43.4470361
            ],
            [
              -79.908298,
              43.4470488
            ],
            [
              -79.9082672,
              43.4470527
            ],
            [
              -79.9082484,
              43.4470585
            ],
            [
              -79.9082256,
              43.4470692
            ],
            [
              -79.9082162,
              43.44708
            ]
          ]
        ]
      }
    },
    {
      "type": "Feature",
      "properties": {
        "@id": "way/779977881",
        "golf": "fairway",
        "landuse": "grass"
      },
      "geometry": {
        "type": "Polygon",
        "coordinates": [
          [
            [
              -79.908294,
              43.4471491
            ],
            [
              -79.9082631,
              43.4471656
            ],
            [
              -79.9082309,
              43.4471793
            ],
            [
              -79.9082028,
              43.4471958
            ],
            [
              -79.908176,
              43.4472056
            ],
            [
              -79.9081532,
              43.4472085
            ],
            [
              -79.908125,
              43.4472065
            ],
            [
              -79.9081062,
              43.4472007
            ],
            [
              -79.9080928,
              43.4471939
            ],
            [
              -79.9080807,
              43.4471783
            ],
            [
              -79.9080754,
              43.4471549
            ],
            [
              -79.9080848,
              43.4471335
            ],
            [
              -79.9080942,
              43.447116
            ],
            [
              -79.9081009,
              43.4471033
            ],
            [
              -79.9081143,
              43.4470897
            ],
            [
              -79.9081357,
              43.4470712
            ],
            [
              -79.9081572,
              43.4470654
            ],
            [
              -79.9081867,
              43.4470654
            ],
            [
              -79.9082028,
              43.4470654
            ],
            [
              -79.9082256,
              43.4470692
            ],
            [
              -79.908294,
              43.4471491
            ]
          ]
        ]
      }
    },
    {
      "type": "Feature",
      "properties": {
        "@id": "way/779977882",
        "golf": "fairway",
        "landuse": "grass"
      },
      "geometry": {
        "type": "Polygon",
        "coordinates": [
          [
            [
              -79.9084616,
              43.4471189
            ],
            [
              -79.9085005,
              43.4471189
            ],
            [
              -79.9085367,
              43.4471111
            ],
            [
              -79.9085702,
              43.4471082
            ],
            [
              -79.9086118,
              43.4471072
            ],
            [
              -79.9086453,
              43.4471053
            ],
            [
              -79.9086856,
              43.4471053
            ],
            [
              -79.9087191,
              43.4471062
            ],
            [
              -79.9087607,
              43.4471062
            ],
            [
              -79.9087996,
              43.4471053
            ],
            [
              -79.9088465,
              43.4470994
            ],
            [
              -79.9088787,
              43.4470868
            ],
            [
              -79.9089028,
              43.4470731
            ],
            [
              -79.908927,
              43.4470546
            ],
            [
              -79.9089525,
              43.4470322
            ],
            [
              -79.9089592,
              43.447003
            ],
            [
              -79.9089511,
              43.4469777
            ],
            [
              -79.908939,
              43.4469553
            ],
            [
              -79.9089189,
              43.4469407
            ],
            [
              -79.9088935,
              43.4469232
            ],
            [
              -79.9088639,
              43.4469096
            ],
            [
              -79.9088264,
              43.4468979
            ],
            [
              -79.9087942,
              43.4468959
            ],
            [
              -79.9087553,
              43.4468911
            ],
            [
              -79.9087231,
              43.4468862
            ],
            [
              -79.9086681,
              43.4468862
            ],
            [
              -79.9086239,
              43.4468862
            ],
            [
              -79.908581,
              43.446894
            ],
            [
              -79.9085461,
              43.4469066
            ],
            [
              -79.908522,
              43.4469183
            ],
            [
              -79.9084898,
              43.4469339
            ],
            [
              -79.9084536,
              43.4469505
            ],
            [
              -79.9084294,
              43.4469621
            ],
            [
              -79.908412,
              43.4469758
            ],
            [
              -79.9084616,
              43.4471189
            ]
          ]
        ]
      }
    },
    {
      "type": "Feature",
      "properties": {
        "@id": "way/779977883",
        "golf": "cartpath",
        "golf_cart": "designated",
        "highway": "service"
      },
      "geometry": {
        "type": "LineString",
        "coordinates": [
          [
            -79.9079941,
            43.4468739
          ],
          [
            -79.9079332,
            43.4469505
          ],
          [
            -79.9078595,
            43.4470196
          ],
          [
            -79.9078072,
            43.4470692
          ],
          [
            -79.9077884,
            43.447114
          ],
          [
            -79.907787,
            43.4471627
          ],
          [
            -79.9078098,
            43.4472056
          ],
          [
            -79.9078595,
            43.4472406
          ],
          [
            -79.9079252,
            43.4472942
          ],
          [
            -79.9079587,
            43.4473175
          ],
          [
            -79.9079735,
            43.4473428
          ],
          [
            -79.907956,
            43.4473652
          ],
          [
            -79.9079252,
            43.4473896
          ],
          [
            -79.9078836,
            43.447411
          ],
          [
            -79.9077991,
            43.4474159
          ],
          [
            -79.9077133,
            43.447412
          ],
          [
            -79.9076234,
            43.4473964
          ],
          [
            -79.9075457,
            43.4473805
          ]
        ]
      }
    },
    {
      "type": "Feature",
      "properties": {
        "@id": "way/779977884",
        "golf": "hole",
        "handicap": "14",
        "par": "3",
        "ref": "17"
      },
      "geometry": {
        "type": "LineString",
        "coordinates": [
          [
            -79.9103579,
            43.4476583
          ],
          [
            -79.9083651,
            43.44708
          ]
        ]
      }
    },
    {
      "type": "Feature",
      "properties": {
        "@id": "way/779977885",
        "golf": "tee",
        "landuse": "grass"
      },
      "geometry": {
        "type": "Polygon",
        "coordinates": [
          [
            [
              -79.9078219,
              43.4479533
            ],
            [
              -79.9078447,
              43.4479611
            ],
            [
              -79.9078648,
              43.447965
            ],
            [
              -79.907889,
              43.4479699
            ],
            [
              -79.9079118,
              43.4479728
            ],
            [
              -79.9079332,
              43.4479718
            ],
            [
              -79.907948,
              43.4479631
            ],
            [
              -79.9079574,
              43.4479485
            ],
            [
              -79.9079547,
              43.4479338
            ],
            [
              -79.9079439,
              43.4479261
            ],
            [
              -79.9079279,
              43.4479183
            ],
            [
              -79.9079037,
              43.4479105
            ],
            [
              -79.9078782,
              43.4479056
            ],
            [
              -79.9078514,
              43.4479017
            ],
            [
              -79.9078232,
              43.4478988
            ],
            [
              -79.9077978,
              43.4478978
            ],
            [
              -79.9077817,
              43.4479046
            ],
            [
              -79.9077736,
              43.4479183
            ],
            [
              -79.907783,
              43.4479319
            ],
            [
              -79.9078045,
              43.4479446
            ],
            [
              -79.9078219,
              43.4479533
            ]
          ]
        ]
      }
    },
    {
      "type": "Feature",
      "properties": {
        "@id": "way/779977886",
        "golf": "tee",
        "landuse": "grass"
      },
      "geometry": {
        "type": "Polygon",
        "coordinates": [
          [
            [
              -79.908353,
              43.4482756
            ],
            [
              -79.9083691,
              43.4482853
            ],
            [
              -79.9083932,
              43.4482941
            ],
            [
              -79.9084147,
              43.4482931
            ],
            [
              -79.9084361,
              43.4482873
            ],
            [
              -79.9084563,
              43.4482785
            ],
            [
              -79.908471,
              43.448261
            ],
            [
              -79.908479,
              43.4482435
            ],
            [
              -79.908479,
              43.448224
            ],
            [
              -79.9084656,
              43.4482074
            ],
            [
              -79.9084495,
              43.4481909
            ],
            [
              -79.9084254,
              43.4481782
            ],
            [
              -79.9083986,
              43.4481695
            ],
            [
              -79.9083771,
              43.4481656
            ],
            [
              -79.9083436,
              43.4481675
            ],
            [
              -79.9083195,
              43.4481812
            ],
            [
              -79.908306,
              43.4482035
            ],
            [
              -79.9083101,
              43.4482269
            ],
            [
              -79.9083221,
              43.4482474
            ],
            [
              -79.9083356,
              43.4482639
            ],
            [
              -79.908353,
              43.4482756
            ]
          ]
        ]
      }
    },
    {
      "type": "Feature",
      "properties": {
        "@id": "way/779977887",
        "golf": "tee",
        "landuse": "grass"
      },
      "geometry": {
        "type": "Polygon",
        "coordinates": [
          [
            [
              -79.9084858,
              43.4483944
            ],
            [
              -79.9085005,
              43.4484051
            ],
            [
              -79.9085166,
              43.4484109
            ],
            [
              -79.9085367,
              43.4484148
            ],
            [
              -79.9085582,
              43.4484129
            ],
            [
              -79.908581,
              43.4484022
            ],
            [
              -79.908593,
              43.4483866
            ],
            [
              -79.9085917,
              43.44837
            ],
            [
              -79.9085837,
              43.4483515
            ],
            [
              -79.9085702,
              43.4483418
            ],
            [
              -79.9085501,
              43.4483291
            ],
            [
              -79.9085287,
              43.4483272
            ],
            [
              -79.9085032,
              43.448335
            ],
            [
              -79.9084844,
              43.4483476
            ],
            [
              -79.908475,
              43.448372
            ],
            [
              -79.9084858,
              43.4483944
            ]
          ]
        ]
      }
    },
    {
      "type": "Feature",
      "properties": {
        "@id": "way/779977888",
        "golf": "bunker",
        "natural": "sand"
      },
      "geometry": {
        "type": "Polygon",
        "coordinates": [
          [
            [
              -79.9116078,
              43.4488822
            ],
            [
              -79.9116146,
              43.448888
            ],
            [
              -79.911628,
              43.44889
            ],
            [
              -79.911642,
              43.4488885
            ],
            [
              -79.9116561,
              43.4488846
            ],
            [
              -79.9116682,
              43.4488783
            ],
            [
              -79.9116816,
              43.4488695
            ],
            [
              -79.9116897,
              43.4488632
            ],
            [
              -79.9117017,
              43.4488549
            ],
            [
              -79.9117151,
              43.4488476
            ],
            [
              -79.9117292,
              43.4488393
            ],
            [
              -79.9117373,
              43.4488281
            ],
            [
              -79.9117406,
              43.4488189
            ],
            [
              -79.9117413,
              43.4488062
            ],
            [
              -79.9117393,
              43.4487931
            ],
            [
              -79.9117326,
              43.4487833
            ],
            [
              -79.9117239,
              43.4487751
            ],
            [
              -79.9117118,
              43.4487702
            ],
            [
              -79.911697,
              43.4487721
            ],
            [
              -79.911685,
              43.4487809
            ],
            [
              -79.9116816,
              43.4487931
            ],
            [
              -79.9116816,
              43.4488038
            ],
            [
              -79.9116756,
              43.448814
            ],
            [
              -79.9116628,
              43.4488194
            ],
            [
              -79.9116521,
              43.4488203
            ],
            [
              -79.911638,
              43.4488203
            ],
            [
              -79.9116233,
              43.4488228
            ],
            [
              -79.9116112,
              43.4488306
            ],
            [
              -79.9116018,
              43.4488384
            ],
            [
              -79.9115964,
              43.4488496
            ],
            [
              -79.9115971,
              43.4488617
            ],
            [
              -79.9116011,
              43.4488749
            ],
            [
              -79.9116078,
              43.4488822
            ]
          ]
        ]
      }
    },
    {
      "type": "Feature",
      "properties": {
        "@id": "way/779977889",
        "golf": "bunker",
        "natural": "sand"
      },
      "geometry": {
        "type": "Polygon",
        "coordinates": [
          [
            [
              -79.9118955,
              43.4490861
            ],
            [
              -79.9119002,
              43.449091
            ],
            [
              -79.9119083,
              43.4490959
            ],
            [
              -79.9119183,
              43.4490983
            ],
            [
              -79.9119304,
              43.4490978
            ],
            [
              -79.9119418,
              43.4490934
            ],
            [
              -79.9119492,
              43.4490881
            ],
            [
              -79.9119505,
              43.4490813
            ],
            [
              -79.9119525,
              43.4490754
            ],
            [
              -79.9119599,
              43.4490686
            ],
            [
              -79.9119699,
              43.4490618
            ],
            [
              -79.9119773,
              43.4490584
            ],
            [
              -79.911984,
              43.449054
            ],
            [
              -79.9119887,
              43.4490467
            ],
            [
              -79.9119914,
              43.4490389
            ],
            [
              -79.9119921,
              43.4490316
            ],
            [
              -79.9119907,
              43.4490238
            ],
            [
              -79.9119867,
              43.4490185
            ],
            [
              -79.9119807,
              43.4490131
            ],
            [
              -79.9119713,
              43.4490078
            ],
            [
              -79.9119592,
              43.4490083
            ],
            [
              -79.9119485,
              43.4490107
            ],
            [
              -79.9119398,
              43.4490165
            ],
            [
              -79.9119364,
              43.4490272
            ],
            [
              -79.9119317,
              43.449037
            ],
            [
              -79.911927,
              43.4490472
            ],
            [
              -79.9119183,
              43.449055
            ],
            [
              -79.9119089,
              43.4490633
            ],
            [
              -79.9118995,
              43.4490706
            ],
            [
              -79.9118942,
              43.4490784
            ],
            [
              -79.9118955,
              43.4490861
            ]
          ]
        ]
      }
    },
    {
      "type": "Feature",
      "properties": {
        "@id": "way/779977890",
        "golf": "bunker",
        "natural": "sand"
      },
      "geometry": {
        "type": "Polygon",
        "coordinates": [
          [
            [
              -79.9120518,
              43.4487454
            ],
            [
              -79.9120578,
              43.4487517
            ],
            [
              -79.9120645,
              43.4487546
            ],
            [
              -79.9120725,
              43.4487556
            ],
            [
              -79.9120846,
              43.4487536
            ],
            [
              -79.9120933,
              43.4487483
            ],
            [
              -79.9120973,
              43.448739
            ],
            [
              -79.9120973,
              43.4487288
            ],
            [
              -79.9120906,
              43.4487152
            ],
            [
              -79.9120846,
              43.4487074
            ],
            [
              -79.9120759,
              43.4486996
            ],
            [
              -79.9120638,
              43.4486952
            ],
            [
              -79.9120471,
              43.4486957
            ],
            [
              -79.912037,
              43.4487016
            ],
            [
              -79.912035,
              43.4487108
            ],
            [
              -79.912035,
              43.448722
            ],
            [
              -79.912041,
              43.4487322
            ],
            [
              -79.9120471,
              43.4487395
            ],
            [
              -79.9120518,
              43.4487454
            ]
          ]
        ]
      }
    },
    {
      "type": "Feature",
      "properties": {
        "@id": "way/779977891",
        "golf": "green",
        "landuse": "grass"
      },
      "geometry": {
        "type": "Polygon",
        "coordinates": [
          [
            [
              -79.9116715,
              43.4489498
            ],
            [
              -79.9116702,
              43.4489683
            ],
            [
              -79.9116702,
              43.44898
            ],
            [
              -79.9116809,
              43.4489936
            ],
            [
              -79.9116984,
              43.4490044
            ],
            [
              -79.9117171,
              43.4490112
            ],
            [
              -79.9117399,
              43.4490151
            ],
            [
              -79.9117681,
              43.4490141
            ],
            [
              -79.9117936,
              43.4490063
            ],
            [
              -79.9118083,
              43.4489946
            ],
            [
              -79.9118231,
              43.4489781
            ],
            [
              -79.9118311,
              43.4489674
            ],
            [
              -79.9118405,
              43.4489547
            ],
            [
              -79.9118553,
              43.4489401
            ],
            [
              -79.9118647,
              43.4489284
            ],
            [
              -79.9118727,
              43.4489177
            ],
            [
              -79.9118928,
              43.4489031
            ],
            [
              -79.9119049,
              43.4488914
            ],
            [
              -79.9119223,
              43.4488817
            ],
            [
              -79.9119384,
              43.448868
            ],
            [
              -79.9119518,
              43.4488534
            ],
            [
              -79.9119585,
              43.4488311
            ],
            [
              -79.9119599,
              43.4488106
            ],
            [
              -79.9119559,
              43.448797
            ],
            [
              -79.9119438,
              43.4487785
            ],
            [
              -79.9119344,
              43.4487658
            ],
            [
              -79.9119183,
              43.4487551
            ],
            [
              -79.9118995,
              43.4487434
            ],
            [
              -79.9118767,
              43.4487347
            ],
            [
              -79.9118539,
              43.4487317
            ],
            [
              -79.9118271,
              43.4487347
            ],
            [
              -79.911807,
              43.4487454
            ],
            [
              -79.9117936,
              43.4487619
            ],
            [
              -79.9117869,
              43.4487814
            ],
            [
              -79.9117788,
              43.4488048
            ],
            [
              -79.9117762,
              43.4488203
            ],
            [
              -79.9117694,
              43.4488369
            ],
            [
              -79.911756,
              43.4488525
            ],
            [
              -79.9117386,
              43.448868
            ],
            [
              -79.9117212,
              43.4488807
            ],
            [
              -79.9117011,
              43.4488953
            ],
            [
              -79.9116876,
              43.4489138
            ],
            [
              -79.9116756,
              43.4489313
            ],
            [
              -79.9116715,
              43.4489498
            ]
          ]
        ]
      }
    },
    {
      "type": "Feature",
      "properties": {
        "@id": "way/779977892",
        "golf": "fairway",
        "landuse": "grass"
      },
      "geometry": {
        "type": "Polygon",
        "coordinates": [
          [
            [
              -79.9117011,
              43.4488953
            ],
            [
              -79.9116474,
              43.4489352
            ],
            [
              -79.9116233,
              43.4489566
            ],
            [
              -79.9115964,
              43.4489761
            ],
            [
              -79.9115804,
              43.4489975
            ],
            [
              -79.9115763,
              43.4490268
            ],
            [
              -79.9115817,
              43.4490472
            ],
            [
              -79.9115924,
              43.4490647
            ],
            [
              -79.9116032,
              43.4490822
            ],
            [
              -79.9116219,
              43.4491027
            ],
            [
              -79.9116434,
              43.4491192
            ],
            [
              -79.9116675,
              43.449128
            ],
            [
              -79.9116917,
              43.44913
            ],
            [
              -79.9117185,
              43.449128
            ],
            [
              -79.9117574,
              43.4491124
            ],
            [
              -79.9117882,
              43.449093
            ],
            [
              -79.9118097,
              43.4490745
            ],
            [
              -79.9118459,
              43.4490569
            ],
            [
              -79.9118714,
              43.4490355
            ],
            [
              -79.9118888,
              43.4490092
            ],
            [
              -79.9119156,
              43.4489761
            ],
            [
              -79.9119505,
              43.4489479
            ],
            [
              -79.9119773,
              43.4489274
            ],
            [
              -79.9120015,
              43.448906
            ],
            [
              -79.9120243,
              43.4488846
            ],
            [
              -79.9120524,
              43.4488573
            ],
            [
              -79.9120564,
              43.4488311
            ],
            [
              -79.9120323,
              43.4488057
            ],
            [
              -79.9120068,
              43.4487872
            ],
            [
              -79.9119706,
              43.4487717
            ],
            [
              -79.9119532,
              43.4487629
            ],
            [
              -79.9119183,
              43.4487551
            ],
            [
              -79.9117011,
              43.4488953
            ]
          ]
        ]
      }
    },
    {
      "type": "Feature",
      "properties": {
        "@id": "way/779977893",
        "golf": "bunker",
        "natural": "sand"
      },
      "geometry": {
        "type": "Polygon",
        "coordinates": [
          [
            [
              -79.9100367,
              43.4487201
            ],
            [
              -79.9100488,
              43.4487249
            ],
            [
              -79.9100676,
              43.4487298
            ],
            [
              -79.9100877,
              43.4487278
            ],
            [
              -79.9101051,
              43.4487249
            ],
            [
              -79.9101253,
              43.4487152
            ],
            [
              -79.9101333,
              43.4487006
            ],
            [
              -79.910136,
              43.448686
            ],
            [
              -79.9101333,
              43.4486694
            ],
            [
              -79.9101199,
              43.4486539
            ],
            [
              -79.9101025,
              43.4486431
            ],
            [
              -79.910077,
              43.4486412
            ],
            [
              -79.9100515,
              43.4486451
            ],
            [
              -79.91003,
              43.4486539
            ],
            [
              -79.9100206,
              43.4486665
            ],
            [
              -79.9100139,
              43.448685
            ],
            [
              -79.9100166,
              43.4486977
            ],
            [
              -79.9100247,
              43.4487142
            ],
            [
              -79.9100367,
              43.4487201
            ]
          ]
        ]
      }
    },
    {
      "type": "Feature",
      "properties": {
        "@id": "way/779977894",
        "golf": "bunker",
        "natural": "sand"
      },
      "geometry": {
        "type": "Polygon",
        "coordinates": [
          [
            [
              -79.9098691,
              43.4486412
            ],
            [
              -79.9098812,
              43.448649
            ],
            [
              -79.9098959,
              43.4486548
            ],
            [
              -79.909908,
              43.4486539
            ],
            [
              -79.9099241,
              43.4486519
            ],
            [
              -79.9099388,
              43.448648
            ],
            [
              -79.9099523,
              43.4486392
            ],
            [
              -79.9099616,
              43.4486324
            ],
            [
              -79.9099643,
              43.4486188
            ],
            [
              -79.909963,
              43.4486081
            ],
            [
              -79.9099563,
              43.4485945
            ],
            [
              -79.9099442,
              43.4485828
            ],
            [
              -79.9099308,
              43.448573
            ],
            [
              -79.909912,
              43.4485701
            ],
            [
              -79.9098798,
              43.4485691
            ],
            [
              -79.9098544,
              43.4485779
            ],
            [
              -79.9098436,
              43.4485906
            ],
            [
              -79.9098423,
              43.4486081
            ],
            [
              -79.909849,
              43.4486207
            ],
            [
              -79.9098611,
              43.4486315
            ],
            [
              -79.9098691,
              43.4486412
            ]
          ]
        ]
      }
    },
    {
      "type": "Feature",
      "properties": {
        "@id": "way/779977895",
        "golf": "bunker",
        "natural": "sand"
      },
      "geometry": {
        "type": "Polygon",
        "coordinates": [
          [
            [
              -79.9097377,
              43.4485643
            ],
            [
              -79.9097511,
              43.4485721
            ],
            [
              -79.9097685,
              43.448575
            ],
            [
              -79.909786,
              43.448575
            ],
            [
              -79.909802,
              43.4485711
            ],
            [
              -79.9098168,
              43.4485633
            ],
            [
              -79.9098289,
              43.4485545
            ],
            [
              -79.9098342,
              43.4485419
            ],
            [
              -79.9098342,
              43.4485302
            ],
            [
              -79.9098275,
              43.4485175
            ],
            [
              -79.9098155,
              43.4485068
            ],
            [
              -79.9097967,
              43.448501
            ],
            [
              -79.9097766,
              43.448499
            ],
            [
              -79.9097551,
              43.4485049
            ],
            [
              -79.9097404,
              43.4485156
            ],
            [
              -79.909731,
              43.4485302
            ],
            [
              -79.9097296,
              43.4485477
            ],
            [
              -79.9097377,
              43.4485643
            ]
          ]
        ]
      }
    },
    {
      "type": "Feature",
      "properties": {
        "@id": "way/779977896",
        "golf": "bunker",
        "natural": "sand"
      },
      "geometry": {
        "type": "Polygon",
        "coordinates": [
          [
            [
              -79.9091563,
              43.4488272
            ],
            [
              -79.909165,
              43.4488306
            ],
            [
              -79.9091764,
              43.4488345
            ],
            [
              -79.9091932,
              43.4488388
            ],
            [
              -79.9092066,
              43.4488422
            ],
            [
              -79.90922,
              43.4488432
            ],
            [
              -79.9092388,
              43.4488427
            ],
            [
              -79.9092535,
              43.4488398
            ],
            [
              -79.9092663,
              43.4488369
            ],
            [
              -79.9092844,
              43.448832
            ],
            [
              -79.9092965,
              43.4488267
            ],
            [
              -79.9093052,
              43.4488203
            ],
            [
              -79.9093119,
              43.448813
            ],
            [
              -79.9093166,
              43.4488023
            ],
            [
              -79.9093179,
              43.4487936
            ],
            [
              -79.9093186,
              43.4487853
            ],
            [
              -79.9093146,
              43.4487765
            ],
            [
              -79.9093065,
              43.4487692
            ],
            [
              -79.9092951,
              43.4487644
            ],
            [
              -79.9092891,
              43.4487619
            ],
            [
              -79.909279,
              43.4487575
            ],
            [
              -79.9092737,
              43.4487488
            ],
            [
              -79.9092683,
              43.4487386
            ],
            [
              -79.9092623,
              43.4487327
            ],
            [
              -79.9092515,
              43.4487293
            ],
            [
              -79.9092401,
              43.4487278
            ],
            [
              -79.9092247,
              43.4487283
            ],
            [
              -79.9092133,
              43.4487308
            ],
            [
              -79.9092006,
              43.4487386
            ],
            [
              -79.9091831,
              43.4487463
            ],
            [
              -79.909169,
              43.4487498
            ],
            [
              -79.9091576,
              43.4487536
            ],
            [
              -79.9091469,
              43.4487585
            ],
            [
              -79.9091342,
              43.4487668
            ],
            [
              -79.9091235,
              43.4487741
            ],
            [
              -79.9091201,
              43.4487814
            ],
            [
              -79.9091174,
              43.4487916
            ],
            [
              -79.9091214,
              43.4487994
            ],
            [
              -79.9091302,
              43.4488072
            ],
            [
              -79.9091375,
              43.4488145
            ],
            [
              -79.9091462,
              43.4488203
            ],
            [
              -79.9091563,
              43.4488272
            ]
          ]
        ]
      }
    },
    {
      "type": "Feature",
      "properties": {
        "@id": "way/779977897",
        "golf": "fairway",
        "landuse": "grass"
      },
      "geometry": {
        "type": "Polygon",
        "coordinates": [
          [
            [
              -79.9089028,
              43.4485604
            ],
            [
              -79.908923,
              43.4485682
            ],
            [
              -79.9089511,
              43.4485779
            ],
            [
              -79.9089739,
              43.4485876
            ],
            [
              -79.9090048,
              43.4486032
            ],
            [
              -79.9090262,
              43.4486178
            ],
            [
              -79.909045,
              43.4486344
            ],
            [
              -79.9090745,
              43.448648
            ],
            [
              -79.909108,
              43.4486616
            ],
            [
              -79.9091442,
              43.4486704
            ],
            [
              -79.9091845,
              43.4486782
            ],
            [
              -79.9092354,
              43.448687
            ],
            [
              -79.9092623,
              43.4486928
            ],
            [
              -79.9093052,
              43.4486996
            ],
            [
              -79.9093347,
              43.4487113
            ],
            [
              -79.9093588,
              43.4487298
            ],
            [
              -79.9093856,
              43.4487512
            ],
            [
              -79.9094058,
              43.4487785
            ],
            [
              -79.9094299,
              43.4488057
            ],
            [
              -79.9094567,
              43.4488262
            ],
            [
              -79.9094983,
              43.4488437
            ],
            [
              -79.9095506,
              43.4488583
            ],
            [
              -79.9095895,
              43.448869
            ],
            [
              -79.9096324,
              43.4488817
            ],
            [
              -79.9096632,
              43.4488943
            ],
            [
              -79.9097008,
              43.448906
            ],
            [
              -79.9097598,
              43.4489216
            ],
            [
              -79.9098376,
              43.448942
            ],
            [
              -79.9098966,
              43.4489596
            ],
            [
              -79.9099449,
              43.4489703
            ],
            [
              -79.9100025,
              43.4489829
            ],
            [
              -79.9100763,
              43.4489985
            ],
            [
              -79.9101232,
              43.4490083
            ],
            [
              -79.9101957,
              43.449019
            ],
            [
              -79.91026,
              43.4490287
            ],
            [
              -79.9103204,
              43.4490355
            ],
            [
              -79.9103821,
              43.4490423
            ],
            [
              -79.910433,
              43.4490472
            ],
            [
              -79.910484,
              43.449054
            ],
            [
              -79.9105283,
              43.4490589
            ],
            [
              -79.9105926,
              43.4490637
            ],
            [
              -79.9106369,
              43.4490686
            ],
            [
              -79.9106878,
              43.4490735
            ],
            [
              -79.9107281,
              43.4490745
            ],
            [
              -79.9107643,
              43.4490803
            ],
            [
              -79.9108018,
              43.4490813
            ],
            [
              -79.91083,
              43.4490764
            ],
            [
              -79.9108689,
              43.4490686
            ],
            [
              -79.9109091,
              43.4490511
            ],
            [
              -79.9109346,
              43.4490277
            ],
            [
              -79.9109534,
              43.4490044
            ],
            [
              -79.9109628,
              43.44898
            ],
            [
              -79.9109655,
              43.4489605
            ],
            [
              -79.9109681,
              43.4489372
            ],
            [
              -79.9109588,
              43.4489089
            ],
            [
              -79.910948,
              43.4488807
            ],
            [
              -79.9109225,
              43.4488525
            ],
            [
              -79.9109011,
              43.448832
            ],
            [
              -79.9108689,
              43.4488106
            ],
            [
              -79.9108327,
              43.448796
            ],
            [
              -79.9107898,
              43.4487892
            ],
            [
              -79.9107495,
              43.4487892
            ],
            [
              -79.9106919,
              43.448796
            ],
            [
              -79.9106275,
              43.4488048
            ],
            [
              -79.9105806,
              43.4488038
            ],
            [
              -79.9105484,
              43.4487999
            ],
            [
              -79.9105162,
              43.4487872
            ],
            [
              -79.9104639,
              43.4487756
            ],
            [
              -79.9104035,
              43.4487697
            ],
            [
              -79.91037,
              43.4487668
            ],
            [
              -79.9103164,
              43.4487668
            ],
            [
              -79.9102627,
              43.4487756
            ],
            [
              -79.9102077,
              43.4487872
            ],
            [
              -79.9101554,
              43.4487892
            ],
            [
              -79.9101004,
              43.4487902
            ],
            [
              -79.9100508,
              43.4487892
            ],
            [
              -79.9100012,
              43.4487824
            ],
            [
              -79.9099556,
              43.4487697
            ],
            [
              -79.9099207,
              43.448758
            ],
            [
              -79.9098859,
              43.4487434
            ],
            [
              -79.9098684,
              43.448724
            ],
            [
              -79.9098456,
              43.4487025
            ],
            [
              -79.9098282,
              43.4486782
            ],
            [
              -79.9098081,
              43.4486539
            ],
            [
              -79.909788,
              43.4486285
            ],
            [
              -79.9097719,
              43.4486178
            ],
            [
              -79.9097397,
              43.4485974
            ],
            [
              -79.9096995,
              43.4485799
            ],
            [
              -79.9096632,
              43.4485594
            ],
            [
              -79.9096257,
              43.4485399
            ],
            [
              -79.9095908,
              43.4485244
            ],
            [
              -79.9095533,
              43.4485078
            ],
            [
              -79.9095077,
              43.4484932
            ],
            [
              -79.9094728,
              43.4484854
            ],
            [
              -79.9094299,
              43.4484767
            ],
            [
              -79.909387,
              43.4484601
            ],
            [
              -79.9093602,
              43.4484455
            ],
            [
              -79.909328,
              43.4484221
            ],
            [
              -79.9092931,
              43.4483988
            ],
            [
              -79.9092663,
              43.4483696
            ],
            [
              -79.9092421,
              43.4483442
            ],
            [
              -79.9092113,
              43.4483218
            ],
            [
              -79.9091778,
              43.4482917
            ],
            [
              -79.9091416,
              43.4482654
            ],
            [
              -79.9091,
              43.4482537
            ],
            [
              -79.9090678,
              43.4482508
            ],
            [
              -79.9090101,
              43.4482595
            ],
            [
              -79.9089779,
              43.4482732
            ],
            [
              -79.9089471,
              43.4482868
            ],
            [
              -79.9089189,
              43.4483043
            ],
            [
              -79.9088988,
              43.4483238
            ],
            [
              -79.9088774,
              43.4483549
            ],
            [
              -79.9088639,
              43.4483822
            ],
            [
              -79.9088546,
              43.4484153
            ],
            [
              -79.9088505,
              43.4484455
            ],
            [
              -79.9088492,
              43.4484737
            ],
            [
              -79.9088546,
              43.448502
            ],
            [
              -79.9088707,
              43.4485253
            ],
            [
              -79.9088841,
              43.4485468
            ],
            [
              -79.9089028,
              43.4485604
            ]
          ]
        ]
      }
    },
    {
      "type": "Feature",
      "properties": {
        "@id": "way/779977898",
        "golf": "hole",
        "handicap": "4",
        "par": "4",
        "ref": "18"
      },
      "geometry": {
        "type": "LineString",
        "coordinates": [
          [
            -79.9078635,
            43.4479314
          ],
          [
            -79.9101326,
            43.4488934
          ],
          [
            -79.911801,
            43.4488973
          ]
        ]
      }
    },
    {
      "type": "Feature",
      "properties": {
        "@id": "way/779977899",
        "golf": "cartpath",
        "golf_cart": "designated",
        "highway": "service"
      },
      "geometry": {
        "type": "LineString",
        "coordinates": [
          [
            -79.9074187,
            43.448044
          ],
          [
            -79.9074665,
            43.4480103
          ],
          [
            -79.9075443,
            43.4479704
          ],
          [
            -79.9076046,
            43.447945
          ],
          [
            -79.9076409,
            43.447945
          ],
          [
            -79.9076838,
            43.4479645
          ],
          [
            -79.9077093,
            43.4480015
          ],
          [
            -79.9077468,
            43.4480492
          ],
          [
            -79.9077817,
            43.4480599
          ],
          [
            -79.9078165,
            43.4480609
          ],
          [
            -79.9078823,
            43.448057
          ],
          [
            -79.9079547,
            43.4480619
          ],
          [
            -79.9080754,
            43.448094
          ],
          [
            -79.9081585,
            43.4481359
          ],
          [
            -79.9082216,
            43.4481923
          ],
          [
            -79.9082645,
            43.4482488
          ],
          [
            -79.9083221,
            43.4483189
          ],
          [
            -79.9083463,
            43.4483355
          ],
          [
            -79.9083919,
            43.4483462
          ],
          [
            -79.9084308,
            43.4483423
          ],
          [
            -79.908475,
            43.4483199
          ],
          [
            -79.908522,
            43.4482848
          ],
          [
            -79.9085609,
            43.4482576
          ],
          [
            -79.9086789,
            43.4481534
          ],
          [
            -79.9087969,
            43.4480697
          ],
          [
            -79.9088988,
            43.4480298
          ],
          [
            -79.9089699,
            43.4480132
          ],
          [
            -79.9090289,
            43.448021
          ],
          [
            -79.9090691,
            43.4480502
          ],
          [
            -79.9091201,
            43.448095
          ],
          [
            -79.9091858,
            43.4481622
          ],
          [
            -79.9092676,
            43.4482225
          ],
          [
            -79.9093709,
            43.4483043
          ],
          [
            -79.9094768,
            43.4483618
          ],
          [
            -79.9095828,
            43.4483968
          ],
          [
            -79.9096995,
            43.4484114
          ],
          [
            -79.9098067,
            43.4484241
          ],
          [
            -79.9098456,
            43.4484328
          ],
          [
            -79.9099409,
            43.4484796
          ],
          [
            -79.9100548,
            43.4485468
          ],
          [
            -79.9101514,
            43.4485906
          ],
          [
            -79.910303,
            43.448611
          ],
          [
            -79.9104545,
            43.4486139
          ],
          [
            -79.9105806,
            43.4486285
          ],
          [
            -79.9106637,
            43.4486324
          ],
          [
            -79.9107415,
            43.448611
          ],
          [
            -79.9108246,
            43.4485253
          ]
        ]
      }
    },
    {
      "type": "Feature",
      "properties": {
        "@id": "way/779977900",
        "golf": "cartpath",
        "golf_cart": "designated",
        "highway": "service"
      },
      "geometry": {
        "type": "LineString",
        "coordinates": [
          [
            -79.9109079,
            43.448464
          ],
          [
            -79.9110848,
            43.4483335
          ],
          [
            -79.911109,
            43.448317
          ],
          [
            -79.9111613,
            43.4483121
          ],
          [
            -79.9112069,
            43.4483248
          ],
          [
            -79.9113477,
            43.4483812
          ],
          [
            -79.9114134,
            43.4484104
          ],
          [
            -79.9114643,
            43.448464
          ],
          [
            -79.9114952,
            43.4485205
          ],
          [
            -79.9115287,
            43.4485653
          ],
          [
            -79.9115703,
            43.4485964
          ],
          [
            -79.9116226,
            43.448611
          ],
          [
            -79.9116776,
            43.4486003
          ],
          [
            -79.9117379,
            43.4485701
          ],
          [
            -79.9117674,
            43.4485516
          ],
          [
            -79.9118814,
            43.4485244
          ],
          [
            -79.9120144,
            43.4484457
          ]
        ]
      }
    },
    {
      "type": "Feature",
      "properties": {
        "@id": "way/779977901",
        "bridge": "yes",
        "golf": "cartpath",
        "golf_cart": "designated",
        "highway": "service",
        "layer": "1"
      },
      "geometry": {
        "type": "LineString",
        "coordinates": [
          [
            -79.9108246,
            43.4485253
          ],
          [
            -79.9109079,
            43.448464
          ]
        ]
      }
    },
    {
      "type": "Feature",
      "properties": {
        "@id": "way/779979852",
        "golf": "cartpath",
        "golf_cart": "designated",
        "highway": "service"
      },
      "geometry": {
        "type": "LineString",
        "coordinates": [
          [
            -79.9052502,
            43.4495017
          ],
          [
            -79.9054368,
            43.4492755
          ],
          [
            -79.9056942,
            43.4490282
          ],
          [
            -79.9059839,
            43.4487945
          ],
          [
            -79.9062977,
            43.4485239
          ],
          [
            -79.9063335,
            43.4485435
          ]
        ]
      }
    },
    {
      "type": "Feature",
      "properties": {
        "@id": "way/1536038116",
        "source": "CanVec 6.0 - NRCan",
        "waterway": "stream"
      },
      "geometry": {
        "type": "LineString",
        "coordinates": [
          [
            -79.9204754,
            43.4433947
          ],
          [
            -79.9192402,
            43.4432133
          ],
          [
            -79.9184176,
            43.4430751
          ]
        ]
      }
    },
    {
      "type": "Feature",
      "properties": {
        "@id": "way/1536038117",
        "layer": "-1",
        "source": "CanVec 6.0 - NRCan",
        "tunnel": "culvert",
        "waterway": "stream"
      },
      "geometry": {
        "type": "LineString",
        "coordinates": [
          [
            -79.920616,
            43.4434069
          ],
          [
            -79.9204754,
            43.4433947
          ]
        ]
      }
    }
  ]
}
