{
  "type": "FeatureCollection",
  "generator": "overpass-turbo",
  "copyright": "The data included in this document is from www.openstreetmap.org. The data is made available under ODbL.",
  "timestamp": "2026-08-06T16:28:51Z",
  "features": [
    {
      "type": "Feature",
      "properties": {
        "@id": "way/179197053",
        "leisure": "golf_course",
        "name": "Legends of the Niagara",
        "source": "Bing"
      },
      "geometry": {
        "type": "Polygon",
        "coordinates": [
          [
            [
              -79.0277797,
              43.0383159
            ],
            [
              -79.0283095,
              43.0380693
            ],
            [
              -79.0283095,
              43.0378809
            ],
            [
              -79.032765,
              43.0378271
            ],
            [
              -79.0327466,
              43.0360104
            ],
            [
              -79.0372021,
              43.0359028
            ],
            [
              -79.0390349,
              43.0359838
            ],
            [
              -79.0437126,
              43.0360387
            ],
            [
              -79.0458155,
              43.044331
            ],
            [
              -79.0458155,
              43.0452798
            ],
            [
              -79.0414083,
              43.0453748
            ],
            [
              -79.0404779,
              43.0454209
            ],
            [
              -79.0396839,
              43.0452092
            ],
            [
              -79.0392011,
              43.0448172
            ],
            [
              -79.0389919,
              43.044629
            ],
            [
              -79.0388986,
              43.0447822
            ],
            [
              -79.039146,
              43.04565
            ],
            [
              -79.0399377,
              43.0463671
            ],
            [
              -79.0402015,
              43.0465901
            ],
            [
              -79.0411746,
              43.0473012
            ],
            [
              -79.0409684,
              43.0475362
            ],
            [
              -79.0407757,
              43.0475696
            ],
            [
              -79.0407266,
              43.0475781
            ],
            [
              -79.0406551,
              43.0475905
            ],
            [
              -79.0403005,
              43.0475181
            ],
            [
              -79.0402263,
              43.0478315
            ],
            [
              -79.0408352,
              43.0480659
            ],
            [
              -79.0420073,
              43.0485172
            ],
            [
              -79.0418684,
              43.0487127
            ],
            [
              -79.0407621,
              43.0502694
            ],
            [
              -79.0414307,
              43.0505862
            ],
            [
              -79.0417652,
              43.0507447
            ],
            [
              -79.0411797,
              43.0515304
            ],
            [
              -79.0347897,
              43.0601046
            ],
            [
              -79.0320102,
              43.0598251
            ],
            [
              -79.0326173,
              43.0573273
            ],
            [
              -79.0332621,
              43.0565831
            ],
            [
              -79.0332989,
              43.0546997
            ],
            [
              -79.0333543,
              43.0541558
            ],
            [
              -79.0331504,
              43.0540225
            ],
            [
              -79.0332773,
              43.0523263
            ],
            [
              -79.0336856,
              43.0509058
            ],
            [
              -79.0321759,
              43.0513632
            ],
            [
              -79.0311929,
              43.0496577
            ],
            [
              -79.0307715,
              43.0489267
            ],
            [
              -79.0307499,
              43.0487044
            ],
            [
              -79.0306845,
              43.0476902
            ],
            [
              -79.0304732,
              43.0470008
            ],
            [
              -79.0308502,
              43.0454432
            ],
            [
              -79.0289355,
              43.0454971
            ],
            [
              -79.0270575,
              43.0460218
            ],
            [
              -79.0244996,
              43.0462152
            ],
            [
              -79.0245724,
              43.0465363
            ],
            [
              -79.0240937,
              43.0466676
            ],
            [
              -79.0233359,
              43.0468754
            ],
            [
              -79.0227538,
              43.0463618
            ],
            [
              -79.0217183,
              43.0464255
            ],
            [
              -79.0208855,
              43.042306
            ],
            [
              -79.0206453,
              43.0412552
            ],
            [
              -79.0232648,
              43.0394957
            ],
            [
              -79.0261554,
              43.0382712
            ],
            [
              -79.0269471,
              43.038177
            ],
            [
              -79.0274994,
              43.0381905
            ],
            [
              -79.0277797,
              43.0383159
            ]
          ]
        ]
      }
    },
    {
      "type": "Feature",
      "properties": {
        "@id": "way/932193784",
        "golf": "cartpath",
        "golf_cart": "yes",
        "highway": "path"
      },
      "geometry": {
        "type": "LineString",
        "coordinates": [
          [
            -79.0340027,
            43.0505521
          ],
          [
            -79.0339279,
            43.0505832
          ],
          [
            -79.0338786,
            43.0505923
          ],
          [
            -79.0338447,
            43.0505879
          ],
          [
            -79.0337939,
            43.0505779
          ],
          [
            -79.0336274,
            43.0505706
          ],
          [
            -79.033438,
            43.0506328
          ],
          [
            -79.0332823,
            43.0507353
          ],
          [
            -79.0331648,
            43.0508341
          ],
          [
            -79.0329911,
            43.0508741
          ],
          [
            -79.0328331,
            43.0508543
          ],
          [
            -79.0326135,
            43.0508171
          ],
          [
            -79.0324092,
            43.0507369
          ],
          [
            -79.0322738,
            43.050599
          ],
          [
            -79.0321922,
            43.0503431
          ],
          [
            -79.0321543,
            43.0501696
          ],
          [
            -79.0320553,
            43.0499748
          ],
          [
            -79.0317614,
            43.0494654
          ],
          [
            -79.0316871,
            43.0493226
          ],
          [
            -79.0315913,
            43.0492008
          ],
          [
            -79.0314954,
            43.0489943
          ],
          [
            -79.0314907,
            43.0488574
          ],
          [
            -79.0315123,
            43.0487509
          ],
          [
            -79.0315123,
            43.0486149
          ],
          [
            -79.0315006,
            43.048486
          ],
          [
            -79.0314613,
            43.0483533
          ],
          [
            -79.0314132,
            43.0481991
          ],
          [
            -79.0313645,
            43.0480832
          ],
          [
            -79.0313985,
            43.048002
          ],
          [
            -79.0315003,
            43.0479472
          ],
          [
            -79.0315962,
            43.0478625
          ],
          [
            -79.0315962,
            43.0477814
          ],
          [
            -79.0315526,
            43.047682
          ],
          [
            -79.0314528,
            43.0476106
          ],
          [
            -79.0312835,
            43.047544
          ],
          [
            -79.0312049,
            43.04746
          ],
          [
            -79.0310202,
            43.0473525
          ],
          [
            -79.0309036,
            43.0472858
          ],
          [
            -79.0308883,
            43.0472559
          ],
          [
            -79.0308983,
            43.0472285
          ],
          [
            -79.0309196,
            43.0472166
          ],
          [
            -79.0309445,
            43.0472122
          ],
          [
            -79.0310592,
            43.0472276
          ],
          [
            -79.031225,
            43.0472438
          ],
          [
            -79.0314344,
            43.047272
          ],
          [
            -79.031596,
            43.0472489
          ],
          [
            -79.0317685,
            43.047178
          ],
          [
            -79.0319417,
            43.0470732
          ],
          [
            -79.0320733,
            43.0469464
          ],
          [
            -79.0321551,
            43.046802
          ],
          [
            -79.0322501,
            43.0466958
          ],
          [
            -79.0325355,
            43.0465773
          ],
          [
            -79.032784,
            43.0464466
          ],
          [
            -79.0330287,
            43.0463187
          ],
          [
            -79.0331354,
            43.0462717
          ],
          [
            -79.0332237,
            43.0463046
          ],
          [
            -79.0333168,
            43.0463785
          ],
          [
            -79.0333349,
            43.046547
          ],
          [
            -79.0333332,
            43.0468007
          ],
          [
            -79.0333116,
            43.047306
          ],
          [
            -79.0333163,
            43.0474396
          ],
          [
            -79.0333286,
            43.0475363
          ],
          [
            -79.0333769,
            43.0476851
          ],
          [
            -79.0334386,
            43.0478385
          ],
          [
            -79.0334917,
            43.0479559
          ],
          [
            -79.0335765,
            43.0480748
          ],
          [
            -79.0336742,
            43.0482023
          ],
          [
            -79.0337329,
            43.0483055
          ],
          [
            -79.0337853,
            43.0484197
          ],
          [
            -79.0338098,
            43.0485412
          ],
          [
            -79.0338683,
            43.0487565
          ],
          [
            -79.0339298,
            43.0489454
          ],
          [
            -79.0339693,
            43.0491017
          ],
          [
            -79.0339754,
            43.0492397
          ],
          [
            -79.0339299,
            43.0493842
          ],
          [
            -79.0338508,
            43.0495176
          ],
          [
            -79.0337609,
            43.0496227
          ],
          [
            -79.0336004,
            43.0497563
          ],
          [
            -79.0334313,
            43.0498847
          ],
          [
            -79.0333793,
            43.0499449
          ],
          [
            -79.0333793,
            43.0500564
          ],
          [
            -79.0334358,
            43.0501449
          ],
          [
            -79.0335717,
            43.0502399
          ],
          [
            -79.0337212,
            43.0503749
          ],
          [
            -79.0338264,
            43.0504579
          ],
          [
            -79.0339088,
            43.0505103
          ],
          [
            -79.0340027,
            43.0505521
          ],
          [
            -79.0340592,
            43.0505341
          ],
          [
            -79.034126,
            43.0505149
          ],
          [
            -79.0341928,
            43.050481
          ],
          [
            -79.0343601,
            43.0504057
          ],
          [
            -79.034445,
            43.0503684
          ],
          [
            -79.0345703,
            43.0503143
          ],
          [
            -79.0347052,
            43.0502718
          ],
          [
            -79.0348062,
            43.0502051
          ],
          [
            -79.0349558,
            43.0501292
          ],
          [
            -79.0349896,
            43.0501172
          ],
          [
            -79.0350234,
            43.0501087
          ],
          [
            -79.0350285,
            43.0500755
          ],
          [
            -79.0350376,
            43.0500372
          ],
          [
            -79.0350356,
            43.0500139
          ],
          [
            -79.0350278,
            43.0499905
          ],
          [
            -79.0350079,
            43.0499653
          ],
          [
            -79.0349786,
            43.0499436
          ],
          [
            -79.0348271,
            43.049897
          ],
          [
            -79.0347092,
            43.0498586
          ],
          [
            -79.0345433,
            43.0497177
          ],
          [
            -79.03444,
            43.0495674
          ],
          [
            -79.0343294,
            43.0493571
          ],
          [
            -79.0342673,
            43.0492008
          ],
          [
            -79.0342625,
            43.0490444
          ],
          [
            -79.0342873,
            43.0489472
          ],
          [
            -79.0342736,
            43.0488549
          ],
          [
            -79.0342311,
            43.0487799
          ],
          [
            -79.0341656,
            43.0486947
          ],
          [
            -79.0341299,
            43.0485885
          ],
          [
            -79.0340806,
            43.0484435
          ],
          [
            -79.0340531,
            43.0482747
          ],
          [
            -79.0340416,
            43.0481338
          ],
          [
            -79.0340429,
            43.0480729
          ],
          [
            -79.0340374,
            43.0479839
          ],
          [
            -79.0339982,
            43.0478756
          ],
          [
            -79.0339271,
            43.0477438
          ],
          [
            -79.033885,
            43.0476062
          ],
          [
            -79.0338594,
            43.0474693
          ],
          [
            -79.0338158,
            43.0473376
          ],
          [
            -79.0337544,
            43.0471427
          ],
          [
            -79.0336974,
            43.0469818
          ],
          [
            -79.0336926,
            43.0468689
          ],
          [
            -79.033687,
            43.0467605
          ],
          [
            -79.0336771,
            43.0466497
          ],
          [
            -79.0337214,
            43.0464726
          ],
          [
            -79.0337794,
            43.0463173
          ],
          [
            -79.0338231,
            43.0461759
          ],
          [
            -79.0338242,
            43.0460764
          ],
          [
            -79.0338536,
            43.046
          ],
          [
            -79.0339238,
            43.045933
          ],
          [
            -79.0340518,
            43.0458779
          ],
          [
            -79.0341704,
            43.0458227
          ],
          [
            -79.0342869,
            43.0457664
          ],
          [
            -79.034362,
            43.0457167
          ],
          [
            -79.034395,
            43.0456411
          ],
          [
            -79.034395,
            43.0455604
          ],
          [
            -79.0343965,
            43.0454733
          ],
          [
            -79.0344212,
            43.0453709
          ],
          [
            -79.0344628,
            43.0452903
          ],
          [
            -79.0345487,
            43.0452113
          ],
          [
            -79.0346664,
            43.0451451
          ],
          [
            -79.034803,
            43.0451042
          ],
          [
            -79.0348507,
            43.0450935
          ],
          [
            -79.0349038,
            43.0450946
          ],
          [
            -79.0349981,
            43.0451157
          ],
          [
            -79.0350453,
            43.0451253
          ],
          [
            -79.0350924,
            43.0451281
          ],
          [
            -79.0351488,
            43.0451209
          ],
          [
            -79.0351991,
            43.0451034
          ],
          [
            -79.0352349,
            43.0450541
          ],
          [
            -79.0352676,
            43.0450016
          ],
          [
            -79.0352791,
            43.0449509
          ],
          [
            -79.0352759,
            43.0448915
          ],
          [
            -79.0352718,
            43.0448531
          ],
          [
            -79.0352624,
            43.0447636
          ],
          [
            -79.035318,
            43.0446154
          ],
          [
            -79.0354009,
            43.0445174
          ],
          [
            -79.0354796,
            43.0444484
          ],
          [
            -79.0356373,
            43.0443974
          ],
          [
            -79.0358065,
            43.0443984
          ],
          [
            -79.0360081,
            43.0443756
          ],
          [
            -79.0361033,
            43.0442688
          ],
          [
            -79.0361993,
            43.0441345
          ],
          [
            -79.0361961,
            43.0440113
          ],
          [
            -79.0361954,
            43.043984
          ]
        ]
      }
    },
    {
      "type": "Feature",
      "properties": {
        "@id": "way/932193787",
        "golf": "cartpath",
        "golf_cart": "yes",
        "highway": "path"
      },
      "geometry": {
        "type": "LineString",
        "coordinates": [
          [
            -79.0373877,
            43.049679
          ],
          [
            -79.0374156,
            43.0496803
          ],
          [
            -79.0374469,
            43.0496828
          ],
          [
            -79.0388817,
            43.0499648
          ],
          [
            -79.0390082,
            43.0499765
          ],
          [
            -79.0390894,
            43.0499518
          ],
          [
            -79.0392007,
            43.0499023
          ],
          [
            -79.03931,
            43.0497673
          ],
          [
            -79.0400155,
            43.0487968
          ],
          [
            -79.0403202,
            43.0484153
          ],
          [
            -79.0405351,
            43.0481096
          ],
          [
            -79.0405583,
            43.0480554
          ],
          [
            -79.0405277,
            43.047999
          ],
          [
            -79.0402625,
            43.0479143
          ],
          [
            -79.0401558,
            43.0478599
          ],
          [
            -79.0401474,
            43.0477356
          ],
          [
            -79.0401636,
            43.0476113
          ],
          [
            -79.0401195,
            43.0475266
          ],
          [
            -79.0400704,
            43.0475128
          ],
          [
            -79.0400145,
            43.047497
          ],
          [
            -79.0397948,
            43.0475201
          ],
          [
            -79.039582,
            43.0474987
          ],
          [
            -79.0392991,
            43.0475009
          ],
          [
            -79.0392514,
            43.0475219
          ],
          [
            -79.0392181,
            43.0475366
          ],
          [
            -79.0390274,
            43.0475595
          ],
          [
            -79.0389929,
            43.0475555
          ],
          [
            -79.0387845,
            43.0475314
          ],
          [
            -79.0386587,
            43.0475314
          ],
          [
            -79.0385583,
            43.0476277
          ],
          [
            -79.0385053,
            43.0477048
          ],
          [
            -79.0383949,
            43.04776
          ],
          [
            -79.0382317,
            43.047803
          ],
          [
            -79.0381434,
            43.047914
          ],
          [
            -79.0380763,
            43.0480398
          ],
          [
            -79.0379772,
            43.0481335
          ],
          [
            -79.0379135,
            43.0482238
          ],
          [
            -79.0379135,
            43.0483343
          ],
          [
            -79.0379441,
            43.0484613
          ],
          [
            -79.0379481,
            43.0485371
          ],
          [
            -79.0378717,
            43.0486148
          ],
          [
            -79.0376088,
            43.0486428
          ],
          [
            -79.0373456,
            43.0486807
          ],
          [
            -79.037228,
            43.0487306
          ],
          [
            -79.0371641,
            43.0487306
          ],
          [
            -79.0371615,
            43.0486627
          ],
          [
            -79.0372681,
            43.0485378
          ],
          [
            -79.0374231,
            43.0484523
          ],
          [
            -79.0375141,
            43.0483633
          ],
          [
            -79.0375538,
            43.0482669
          ],
          [
            -79.03768,
            43.0482015
          ],
          [
            -79.037829,
            43.0480943
          ],
          [
            -79.03787,
            43.0479387
          ],
          [
            -79.0379533,
            43.04785
          ],
          [
            -79.0381211,
            43.0477438
          ],
          [
            -79.0382884,
            43.0474931
          ],
          [
            -79.0384209,
            43.0472159
          ],
          [
            -79.0384446,
            43.0471664
          ],
          [
            -79.0384757,
            43.0469555
          ],
          [
            -79.0384935,
            43.0467857
          ],
          [
            -79.0384686,
            43.0466813
          ],
          [
            -79.038356,
            43.0465399
          ],
          [
            -79.0382036,
            43.0463625
          ],
          [
            -79.0381401,
            43.0461375
          ],
          [
            -79.0381089,
            43.0459011
          ],
          [
            -79.0380563,
            43.0457589
          ],
          [
            -79.0380144,
            43.0456681
          ],
          [
            -79.0380262,
            43.0455121
          ],
          [
            -79.0380321,
            43.045359
          ],
          [
            -79.03801,
            43.0452364
          ],
          [
            -79.0379263,
            43.0450802
          ],
          [
            -79.037804,
            43.044993
          ],
          [
            -79.0376632,
            43.0448593
          ],
          [
            -79.0375741,
            43.0446343
          ],
          [
            -79.0375741,
            43.0445238
          ],
          [
            -79.0375794,
            43.0444242
          ],
          [
            -79.037659,
            43.044389
          ],
          [
            -79.0377217,
            43.0443888
          ],
          [
            -79.0378606,
            43.0443884
          ],
          [
            -79.0379213,
            43.0444109
          ],
          [
            -79.0379995,
            43.04444
          ],
          [
            -79.0381,
            43.0445244
          ],
          [
            -79.038124,
            43.0446482
          ],
          [
            -79.038148,
            43.0447596
          ],
          [
            -79.0382073,
            43.0448932
          ],
          [
            -79.0382791,
            43.0450723
          ],
          [
            -79.0383818,
            43.0452962
          ],
          [
            -79.038471,
            43.0455037
          ],
          [
            -79.0384827,
            43.0457134
          ],
          [
            -79.038514,
            43.0459638
          ],
          [
            -79.0385207,
            43.0461978
          ],
          [
            -79.0385882,
            43.0463984
          ],
          [
            -79.0388275,
            43.0466474
          ],
          [
            -79.0390601,
            43.0468099
          ],
          [
            -79.0393165,
            43.0469055
          ],
          [
            -79.0395651,
            43.0470122
          ],
          [
            -79.0397229,
            43.0471619
          ],
          [
            -79.0398688,
            43.0472873
          ],
          [
            -79.0400561,
            43.0474366
          ],
          [
            -79.0400956,
            43.047454
          ],
          [
            -79.0401473,
            43.0474768
          ],
          [
            -79.0403956,
            43.0475971
          ],
          [
            -79.0405766,
            43.0476765
          ],
          [
            -79.0406617,
            43.0477244
          ],
          [
            -79.0406617,
            43.0478214
          ],
          [
            -79.0406183,
            43.0480211
          ],
          [
            -79.0405583,
            43.0480554
          ]
        ]
      }
    },
    {
      "type": "Feature",
      "properties": {
        "@id": "way/932193788",
        "golf": "cartpath",
        "golf_cart": "designated",
        "highway": "service"
      },
      "geometry": {
        "type": "LineString",
        "coordinates": [
          [
            -79.0400704,
            43.0475128
          ],
          [
            -79.0400956,
            43.047454
          ]
        ]
      }
    },
    {
      "type": "Feature",
      "properties": {
        "@id": "way/932193789",
        "golf": "cartpath",
        "golf_cart": "yes",
        "highway": "path"
      },
      "geometry": {
        "type": "LineString",
        "coordinates": [
          [
            -79.0392514,
            43.0475219
          ],
          [
            -79.0390904,
            43.0474939
          ],
          [
            -79.0390474,
            43.0474926
          ],
          [
            -79.0390117,
            43.0475258
          ],
          [
            -79.0389929,
            43.0475555
          ]
        ]
      }
    },
    {
      "type": "Feature",
      "properties": {
        "@id": "way/932193790",
        "golf": "cartpath",
        "golf_cart": "yes",
        "highway": "path"
      },
      "geometry": {
        "type": "LineString",
        "coordinates": [
          [
            -79.0384209,
            43.0472159
          ],
          [
            -79.0384464,
            43.0473173
          ],
          [
            -79.0385199,
            43.0473975
          ],
          [
            -79.0386245,
            43.0474662
          ],
          [
            -79.0386922,
            43.0475069
          ],
          [
            -79.0387845,
            43.0475314
          ]
        ]
      }
    },
    {
      "type": "Feature",
      "properties": {
        "@id": "way/932193791",
        "golf": "cartpath",
        "golf_cart": "yes",
        "highway": "path"
      },
      "geometry": {
        "type": "LineString",
        "coordinates": [
          [
            -79.0362534,
            43.0497465
          ],
          [
            -79.0361916,
            43.0495829
          ],
          [
            -79.0360634,
            43.0493613
          ],
          [
            -79.0358823,
            43.0491678
          ],
          [
            -79.0357502,
            43.0489784
          ],
          [
            -79.0356865,
            43.0487777
          ],
          [
            -79.0355913,
            43.0485909
          ],
          [
            -79.0354183,
            43.0484142
          ],
          [
            -79.0351505,
            43.0482738
          ],
          [
            -79.0350039,
            43.0481176
          ],
          [
            -79.0348643,
            43.0479232
          ],
          [
            -79.0348051,
            43.0476865
          ],
          [
            -79.0348035,
            43.0475121
          ],
          [
            -79.034855,
            43.0473896
          ],
          [
            -79.0349852,
            43.0471971
          ],
          [
            -79.0350632,
            43.0470627
          ],
          [
            -79.035101,
            43.0468551
          ],
          [
            -79.0351034,
            43.0466044
          ],
          [
            -79.0350778,
            43.0464153
          ],
          [
            -79.0350098,
            43.046305
          ],
          [
            -79.0349664,
            43.0461176
          ],
          [
            -79.0349821,
            43.0459198
          ],
          [
            -79.0350884,
            43.0456952
          ],
          [
            -79.0352521,
            43.0454904
          ],
          [
            -79.03538,
            43.0453197
          ],
          [
            -79.0354635,
            43.0452209
          ],
          [
            -79.0355685,
            43.0451794
          ],
          [
            -79.0357491,
            43.0451391
          ],
          [
            -79.0358201,
            43.0451028
          ],
          [
            -79.0357958,
            43.0450319
          ],
          [
            -79.0357059,
            43.0450152
          ],
          [
            -79.0356112,
            43.045036
          ],
          [
            -79.035546,
            43.0450699
          ],
          [
            -79.0354494,
            43.0450978
          ],
          [
            -79.0354157,
            43.0450946
          ],
          [
            -79.0353202,
            43.0450857
          ],
          [
            -79.0351991,
            43.0451034
          ]
        ]
      }
    },
    {
      "type": "Feature",
      "properties": {
        "@id": "way/941838038",
        "golf": "cartpath",
        "golf_cart": "yes",
        "highway": "path"
      },
      "geometry": {
        "type": "LineString",
        "coordinates": [
          [
            -79.0400261,
            43.043756
          ],
          [
            -79.0398663,
            43.0437998
          ],
          [
            -79.0398005,
            43.0438122
          ],
          [
            -79.0397264,
            43.0438071
          ],
          [
            -79.0396435,
            43.0438156
          ],
          [
            -79.039459,
            43.0438873
          ],
          [
            -79.0392079,
            43.0440781
          ],
          [
            -79.0391216,
            43.0441239
          ],
          [
            -79.0389951,
            43.0441911
          ],
          [
            -79.038749,
            43.0442433
          ],
          [
            -79.0384797,
            43.0441996
          ],
          [
            -79.038207,
            43.0440538
          ],
          [
            -79.0377033,
            43.0438837
          ],
          [
            -79.0372195,
            43.0437792
          ],
          [
            -79.0365411,
            43.0437974
          ],
          [
            -79.0363529,
            43.0437861
          ],
          [
            -79.0362232,
            43.0437636
          ],
          [
            -79.0360663,
            43.0437232
          ],
          [
            -79.0359656,
            43.0436944
          ],
          [
            -79.0358931,
            43.0436731
          ],
          [
            -79.0358136,
            43.043645
          ],
          [
            -79.0357415,
            43.0436159
          ],
          [
            -79.0356949,
            43.0435893
          ],
          [
            -79.0356366,
            43.043556
          ],
          [
            -79.0355536,
            43.0434948
          ],
          [
            -79.0354866,
            43.0434372
          ],
          [
            -79.0354747,
            43.0434237
          ],
          [
            -79.0354667,
            43.0434126
          ],
          [
            -79.0354609,
            43.0433948
          ]
        ]
      }
    },
    {
      "type": "Feature",
      "properties": {
        "@id": "way/1143721322",
        "golf": "cartpath",
        "golf_cart": "yes",
        "highway": "path"
      },
      "geometry": {
        "type": "LineString",
        "coordinates": [
          [
            -79.0354157,
            43.0450946
          ],
          [
            -79.0353838,
            43.0450584
          ],
          [
            -79.035355,
            43.0450089
          ],
          [
            -79.0353121,
            43.04493
          ],
          [
            -79.0352718,
            43.0448531
          ]
        ]
      }
    },
    {
      "type": "Feature",
      "properties": {
        "@id": "way/1143721323",
        "golf": "cartpath",
        "golf_cart": "yes",
        "highway": "path"
      },
      "geometry": {
        "type": "LineString",
        "coordinates": [
          [
            -79.0392007,
            43.0499023
          ],
          [
            -79.039062,
            43.0501088
          ],
          [
            -79.0390484,
            43.0501369
          ],
          [
            -79.0390453,
            43.0501713
          ],
          [
            -79.0391384,
            43.0502039
          ],
          [
            -79.0391672,
            43.0502304
          ],
          [
            -79.0391786,
            43.0502539
          ],
          [
            -79.039182,
            43.0502828
          ],
          [
            -79.0391753,
            43.0503161
          ],
          [
            -79.0391478,
            43.0503676
          ],
          [
            -79.0390908,
            43.050443
          ],
          [
            -79.0390016,
            43.0505283
          ],
          [
            -79.0389285,
            43.0505837
          ],
          [
            -79.0388705,
            43.0506214
          ],
          [
            -79.0388334,
            43.0506407
          ],
          [
            -79.0387861,
            43.0506552
          ],
          [
            -79.0387323,
            43.0506637
          ],
          [
            -79.0386804,
            43.0506637
          ],
          [
            -79.0386357,
            43.0506559
          ],
          [
            -79.0385418,
            43.0506339
          ]
        ]
      }
    },
    {
      "type": "Feature",
      "properties": {
        "@id": "way/1143721324",
        "bridge": "yes",
        "golf": "cartpath",
        "golf_cart": "yes",
        "highway": "path",
        "layer": "1"
      },
      "geometry": {
        "type": "LineString",
        "coordinates": [
          [
            -79.0385418,
            43.0506339
          ],
          [
            -79.0383661,
            43.0505986
          ]
        ]
      }
    },
    {
      "type": "Feature",
      "properties": {
        "@id": "way/1143721325",
        "golf": "cartpath",
        "golf_cart": "yes",
        "highway": "path"
      },
      "geometry": {
        "type": "LineString",
        "coordinates": [
          [
            -79.0383661,
            43.0505986
          ],
          [
            -79.038187,
            43.05056
          ],
          [
            -79.0381513,
            43.0505523
          ],
          [
            -79.0381251,
            43.0505498
          ],
          [
            -79.0380947,
            43.0505536
          ],
          [
            -79.0380638,
            43.0505643
          ],
          [
            -79.0380159,
            43.0505903
          ],
          [
            -79.0379826,
            43.0506069
          ],
          [
            -79.0379523,
            43.0506155
          ],
          [
            -79.0379417,
            43.0506167
          ],
          [
            -79.0379219,
            43.0506189
          ],
          [
            -79.0378157,
            43.0506278
          ],
          [
            -79.0377562,
            43.0506389
          ],
          [
            -79.03771,
            43.0506573
          ],
          [
            -79.0376417,
            43.050685
          ],
          [
            -79.0375863,
            43.0507136
          ],
          [
            -79.0375227,
            43.0507481
          ],
          [
            -79.0374765,
            43.0507712
          ],
          [
            -79.0374421,
            43.0507788
          ],
          [
            -79.0374141,
            43.0507814
          ],
          [
            -79.0373668,
            43.0507839
          ],
          [
            -79.037319,
            43.0507814
          ],
          [
            -79.0372641,
            43.050775
          ],
          [
            -79.0372145,
            43.0507737
          ],
          [
            -79.037166,
            43.050778
          ],
          [
            -79.0371147,
            43.0507912
          ],
          [
            -79.0370457,
            43.0508173
          ],
          [
            -79.0370048,
            43.0508364
          ],
          [
            -79.0369746,
            43.0508609
          ],
          [
            -79.0369599,
            43.0508927
          ],
          [
            -79.0369203,
            43.0508942
          ],
          [
            -79.0368734,
            43.0509016
          ],
          [
            -79.036829,
            43.0509086
          ],
          [
            -79.0367928,
            43.0509099
          ],
          [
            -79.0367415,
            43.0509022
          ],
          [
            -79.0366994,
            43.0508954
          ],
          [
            -79.0366475,
            43.0508945
          ],
          [
            -79.0365827,
            43.0508988
          ],
          [
            -79.0365447,
            43.0509035
          ],
          [
            -79.0365185,
            43.0508988
          ],
          [
            -79.0364951,
            43.0508839
          ],
          [
            -79.0364502,
            43.0508724
          ],
          [
            -79.0364105,
            43.0508638
          ],
          [
            -79.0363722,
            43.0508489
          ],
          [
            -79.0363266,
            43.0508195
          ],
          [
            -79.0363065,
            43.0508014
          ],
          [
            -79.0362978,
            43.0507823
          ],
          [
            -79.0362973,
            43.050757
          ],
          [
            -79.0362933,
            43.0507347
          ],
          [
            -79.0362853,
            43.0507008
          ],
          [
            -79.0362685,
            43.0506613
          ],
          [
            -79.0362526,
            43.0506261
          ],
          [
            -79.0362495,
            43.050608
          ],
          [
            -79.0362552,
            43.0505931
          ],
          [
            -79.036365,
            43.0503827
          ],
          [
            -79.0363778,
            43.0503591
          ],
          [
            -79.0363884,
            43.0503487
          ],
          [
            -79.0364247,
            43.0503206
          ],
          [
            -79.0364344,
            43.0503093
          ],
          [
            -79.0364494,
            43.0502876
          ],
          [
            -79.0364521,
            43.0502698
          ],
          [
            -79.0364477,
            43.0502511
          ],
          [
            -79.0364477,
            43.0502391
          ],
          [
            -79.0364503,
            43.0502278
          ],
          [
            -79.0364689,
            43.0502181
          ],
          [
            -79.0365427,
            43.0502005
          ],
          [
            -79.0366089,
            43.0501797
          ],
          [
            -79.0366675,
            43.0501538
          ],
          [
            -79.0367175,
            43.050129
          ],
          [
            -79.0367791,
            43.0500795
          ],
          [
            -79.0368462,
            43.0500187
          ],
          [
            -79.0368854,
            43.0499748
          ],
          [
            -79.0369086,
            43.0499607
          ],
          [
            -79.0369648,
            43.0499382
          ],
          [
            -79.0370118,
            43.049927
          ],
          [
            -79.037068,
            43.0499191
          ],
          [
            -79.0371466,
            43.0499151
          ],
          [
            -79.037333,
            43.0499196
          ],
          [
            -79.0373661,
            43.0499174
          ],
          [
            -79.0374154,
            43.0499123
          ],
          [
            -79.0375325,
            43.0499044
          ],
          [
            -79.0376126,
            43.0499067
          ],
          [
            -79.0376773,
            43.0499146
          ],
          [
            -79.0377859,
            43.0499377
          ],
          [
            -79.0379153,
            43.0499636
          ],
          [
            -79.0379792,
            43.0499686
          ],
          [
            -79.0380924,
            43.0499849
          ],
          [
            -79.0382812,
            43.0500232
          ],
          [
            -79.0384368,
            43.0500587
          ],
          [
            -79.038751,
            43.0501403
          ],
          [
            -79.0388589,
            43.05016
          ],
          [
            -79.0389374,
            43.0501667
          ],
          [
            -79.0389782,
            43.0501679
          ],
          [
            -79.0390453,
            43.0501713
          ]
        ]
      }
    },
    {
      "type": "Feature",
      "properties": {
        "@id": "way/1143721326",
        "golf": "cartpath",
        "golf_cart": "yes",
        "highway": "path"
      },
      "geometry": {
        "type": "LineString",
        "coordinates": [
          [
            -79.03513,
            43.0500959
          ],
          [
            -79.0350871,
            43.0501157
          ],
          [
            -79.0350462,
            43.050143
          ],
          [
            -79.0349108,
            43.050236
          ],
          [
            -79.0348927,
            43.0502535
          ],
          [
            -79.0348845,
            43.050271
          ],
          [
            -79.0348851,
            43.0502859
          ],
          [
            -79.0348933,
            43.0503008
          ],
          [
            -79.0350123,
            43.0504088
          ],
          [
            -79.0350468,
            43.0504203
          ],
          [
            -79.0350812,
            43.050425
          ],
          [
            -79.0351209,
            43.0504216
          ],
          [
            -79.0352639,
            43.0503904
          ],
          [
            -79.0353883,
            43.0503559
          ],
          [
            -79.0354677,
            43.0503277
          ],
          [
            -79.0356685,
            43.0502445
          ],
          [
            -79.0357245,
            43.0502189
          ],
          [
            -79.0357823,
            43.0503533
          ],
          [
            -79.0358156,
            43.0504156
          ],
          [
            -79.0358535,
            43.0504745
          ],
          [
            -79.0358979,
            43.0505538
          ],
          [
            -79.0359417,
            43.0506511
          ],
          [
            -79.0359674,
            43.0507074
          ],
          [
            -79.0359785,
            43.0507517
          ],
          [
            -79.0359956,
            43.0508067
          ],
          [
            -79.0360141,
            43.050845
          ],
          [
            -79.0360449,
            43.050899
          ],
          [
            -79.0360665,
            43.0509401
          ],
          [
            -79.0360726,
            43.0509677
          ],
          [
            -79.0360734,
            43.0510234
          ],
          [
            -79.0360723,
            43.0510604
          ],
          [
            -79.0360749,
            43.0511023
          ],
          [
            -79.0360835,
            43.0511346
          ],
          [
            -79.0361243,
            43.0512792
          ],
          [
            -79.036127,
            43.0512975
          ],
          [
            -79.0361285,
            43.0513617
          ],
          [
            -79.0361358,
            43.051443
          ],
          [
            -79.0361395,
            43.0514923
          ],
          [
            -79.0361395,
            43.0515379
          ],
          [
            -79.0361339,
            43.0515832
          ],
          [
            -79.0361291,
            43.0516322
          ],
          [
            -79.0361278,
            43.051652
          ],
          [
            -79.0361264,
            43.0516836
          ],
          [
            -79.0361285,
            43.0517012
          ],
          [
            -79.0361345,
            43.0517218
          ],
          [
            -79.0361432,
            43.0517416
          ],
          [
            -79.0361482,
            43.0517602
          ],
          [
            -79.0361513,
            43.0517771
          ],
          [
            -79.0361526,
            43.0518038
          ],
          [
            -79.0361499,
            43.0518244
          ],
          [
            -79.0361419,
            43.0518533
          ],
          [
            -79.0361392,
            43.0518671
          ],
          [
            -79.0361385,
            43.0518889
          ],
          [
            -79.0361419,
            43.0519109
          ],
          [
            -79.0361378,
            43.0519418
          ],
          [
            -79.0361244,
            43.0519785
          ],
          [
            -79.036102,
            43.0520229
          ],
          [
            -79.0360711,
            43.0520665
          ],
          [
            -79.0360389,
            43.0521139
          ],
          [
            -79.0360243,
            43.0521398
          ],
          [
            -79.0360155,
            43.0521779
          ],
          [
            -79.035996,
            43.052259
          ],
          [
            -79.0359858,
            43.0523137
          ],
          [
            -79.0359845,
            43.0523479
          ],
          [
            -79.0359845,
            43.0523618
          ],
          [
            -79.0359699,
            43.0523916
          ],
          [
            -79.0359465,
            43.052454
          ],
          [
            -79.035927,
            43.0525374
          ],
          [
            -79.0359136,
            43.0525643
          ],
          [
            -79.0358914,
            43.0526086
          ],
          [
            -79.0358838,
            43.0526372
          ],
          [
            -79.0358832,
            43.0526573
          ],
          [
            -79.0358897,
            43.0526748
          ],
          [
            -79.0359136,
            43.0527357
          ],
          [
            -79.0359282,
            43.0527682
          ],
          [
            -79.0359381,
            43.0527938
          ],
          [
            -79.035941,
            43.0528125
          ],
          [
            -79.0359399,
            43.052839
          ],
          [
            -79.0359264,
            43.0528718
          ],
          [
            -79.0359136,
            43.0528978
          ],
          [
            -79.0359054,
            43.0529251
          ],
          [
            -79.0359025,
            43.052993
          ],
          [
            -79.0358955,
            43.0530587
          ],
          [
            -79.0358809,
            43.0531154
          ],
          [
            -79.0358599,
            43.0531593
          ],
          [
            -79.0358313,
            43.0531896
          ],
          [
            -79.0357893,
            43.0532271
          ],
          [
            -79.0357753,
            43.0532472
          ],
          [
            -79.0357461,
            43.0533193
          ],
          [
            -79.0356655,
            43.0535257
          ],
          [
            -79.0356381,
            43.0535744
          ],
          [
            -79.0356141,
            43.0536081
          ],
          [
            -79.0355692,
            43.053649
          ],
          [
            -79.0355382,
            43.053672
          ],
          [
            -79.0354192,
            43.0537301
          ],
          [
            -79.0353964,
            43.0537565
          ],
          [
            -79.0353666,
            43.0537992
          ],
          [
            -79.035338,
            43.0538316
          ],
          [
            -79.035303,
            43.0538661
          ],
          [
            -79.0352674,
            43.0538926
          ],
          [
            -79.0352318,
            43.0539267
          ],
          [
            -79.0352067,
            43.0539655
          ],
          [
            -79.0351833,
            43.054018
          ],
          [
            -79.0351734,
            43.0540658
          ]
        ]
      }
    },
    {
      "type": "Feature",
      "properties": {
        "@id": "way/1143721327",
        "golf": "cartpath",
        "golf_cart": "yes",
        "highway": "path"
      },
      "geometry": {
        "type": "LineString",
        "coordinates": [
          [
            -79.0339279,
            43.0505832
          ],
          [
            -79.0339915,
            43.0506672
          ],
          [
            -79.0340061,
            43.0506998
          ],
          [
            -79.0340108,
            43.0507257
          ],
          [
            -79.0340061,
            43.050755
          ],
          [
            -79.0339715,
            43.0508839
          ],
          [
            -79.033886,
            43.0510752
          ],
          [
            -79.0338167,
            43.0512599
          ],
          [
            -79.0337704,
            43.0513916
          ],
          [
            -79.0337473,
            43.0514625
          ],
          [
            -79.0337396,
            43.0514968
          ],
          [
            -79.0337335,
            43.0515413
          ],
          [
            -79.0337173,
            43.0515723
          ],
          [
            -79.0336849,
            43.0516128
          ],
          [
            -79.0336572,
            43.0516539
          ],
          [
            -79.0336309,
            43.0517002
          ],
          [
            -79.0336192,
            43.0517354
          ],
          [
            -79.0336182,
            43.0517897
          ],
          [
            -79.0336187,
            43.0518335
          ],
          [
            -79.0336167,
            43.051975
          ],
          [
            -79.0336126,
            43.0520006
          ],
          [
            -79.0336014,
            43.0520214
          ],
          [
            -79.0335837,
            43.0520429
          ],
          [
            -79.0335105,
            43.0521205
          ],
          [
            -79.0334922,
            43.0521465
          ],
          [
            -79.0334795,
            43.0521736
          ],
          [
            -79.0334638,
            43.0522052
          ],
          [
            -79.0334352,
            43.0522547
          ],
          [
            -79.0333967,
            43.0523029
          ],
          [
            -79.0333862,
            43.0523251
          ],
          [
            -79.0333862,
            43.0523443
          ],
          [
            -79.0333973,
            43.052375
          ],
          [
            -79.0334352,
            43.0524735
          ],
          [
            -79.0334399,
            43.0524999
          ],
          [
            -79.033437,
            43.0525609
          ],
          [
            -79.0334229,
            43.0526864
          ],
          [
            -79.0334148,
            43.0527397
          ],
          [
            -79.0334171,
            43.0528254
          ],
          [
            -79.0334159,
            43.0529423
          ],
          [
            -79.0334171,
            43.05306
          ],
          [
            -79.0334119,
            43.0531948
          ],
          [
            -79.0334072,
            43.0532213
          ],
          [
            -79.0333973,
            43.0532456
          ],
          [
            -79.0333838,
            43.053275
          ],
          [
            -79.0333535,
            43.0533262
          ],
          [
            -79.0333471,
            43.0533403
          ],
          [
            -79.0333395,
            43.053368
          ],
          [
            -79.0333179,
            43.0535813
          ],
          [
            -79.033312,
            43.0536299
          ],
          [
            -79.0333009,
            43.0536994
          ],
          [
            -79.0332922,
            43.0537702
          ],
          [
            -79.0332858,
            43.0539878
          ],
          [
            -79.0332951,
            43.0540138
          ],
          [
            -79.0333079,
            43.0540287
          ],
          [
            -79.0333336,
            43.0540471
          ],
          [
            -79.0333809,
            43.0540663
          ],
          [
            -79.0334229,
            43.054085
          ],
          [
            -79.033448,
            43.0541051
          ],
          [
            -79.0334656,
            43.0541277
          ],
          [
            -79.0334743,
            43.0541529
          ],
          [
            -79.0334755,
            43.054178
          ],
          [
            -79.0334574,
            43.054294
          ],
          [
            -79.033458,
            43.0543239
          ],
          [
            -79.0334621,
            43.0543593
          ],
          [
            -79.0334778,
            43.0543939
          ],
          [
            -79.0335134,
            43.0544293
          ],
          [
            -79.0335642,
            43.0544655
          ],
          [
            -79.0336512,
            43.0545112
          ],
          [
            -79.0336804,
            43.0545355
          ],
          [
            -79.0336991,
            43.0545658
          ],
          [
            -79.0337685,
            43.05472
          ],
          [
            -79.033814,
            43.0548033
          ],
          [
            -79.0338609,
            43.0548612
          ],
          [
            -79.0338871,
            43.0548809
          ],
          [
            -79.0339441,
            43.0549085
          ],
          [
            -79.0340289,
            43.0549339
          ],
          [
            -79.034109,
            43.0549479
          ],
          [
            -79.0341544,
            43.0549468
          ],
          [
            -79.0342076,
            43.0549361
          ],
          [
            -79.0342576,
            43.0549175
          ],
          [
            -79.0343054,
            43.0548866
          ],
          [
            -79.0344024,
            43.0548106
          ],
          [
            -79.0344956,
            43.0547374
          ],
          [
            -79.0345318,
            43.054707
          ],
          [
            -79.0345642,
            43.0546738
          ],
          [
            -79.0346975,
            43.0545072
          ],
          [
            -79.0347183,
            43.0544881
          ],
          [
            -79.0347498,
            43.054469
          ],
          [
            -79.0349555,
            43.0543502
          ],
          [
            -79.0349963,
            43.0543226
          ],
          [
            -79.0350233,
            43.0542911
          ],
          [
            -79.0350988,
            43.0542044
          ],
          [
            -79.0351411,
            43.0541566
          ],
          [
            -79.0351619,
            43.0541112
          ],
          [
            -79.0351734,
            43.0540658
          ]
        ]
      }
    },
    {
      "type": "Feature",
      "properties": {
        "@id": "way/1143721328",
        "golf": "cartpath",
        "golf_cart": "yes",
        "highway": "path"
      },
      "geometry": {
        "type": "LineString",
        "coordinates": [
          [
            -79.0379417,
            43.0506167
          ],
          [
            -79.0379579,
            43.05066
          ],
          [
            -79.0379637,
            43.0506894
          ],
          [
            -79.0379567,
            43.0507158
          ],
          [
            -79.0379281,
            43.0507419
          ],
          [
            -79.0378802,
            43.0507606
          ],
          [
            -79.0377917,
            43.0507773
          ],
          [
            -79.0377145,
            43.0507981
          ],
          [
            -79.0376662,
            43.0508196
          ],
          [
            -79.0376134,
            43.0508538
          ],
          [
            -79.0375676,
            43.0508999
          ],
          [
            -79.0375422,
            43.0509318
          ],
          [
            -79.0375011,
            43.0509634
          ],
          [
            -79.0374396,
            43.0510038
          ],
          [
            -79.0373496,
            43.0510529
          ],
          [
            -79.037091,
            43.051175
          ],
          [
            -79.0370398,
            43.0511988
          ],
          [
            -79.037019,
            43.0512157
          ],
          [
            -79.0370082,
            43.0512324
          ],
          [
            -79.0369999,
            43.0512495
          ],
          [
            -79.0369885,
            43.0512703
          ],
          [
            -79.0369771,
            43.0512858
          ],
          [
            -79.036913,
            43.0513419
          ],
          [
            -79.0368439,
            43.0514085
          ],
          [
            -79.036795,
            43.0514421
          ],
          [
            -79.0367377,
            43.0514712
          ],
          [
            -79.0366665,
            43.0515081
          ],
          [
            -79.036586,
            43.0515529
          ],
          [
            -79.0365621,
            43.0515751
          ],
          [
            -79.0365405,
            43.0516032
          ],
          [
            -79.0365241,
            43.0516646
          ],
          [
            -79.0365107,
            43.0516919
          ],
          [
            -79.0364085,
            43.0518903
          ],
          [
            -79.0363758,
            43.0519701
          ],
          [
            -79.0363542,
            43.0520025
          ],
          [
            -79.0363251,
            43.0520242
          ],
          [
            -79.0362953,
            43.052043
          ],
          [
            -79.03629,
            43.0520562
          ],
          [
            -79.03629,
            43.0520724
          ],
          [
            -79.0362801,
            43.0520831
          ],
          [
            -79.0362731,
            43.052095
          ],
          [
            -79.0362801,
            43.0521087
          ],
          [
            -79.0363379,
            43.0521974
          ],
          [
            -79.0363461,
            43.0522239
          ],
          [
            -79.0363414,
            43.0522409
          ],
          [
            -79.036328,
            43.0522533
          ],
          [
            -79.0362918,
            43.0522819
          ],
          [
            -79.0362638,
            43.0523105
          ],
          [
            -79.0362538,
            43.0523322
          ],
          [
            -79.0362264,
            43.0524986
          ],
          [
            -79.0362089,
            43.0525212
          ],
          [
            -79.0362013,
            43.0525378
          ],
          [
            -79.0361955,
            43.0525673
          ],
          [
            -79.0361867,
            43.0526308
          ],
          [
            -79.0361902,
            43.0526632
          ],
          [
            -79.0362147,
            43.0527763
          ],
          [
            -79.0362159,
            43.0528083
          ],
          [
            -79.0362118,
            43.0528309
          ],
          [
            -79.0361995,
            43.0528509
          ],
          [
            -79.0361797,
            43.0528812
          ],
          [
            -79.0361791,
            43.0528927
          ],
          [
            -79.0361739,
            43.052978
          ],
          [
            -79.0361762,
            43.0529968
          ],
          [
            -79.0362071,
            43.0531197
          ],
          [
            -79.0362159,
            43.0531653
          ],
          [
            -79.036213,
            43.0531943
          ],
          [
            -79.0362019,
            43.0532416
          ],
          [
            -79.0361814,
            43.0532881
          ],
          [
            -79.03614,
            43.0533807
          ],
          [
            -79.0361359,
            43.0533999
          ],
          [
            -79.0361383,
            43.0534204
          ],
          [
            -79.0361453,
            43.0534455
          ],
          [
            -79.0361634,
            43.0534822
          ],
          [
            -79.0361698,
            43.053501
          ],
          [
            -79.0361736,
            43.0535203
          ],
          [
            -79.0361729,
            43.0535372
          ],
          [
            -79.0361725,
            43.0535549
          ],
          [
            -79.0361736,
            43.0535735
          ],
          [
            -79.0362322,
            43.0536894
          ],
          [
            -79.036251,
            43.0537381
          ],
          [
            -79.0362578,
            43.053769
          ],
          [
            -79.0362753,
            43.0538705
          ],
          [
            -79.0362724,
            43.0539059
          ],
          [
            -79.0362555,
            43.053943
          ],
          [
            -79.0361808,
            43.0540889
          ],
          [
            -79.0361825,
            43.0541175
          ],
          [
            -79.036214,
            43.0541576
          ],
          [
            -79.0362613,
            43.0541998
          ],
          [
            -79.0362993,
            43.0542241
          ],
          [
            -79.036327,
            43.054232
          ],
          [
            -79.0363536,
            43.0542395
          ],
          [
            -79.0364627,
            43.0542493
          ],
          [
            -79.0365351,
            43.0542668
          ],
          [
            -79.0366081,
            43.0542881
          ],
          [
            -79.0367949,
            43.0543832
          ],
          [
            -79.036855,
            43.0544135
          ],
          [
            -79.0368872,
            43.0544352
          ],
          [
            -79.0369281,
            43.054457
          ],
          [
            -79.0369633,
            43.0544636
          ],
          [
            -79.0369968,
            43.0544597
          ],
          [
            -79.037038,
            43.0544528
          ],
          [
            -79.0370746,
            43.0544472
          ]
        ]
      }
    },
    {
      "type": "Feature",
      "properties": {
        "@id": "way/1143721329",
        "golf": "cartpath",
        "golf_cart": "yes",
        "highway": "path"
      },
      "geometry": {
        "type": "LineString",
        "coordinates": [
          [
            -79.036327,
            43.054232
          ],
          [
            -79.0363003,
            43.0543205
          ],
          [
            -79.0362902,
            43.0543627
          ],
          [
            -79.0362902,
            43.0543807
          ],
          [
            -79.0363018,
            43.0543999
          ],
          [
            -79.0363326,
            43.0544581
          ],
          [
            -79.0363807,
            43.0545167
          ],
          [
            -79.0364089,
            43.0545527
          ],
          [
            -79.03642,
            43.0545777
          ],
          [
            -79.0364216,
            43.0545969
          ],
          [
            -79.0364154,
            43.0546804
          ],
          [
            -79.0364059,
            43.0548036
          ],
          [
            -79.0363998,
            43.0548241
          ],
          [
            -79.0363891,
            43.0548378
          ],
          [
            -79.03629,
            43.0549017
          ],
          [
            -79.0362768,
            43.0549124
          ],
          [
            -79.0362463,
            43.054944
          ],
          [
            -79.0361355,
            43.0550773
          ],
          [
            -79.0360532,
            43.0551965
          ],
          [
            -79.0360156,
            43.0552396
          ],
          [
            -79.0359704,
            43.0552793
          ],
          [
            -79.0358581,
            43.055358
          ],
          [
            -79.0357849,
            43.0554226
          ],
          [
            -79.0357153,
            43.0554924
          ],
          [
            -79.0356975,
            43.0555155
          ],
          [
            -79.0356822,
            43.0555455
          ],
          [
            -79.0356629,
            43.0556068
          ],
          [
            -79.0356324,
            43.0557212
          ],
          [
            -79.0356187,
            43.0557561
          ],
          [
            -79.0355806,
            43.0558229
          ],
          [
            -79.0355658,
            43.0558411
          ],
          [
            -79.0354566,
            43.0559291
          ],
          [
            -79.0353997,
            43.05597
          ],
          [
            -79.0353473,
            43.0560015
          ],
          [
            -79.0352996,
            43.056026
          ],
          [
            -79.035267,
            43.0560494
          ],
          [
            -79.035076,
            43.0562429
          ],
          [
            -79.0349113,
            43.0563721
          ],
          [
            -79.0347207,
            43.056534
          ],
          [
            -79.0346801,
            43.0565626
          ],
          [
            -79.0346277,
            43.0565934
          ],
          [
            -79.0345373,
            43.0566331
          ],
          [
            -79.0344519,
            43.0566636
          ],
          [
            -79.0343559,
            43.056707
          ],
          [
            -79.0342532,
            43.0567568
          ],
          [
            -79.0341648,
            43.0568188
          ],
          [
            -79.0340881,
            43.0568682
          ],
          [
            -79.0340179,
            43.0569053
          ],
          [
            -79.0339305,
            43.0569488
          ],
          [
            -79.0338878,
            43.0569755
          ],
          [
            -79.0338634,
            43.0569956
          ],
          [
            -79.0338416,
            43.0570249
          ],
          [
            -79.0337999,
            43.0570839
          ],
          [
            -79.0337811,
            43.0571021
          ],
          [
            -79.0337643,
            43.0571181
          ],
          [
            -79.0337603,
            43.0571348
          ],
          [
            -79.0337619,
            43.0571443
          ],
          [
            -79.0337648,
            43.0571623
          ],
          [
            -79.0337776,
            43.057189
          ],
          [
            -79.0338766,
            43.0573717
          ],
          [
            -79.0338949,
            43.0573906
          ],
          [
            -79.0339254,
            43.0574151
          ],
          [
            -79.0339564,
            43.0574304
          ],
          [
            -79.0339976,
            43.0574441
          ],
          [
            -79.0340809,
            43.0574634
          ],
          [
            -79.0341206,
            43.0574779
          ],
          [
            -79.0341485,
            43.0574924
          ],
          [
            -79.0341775,
            43.057515
          ],
          [
            -79.0342029,
            43.0575432
          ],
          [
            -79.0342263,
            43.0575893
          ],
          [
            -79.0342436,
            43.057629
          ],
          [
            -79.0342542,
            43.0576647
          ],
          [
            -79.0342613,
            43.0577086
          ],
          [
            -79.0342586,
            43.0577616
          ],
          [
            -79.0342533,
            43.0577978
          ],
          [
            -79.0342409,
            43.0578301
          ],
          [
            -79.0342073,
            43.0578851
          ],
          [
            -79.0341666,
            43.0579362
          ],
          [
            -79.0341215,
            43.0579827
          ],
          [
            -79.0340817,
            43.058015
          ],
          [
            -79.0340392,
            43.0580409
          ],
          [
            -79.033949,
            43.0580816
          ],
          [
            -79.0338791,
            43.0581146
          ],
          [
            -79.0338375,
            43.0581379
          ],
          [
            -79.0338083,
            43.0581592
          ],
          [
            -79.0337543,
            43.0582012
          ],
          [
            -79.0337348,
            43.0582245
          ],
          [
            -79.0337101,
            43.0582581
          ],
          [
            -79.0336393,
            43.0583616
          ],
          [
            -79.0336048,
            43.0584029
          ],
          [
            -79.0335862,
            43.058423
          ],
          [
            -79.0335552,
            43.0584475
          ],
          [
            -79.0335136,
            43.0584728
          ],
          [
            -79.0334818,
            43.058485
          ],
          [
            -79.0334216,
            43.0584973
          ],
          [
            -79.0333491,
            43.0585018
          ],
          [
            -79.033296,
            43.0585025
          ],
          [
            -79.033227,
            43.0585057
          ],
          [
            -79.0331925,
            43.0585115
          ],
          [
            -79.0331535,
            43.0585264
          ],
          [
            -79.0331146,
            43.0585484
          ],
          [
            -79.0330456,
            43.0585936
          ],
          [
            -79.0329713,
            43.0586557
          ],
          [
            -79.0328952,
            43.0587165
          ],
          [
            -79.0327819,
            43.0587921
          ],
          [
            -79.0326872,
            43.0588509
          ],
          [
            -79.0326324,
            43.0588768
          ],
          [
            -79.0325811,
            43.0589033
          ],
          [
            -79.0324943,
            43.0589518
          ],
          [
            -79.032313,
            43.0590843
          ],
          [
            -79.0322968,
            43.0590964
          ],
          [
            -79.032272,
            43.0591169
          ],
          [
            -79.0322419,
            43.0591452
          ],
          [
            -79.0322274,
            43.0591638
          ],
          [
            -79.0322017,
            43.0591996
          ],
          [
            -79.0321926,
            43.0592158
          ],
          [
            -79.0321888,
            43.0592286
          ],
          [
            -79.0321839,
            43.0592491
          ],
          [
            -79.0321836,
            43.059264
          ],
          [
            -79.0321847,
            43.0592864
          ],
          [
            -79.0321862,
            43.0593128
          ],
          [
            -79.0321879,
            43.0593308
          ],
          [
            -79.0321865,
            43.0593421
          ],
          [
            -79.0321675,
            43.0594016
          ],
          [
            -79.0321421,
            43.0594775
          ],
          [
            -79.0321377,
            43.0595029
          ],
          [
            -79.0321141,
            43.0595884
          ],
          [
            -79.0321086,
            43.0596251
          ],
          [
            -79.0321071,
            43.0596401
          ],
          [
            -79.0321082,
            43.0596553
          ],
          [
            -79.0321125,
            43.0596742
          ]
        ]
      }
    },
    {
      "type": "Feature",
      "properties": {
        "@id": "way/1149306886",
        "golf": "fairway",
        "surface": "grass"
      },
      "geometry": {
        "type": "Polygon",
        "coordinates": [
          [
            [
              -79.0357991,
              43.0516071
            ],
            [
              -79.0357706,
              43.0516031
            ],
            [
              -79.0357451,
              43.0515898
            ],
            [
              -79.0357306,
              43.0515698
            ],
            [
              -79.0357038,
              43.0515201
            ],
            [
              -79.0356753,
              43.0514784
            ],
            [
              -79.0356474,
              43.0514505
            ],
            [
              -79.0356219,
              43.0514363
            ],
            [
              -79.0355679,
              43.0514101
            ],
            [
              -79.0354871,
              43.0513689
            ],
            [
              -79.0353791,
              43.0513148
            ],
            [
              -79.0353148,
              43.0512797
            ],
            [
              -79.0352868,
              43.051258
            ],
            [
              -79.0352662,
              43.0512261
            ],
            [
              -79.0352632,
              43.0512088
            ],
            [
              -79.0352619,
              43.0511742
            ],
            [
              -79.0352656,
              43.0511476
            ],
            [
              -79.0352777,
              43.0511169
            ],
            [
              -79.0353026,
              43.0510571
            ],
            [
              -79.0353142,
              43.051018
            ],
            [
              -79.0353293,
              43.0509719
            ],
            [
              -79.0353372,
              43.0509289
            ],
            [
              -79.0353487,
              43.0508739
            ],
            [
              -79.035356,
              43.0508237
            ],
            [
              -79.0353615,
              43.050763
            ],
            [
              -79.0353621,
              43.050735
            ],
            [
              -79.035356,
              43.0507164
            ],
            [
              -79.0353487,
              43.050688
            ],
            [
              -79.0353446,
              43.0506655
            ],
            [
              -79.0353414,
              43.0506464
            ],
            [
              -79.0353423,
              43.0506326
            ],
            [
              -79.035346,
              43.0506185
            ],
            [
              -79.0353713,
              43.050563
            ],
            [
              -79.0353856,
              43.0505348
            ],
            [
              -79.0353971,
              43.0505206
            ],
            [
              -79.0354182,
              43.0505035
            ],
            [
              -79.0354532,
              43.0504786
            ],
            [
              -79.0354776,
              43.0504685
            ],
            [
              -79.0355033,
              43.0504618
            ],
            [
              -79.0355351,
              43.0504588
            ],
            [
              -79.0355631,
              43.0504578
            ],
            [
              -79.0355921,
              43.0504608
            ],
            [
              -79.0356303,
              43.0504675
            ],
            [
              -79.0356501,
              43.0504739
            ],
            [
              -79.0356662,
              43.0504847
            ],
            [
              -79.0356804,
              43.0504964
            ],
            [
              -79.0356933,
              43.0505126
            ],
            [
              -79.035703,
              43.0505327
            ],
            [
              -79.0357062,
              43.0505502
            ],
            [
              -79.0357062,
              43.050567
            ],
            [
              -79.0357007,
              43.0505795
            ],
            [
              -79.0356643,
              43.0506245
            ],
            [
              -79.0356022,
              43.0506877
            ],
            [
              -79.0355733,
              43.0507193
            ],
            [
              -79.0355677,
              43.0507331
            ],
            [
              -79.0355677,
              43.0507506
            ],
            [
              -79.0355737,
              43.0507677
            ],
            [
              -79.0355852,
              43.0507913
            ],
            [
              -79.0356059,
              43.0508128
            ],
            [
              -79.0356358,
              43.0508346
            ],
            [
              -79.0356662,
              43.0508531
            ],
            [
              -79.0356984,
              43.0508713
            ],
            [
              -79.0357508,
              43.0509022
            ],
            [
              -79.0357964,
              43.0509371
            ],
            [
              -79.0358281,
              43.0509661
            ],
            [
              -79.0358516,
              43.0509963
            ],
            [
              -79.0358829,
              43.051038
            ],
            [
              -79.0359261,
              43.0511093
            ],
            [
              -79.0359643,
              43.0511829
            ],
            [
              -79.0359822,
              43.051233
            ],
            [
              -79.0359841,
              43.0512575
            ],
            [
              -79.0359843,
              43.0512781
            ],
            [
              -79.0359751,
              43.0512919
            ],
            [
              -79.0359631,
              43.0513131
            ],
            [
              -79.0359631,
              43.0513289
            ],
            [
              -79.0359714,
              43.051341
            ],
            [
              -79.035988,
              43.0513521
            ],
            [
              -79.0359963,
              43.0513632
            ],
            [
              -79.0359963,
              43.051378
            ],
            [
              -79.0359944,
              43.051418
            ],
            [
              -79.0359838,
              43.0514657
            ],
            [
              -79.0359719,
              43.0515013
            ],
            [
              -79.0359572,
              43.0515296
            ],
            [
              -79.0359415,
              43.0515504
            ],
            [
              -79.0359268,
              43.0515642
            ],
            [
              -79.0359079,
              43.0515763
            ],
            [
              -79.0358882,
              43.0515851
            ],
            [
              -79.0358679,
              43.0515935
            ],
            [
              -79.0358477,
              43.0515998
            ],
            [
              -79.035832,
              43.0516035
            ],
            [
              -79.0358164,
              43.0516066
            ],
            [
              -79.0357991,
              43.0516071
            ]
          ]
        ]
      }
    },
    {
      "type": "Feature",
      "properties": {
        "@id": "way/1149306901",
        "golf": "green"
      },
      "geometry": {
        "type": "Polygon",
        "coordinates": [
          [
            [
              -79.0310234,
              43.046988
            ],
            [
              -79.0309687,
              43.0469971
            ],
            [
              -79.0309232,
              43.0470001
            ],
            [
              -79.0308808,
              43.0469991
            ],
            [
              -79.0308454,
              43.0469927
            ],
            [
              -79.0308229,
              43.0469843
            ],
            [
              -79.0308012,
              43.0469715
            ],
            [
              -79.0307838,
              43.0469513
            ],
            [
              -79.0307782,
              43.0469335
            ],
            [
              -79.0307773,
              43.0469133
            ],
            [
              -79.0307856,
              43.0468881
            ],
            [
              -79.0307999,
              43.0468693
            ],
            [
              -79.0308183,
              43.0468555
            ],
            [
              -79.0308385,
              43.0468454
            ],
            [
              -79.0308684,
              43.0468357
            ],
            [
              -79.0309048,
              43.0468273
            ],
            [
              -79.030971,
              43.0468095
            ],
            [
              -79.031028,
              43.04679
            ],
            [
              -79.0310699,
              43.0467775
            ],
            [
              -79.0310993,
              43.0467742
            ],
            [
              -79.0311288,
              43.0467755
            ],
            [
              -79.0311578,
              43.0467792
            ],
            [
              -79.0311877,
              43.0467876
            ],
            [
              -79.0312056,
              43.0467957
            ],
            [
              -79.0312189,
              43.0468118
            ],
            [
              -79.03123,
              43.0468343
            ],
            [
              -79.0312323,
              43.0468579
            ],
            [
              -79.0312277,
              43.0468848
            ],
            [
              -79.031218,
              43.0469036
            ],
            [
              -79.0312015,
              43.0469191
            ],
            [
              -79.0311766,
              43.0469349
            ],
            [
              -79.031155,
              43.0469473
            ],
            [
              -79.0311306,
              43.0469587
            ],
            [
              -79.0310966,
              43.0469698
            ],
            [
              -79.0310607,
              43.0469799
            ],
            [
              -79.0310234,
              43.046988
            ]
          ]
        ]
      }
    },
    {
      "type": "Feature",
      "properties": {
        "@id": "way/1149306902",
        "golf": "green"
      },
      "geometry": {
        "type": "Polygon",
        "coordinates": [
          [
            [
              -79.0328586,
              43.0469583
            ],
            [
              -79.0328401,
              43.0469574
            ],
            [
              -79.0328205,
              43.0469516
            ],
            [
              -79.0327961,
              43.0469375
            ],
            [
              -79.0327777,
              43.0469176
            ],
            [
              -79.0327632,
              43.0468951
            ],
            [
              -79.0327564,
              43.0468755
            ],
            [
              -79.0327532,
              43.0468518
            ],
            [
              -79.0327544,
              43.046831
            ],
            [
              -79.0327604,
              43.0468134
            ],
            [
              -79.0327732,
              43.0467935
            ],
            [
              -79.0327957,
              43.046769
            ],
            [
              -79.0328822,
              43.0466844
            ],
            [
              -79.0329022,
              43.0466694
            ],
            [
              -79.032923,
              43.0466595
            ],
            [
              -79.0329511,
              43.0466531
            ],
            [
              -79.0329811,
              43.0466487
            ],
            [
              -79.0330115,
              43.0466501
            ],
            [
              -79.0330344,
              43.0466563
            ],
            [
              -79.0330544,
              43.0466651
            ],
            [
              -79.0330684,
              43.0466779
            ],
            [
              -79.0330756,
              43.0466926
            ],
            [
              -79.0330748,
              43.0467151
            ],
            [
              -79.0330656,
              43.0467347
            ],
            [
              -79.0330552,
              43.046754
            ],
            [
              -79.033042,
              43.0467707
            ],
            [
              -79.0329763,
              43.0468383
            ],
            [
              -79.0329619,
              43.0468568
            ],
            [
              -79.0329426,
              43.0468808
            ],
            [
              -79.0329262,
              43.0469062
            ],
            [
              -79.0329162,
              43.0469232
            ],
            [
              -79.0329066,
              43.0469343
            ],
            [
              -79.0328946,
              43.0469457
            ],
            [
              -79.032879,
              43.0469539
            ],
            [
              -79.0328586,
              43.0469583
            ]
          ]
        ]
      }
    },
    {
      "type": "Feature",
      "properties": {
        "@id": "way/1149306903",
        "golf": "green"
      },
      "geometry": {
        "type": "Polygon",
        "coordinates": [
          [
            [
              -79.0329832,
              43.050739
            ],
            [
              -79.0329621,
              43.0507404
            ],
            [
              -79.0329349,
              43.0507384
            ],
            [
              -79.0329124,
              43.0507303
            ],
            [
              -79.0328328,
              43.050692
            ],
            [
              -79.0327735,
              43.0506637
            ],
            [
              -79.0327316,
              43.0506436
            ],
            [
              -79.0327141,
              43.0506298
            ],
            [
              -79.0326948,
              43.0506116
            ],
            [
              -79.0326851,
              43.0505921
            ],
            [
              -79.0326801,
              43.0505693
            ],
            [
              -79.0326805,
              43.0505478
            ],
            [
              -79.0326861,
              43.0505242
            ],
            [
              -79.0326966,
              43.050503
            ],
            [
              -79.0327132,
              43.0504923
            ],
            [
              -79.0327344,
              43.0504839
            ],
            [
              -79.0327523,
              43.0504825
            ],
            [
              -79.0327758,
              43.0504842
            ],
            [
              -79.032807,
              43.0504926
            ],
            [
              -79.0328507,
              43.0505071
            ],
            [
              -79.0328839,
              43.0505242
            ],
            [
              -79.0329285,
              43.0505531
            ],
            [
              -79.0329625,
              43.0505746
            ],
            [
              -79.0330205,
              43.0506069
            ],
            [
              -79.0330462,
              43.050622
            ],
            [
              -79.0330554,
              43.0506345
            ],
            [
              -79.0330582,
              43.0506533
            ],
            [
              -79.0330564,
              43.0506735
            ],
            [
              -79.0330513,
              43.0506943
            ],
            [
              -79.0330412,
              43.0507091
            ],
            [
              -79.0330237,
              43.0507246
            ],
            [
              -79.0330058,
              43.0507333
            ],
            [
              -79.0329832,
              43.050739
            ]
          ]
        ]
      }
    },
    {
      "type": "Feature",
      "properties": {
        "@id": "way/1149308958",
        "golf": "water_hazard",
        "natural": "water"
      },
      "geometry": {
        "type": "Polygon",
        "coordinates": [
          [
            [
              -79.0373079,
              43.0448587
            ],
            [
              -79.0373503,
              43.0448283
            ],
            [
              -79.0373823,
              43.0448019
            ],
            [
              -79.037408,
              43.0447844
            ],
            [
              -79.0374336,
              43.0447727
            ],
            [
              -79.0374512,
              43.0447633
            ],
            [
              -79.0374664,
              43.0447381
            ],
            [
              -79.0374801,
              43.0447094
            ],
            [
              -79.0374825,
              43.044679
            ],
            [
              -79.037468,
              43.0446497
            ],
            [
              -79.0374464,
              43.0446228
            ],
            [
              -79.0374368,
              43.0446029
            ],
            [
              -79.0374376,
              43.0445824
            ],
            [
              -79.0374208,
              43.044569
            ],
            [
              -79.0373888,
              43.044545
            ],
            [
              -79.0373703,
              43.0445297
            ],
            [
              -79.0373183,
              43.044528
            ],
            [
              -79.0372878,
              43.0445204
            ],
            [
              -79.0372278,
              43.0445175
            ],
            [
              -79.0371637,
              43.0445163
            ],
            [
              -79.0370988,
              43.0445274
            ],
            [
              -79.037074,
              43.0445327
            ],
            [
              -79.0370663,
              43.0445189
            ],
            [
              -79.0369359,
              43.0445203
            ],
            [
              -79.0369355,
              43.0444982
            ],
            [
              -79.0368943,
              43.0445046
            ],
            [
              -79.0368522,
              43.0445102
            ],
            [
              -79.0368092,
              43.0445134
            ],
            [
              -79.0367662,
              43.0445152
            ],
            [
              -79.0367227,
              43.044514
            ],
            [
              -79.0366792,
              43.0445113
            ],
            [
              -79.036637,
              43.0445075
            ],
            [
              -79.0365948,
              43.0445021
            ],
            [
              -79.0365953,
              43.0445261
            ],
            [
              -79.036444,
              43.0445277
            ],
            [
              -79.0364439,
              43.0445229
            ],
            [
              -79.0363984,
              43.0445206
            ],
            [
              -79.0363693,
              43.0445218
            ],
            [
              -79.0363487,
              43.0445283
            ],
            [
              -79.0363255,
              43.0445345
            ],
            [
              -79.0363033,
              43.0445287
            ],
            [
              -79.0362806,
              43.0445264
            ],
            [
              -79.0362536,
              43.0445349
            ],
            [
              -79.0362441,
              43.0445442
            ],
            [
              -79.0362499,
              43.0445577
            ],
            [
              -79.0362536,
              43.0445689
            ],
            [
              -79.0362489,
              43.0445986
            ],
            [
              -79.0362436,
              43.0446357
            ],
            [
              -79.0362536,
              43.0446616
            ],
            [
              -79.0362531,
              43.0446797
            ],
            [
              -79.0362557,
              43.0447006
            ],
            [
              -79.0362763,
              43.044726
            ],
            [
              -79.0362991,
              43.0447384
            ],
            [
              -79.0363091,
              43.0447496
            ],
            [
              -79.036307,
              43.0447627
            ],
            [
              -79.0362985,
              43.0447697
            ],
            [
              -79.0363382,
              43.0447844
            ],
            [
              -79.0363783,
              43.044801
            ],
            [
              -79.0364222,
              43.0448214
            ],
            [
              -79.0364793,
              43.0448481
            ],
            [
              -79.0365131,
              43.0448674
            ],
            [
              -79.0365363,
              43.0448852
            ],
            [
              -79.036576,
              43.0449164
            ],
            [
              -79.036605,
              43.0449431
            ],
            [
              -79.0366235,
              43.044967
            ],
            [
              -79.0366341,
              43.0449829
            ],
            [
              -79.0366536,
              43.0450018
            ],
            [
              -79.0366727,
              43.0450215
            ],
            [
              -79.0366795,
              43.0450358
            ],
            [
              -79.036697,
              43.0450636
            ],
            [
              -79.0367096,
              43.0450852
            ],
            [
              -79.0367165,
              43.0451115
            ],
            [
              -79.0367181,
              43.0451342
            ],
            [
              -79.036717,
              43.0451644
            ],
            [
              -79.0367144,
              43.0451999
            ],
            [
              -79.0367081,
              43.0452107
            ],
            [
              -79.0366975,
              43.04522
            ],
            [
              -79.0366811,
              43.045242
            ],
            [
              -79.036651,
              43.0452779
            ],
            [
              -79.0366166,
              43.0453138
            ],
            [
              -79.036595,
              43.0453459
            ],
            [
              -79.036576,
              43.0453748
            ],
            [
              -79.0365506,
              43.0454196
            ],
            [
              -79.0365236,
              43.0454629
            ],
            [
              -79.0365131,
              43.0454849
            ],
            [
              -79.0365067,
              43.0454946
            ],
            [
              -79.0364962,
              43.0455166
            ],
            [
              -79.036474,
              43.0455413
            ],
            [
              -79.0364454,
              43.0455664
            ],
            [
              -79.0364037,
              43.045598
            ],
            [
              -79.0363487,
              43.0456448
            ],
            [
              -79.0362906,
              43.045683
            ],
            [
              -79.0362298,
              43.0457286
            ],
            [
              -79.0361786,
              43.045773
            ],
            [
              -79.0361527,
              43.0457996
            ],
            [
              -79.0361183,
              43.0458251
            ],
            [
              -79.0360792,
              43.0458603
            ],
            [
              -79.0360507,
              43.045885
            ],
            [
              -79.0359984,
              43.0459309
            ],
            [
              -79.0359709,
              43.0459599
            ],
            [
              -79.0359482,
              43.045978
            ],
            [
              -79.0359196,
              43.0459966
            ],
            [
              -79.0358927,
              43.0460194
            ],
            [
              -79.0358805,
              43.0460371
            ],
            [
              -79.0358768,
              43.0460568
            ],
            [
              -79.0358737,
              43.0460877
            ],
            [
              -79.0358747,
              43.0461155
            ],
            [
              -79.0358864,
              43.0461511
            ],
            [
              -79.0359012,
              43.0461901
            ],
            [
              -79.0359159,
              43.0462252
            ],
            [
              -79.0359307,
              43.0462499
            ],
            [
              -79.0359492,
              43.04628
            ],
            [
              -79.0359677,
              43.0463048
            ],
            [
              -79.0359878,
              43.0463229
            ],
            [
              -79.0360142,
              43.046343
            ],
            [
              -79.0360639,
              43.0463812
            ],
            [
              -79.0361083,
              43.0464164
            ],
            [
              -79.0361226,
              43.0464295
            ],
            [
              -79.0361617,
              43.0464472
            ],
            [
              -79.0361997,
              43.0464642
            ],
            [
              -79.0362272,
              43.0464774
            ],
            [
              -79.0362536,
              43.0464932
            ],
            [
              -79.0362763,
              43.0465056
            ],
            [
              -79.0363006,
              43.046528
            ],
            [
              -79.0363403,
              43.0465643
            ],
            [
              -79.0363524,
              43.046577
            ],
            [
              -79.0363931,
              43.046616
            ],
            [
              -79.0364143,
              43.0466465
            ],
            [
              -79.036438,
              43.0466824
            ],
            [
              -79.0364611,
              43.0467455
            ],
            [
              -79.0364625,
              43.046775
            ],
            [
              -79.0364611,
              43.046802
            ],
            [
              -79.0364611,
              43.0468321
            ],
            [
              -79.0364591,
              43.0468734
            ],
            [
              -79.03645,
              43.0469223
            ],
            [
              -79.0364374,
              43.0469763
            ],
            [
              -79.0364263,
              43.0470237
            ],
            [
              -79.0364165,
              43.0470502
            ],
            [
              -79.0364047,
              43.0470609
            ],
            [
              -79.0363914,
              43.0470777
            ],
            [
              -79.03636,
              43.0471185
            ],
            [
              -79.0363433,
              43.0471302
            ],
            [
              -79.0363231,
              43.0471536
            ],
            [
              -79.0363036,
              43.0471811
            ],
            [
              -79.0362799,
              43.0472138
            ],
            [
              -79.0362492,
              43.0472438
            ],
            [
              -79.036199,
              43.0472917
            ],
            [
              -79.0361746,
              43.0473192
            ],
            [
              -79.0361216,
              43.0473671
            ],
            [
              -79.0360512,
              43.0474257
            ],
            [
              -79.0360051,
              43.0474675
            ],
            [
              -79.0359724,
              43.0474981
            ],
            [
              -79.035941,
              43.0475302
            ],
            [
              -79.0359305,
              43.0475526
            ],
            [
              -79.0359006,
              43.047599
            ],
            [
              -79.0358566,
              43.0476515
            ],
            [
              -79.0358329,
              43.0476769
            ],
            [
              -79.0358183,
              43.0476988
            ],
            [
              -79.0358022,
              43.0477101
            ],
            [
              -79.0357939,
              43.0477157
            ],
            [
              -79.0357695,
              43.0477534
            ],
            [
              -79.0357339,
              43.0478089
            ],
            [
              -79.0357116,
              43.0478436
            ],
            [
              -79.0356858,
              43.0478909
            ],
            [
              -79.0356593,
              43.0479557
            ],
            [
              -79.0356272,
              43.0480316
            ],
            [
              -79.0356154,
              43.0480688
            ],
            [
              -79.0356098,
              43.0480978
            ],
            [
              -79.0356098,
              43.0481294
            ],
            [
              -79.0356168,
              43.0481585
            ],
            [
              -79.0356265,
              43.0481829
            ],
            [
              -79.0356405,
              43.0482084
            ],
            [
              -79.0356593,
              43.048239
            ],
            [
              -79.0357186,
              43.0483022
            ],
            [
              -79.035752,
              43.0483373
            ],
            [
              -79.0357785,
              43.0483664
            ],
            [
              -79.0357974,
              43.0483898
            ],
            [
              -79.0358015,
              43.0484051
            ],
            [
              -79.0358071,
              43.0484285
            ],
            [
              -79.0358078,
              43.0484703
            ],
            [
              -79.0358057,
              43.0485019
            ],
            [
              -79.0358057,
              43.0485355
            ],
            [
              -79.035812,
              43.0485635
            ],
            [
              -79.0358252,
              43.048589
            ],
            [
              -79.0358399,
              43.0486069
            ],
            [
              -79.0358559,
              43.0486145
            ],
            [
              -79.0358943,
              43.0486267
            ],
            [
              -79.0359229,
              43.0486298
            ],
            [
              -79.035957,
              43.0486379
            ],
            [
              -79.0359912,
              43.0486507
            ],
            [
              -79.0360121,
              43.04867
            ],
            [
              -79.0360219,
              43.0486991
            ],
            [
              -79.0360254,
              43.0487348
            ],
            [
              -79.0360442,
              43.0487765
            ],
            [
              -79.0360637,
              43.0488066
            ],
            [
              -79.0360763,
              43.0488249
            ],
            [
              -79.0361076,
              43.048853
            ],
            [
              -79.0361383,
              43.0488815
            ],
            [
              -79.0361655,
              43.0489126
            ],
            [
              -79.0361774,
              43.0489421
            ],
            [
              -79.0361829,
              43.0489742
            ],
            [
              -79.0361969,
              43.0490451
            ],
            [
              -79.036206,
              43.0490573
            ],
            [
              -79.0362178,
              43.0490924
            ],
            [
              -79.036229,
              43.0491164
            ],
            [
              -79.0362499,
              43.0491419
            ],
            [
              -79.0363001,
              43.0492061
            ],
            [
              -79.0363349,
              43.0492463
            ],
            [
              -79.0363503,
              43.0492637
            ],
            [
              -79.0363768,
              43.0492845
            ],
            [
              -79.0364026,
              43.0493019
            ],
            [
              -79.0364319,
              43.0493182
            ],
            [
              -79.03645,
              43.0493228
            ],
            [
              -79.0364751,
              43.0493314
            ],
            [
              -79.0365232,
              43.0493426
            ],
            [
              -79.0365894,
              43.0493538
            ],
            [
              -79.036641,
              43.0493594
            ],
            [
              -79.0366878,
              43.0493589
            ],
            [
              -79.0367421,
              43.0493584
            ],
            [
              -79.0368091,
              43.0493554
            ],
            [
              -79.0368453,
              43.0493533
            ],
            [
              -79.0368732,
              43.0493482
            ],
            [
              -79.0369039,
              43.0493431
            ],
            [
              -79.0369339,
              43.0493436
            ],
            [
              -79.0369932,
              43.0493452
            ],
            [
              -79.0370364,
              43.0493508
            ],
            [
              -79.0371019,
              43.0493564
            ],
            [
              -79.0371563,
              43.0493645
            ],
            [
              -79.0372065,
              43.0493778
            ],
            [
              -79.0372756,
              43.0494028
            ],
            [
              -79.037332,
              43.0494211
            ],
            [
              -79.0373441,
              43.0494234
            ],
            [
              -79.0373787,
              43.0494298
            ],
            [
              -79.0374234,
              43.0494369
            ],
            [
              -79.0374603,
              43.049441
            ],
            [
              -79.0374826,
              43.0494389
            ],
            [
              -79.0375119,
              43.0494333
            ],
            [
              -79.0375635,
              43.0494252
            ],
            [
              -79.0376068,
              43.0494099
            ],
            [
              -79.0376374,
              43.0493956
            ],
            [
              -79.0376765,
              43.0493768
            ],
            [
              -79.0377169,
              43.0493564
            ],
            [
              -79.0377866,
              43.0493279
            ],
            [
              -79.0378327,
              43.0493121
            ],
            [
              -79.0378947,
              43.0492968
            ],
            [
              -79.0379749,
              43.04928
            ],
            [
              -79.0380669,
              43.0492713
            ],
            [
              -79.0381513,
              43.0492647
            ],
            [
              -79.0382036,
              43.0492631
            ],
            [
              -79.0382824,
              43.0492611
            ],
            [
              -79.0383563,
              43.0492601
            ],
            [
              -79.0384135,
              43.0492519
            ],
            [
              -79.0384769,
              43.0492402
            ],
            [
              -79.0385327,
              43.049227
            ],
            [
              -79.0385683,
              43.0492127
            ],
            [
              -79.0386192,
              43.0491847
            ],
            [
              -79.0386582,
              43.0491572
            ],
            [
              -79.0386777,
              43.0491459
            ],
            [
              -79.0387077,
              43.049122
            ],
            [
              -79.0387733,
              43.0490731
            ],
            [
              -79.0388144,
              43.0490395
            ],
            [
              -79.0388318,
              43.0490181
            ],
            [
              -79.0388514,
              43.0489931
            ],
            [
              -79.0388618,
              43.0489676
            ],
            [
              -79.0388855,
              43.0489274
            ],
            [
              -79.0389113,
              43.048883
            ],
            [
              -79.0389511,
              43.0488219
            ],
            [
              -79.0389769,
              43.0487944
            ],
            [
              -79.0390124,
              43.0487602
            ],
            [
              -79.0390389,
              43.0487449
            ],
            [
              -79.0390612,
              43.0487225
            ],
            [
              -79.0390829,
              43.0487021
            ],
            [
              -79.03911,
              43.0486833
            ],
            [
              -79.0391554,
              43.0486614
            ],
            [
              -79.039184,
              43.0486558
            ],
            [
              -79.0392286,
              43.0486354
            ],
            [
              -79.0392697,
              43.0486099
            ],
            [
              -79.0393171,
              43.0485855
            ],
            [
              -79.0393548,
              43.0485702
            ],
            [
              -79.0393736,
              43.0485585
            ],
            [
              -79.0393896,
              43.0485523
            ],
            [
              -79.0394022,
              43.0485437
            ],
            [
              -79.0394078,
              43.0485376
            ],
            [
              -79.0394259,
              43.048533
            ],
            [
              -79.0394517,
              43.0485177
            ],
            [
              -79.0394977,
              43.048479
            ],
            [
              -79.0395479,
              43.0484265
            ],
            [
              -79.0395751,
              43.0483969
            ],
            [
              -79.0395995,
              43.0483653
            ],
            [
              -79.0396156,
              43.0483404
            ],
            [
              -79.0396302,
              43.0483057
            ],
            [
              -79.0396518,
              43.0482548
            ],
            [
              -79.0396581,
              43.0482084
            ],
            [
              -79.0396609,
              43.0481462
            ],
            [
              -79.0396651,
              43.0481243
            ],
            [
              -79.0396574,
              43.0480657
            ],
            [
              -79.0396462,
              43.0480428
            ],
            [
              -79.0396469,
              43.0480234
            ],
            [
              -79.0396511,
              43.0479827
            ],
            [
              -79.0396553,
              43.0479495
            ],
            [
              -79.0396644,
              43.0479225
            ],
            [
              -79.0396783,
              43.0479016
            ],
            [
              -79.0397069,
              43.0478823
            ],
            [
              -79.0397153,
              43.0478695
            ],
            [
              -79.0397466,
              43.0478517
            ],
            [
              -79.039762,
              43.0478431
            ],
            [
              -79.0397724,
              43.0478237
            ],
            [
              -79.0397724,
              43.0478033
            ],
            [
              -79.0397501,
              43.0478002
            ],
            [
              -79.0397446,
              43.0477732
            ],
            [
              -79.0397215,
              43.0477651
            ],
            [
              -79.0396916,
              43.0477605
            ],
            [
              -79.0396337,
              43.0477549
            ],
            [
              -79.0395877,
              43.0477544
            ],
            [
              -79.0395493,
              43.0477534
            ],
            [
              -79.0394949,
              43.0477529
            ],
            [
              -79.0394489,
              43.047758
            ],
            [
              -79.0394127,
              43.0477681
            ],
            [
              -79.0393645,
              43.0477885
            ],
            [
              -79.0393123,
              43.0478079
            ],
            [
              -79.0392774,
              43.0478171
            ],
            [
              -79.0392342,
              43.0478227
            ],
            [
              -79.0391972,
              43.0478196
            ],
            [
              -79.0391554,
              43.0478145
            ],
            [
              -79.0391017,
              43.0478048
            ],
            [
              -79.0390717,
              43.0477972
            ],
            [
              -79.0390466,
              43.0477845
            ],
            [
              -79.0390187,
              43.0477794
            ],
            [
              -79.0389713,
              43.0477799
            ],
            [
              -79.0389343,
              43.0477906
            ],
            [
              -79.0389009,
              43.0478023
            ],
            [
              -79.0388576,
              43.0478048
            ],
            [
              -79.0388123,
              43.0478043
            ],
            [
              -79.0387768,
              43.0478002
            ],
            [
              -79.0387447,
              43.0477931
            ],
            [
              -79.0387189,
              43.0477916
            ],
            [
              -79.0386847,
              43.0477916
            ],
            [
              -79.0386464,
              43.0478048
            ],
            [
              -79.0386171,
              43.0478216
            ],
            [
              -79.038601,
              43.0478431
            ],
            [
              -79.0385941,
              43.047868
            ],
            [
              -79.0385927,
              43.0478981
            ],
            [
              -79.0386038,
              43.0479241
            ],
            [
              -79.0386234,
              43.0479613
            ],
            [
              -79.0386394,
              43.0479969
            ],
            [
              -79.038645,
              43.048026
            ],
            [
              -79.038645,
              43.0480515
            ],
            [
              -79.0386317,
              43.0480774
            ],
            [
              -79.0386164,
              43.0480999
            ],
            [
              -79.038615,
              43.0481228
            ],
            [
              -79.0386073,
              43.048134
            ],
            [
              -79.0385983,
              43.0481717
            ],
            [
              -79.0385976,
              43.0482211
            ],
            [
              -79.0385976,
              43.0482492
            ],
            [
              -79.0385948,
              43.0483042
            ],
            [
              -79.0385857,
              43.0483292
            ],
            [
              -79.0385669,
              43.0483531
            ],
            [
              -79.0385432,
              43.0483765
            ],
            [
              -79.0385181,
              43.0483985
            ],
            [
              -79.0385139,
              43.0484117
            ],
            [
              -79.0385139,
              43.0484357
            ],
            [
              -79.0385292,
              43.0484683
            ],
            [
              -79.0385536,
              43.0485085
            ],
            [
              -79.0385725,
              43.048563
            ],
            [
              -79.0385773,
              43.0485946
            ],
            [
              -79.0385773,
              43.0486318
            ],
            [
              -79.0385725,
              43.0486731
            ],
            [
              -79.0385641,
              43.0487083
            ],
            [
              -79.0385529,
              43.0487302
            ],
            [
              -79.0385285,
              43.0487567
            ],
            [
              -79.0384874,
              43.0487852
            ],
            [
              -79.0384532,
              43.0488071
            ],
            [
              -79.0384184,
              43.0488198
            ],
            [
              -79.0383772,
              43.0488229
            ],
            [
              -79.0383445,
              43.0488193
            ],
            [
              -79.0383096,
              43.0488127
            ],
            [
              -79.0382929,
              43.0488168
            ],
            [
              -79.0382608,
              43.0488091
            ],
            [
              -79.0382343,
              43.048799
            ],
            [
              -79.0381938,
              43.0487964
            ],
            [
              -79.0381381,
              43.0487969
            ],
            [
              -79.0380886,
              43.0488046
            ],
            [
              -79.0380244,
              43.0488173
            ],
            [
              -79.0379833,
              43.0488224
            ],
            [
              -79.0379275,
              43.0488173
            ],
            [
              -79.0378787,
              43.048803
            ],
            [
              -79.0378473,
              43.0487842
            ],
            [
              -79.0378069,
              43.0487674
            ],
            [
              -79.0377588,
              43.0487567
            ],
            [
              -79.0376953,
              43.0487516
            ],
            [
              -79.0376047,
              43.04875
            ],
            [
              -79.0375579,
              43.0487577
            ],
            [
              -79.0374966,
              43.0487704
            ],
            [
              -79.0374471,
              43.0487857
            ],
            [
              -79.0373948,
              43.0488091
            ],
            [
              -79.0373104,
              43.0488443
            ],
            [
              -79.0372051,
              43.0488835
            ],
            [
              -79.0371242,
              43.0489172
            ],
            [
              -79.0370552,
              43.0489472
            ],
            [
              -79.0370078,
              43.0489625
            ],
            [
              -79.0369764,
              43.0489676
            ],
            [
              -79.0369144,
              43.0489651
            ],
            [
              -79.0368147,
              43.0489569
            ],
            [
              -79.0367791,
              43.0489488
            ],
            [
              -79.036754,
              43.048934
            ],
            [
              -79.0367226,
              43.04891
            ],
            [
              -79.0366892,
              43.0488784
            ],
            [
              -79.0366647,
              43.0488433
            ],
            [
              -79.036655,
              43.0488107
            ],
            [
              -79.0366501,
              43.0487811
            ],
            [
              -79.0366564,
              43.0487256
            ],
            [
              -79.0366696,
              43.0486813
            ],
            [
              -79.0366871,
              43.04864
            ],
            [
              -79.0367115,
              43.0486058
            ],
            [
              -79.0367324,
              43.0485849
            ],
            [
              -79.0367596,
              43.0485742
            ],
            [
              -79.0368021,
              43.0485559
            ],
            [
              -79.0368453,
              43.0485401
            ],
            [
              -79.0368732,
              43.0485228
            ],
            [
              -79.0368921,
              43.048506
            ],
            [
              -79.0368969,
              43.0484963
            ],
            [
              -79.0369039,
              43.0484713
            ],
            [
              -79.0369199,
              43.0484672
            ],
            [
              -79.0369297,
              43.0484698
            ],
            [
              -79.0369464,
              43.0484397
            ],
            [
              -79.0369562,
              43.0484107
            ],
            [
              -79.036966,
              43.0483918
            ],
            [
              -79.0369757,
              43.0483694
            ],
            [
              -79.0370022,
              43.0483343
            ],
            [
              -79.0370211,
              43.0483154
            ],
            [
              -79.037051,
              43.0483006
            ],
            [
              -79.0370817,
              43.0482981
            ],
            [
              -79.0371145,
              43.0482981
            ],
            [
              -79.0371459,
              43.0482986
            ],
            [
              -79.0371647,
              43.0482945
            ],
            [
              -79.0371814,
              43.0482823
            ],
            [
              -79.0371905,
              43.0482665
            ],
            [
              -79.0371926,
              43.0482425
            ],
            [
              -79.0371989,
              43.0482089
            ],
            [
              -79.0372044,
              43.048185
            ],
            [
              -79.0372163,
              43.0481615
            ],
            [
              -79.0372295,
              43.0481442
            ],
            [
              -79.0372484,
              43.0481274
            ],
            [
              -79.0372679,
              43.0481162
            ],
            [
              -79.0373139,
              43.0481039
            ],
            [
              -79.037378,
              43.0480861
            ],
            [
              -79.0374213,
              43.0480718
            ],
            [
              -79.0374492,
              43.0480596
            ],
            [
              -79.0374652,
              43.0480499
            ],
            [
              -79.0374757,
              43.0480382
            ],
            [
              -79.0374896,
              43.0480183
            ],
            [
              -79.0375203,
              43.0479689
            ],
            [
              -79.037551,
              43.0479174
            ],
            [
              -79.0375782,
              43.0478731
            ],
            [
              -79.0376054,
              43.0478303
            ],
            [
              -79.037627,
              43.0477977
            ],
            [
              -79.0376374,
              43.0477738
            ],
            [
              -79.0376479,
              43.0477401
            ],
            [
              -79.0376486,
              43.0477172
            ],
            [
              -79.0376388,
              43.0476983
            ],
            [
              -79.0376123,
              43.0476749
            ],
            [
              -79.0375858,
              43.0476566
            ],
            [
              -79.0375733,
              43.0476362
            ],
            [
              -79.0375691,
              43.0476087
            ],
            [
              -79.0375705,
              43.0475837
            ],
            [
              -79.0375761,
              43.0475577
            ],
            [
              -79.0375865,
              43.0475302
            ],
            [
              -79.0375858,
              43.0475144
            ],
            [
              -79.0375761,
              43.0474889
            ],
            [
              -79.0375719,
              43.047469
            ],
            [
              -79.0375726,
              43.0474461
            ],
            [
              -79.0375712,
              43.0474334
            ],
            [
              -79.0375614,
              43.0474115
            ],
            [
              -79.0375419,
              43.0473839
            ],
            [
              -79.0375154,
              43.047359
            ],
            [
              -79.0374903,
              43.0473386
            ],
            [
              -79.0374701,
              43.0473111
            ],
            [
              -79.0374408,
              43.0472683
            ],
            [
              -79.0374171,
              43.0472265
            ],
            [
              -79.0373906,
              43.0471827
            ],
            [
              -79.0373739,
              43.0471689
            ],
            [
              -79.0373446,
              43.047146
            ],
            [
              -79.0373258,
              43.0471276
            ],
            [
              -79.0373027,
              43.0470996
            ],
            [
              -79.0372874,
              43.0470619
            ],
            [
              -79.0372797,
              43.047015
            ],
            [
              -79.0372818,
              43.0469926
            ],
            [
              -79.0372846,
              43.0469809
            ],
            [
              -79.0372867,
              43.0469651
            ],
            [
              -79.0372881,
              43.0469391
            ],
            [
              -79.0372923,
              43.0469136
            ],
            [
              -79.037293,
              43.0468876
            ],
            [
              -79.0372888,
              43.0468576
            ],
            [
              -79.0372776,
              43.0468265
            ],
            [
              -79.0372567,
              43.0467964
            ],
            [
              -79.0372267,
              43.046748
            ],
            [
              -79.0372016,
              43.0467169
            ],
            [
              -79.0371689,
              43.0466894
            ],
            [
              -79.0371326,
              43.0466492
            ],
            [
              -79.0371005,
              43.0466135
            ],
            [
              -79.037074,
              43.0465778
            ],
            [
              -79.0370559,
              43.0465508
            ],
            [
              -79.0370455,
              43.0465243
            ],
            [
              -79.0370406,
              43.0464943
            ],
            [
              -79.0370392,
              43.0464596
            ],
            [
              -79.0370455,
              43.0464224
            ],
            [
              -79.037058,
              43.0463898
            ],
            [
              -79.0370796,
              43.0463572
            ],
            [
              -79.0371138,
              43.0463098
            ],
            [
              -79.0371375,
              43.0462874
            ],
            [
              -79.0371828,
              43.0462461
            ],
            [
              -79.0372121,
              43.0462216
            ],
            [
              -79.0372498,
              43.0461804
            ],
            [
              -79.0372923,
              43.0461335
            ],
            [
              -79.037323,
              43.0460978
            ],
            [
              -79.0373522,
              43.0460632
            ],
            [
              -79.0373704,
              43.0460397
            ],
            [
              -79.0373892,
              43.0460173
            ],
            [
              -79.0374136,
              43.0459883
            ],
            [
              -79.0374366,
              43.0459516
            ],
            [
              -79.0374596,
              43.0459067
            ],
            [
              -79.0374701,
              43.0458848
            ],
            [
              -79.0374785,
              43.0458481
            ],
            [
              -79.0374952,
              43.0458165
            ],
            [
              -79.0375036,
              43.0457829
            ],
            [
              -79.0375049,
              43.045759
            ],
            [
              -79.0375043,
              43.0457386
            ],
            [
              -79.0374973,
              43.0457075
            ],
            [
              -79.0374854,
              43.0456713
            ],
            [
              -79.0374645,
              43.0456275
            ],
            [
              -79.0374359,
              43.0455796
            ],
            [
              -79.037408,
              43.0455434
            ],
            [
              -79.0373592,
              43.0454976
            ],
            [
              -79.037316,
              43.0454568
            ],
            [
              -79.0372769,
              43.0454216
            ],
            [
              -79.0372574,
              43.0453916
            ],
            [
              -79.0372379,
              43.0453569
            ],
            [
              -79.0372233,
              43.0453233
            ],
            [
              -79.0372163,
              43.0452937
            ],
            [
              -79.0372107,
              43.045253
            ],
            [
              -79.0372079,
              43.0452219
            ],
            [
              -79.0371995,
              43.0452061
            ],
            [
              -79.0371772,
              43.0451786
            ],
            [
              -79.0371528,
              43.045147
            ],
            [
              -79.037127,
              43.0451082
            ],
            [
              -79.0371152,
              43.0450858
            ],
            [
              -79.0371075,
              43.0450619
            ],
            [
              -79.0371075,
              43.0450456
            ],
            [
              -79.0371075,
              43.0450262
            ],
            [
              -79.0371222,
              43.0449977
            ],
            [
              -79.0371347,
              43.0449803
            ],
            [
              -79.0371403,
              43.0449707
            ],
            [
              -79.0371452,
              43.0449574
            ],
            [
              -79.0371765,
              43.0449345
            ],
            [
              -79.0372247,
              43.0449049
            ],
            [
              -79.0372637,
              43.0448851
            ],
            [
              -79.0373079,
              43.0448587
            ]
          ]
        ]
      }
    },
    {
      "type": "Feature",
      "properties": {
        "@id": "way/1149308959",
        "golf": "bunker",
        "surface": "sand"
      },
      "geometry": {
        "type": "Polygon",
        "coordinates": [
          [
            [
              -79.0365835,
              43.0450076
            ],
            [
              -79.0365651,
              43.0450105
            ],
            [
              -79.0365434,
              43.0450096
            ],
            [
              -79.036517,
              43.0450026
            ],
            [
              -79.0364922,
              43.0449932
            ],
            [
              -79.0364778,
              43.0449821
            ],
            [
              -79.0364633,
              43.0449657
            ],
            [
              -79.0364521,
              43.0449476
            ],
            [
              -79.0364425,
              43.0449321
            ],
            [
              -79.0364313,
              43.0449168
            ],
            [
              -79.0364181,
              43.0449048
            ],
            [
              -79.0364041,
              43.0448949
            ],
            [
              -79.0363853,
              43.0448873
            ],
            [
              -79.0363612,
              43.0448838
            ],
            [
              -79.0363368,
              43.0448817
            ],
            [
              -79.0363128,
              43.0448803
            ],
            [
              -79.0362847,
              43.0448785
            ],
            [
              -79.0362651,
              43.0448759
            ],
            [
              -79.0362395,
              43.0448691
            ],
            [
              -79.0362259,
              43.0448647
            ],
            [
              -79.0362151,
              43.0448571
            ],
            [
              -79.0362002,
              43.0448416
            ],
            [
              -79.0361838,
              43.0448235
            ],
            [
              -79.0361674,
              43.0448085
            ],
            [
              -79.0361554,
              43.0447998
            ],
            [
              -79.0361354,
              43.0447863
            ],
            [
              -79.0361169,
              43.0447752
            ],
            [
              -79.0361041,
              43.0447649
            ],
            [
              -79.0360953,
              43.0447538
            ],
            [
              -79.0360925,
              43.0447445
            ],
            [
              -79.0360909,
              43.0447319
            ],
            [
              -79.0360929,
              43.044714
            ],
            [
              -79.0360965,
              43.0447
            ],
            [
              -79.0361017,
              43.0446877
            ],
            [
              -79.0361065,
              43.0446751
            ],
            [
              -79.0361185,
              43.0446567
            ],
            [
              -79.0361302,
              43.0446444
            ],
            [
              -79.036137,
              43.044642
            ],
            [
              -79.0361474,
              43.0446417
            ],
            [
              -79.036157,
              43.0446455
            ],
            [
              -79.0361654,
              43.0446505
            ],
            [
              -79.0361702,
              43.0446619
            ],
            [
              -79.0361754,
              43.0446725
            ],
            [
              -79.0361802,
              43.0446792
            ],
            [
              -79.0361874,
              43.0446962
            ],
            [
              -79.036195,
              43.0447114
            ],
            [
              -79.0362042,
              43.0447281
            ],
            [
              -79.0362175,
              43.044743
            ],
            [
              -79.0362343,
              43.044755
            ],
            [
              -79.0362611,
              43.0447708
            ],
            [
              -79.0362815,
              43.0447799
            ],
            [
              -79.0363268,
              43.0447992
            ],
            [
              -79.0363632,
              43.0448156
            ],
            [
              -79.0363949,
              43.0448287
            ],
            [
              -79.0364217,
              43.0448419
            ],
            [
              -79.0364533,
              43.0448557
            ],
            [
              -79.0364778,
              43.0448677
            ],
            [
              -79.0364938,
              43.0448782
            ],
            [
              -79.0365186,
              43.0448964
            ],
            [
              -79.036543,
              43.0449154
            ],
            [
              -79.0365639,
              43.0449315
            ],
            [
              -79.0365763,
              43.0449443
            ],
            [
              -79.0365899,
              43.0449616
            ],
            [
              -79.0365995,
              43.0449722
            ],
            [
              -79.0366031,
              43.0449812
            ],
            [
              -79.0366007,
              43.0449894
            ],
            [
              -79.0365931,
              43.0449982
            ],
            [
              -79.0365835,
              43.0450076
            ]
          ]
        ]
      }
    },
    {
      "type": "Feature",
      "properties": {
        "@id": "way/1149308960",
        "golf": "bunker",
        "surface": "sand"
      },
      "geometry": {
        "type": "Polygon",
        "coordinates": [
          [
            [
              -79.0361957,
              43.0452722
            ],
            [
              -79.0361859,
              43.0452728
            ],
            [
              -79.0361714,
              43.0452687
            ],
            [
              -79.0361642,
              43.0452633
            ],
            [
              -79.0361573,
              43.045254
            ],
            [
              -79.0361558,
              43.0452444
            ],
            [
              -79.0361587,
              43.0452338
            ],
            [
              -79.0361703,
              43.045199
            ],
            [
              -79.0361809,
              43.0451712
            ],
            [
              -79.0361877,
              43.0451579
            ],
            [
              -79.0361933,
              43.045155
            ],
            [
              -79.0362025,
              43.0451546
            ],
            [
              -79.0362115,
              43.0451563
            ],
            [
              -79.0362189,
              43.0451623
            ],
            [
              -79.0362297,
              43.0451764
            ],
            [
              -79.0362353,
              43.0451818
            ],
            [
              -79.0362363,
              43.0451868
            ],
            [
              -79.0362356,
              43.0451901
            ],
            [
              -79.0362305,
              43.0451917
            ],
            [
              -79.0362279,
              43.0451965
            ],
            [
              -79.0362282,
              43.0452029
            ],
            [
              -79.0362305,
              43.0452069
            ],
            [
              -79.036235,
              43.0452081
            ],
            [
              -79.0362406,
              43.0452096
            ],
            [
              -79.0362414,
              43.0452166
            ],
            [
              -79.03624,
              43.0452307
            ],
            [
              -79.0362358,
              43.0452455
            ],
            [
              -79.0362266,
              43.0452573
            ],
            [
              -79.0362181,
              43.0452639
            ],
            [
              -79.0362044,
              43.0452697
            ],
            [
              -79.0361957,
              43.0452722
            ]
          ]
        ]
      }
    },
    {
      "type": "Feature",
      "properties": {
        "@id": "way/1149308961",
        "golf": "bunker",
        "surface": "sand"
      },
      "geometry": {
        "type": "Polygon",
        "coordinates": [
          [
            [
              -79.0360702,
              43.0452768
            ],
            [
              -79.0360445,
              43.0452791
            ],
            [
              -79.0360295,
              43.0452761
            ],
            [
              -79.0360131,
              43.0452693
            ],
            [
              -79.035997,
              43.0452604
            ],
            [
              -79.0359819,
              43.045249
            ],
            [
              -79.0359698,
              43.0452376
            ],
            [
              -79.0359626,
              43.0452268
            ],
            [
              -79.0359595,
              43.0452193
            ],
            [
              -79.0359581,
              43.0452125
            ],
            [
              -79.0359608,
              43.04521
            ],
            [
              -79.0359655,
              43.0452044
            ],
            [
              -79.0359708,
              43.0452025
            ],
            [
              -79.0359819,
              43.0452004
            ],
            [
              -79.0359888,
              43.0451984
            ],
            [
              -79.0359925,
              43.0451946
            ],
            [
              -79.0359927,
              43.0451886
            ],
            [
              -79.0359917,
              43.0451838
            ],
            [
              -79.0359938,
              43.0451801
            ],
            [
              -79.0359993,
              43.045178
            ],
            [
              -79.0360057,
              43.0451783
            ],
            [
              -79.036011,
              43.0451783
            ],
            [
              -79.0360126,
              43.045183
            ],
            [
              -79.0360163,
              43.0451841
            ],
            [
              -79.0360237,
              43.0451841
            ],
            [
              -79.0360297,
              43.0451818
            ],
            [
              -79.0360345,
              43.0451807
            ],
            [
              -79.0360453,
              43.045182
            ],
            [
              -79.0360474,
              43.0451865
            ],
            [
              -79.0360506,
              43.0451901
            ],
            [
              -79.0360585,
              43.045195
            ],
            [
              -79.036067,
              43.0452036
            ],
            [
              -79.0360757,
              43.0452146
            ],
            [
              -79.0360834,
              43.0452274
            ],
            [
              -79.036086,
              43.0452372
            ],
            [
              -79.0360881,
              43.0452479
            ],
            [
              -79.0360892,
              43.0452533
            ],
            [
              -79.0360847,
              43.0452604
            ],
            [
              -79.0360799,
              43.0452676
            ],
            [
              -79.0360702,
              43.0452768
            ]
          ]
        ]
      }
    },
    {
      "type": "Feature",
      "properties": {
        "@id": "way/1149308962",
        "golf": "bunker",
        "surface": "sand"
      },
      "geometry": {
        "type": "Polygon",
        "coordinates": [
          [
            [
              -79.0358808,
              43.045299
            ],
            [
              -79.0358511,
              43.0453073
            ],
            [
              -79.035827,
              43.0453103
            ],
            [
              -79.0358093,
              43.0453111
            ],
            [
              -79.0357964,
              43.0453098
            ],
            [
              -79.0357858,
              43.0453048
            ],
            [
              -79.0357729,
              43.0452958
            ],
            [
              -79.0357679,
              43.0452886
            ],
            [
              -79.0357683,
              43.0452802
            ],
            [
              -79.0357713,
              43.0452715
            ],
            [
              -79.0357762,
              43.0452664
            ],
            [
              -79.0357877,
              43.0452619
            ],
            [
              -79.0358031,
              43.0452582
            ],
            [
              -79.0358132,
              43.0452584
            ],
            [
              -79.03583,
              43.045259
            ],
            [
              -79.0358394,
              43.0452558
            ],
            [
              -79.0358468,
              43.0452503
            ],
            [
              -79.0358482,
              43.0452449
            ],
            [
              -79.0358511,
              43.045241
            ],
            [
              -79.0358551,
              43.0452387
            ],
            [
              -79.0358686,
              43.045241
            ],
            [
              -79.0358806,
              43.0452421
            ],
            [
              -79.0358854,
              43.0452409
            ],
            [
              -79.0358875,
              43.0452375
            ],
            [
              -79.0358942,
              43.0452385
            ],
            [
              -79.0358997,
              43.0452385
            ],
            [
              -79.0359041,
              43.045241
            ],
            [
              -79.0359041,
              43.0452473
            ],
            [
              -79.0359068,
              43.0452516
            ],
            [
              -79.035911,
              43.0452531
            ],
            [
              -79.0359151,
              43.045254
            ],
            [
              -79.0359172,
              43.045256
            ],
            [
              -79.0359167,
              43.0452644
            ],
            [
              -79.0359149,
              43.0452713
            ],
            [
              -79.0359091,
              43.0452799
            ],
            [
              -79.0359004,
              43.0452878
            ],
            [
              -79.0358903,
              43.0452947
            ],
            [
              -79.0358808,
              43.045299
            ]
          ]
        ]
      }
    },
    {
      "type": "Feature",
      "properties": {
        "@id": "way/1149308963",
        "golf": "bunker",
        "surface": "sand"
      },
      "geometry": {
        "type": "Polygon",
        "coordinates": [
          [
            [
              -79.0356602,
              43.0453414
            ],
            [
              -79.0356446,
              43.045349
            ],
            [
              -79.0356387,
              43.0453523
            ],
            [
              -79.0356278,
              43.0453564
            ],
            [
              -79.0356069,
              43.0453654
            ],
            [
              -79.0355917,
              43.045368
            ],
            [
              -79.0355795,
              43.0453681
            ],
            [
              -79.0355701,
              43.0453659
            ],
            [
              -79.0355613,
              43.0453622
            ],
            [
              -79.0355528,
              43.0453564
            ],
            [
              -79.0355482,
              43.0453511
            ],
            [
              -79.0355471,
              43.0453458
            ],
            [
              -79.0355489,
              43.0453407
            ],
            [
              -79.0355514,
              43.045336
            ],
            [
              -79.0355544,
              43.045332
            ],
            [
              -79.0355641,
              43.0453253
            ],
            [
              -79.0355767,
              43.0453185
            ],
            [
              -79.0355857,
              43.0453115
            ],
            [
              -79.0355919,
              43.0453095
            ],
            [
              -79.0356032,
              43.0453088
            ],
            [
              -79.035611,
              43.0453073
            ],
            [
              -79.0356149,
              43.0453046
            ],
            [
              -79.0356198,
              43.0453009
            ],
            [
              -79.0356223,
              43.0452965
            ],
            [
              -79.0356264,
              43.0452948
            ],
            [
              -79.0356331,
              43.0452943
            ],
            [
              -79.0356372,
              43.045291
            ],
            [
              -79.0356407,
              43.0452859
            ],
            [
              -79.0356411,
              43.0452811
            ],
            [
              -79.0356391,
              43.0452758
            ],
            [
              -79.0356432,
              43.0452708
            ],
            [
              -79.0356476,
              43.0452695
            ],
            [
              -79.0356513,
              43.0452696
            ],
            [
              -79.0356543,
              43.0452732
            ],
            [
              -79.0356591,
              43.045275
            ],
            [
              -79.0356646,
              43.0452723
            ],
            [
              -79.0356653,
              43.0452683
            ],
            [
              -79.0356759,
              43.0452696
            ],
            [
              -79.0356881,
              43.0452721
            ],
            [
              -79.0356964,
              43.0452753
            ],
            [
              -79.0356996,
              43.0452797
            ],
            [
              -79.0357021,
              43.0452861
            ],
            [
              -79.0357005,
              43.0452926
            ],
            [
              -79.0356975,
              43.0452982
            ],
            [
              -79.035695,
              43.0453056
            ],
            [
              -79.0356888,
              43.0453157
            ],
            [
              -79.0356816,
              43.0453246
            ],
            [
              -79.0356717,
              43.0453335
            ],
            [
              -79.0356602,
              43.0453414
            ]
          ]
        ]
      }
    },
    {
      "type": "Feature",
      "properties": {
        "@id": "way/1149308964",
        "golf": "bunker",
        "surface": "sand"
      },
      "geometry": {
        "type": "Polygon",
        "coordinates": [
          [
            [
              -79.0361358,
              43.0451499
            ],
            [
              -79.0361263,
              43.0451507
            ],
            [
              -79.0361273,
              43.0451531
            ],
            [
              -79.0361299,
              43.0451537
            ],
            [
              -79.0361294,
              43.045156
            ],
            [
              -79.0361264,
              43.0451572
            ],
            [
              -79.0361231,
              43.0451572
            ],
            [
              -79.0361211,
              43.0451555
            ],
            [
              -79.0361237,
              43.0451541
            ],
            [
              -79.0361215,
              43.0451515
            ],
            [
              -79.0361153,
              43.0451507
            ],
            [
              -79.0361036,
              43.0451492
            ],
            [
              -79.0360957,
              43.0451455
            ],
            [
              -79.0360898,
              43.0451398
            ],
            [
              -79.0360819,
              43.0451265
            ],
            [
              -79.0360785,
              43.0451189
            ],
            [
              -79.0360734,
              43.0451129
            ],
            [
              -79.0360693,
              43.0451072
            ],
            [
              -79.0360647,
              43.0451001
            ],
            [
              -79.0360688,
              43.0450937
            ],
            [
              -79.0360723,
              43.0450872
            ],
            [
              -79.036075,
              43.0450811
            ],
            [
              -79.0360764,
              43.0450781
            ],
            [
              -79.0360759,
              43.0450737
            ],
            [
              -79.0360845,
              43.0450707
            ],
            [
              -79.03609,
              43.0450707
            ],
            [
              -79.0360967,
              43.0450742
            ],
            [
              -79.0361047,
              43.0450779
            ],
            [
              -79.03611,
              43.0450776
            ],
            [
              -79.0361132,
              43.0450759
            ],
            [
              -79.0361174,
              43.0450754
            ],
            [
              -79.0361233,
              43.0450769
            ],
            [
              -79.0361286,
              43.0450793
            ],
            [
              -79.0361362,
              43.0450813
            ],
            [
              -79.0361454,
              43.045083
            ],
            [
              -79.0361502,
              43.045086
            ],
            [
              -79.0361535,
              43.0450907
            ],
            [
              -79.0361574,
              43.0450983
            ],
            [
              -79.0361578,
              43.0451067
            ],
            [
              -79.0361567,
              43.0451174
            ],
            [
              -79.0361539,
              43.045127
            ],
            [
              -79.0361491,
              43.0451384
            ],
            [
              -79.0361452,
              43.0451431
            ],
            [
              -79.0361417,
              43.0451467
            ],
            [
              -79.0361358,
              43.0451499
            ]
          ]
        ]
      }
    },
    {
      "type": "Feature",
      "properties": {
        "@id": "way/1149990008",
        "golf": "green"
      },
      "geometry": {
        "type": "Polygon",
        "coordinates": [
          [
            [
              -79.0363795,
              43.0453225
            ],
            [
              -79.0363624,
              43.0453175
            ],
            [
              -79.0363464,
              43.0453107
            ],
            [
              -79.0363322,
              43.045301
            ],
            [
              -79.0363195,
              43.0452887
            ],
            [
              -79.0363119,
              43.0452767
            ],
            [
              -79.0363086,
              43.0452626
            ],
            [
              -79.0363063,
              43.0452458
            ],
            [
              -79.0363075,
              43.0452295
            ],
            [
              -79.0363098,
              43.0452028
            ],
            [
              -79.0363101,
              43.0451864
            ],
            [
              -79.0363058,
              43.0451649
            ],
            [
              -79.0363007,
              43.0451476
            ],
            [
              -79.0362943,
              43.0451287
            ],
            [
              -79.0362852,
              43.0451079
            ],
            [
              -79.0362738,
              43.0450895
            ],
            [
              -79.0362608,
              43.0450746
            ],
            [
              -79.0362422,
              43.04506
            ],
            [
              -79.0362242,
              43.0450485
            ],
            [
              -79.036211,
              43.0450399
            ],
            [
              -79.0361886,
              43.0450288
            ],
            [
              -79.0361642,
              43.0450171
            ],
            [
              -79.036149,
              43.0450113
            ],
            [
              -79.0361292,
              43.0450072
            ],
            [
              -79.0361106,
              43.0450044
            ],
            [
              -79.0360842,
              43.0450013
            ],
            [
              -79.0360621,
              43.045
            ],
            [
              -79.0360334,
              43.0449976
            ],
            [
              -79.0360098,
              43.0449946
            ],
            [
              -79.0359882,
              43.0449909
            ],
            [
              -79.0359572,
              43.044984
            ],
            [
              -79.0359307,
              43.0449771
            ],
            [
              -79.0359101,
              43.0449695
            ],
            [
              -79.0358946,
              43.0449627
            ],
            [
              -79.0358657,
              43.0449495
            ],
            [
              -79.0358179,
              43.044927
            ],
            [
              -79.0357907,
              43.0449129
            ],
            [
              -79.0357633,
              43.0448973
            ],
            [
              -79.0357277,
              43.0448769
            ],
            [
              -79.0356712,
              43.0448414
            ],
            [
              -79.0356394,
              43.044818
            ],
            [
              -79.0356059,
              43.0447942
            ],
            [
              -79.0355891,
              43.0447812
            ],
            [
              -79.0355774,
              43.0447701
            ],
            [
              -79.0355678,
              43.0447563
            ],
            [
              -79.0355619,
              43.0447419
            ],
            [
              -79.0355584,
              43.0447261
            ],
            [
              -79.0355571,
              43.0447108
            ],
            [
              -79.0355586,
              43.0446978
            ],
            [
              -79.0355627,
              43.0446783
            ],
            [
              -79.0355754,
              43.0446406
            ],
            [
              -79.0355896,
              43.044613
            ],
            [
              -79.0356049,
              43.0445957
            ],
            [
              -79.0356173,
              43.0445848
            ],
            [
              -79.03563,
              43.0445766
            ],
            [
              -79.0356493,
              43.044568
            ],
            [
              -79.0356661,
              43.0445627
            ],
            [
              -79.0356857,
              43.0445584
            ],
            [
              -79.0357121,
              43.0445537
            ],
            [
              -79.035739,
              43.0445504
            ],
            [
              -79.0357937,
              43.0445459
            ],
            [
              -79.0358473,
              43.0445439
            ],
            [
              -79.0359428,
              43.0445409
            ],
            [
              -79.0359639,
              43.0445413
            ],
            [
              -79.0359769,
              43.0445433
            ],
            [
              -79.0359906,
              43.0445485
            ],
            [
              -79.0360048,
              43.0445558
            ],
            [
              -79.0360124,
              43.0445634
            ],
            [
              -79.0360178,
              43.0445729
            ],
            [
              -79.0360206,
              43.0445833
            ],
            [
              -79.0360211,
              43.044595
            ],
            [
              -79.0360198,
              43.0446111
            ],
            [
              -79.0360127,
              43.0446639
            ],
            [
              -79.0360081,
              43.0446928
            ],
            [
              -79.0360048,
              43.0447136
            ],
            [
              -79.0360048,
              43.0447309
            ],
            [
              -79.0360074,
              43.0447467
            ],
            [
              -79.0360119,
              43.0447619
            ],
            [
              -79.0360216,
              43.0447799
            ],
            [
              -79.0360305,
              43.0447942
            ],
            [
              -79.0360447,
              43.0448139
            ],
            [
              -79.0360582,
              43.044828
            ],
            [
              -79.0360767,
              43.0448458
            ],
            [
              -79.0360927,
              43.0448585
            ],
            [
              -79.0361108,
              43.0448689
            ],
            [
              -79.03614,
              43.0448841
            ],
            [
              -79.0361636,
              43.0448949
            ],
            [
              -79.0361939,
              43.0449073
            ],
            [
              -79.0362228,
              43.0449194
            ],
            [
              -79.0362546,
              43.0449285
            ],
            [
              -79.0362853,
              43.0449383
            ],
            [
              -79.0363107,
              43.0449474
            ],
            [
              -79.036329,
              43.0449563
            ],
            [
              -79.0363651,
              43.0449751
            ],
            [
              -79.0364688,
              43.0450392
            ],
            [
              -79.0364993,
              43.0450599
            ],
            [
              -79.0365191,
              43.0450757
            ],
            [
              -79.0365349,
              43.0450921
            ],
            [
              -79.0365455,
              43.0451067
            ],
            [
              -79.0365526,
              43.0451201
            ],
            [
              -79.0365577,
              43.0451339
            ],
            [
              -79.0365603,
              43.0451452
            ],
            [
              -79.036561,
              43.045156
            ],
            [
              -79.0365595,
              43.0451675
            ],
            [
              -79.0365557,
              43.045182
            ],
            [
              -79.0365427,
              43.0452183
            ],
            [
              -79.0365252,
              43.0452572
            ],
            [
              -79.0365163,
              43.0452742
            ],
            [
              -79.0365087,
              43.0452858
            ],
            [
              -79.0364985,
              43.045296
            ],
            [
              -79.0364838,
              43.0453073
            ],
            [
              -79.0364703,
              43.0453144
            ],
            [
              -79.036451,
              43.0453199
            ],
            [
              -79.0364332,
              43.0453234
            ],
            [
              -79.0364167,
              43.0453251
            ],
            [
              -79.0363976,
              43.0453247
            ],
            [
              -79.0363795,
              43.0453225
            ]
          ]
        ]
      }
    },
    {
      "type": "Feature",
      "properties": {
        "@id": "way/1149990010",
        "golf": "bunker",
        "surface": "sand"
      },
      "geometry": {
        "type": "Polygon",
        "coordinates": [
          [
            [
              -79.0358304,
              43.0468991
            ],
            [
              -79.0358291,
              43.0469042
            ],
            [
              -79.0358238,
              43.0469102
            ],
            [
              -79.035814,
              43.0469185
            ],
            [
              -79.0358019,
              43.0469265
            ],
            [
              -79.0357826,
              43.046935
            ],
            [
              -79.0357517,
              43.0469479
            ],
            [
              -79.035734,
              43.0469535
            ],
            [
              -79.0357227,
              43.046955
            ],
            [
              -79.0357125,
              43.0469544
            ],
            [
              -79.0357041,
              43.0469527
            ],
            [
              -79.0356955,
              43.0469489
            ],
            [
              -79.0356877,
              43.0469396
            ],
            [
              -79.0356835,
              43.046929
            ],
            [
              -79.0356826,
              43.0469183
            ],
            [
              -79.0356844,
              43.046907
            ],
            [
              -79.0356906,
              43.046896
            ],
            [
              -79.0356961,
              43.046891
            ],
            [
              -79.0357083,
              43.0468853
            ],
            [
              -79.035726,
              43.046881
            ],
            [
              -79.0357344,
              43.0468805
            ],
            [
              -79.0357402,
              43.046884
            ],
            [
              -79.0357468,
              43.0468863
            ],
            [
              -79.035753,
              43.0468852
            ],
            [
              -79.0357607,
              43.0468813
            ],
            [
              -79.0357625,
              43.0468772
            ],
            [
              -79.0357621,
              43.0468711
            ],
            [
              -79.0357625,
              43.0468684
            ],
            [
              -79.0357674,
              43.0468664
            ],
            [
              -79.035774,
              43.0468666
            ],
            [
              -79.0357795,
              43.0468695
            ],
            [
              -79.0357837,
              43.0468717
            ],
            [
              -79.0357888,
              43.0468709
            ],
            [
              -79.0357988,
              43.046869
            ],
            [
              -79.0358063,
              43.0468684
            ],
            [
              -79.0358114,
              43.04687
            ],
            [
              -79.0358178,
              43.0468734
            ],
            [
              -79.0358238,
              43.046875
            ],
            [
              -79.0358309,
              43.0468764
            ],
            [
              -79.0358337,
              43.0468779
            ],
            [
              -79.0358342,
              43.0468797
            ],
            [
              -79.0358302,
              43.0468811
            ],
            [
              -79.0358317,
              43.0468858
            ],
            [
              -79.0358317,
              43.0468899
            ],
            [
              -79.03583,
              43.0468918
            ],
            [
              -79.0358337,
              43.0468932
            ],
            [
              -79.0358342,
              43.0468955
            ],
            [
              -79.0358309,
              43.046897
            ],
            [
              -79.0358304,
              43.0468991
            ]
          ]
        ]
      }
    },
    {
      "type": "Feature",
      "properties": {
        "@id": "way/1149990011",
        "golf": "bunker",
        "surface": "sand"
      },
      "geometry": {
        "type": "Polygon",
        "coordinates": [
          [
            [
              -79.0356135,
              43.0469681
            ],
            [
              -79.0356057,
              43.0469636
            ],
            [
              -79.0355973,
              43.0469587
            ],
            [
              -79.0355928,
              43.0469547
            ],
            [
              -79.0355892,
              43.0469523
            ],
            [
              -79.0355835,
              43.0469521
            ],
            [
              -79.0355812,
              43.0469503
            ],
            [
              -79.0355785,
              43.0469519
            ],
            [
              -79.0355757,
              43.0469573
            ],
            [
              -79.03557,
              43.0469583
            ],
            [
              -79.0355656,
              43.0469582
            ],
            [
              -79.0355663,
              43.0469541
            ],
            [
              -79.0355681,
              43.0469519
            ],
            [
              -79.0355607,
              43.0469517
            ],
            [
              -79.035552,
              43.0469541
            ],
            [
              -79.0355497,
              43.0469567
            ],
            [
              -79.035551,
              43.0469661
            ],
            [
              -79.035549,
              43.0469721
            ],
            [
              -79.0355433,
              43.0469747
            ],
            [
              -79.0355346,
              43.046975
            ],
            [
              -79.0355322,
              43.0469719
            ],
            [
              -79.0355307,
              43.0469696
            ],
            [
              -79.0355234,
              43.0469692
            ],
            [
              -79.03552,
              43.0469719
            ],
            [
              -79.0355136,
              43.0469746
            ],
            [
              -79.0355039,
              43.0469756
            ],
            [
              -79.0354944,
              43.0469772
            ],
            [
              -79.0354875,
              43.0469806
            ],
            [
              -79.0354824,
              43.0469866
            ],
            [
              -79.0354799,
              43.0469957
            ],
            [
              -79.0354798,
              43.047003
            ],
            [
              -79.0354819,
              43.0470074
            ],
            [
              -79.035489,
              43.0470149
            ],
            [
              -79.035495,
              43.0470181
            ],
            [
              -79.0355083,
              43.0470225
            ],
            [
              -79.0355175,
              43.0470236
            ],
            [
              -79.0355346,
              43.0470246
            ],
            [
              -79.0355463,
              43.0470252
            ],
            [
              -79.0355587,
              43.0470248
            ],
            [
              -79.0355683,
              43.0470226
            ],
            [
              -79.0355834,
              43.047017
            ],
            [
              -79.0355943,
              43.0470113
            ],
            [
              -79.0356015,
              43.0470063
            ],
            [
              -79.0356048,
              43.0470019
            ],
            [
              -79.035609,
              43.046993
            ],
            [
              -79.0356142,
              43.0469817
            ],
            [
              -79.0356157,
              43.0469783
            ],
            [
              -79.0356152,
              43.0469728
            ],
            [
              -79.0356135,
              43.0469681
            ]
          ]
        ]
      }
    },
    {
      "type": "Feature",
      "properties": {
        "@id": "way/1149990012",
        "golf": "bunker",
        "surface": "sand"
      },
      "geometry": {
        "type": "Polygon",
        "coordinates": [
          [
            [
              -79.035326,
              43.0470435
            ],
            [
              -79.0353235,
              43.0470446
            ],
            [
              -79.0353179,
              43.0470429
            ],
            [
              -79.0353156,
              43.0470474
            ],
            [
              -79.0353093,
              43.0470535
            ],
            [
              -79.0352979,
              43.047059
            ],
            [
              -79.0352912,
              43.0470605
            ],
            [
              -79.0352763,
              43.0470608
            ],
            [
              -79.0352607,
              43.0470587
            ],
            [
              -79.0352446,
              43.0470547
            ],
            [
              -79.0352238,
              43.047048
            ],
            [
              -79.0352039,
              43.0470398
            ],
            [
              -79.0351949,
              43.0470365
            ],
            [
              -79.0351914,
              43.0470327
            ],
            [
              -79.0351862,
              43.047027
            ],
            [
              -79.0351851,
              43.0470229
            ],
            [
              -79.0351852,
              43.047018
            ],
            [
              -79.0351893,
              43.0470089
            ],
            [
              -79.0351926,
              43.0470023
            ],
            [
              -79.0351974,
              43.0469972
            ],
            [
              -79.0352024,
              43.0469955
            ],
            [
              -79.0352168,
              43.0469963
            ],
            [
              -79.0352411,
              43.0469986
            ],
            [
              -79.0352584,
              43.0470011
            ],
            [
              -79.0352659,
              43.0470023
            ],
            [
              -79.0352669,
              43.0470068
            ],
            [
              -79.0352698,
              43.0470097
            ],
            [
              -79.0352754,
              43.0470101
            ],
            [
              -79.0352802,
              43.0470096
            ],
            [
              -79.0352819,
              43.0470063
            ],
            [
              -79.0352825,
              43.0470028
            ],
            [
              -79.0352867,
              43.0470052
            ],
            [
              -79.0352946,
              43.0470072
            ],
            [
              -79.0353037,
              43.04701
            ],
            [
              -79.0353114,
              43.0470139
            ],
            [
              -79.035316,
              43.0470177
            ],
            [
              -79.0353202,
              43.0470232
            ],
            [
              -79.0353229,
              43.04703
            ],
            [
              -79.0353256,
              43.0470384
            ],
            [
              -79.035326,
              43.0470435
            ]
          ]
        ]
      }
    },
    {
      "type": "Feature",
      "properties": {
        "@id": "way/1149990013",
        "golf": "bunker",
        "surface": "sand"
      },
      "geometry": {
        "type": "Polygon",
        "coordinates": [
          [
            [
              -79.0346005,
              43.0469998
            ],
            [
              -79.034597,
              43.0469791
            ],
            [
              -79.0345919,
              43.0469646
            ],
            [
              -79.0345852,
              43.0469454
            ],
            [
              -79.0345766,
              43.0469261
            ],
            [
              -79.0345702,
              43.0469093
            ],
            [
              -79.034564,
              43.0468962
            ],
            [
              -79.0345581,
              43.0468862
            ],
            [
              -79.0345484,
              43.046878
            ],
            [
              -79.034538,
              43.0468714
            ],
            [
              -79.0345269,
              43.0468665
            ],
            [
              -79.0345123,
              43.0468628
            ],
            [
              -79.0344989,
              43.0468616
            ],
            [
              -79.0344873,
              43.0468632
            ],
            [
              -79.0344699,
              43.0468674
            ],
            [
              -79.03446,
              43.046873
            ],
            [
              -79.0344491,
              43.0468834
            ],
            [
              -79.0344402,
              43.0468956
            ],
            [
              -79.0344354,
              43.0469062
            ],
            [
              -79.0344339,
              43.0469153
            ],
            [
              -79.0344357,
              43.0469288
            ],
            [
              -79.0344397,
              43.0469413
            ],
            [
              -79.0344451,
              43.0469571
            ],
            [
              -79.0344483,
              43.0469619
            ],
            [
              -79.0344511,
              43.0469647
            ],
            [
              -79.0344552,
              43.0469669
            ],
            [
              -79.0344592,
              43.0469672
            ],
            [
              -79.0344657,
              43.0469664
            ],
            [
              -79.0344706,
              43.046968
            ],
            [
              -79.0344751,
              43.0469726
            ],
            [
              -79.0344801,
              43.0469819
            ],
            [
              -79.0344828,
              43.0469929
            ],
            [
              -79.0344843,
              43.0470032
            ],
            [
              -79.0344877,
              43.0470273
            ],
            [
              -79.0344894,
              43.0470434
            ],
            [
              -79.0344899,
              43.0470565
            ],
            [
              -79.0344892,
              43.0470736
            ],
            [
              -79.0344865,
              43.0471019
            ],
            [
              -79.0344853,
              43.0471231
            ],
            [
              -79.0344852,
              43.0471557
            ],
            [
              -79.0344858,
              43.0471637
            ],
            [
              -79.0344875,
              43.047168
            ],
            [
              -79.034492,
              43.0471732
            ],
            [
              -79.0344977,
              43.0471782
            ],
            [
              -79.0345059,
              43.0471842
            ],
            [
              -79.0345135,
              43.0471882
            ],
            [
              -79.034519,
              43.0471898
            ],
            [
              -79.034523,
              43.0471896
            ],
            [
              -79.0345271,
              43.0471887
            ],
            [
              -79.0345294,
              43.047186
            ],
            [
              -79.0345311,
              43.0471834
            ],
            [
              -79.0345346,
              43.047182
            ],
            [
              -79.0345388,
              43.0471819
            ],
            [
              -79.0345447,
              43.0471834
            ],
            [
              -79.0345487,
              43.047185
            ],
            [
              -79.034552,
              43.0471856
            ],
            [
              -79.0345559,
              43.0471851
            ],
            [
              -79.0345608,
              43.0471835
            ],
            [
              -79.034566,
              43.0471814
            ],
            [
              -79.0345685,
              43.0471786
            ],
            [
              -79.0345717,
              43.0471738
            ],
            [
              -79.0345769,
              43.047165
            ],
            [
              -79.0345836,
              43.047153
            ],
            [
              -79.0345896,
              43.047141
            ],
            [
              -79.0345953,
              43.0471283
            ],
            [
              -79.0345981,
              43.0471192
            ],
            [
              -79.0345998,
              43.0471089
            ],
            [
              -79.0346025,
              43.0470957
            ],
            [
              -79.0346032,
              43.0470872
            ],
            [
              -79.0346045,
              43.0470726
            ],
            [
              -79.034605,
              43.0470584
            ],
            [
              -79.0346054,
              43.0470478
            ],
            [
              -79.0346057,
              43.047036
            ],
            [
              -79.0346049,
              43.0470262
            ],
            [
              -79.034603,
              43.0470165
            ],
            [
              -79.0346018,
              43.0470092
            ],
            [
              -79.0346005,
              43.0469998
            ]
          ]
        ]
      }
    },
    {
      "type": "Feature",
      "properties": {
        "@id": "way/1149990014",
        "golf": "bunker",
        "surface": "sand"
      },
      "geometry": {
        "type": "Polygon",
        "coordinates": [
          [
            [
              -79.0347145,
              43.0473492
            ],
            [
              -79.0347065,
              43.047349
            ],
            [
              -79.0346993,
              43.0473474
            ],
            [
              -79.0346919,
              43.0473441
            ],
            [
              -79.034686,
              43.0473394
            ],
            [
              -79.0346823,
              43.0473337
            ],
            [
              -79.0346792,
              43.0473278
            ],
            [
              -79.034678,
              43.0473213
            ],
            [
              -79.0346778,
              43.0473115
            ],
            [
              -79.0346785,
              43.0473049
            ],
            [
              -79.034681,
              43.0472965
            ],
            [
              -79.0346823,
              43.0472879
            ],
            [
              -79.0346813,
              43.047281
            ],
            [
              -79.0346787,
              43.047278
            ],
            [
              -79.034674,
              43.0472765
            ],
            [
              -79.0346696,
              43.0472757
            ],
            [
              -79.0346669,
              43.0472731
            ],
            [
              -79.0346664,
              43.0472701
            ],
            [
              -79.0346696,
              43.047267
            ],
            [
              -79.0346718,
              43.0472639
            ],
            [
              -79.0346719,
              43.0472614
            ],
            [
              -79.0346681,
              43.0472583
            ],
            [
              -79.0346636,
              43.0472567
            ],
            [
              -79.0346602,
              43.0472574
            ],
            [
              -79.0346582,
              43.0472602
            ],
            [
              -79.0346552,
              43.0472617
            ],
            [
              -79.034651,
              43.0472611
            ],
            [
              -79.0346463,
              43.047259
            ],
            [
              -79.0346419,
              43.0472562
            ],
            [
              -79.0346384,
              43.0472525
            ],
            [
              -79.0346367,
              43.0472489
            ],
            [
              -79.0346362,
              43.0472434
            ],
            [
              -79.0346362,
              43.0472374
            ],
            [
              -79.0346347,
              43.047232
            ],
            [
              -79.0346317,
              43.0472255
            ],
            [
              -79.0346297,
              43.0472203
            ],
            [
              -79.0346292,
              43.0472124
            ],
            [
              -79.03463,
              43.0472008
            ],
            [
              -79.0346332,
              43.0471899
            ],
            [
              -79.0346381,
              43.0471764
            ],
            [
              -79.0346471,
              43.0471606
            ],
            [
              -79.0346535,
              43.0471512
            ],
            [
              -79.0346612,
              43.0471384
            ],
            [
              -79.0346688,
              43.047131
            ],
            [
              -79.0346778,
              43.0471244
            ],
            [
              -79.0346862,
              43.047121
            ],
            [
              -79.0346984,
              43.0471186
            ],
            [
              -79.0347105,
              43.0471165
            ],
            [
              -79.0347246,
              43.0471169
            ],
            [
              -79.0347377,
              43.0471186
            ],
            [
              -79.0347469,
              43.0471209
            ],
            [
              -79.0347536,
              43.0471248
            ],
            [
              -79.0347625,
              43.0471311
            ],
            [
              -79.0347685,
              43.04714
            ],
            [
              -79.034772,
              43.0471487
            ],
            [
              -79.0347735,
              43.0471571
            ],
            [
              -79.0347739,
              43.0471669
            ],
            [
              -79.0347729,
              43.0471796
            ],
            [
              -79.0347717,
              43.0471884
            ],
            [
              -79.0347725,
              43.0471926
            ],
            [
              -79.0347742,
              43.0471964
            ],
            [
              -79.034775,
              43.0471997
            ],
            [
              -79.0347744,
              43.0472037
            ],
            [
              -79.034772,
              43.0472069
            ],
            [
              -79.0347682,
              43.0472086
            ],
            [
              -79.034764,
              43.0472086
            ],
            [
              -79.0347595,
              43.0472067
            ],
            [
              -79.0347556,
              43.0472032
            ],
            [
              -79.0347519,
              43.0472001
            ],
            [
              -79.0347472,
              43.0471982
            ],
            [
              -79.0347326,
              43.0471961
            ],
            [
              -79.0347244,
              43.0471968
            ],
            [
              -79.034718,
              43.0471987
            ],
            [
              -79.0347145,
              43.0472019
            ],
            [
              -79.034713,
              43.0472057
            ],
            [
              -79.0347139,
              43.0472094
            ],
            [
              -79.0347155,
              43.0472124
            ],
            [
              -79.0347197,
              43.0472161
            ],
            [
              -79.0347261,
              43.0472199
            ],
            [
              -79.0347373,
              43.0472259
            ],
            [
              -79.0347425,
              43.0472285
            ],
            [
              -79.0347469,
              43.0472295
            ],
            [
              -79.0347543,
              43.0472324
            ],
            [
              -79.0347591,
              43.0472367
            ],
            [
              -79.0347618,
              43.0472404
            ],
            [
              -79.0347626,
              43.0472456
            ],
            [
              -79.034763,
              43.0472541
            ],
            [
              -79.0347625,
              43.0472706
            ],
            [
              -79.0347618,
              43.0472817
            ],
            [
              -79.0347591,
              43.0472951
            ],
            [
              -79.0347559,
              43.0473106
            ],
            [
              -79.0347544,
              43.0473164
            ],
            [
              -79.0347529,
              43.0473198
            ],
            [
              -79.0347502,
              43.0473244
            ],
            [
              -79.0347454,
              43.0473311
            ],
            [
              -79.0347392,
              43.0473371
            ],
            [
              -79.0347336,
              43.0473413
            ],
            [
              -79.0347296,
              43.0473443
            ],
            [
              -79.0347263,
              43.0473466
            ],
            [
              -79.0347226,
              43.0473482
            ],
            [
              -79.0347185,
              43.047349
            ],
            [
              -79.0347145,
              43.0473492
            ]
          ]
        ]
      }
    },
    {
      "type": "Feature",
      "properties": {
        "@id": "way/1149990015",
        "golf": "green"
      },
      "geometry": {
        "type": "Polygon",
        "coordinates": [
          [
            [
              -79.0354041,
              43.0497776
            ],
            [
              -79.0353897,
              43.0497771
            ],
            [
              -79.0353658,
              43.0497756
            ],
            [
              -79.0353333,
              43.0497727
            ],
            [
              -79.0352941,
              43.0497687
            ],
            [
              -79.0352594,
              43.0497648
            ],
            [
              -79.0352459,
              43.0497621
            ],
            [
              -79.0352324,
              43.0497585
            ],
            [
              -79.0352207,
              43.0497535
            ],
            [
              -79.0352092,
              43.0497472
            ],
            [
              -79.0351955,
              43.0497386
            ],
            [
              -79.0351833,
              43.0497294
            ],
            [
              -79.0351749,
              43.049721
            ],
            [
              -79.035168,
              43.04971
            ],
            [
              -79.0351579,
              43.0496904
            ],
            [
              -79.0351552,
              43.0496799
            ],
            [
              -79.0351537,
              43.0496691
            ],
            [
              -79.0351541,
              43.0496581
            ],
            [
              -79.0351572,
              43.0496481
            ],
            [
              -79.0351627,
              43.0496389
            ],
            [
              -79.0351707,
              43.0496292
            ],
            [
              -79.0351795,
              43.0496209
            ],
            [
              -79.0351873,
              43.0496156
            ],
            [
              -79.0351997,
              43.0496103
            ],
            [
              -79.0352145,
              43.0496059
            ],
            [
              -79.0352271,
              43.0496048
            ],
            [
              -79.0352408,
              43.0496046
            ],
            [
              -79.0352503,
              43.0496054
            ],
            [
              -79.0352707,
              43.0496088
            ],
            [
              -79.0352837,
              43.0496127
            ],
            [
              -79.0353078,
              43.049619
            ],
            [
              -79.0353355,
              43.0496256
            ],
            [
              -79.0353589,
              43.0496297
            ],
            [
              -79.0353804,
              43.0496331
            ],
            [
              -79.0353985,
              43.0496347
            ],
            [
              -79.035412,
              43.0496347
            ],
            [
              -79.0354295,
              43.049634
            ],
            [
              -79.0354441,
              43.0496352
            ],
            [
              -79.035462,
              43.0496374
            ],
            [
              -79.0354777,
              43.0496401
            ],
            [
              -79.0354892,
              43.0496438
            ],
            [
              -79.0355016,
              43.0496492
            ],
            [
              -79.0355102,
              43.0496564
            ],
            [
              -79.0355151,
              43.049664
            ],
            [
              -79.0355177,
              43.0496732
            ],
            [
              -79.0355179,
              43.0496834
            ],
            [
              -79.0355177,
              43.0496939
            ],
            [
              -79.0355162,
              43.0497049
            ],
            [
              -79.0355133,
              43.0497151
            ],
            [
              -79.0355089,
              43.0497253
            ],
            [
              -79.0355016,
              43.0497371
            ],
            [
              -79.0354954,
              43.049746
            ],
            [
              -79.0354883,
              43.0497523
            ],
            [
              -79.0354761,
              43.0497609
            ],
            [
              -79.035466,
              43.0497664
            ],
            [
              -79.03545,
              43.0497714
            ],
            [
              -79.0354392,
              43.0497743
            ],
            [
              -79.0354264,
              43.0497762
            ],
            [
              -79.0354146,
              43.049777
            ],
            [
              -79.0354041,
              43.0497776
            ]
          ]
        ]
      }
    },
    {
      "type": "Feature",
      "properties": {
        "@id": "way/1150297497",
        "golf": "cartpath",
        "golf_cart": "yes",
        "highway": "path"
      },
      "geometry": {
        "type": "LineString",
        "coordinates": [
          [
            -79.0386013,
            43.0532561
          ],
          [
            -79.0385963,
            43.053269
          ],
          [
            -79.0385809,
            43.0532918
          ],
          [
            -79.0385527,
            43.0533261
          ],
          [
            -79.0385104,
            43.0533695
          ],
          [
            -79.0384823,
            43.0533962
          ],
          [
            -79.0384553,
            43.0534151
          ],
          [
            -79.0384283,
            43.0534322
          ],
          [
            -79.0383964,
            43.0534486
          ],
          [
            -79.0383656,
            43.0534643
          ],
          [
            -79.0382998,
            43.0534903
          ],
          [
            -79.0382714,
            43.0535026
          ],
          [
            -79.0382312,
            43.0535245
          ],
          [
            -79.0381977,
            43.0535464
          ],
          [
            -79.0381753,
            43.0535646
          ],
          [
            -79.0381296,
            43.0536062
          ],
          [
            -79.0379578,
            43.0537488
          ],
          [
            -79.0379039,
            43.0537971
          ],
          [
            -79.0378902,
            43.053809
          ],
          [
            -79.0378785,
            43.0538208
          ],
          [
            -79.0378221,
            43.0538851
          ],
          [
            -79.0377611,
            43.0539467
          ],
          [
            -79.0377108,
            43.0539954
          ],
          [
            -79.0376249,
            43.0540759
          ],
          [
            -79.0375375,
            43.0541484
          ],
          [
            -79.0374786,
            43.0541996
          ],
          [
            -79.0374303,
            43.0542385
          ],
          [
            -79.0373999,
            43.0542598
          ],
          [
            -79.0373713,
            43.0542777
          ],
          [
            -79.0373416,
            43.0542935
          ],
          [
            -79.0372587,
            43.0543332
          ],
          [
            -79.0372044,
            43.0543575
          ],
          [
            -79.0371448,
            43.0543925
          ],
          [
            -79.0371139,
            43.0544125
          ],
          [
            -79.0370935,
            43.0544287
          ],
          [
            -79.0370746,
            43.0544472
          ],
          [
            -79.0370665,
            43.054456
          ],
          [
            -79.0370424,
            43.0544824
          ],
          [
            -79.0370033,
            43.0545306
          ],
          [
            -79.036953,
            43.0545938
          ],
          [
            -79.0369007,
            43.0546595
          ],
          [
            -79.0368768,
            43.054687
          ],
          [
            -79.0368448,
            43.0547152
          ],
          [
            -79.0367416,
            43.0547976
          ],
          [
            -79.0366862,
            43.0548459
          ],
          [
            -79.0366455,
            43.0548838
          ],
          [
            -79.0365317,
            43.0549911
          ],
          [
            -79.0364468,
            43.0550665
          ],
          [
            -79.0364133,
            43.0550984
          ],
          [
            -79.036361,
            43.0551511
          ],
          [
            -79.0363234,
            43.0551961
          ],
          [
            -79.0362314,
            43.0553145
          ],
          [
            -79.0361912,
            43.0553765
          ],
          [
            -79.0361684,
            43.0554181
          ],
          [
            -79.0361531,
            43.0554471
          ],
          [
            -79.0361435,
            43.0554645
          ],
          [
            -79.0361277,
            43.0554864
          ],
          [
            -79.0361125,
            43.0555024
          ],
          [
            -79.0360865,
            43.055531
          ],
          [
            -79.0360581,
            43.05556
          ],
          [
            -79.0360159,
            43.0556056
          ],
          [
            -79.0359935,
            43.0556235
          ],
          [
            -79.03596,
            43.0556472
          ],
          [
            -79.035928,
            43.0556673
          ],
          [
            -79.0358934,
            43.0556869
          ],
          [
            -79.035865,
            43.055704
          ],
          [
            -79.0358474,
            43.0557143
          ],
          [
            -79.0358284,
            43.0557282
          ],
          [
            -79.0358098,
            43.0557431
          ],
          [
            -79.0357961,
            43.0557589
          ],
          [
            -79.0357824,
            43.0557829
          ],
          [
            -79.0357669,
            43.0558171
          ],
          [
            -79.0357408,
            43.0558934
          ],
          [
            -79.0357129,
            43.05598
          ],
          [
            -79.0356979,
            43.0560127
          ],
          [
            -79.0356846,
            43.0560389
          ],
          [
            -79.0356656,
            43.0560741
          ],
          [
            -79.0356258,
            43.0561475
          ],
          [
            -79.0355966,
            43.0562005
          ],
          [
            -79.0355713,
            43.0562451
          ],
          [
            -79.0355603,
            43.0562619
          ],
          [
            -79.0355488,
            43.0562752
          ],
          [
            -79.0355315,
            43.0562936
          ],
          [
            -79.0354532,
            43.0563728
          ],
          [
            -79.0354218,
            43.0564035
          ],
          [
            -79.0353922,
            43.0564365
          ],
          [
            -79.0353736,
            43.0564594
          ],
          [
            -79.0353621,
            43.0564795
          ],
          [
            -79.0353528,
            43.0564998
          ],
          [
            -79.0353457,
            43.0565202
          ],
          [
            -79.0353435,
            43.0565415
          ],
          [
            -79.0353444,
            43.0565671
          ],
          [
            -79.0353493,
            43.0565949
          ],
          [
            -79.035359,
            43.0566162
          ],
          [
            -79.0353736,
            43.0566366
          ],
          [
            -79.03539,
            43.0566553
          ],
          [
            -79.0354094,
            43.0566708
          ],
          [
            -79.0354289,
            43.0566854
          ],
          [
            -79.0354492,
            43.0567028
          ],
          [
            -79.0354621,
            43.0567167
          ],
          [
            -79.035474,
            43.0567342
          ],
          [
            -79.0354837,
            43.0567549
          ],
          [
            -79.0354921,
            43.0567817
          ],
          [
            -79.0355174,
            43.0568877
          ],
          [
            -79.0355249,
            43.0568984
          ],
          [
            -79.0355351,
            43.0569094
          ],
          [
            -79.0355492,
            43.0569197
          ],
          [
            -79.0355705,
            43.0569314
          ],
          [
            -79.0355952,
            43.0569401
          ],
          [
            -79.0356173,
            43.0569485
          ],
          [
            -79.0356324,
            43.0569576
          ],
          [
            -79.035643,
            43.0569689
          ],
          [
            -79.0356501,
            43.0569818
          ],
          [
            -79.0356545,
            43.0569941
          ],
          [
            -79.0356545,
            43.0570093
          ],
          [
            -79.0356483,
            43.0570241
          ],
          [
            -79.0356182,
            43.0570704
          ],
          [
            -79.0355828,
            43.0571234
          ],
          [
            -79.035566,
            43.0571525
          ],
          [
            -79.0355523,
            43.0571858
          ],
          [
            -79.035543,
            43.05721
          ],
          [
            -79.0355399,
            43.0572268
          ],
          [
            -79.035539,
            43.0572472
          ],
          [
            -79.0355404,
            43.0572705
          ],
          [
            -79.0355466,
            43.0573112
          ],
          [
            -79.0355523,
            43.0573445
          ],
          [
            -79.0355536,
            43.0573606
          ],
          [
            -79.0355576,
            43.057444
          ],
          [
            -79.0355554,
            43.0574735
          ],
          [
            -79.0355519,
            43.0574987
          ],
          [
            -79.0355457,
            43.0575232
          ],
          [
            -79.0355346,
            43.0575533
          ],
          [
            -79.0355227,
            43.057583
          ],
          [
            -79.0355103,
            43.0576057
          ],
          [
            -79.0354687,
            43.0576664
          ],
          [
            -79.0354559,
            43.0576868
          ],
          [
            -79.0354457,
            43.0577068
          ],
          [
            -79.0354391,
            43.0577256
          ],
          [
            -79.0354315,
            43.0577518
          ],
          [
            -79.0354253,
            43.0577822
          ],
          [
            -79.0354227,
            43.0578109
          ],
          [
            -79.0354218,
            43.0578323
          ],
          [
            -79.03542,
            43.0578572
          ],
          [
            -79.0354187,
            43.0578769
          ],
          [
            -79.0354165,
            43.0578966
          ],
          [
            -79.0354121,
            43.057917
          ],
          [
            -79.035405,
            43.0579373
          ],
          [
            -79.0353975,
            43.0579506
          ],
          [
            -79.0353369,
            43.0580391
          ],
          [
            -79.0353258,
            43.0580524
          ],
          [
            -79.0353156,
            43.058064
          ],
          [
            -79.0353037,
            43.0580789
          ],
          [
            -79.0352816,
            43.058108
          ],
          [
            -79.0352568,
            43.0581445
          ],
          [
            -79.0352515,
            43.0581555
          ],
          [
            -79.0352422,
            43.0581778
          ],
          [
            -79.035194,
            43.0582961
          ],
          [
            -79.0351856,
            43.0583136
          ],
          [
            -79.0351754,
            43.0583297
          ],
          [
            -79.0350913,
            43.0584535
          ],
          [
            -79.0350785,
            43.0584713
          ],
          [
            -79.0350661,
            43.0584894
          ],
          [
            -79.0350604,
            43.0584994
          ],
          [
            -79.0350559,
            43.0585124
          ],
          [
            -79.0350546,
            43.0585227
          ],
          [
            -79.0350515,
            43.0585411
          ],
          [
            -79.035048,
            43.0585625
          ],
          [
            -79.0350396,
            43.0585929
          ],
          [
            -79.0350263,
            43.0586236
          ],
          [
            -79.0350095,
            43.0586514
          ],
          [
            -79.0349927,
            43.0586759
          ],
          [
            -79.034975,
            43.0586979
          ],
          [
            -79.0349507,
            43.0587247
          ],
          [
            -79.0349299,
            43.0587506
          ],
          [
            -79.0349113,
            43.0587768
          ],
          [
            -79.0348768,
            43.0588317
          ],
          [
            -79.0348427,
            43.0588718
          ],
          [
            -79.0348131,
            43.0589022
          ],
          [
            -79.0347755,
            43.0589371
          ],
          [
            -79.0347516,
            43.0589607
          ],
          [
            -79.0346551,
            43.0590506
          ],
          [
            -79.0345879,
            43.0591094
          ],
          [
            -79.0344923,
            43.0591921
          ],
          [
            -79.0344423,
            43.0592335
          ],
          [
            -79.0344074,
            43.0592591
          ],
          [
            -79.0343401,
            43.0592959
          ],
          [
            -79.0342456,
            43.0593559
          ],
          [
            -79.0341939,
            43.0593821
          ],
          [
            -79.0341067,
            43.0594238
          ],
          [
            -79.0340753,
            43.0594422
          ],
          [
            -79.0340235,
            43.0594749
          ],
          [
            -79.0339926,
            43.0594904
          ],
          [
            -79.0339669,
            43.0594998
          ],
          [
            -79.0339417,
            43.0595069
          ],
          [
            -79.0339125,
            43.0595114
          ],
          [
            -79.0338802,
            43.059514
          ],
          [
            -79.0336953,
            43.059524
          ],
          [
            -79.0336572,
            43.0595279
          ],
          [
            -79.033628,
            43.0595324
          ],
          [
            -79.0334573,
            43.0595635
          ],
          [
            -79.0334051,
            43.0595751
          ],
          [
            -79.0333763,
            43.0595835
          ],
          [
            -79.0333502,
            43.0595935
          ],
          [
            -79.033329,
            43.0596058
          ],
          [
            -79.0333153,
            43.05962
          ],
          [
            -79.0332471,
            43.0597125
          ],
          [
            -79.0332312,
            43.0597293
          ],
          [
            -79.0332117,
            43.0597425
          ],
          [
            -79.0331852,
            43.0597564
          ],
          [
            -79.0331626,
            43.0597658
          ],
          [
            -79.0331352,
            43.0597739
          ],
          [
            -79.0331069,
            43.0597791
          ],
          [
            -79.0330812,
            43.0597813
          ],
          [
            -79.0329861,
            43.0597807
          ],
          [
            -79.0329636,
            43.0597826
          ],
          [
            -79.0329388,
            43.0597868
          ],
          [
            -79.0329021,
            43.0597943
          ],
          [
            -79.0327344,
            43.0598654
          ],
          [
            -79.0326999,
            43.0598764
          ],
          [
            -79.0326698,
            43.0598838
          ],
          [
            -79.0326437,
            43.0598864
          ],
          [
            -79.0325986,
            43.0598867
          ],
          [
            -79.0325787,
            43.059884
          ],
          [
            -79.0325568,
            43.0598821
          ],
          [
            -79.0325431,
            43.0598838
          ],
          [
            -79.0325253,
            43.0598891
          ],
          [
            -79.0324859,
            43.0598951
          ],
          [
            -79.0324593,
            43.0598972
          ],
          [
            -79.0324368,
            43.0598964
          ],
          [
            -79.0324161,
            43.0598919
          ],
          [
            -79.0323875,
            43.0598834
          ],
          [
            -79.032248,
            43.0598241
          ],
          [
            -79.0322217,
            43.0598098
          ],
          [
            -79.0322028,
            43.059797
          ],
          [
            -79.0321765,
            43.0597768
          ],
          [
            -79.0321569,
            43.0597576
          ],
          [
            -79.0321421,
            43.0597362
          ],
          [
            -79.0321298,
            43.0597138
          ],
          [
            -79.0321172,
            43.0596895
          ],
          [
            -79.0321125,
            43.0596742
          ]
        ]
      }
    },
    {
      "type": "Feature",
      "properties": {
        "@id": "way/1150297498",
        "golf": "bunker",
        "surface": "sand"
      },
      "geometry": {
        "type": "Polygon",
        "coordinates": [
          [
            [
              -79.0362401,
              43.0456899
            ],
            [
              -79.0362639,
              43.0456691
            ],
            [
              -79.0362887,
              43.0456515
            ],
            [
              -79.0363051,
              43.0456378
            ],
            [
              -79.0363135,
              43.0456275
            ],
            [
              -79.0363165,
              43.0456164
            ],
            [
              -79.0363148,
              43.0456054
            ],
            [
              -79.0363061,
              43.0455939
            ],
            [
              -79.0362937,
              43.0455843
            ],
            [
              -79.0362806,
              43.0455767
            ],
            [
              -79.0362619,
              43.0455723
            ],
            [
              -79.0362374,
              43.0455679
            ],
            [
              -79.0362196,
              43.0455667
            ],
            [
              -79.0362049,
              43.0455684
            ],
            [
              -79.0361891,
              43.0455733
            ],
            [
              -79.0361656,
              43.0455819
            ],
            [
              -79.0361542,
              43.0455905
            ],
            [
              -79.0361214,
              43.0456275
            ],
            [
              -79.0360979,
              43.0456569
            ],
            [
              -79.0360942,
              43.0456664
            ],
            [
              -79.0360879,
              43.045687
            ],
            [
              -79.0360815,
              43.0456995
            ],
            [
              -79.0360698,
              43.045716
            ],
            [
              -79.0360578,
              43.0457258
            ],
            [
              -79.0360426,
              43.0457335
            ],
            [
              -79.0360274,
              43.0457367
            ],
            [
              -79.0359974,
              43.0457391
            ],
            [
              -79.0359799,
              43.0457391
            ],
            [
              -79.0359647,
              43.0457412
            ],
            [
              -79.035946,
              43.0457478
            ],
            [
              -79.0359285,
              43.0457572
            ],
            [
              -79.0359156,
              43.0457668
            ],
            [
              -79.0359048,
              43.0457783
            ],
            [
              -79.035894,
              43.0457977
            ],
            [
              -79.03589,
              43.0458112
            ],
            [
              -79.0358888,
              43.0458327
            ],
            [
              -79.0358911,
              43.0458444
            ],
            [
              -79.035892,
              43.0458547
            ],
            [
              -79.0358905,
              43.0458636
            ],
            [
              -79.0358853,
              43.0458715
            ],
            [
              -79.0358771,
              43.0458756
            ],
            [
              -79.0358666,
              43.0458773
            ],
            [
              -79.0358602,
              43.0458758
            ],
            [
              -79.0358503,
              43.0458711
            ],
            [
              -79.035829,
              43.0458613
            ],
            [
              -79.0358205,
              43.0458604
            ],
            [
              -79.0358106,
              43.0458615
            ],
            [
              -79.035796,
              43.0458675
            ],
            [
              -79.0357837,
              43.0458749
            ],
            [
              -79.0357747,
              43.0458845
            ],
            [
              -79.0357671,
              43.0458988
            ],
            [
              -79.035763,
              43.0459178
            ],
            [
              -79.0357566,
              43.0459502
            ],
            [
              -79.0357516,
              43.0459711
            ],
            [
              -79.0357461,
              43.0459869
            ],
            [
              -79.0357361,
              43.0460018
            ],
            [
              -79.0357221,
              43.0460178
            ],
            [
              -79.0357049,
              43.0460304
            ],
            [
              -79.0356734,
              43.0460481
            ],
            [
              -79.0356442,
              43.0460605
            ],
            [
              -79.0356077,
              43.0460722
            ],
            [
              -79.0355902,
              43.0460806
            ],
            [
              -79.0355739,
              43.0460923
            ],
            [
              -79.0355622,
              43.0461042
            ],
            [
              -79.0355496,
              43.046123
            ],
            [
              -79.0355417,
              43.0461424
            ],
            [
              -79.0355411,
              43.0461633
            ],
            [
              -79.0355479,
              43.0461805
            ],
            [
              -79.0355572,
              43.0461939
            ],
            [
              -79.0355712,
              43.0462088
            ],
            [
              -79.0355804,
              43.0462199
            ],
            [
              -79.0355827,
              43.0462259
            ],
            [
              -79.0355835,
              43.0462345
            ],
            [
              -79.0355824,
              43.0462416
            ],
            [
              -79.0355769,
              43.0462479
            ],
            [
              -79.0355672,
              43.0462519
            ],
            [
              -79.0355521,
              43.0462547
            ],
            [
              -79.0355402,
              43.0462571
            ],
            [
              -79.0355361,
              43.0462591
            ],
            [
              -79.0355346,
              43.0462641
            ],
            [
              -79.0355376,
              43.0462768
            ],
            [
              -79.0355435,
              43.0462885
            ],
            [
              -79.0355524,
              43.0462989
            ],
            [
              -79.035561,
              43.0463074
            ],
            [
              -79.0355745,
              43.0463165
            ],
            [
              -79.035592,
              43.046325
            ],
            [
              -79.0356078,
              43.0463319
            ],
            [
              -79.0356499,
              43.0463421
            ],
            [
              -79.0357747,
              43.0463733
            ],
            [
              -79.03581,
              43.0463798
            ],
            [
              -79.03584,
              43.046385
            ],
            [
              -79.0358581,
              43.0463893
            ],
            [
              -79.0358791,
              43.0463954
            ],
            [
              -79.0359114,
              43.0464066
            ],
            [
              -79.0359749,
              43.0464277
            ],
            [
              -79.0359922,
              43.0464305
            ],
            [
              -79.0360095,
              43.0464303
            ],
            [
              -79.0360197,
              43.0464283
            ],
            [
              -79.0360306,
              43.046424
            ],
            [
              -79.0360397,
              43.0464177
            ],
            [
              -79.0360428,
              43.0464101
            ],
            [
              -79.0360418,
              43.0464027
            ],
            [
              -79.0360369,
              43.0463928
            ],
            [
              -79.0360303,
              43.0463832
            ],
            [
              -79.0360194,
              43.0463728
            ],
            [
              -79.035996,
              43.046354
            ],
            [
              -79.0359706,
              43.0463373
            ],
            [
              -79.0359531,
              43.04632
            ],
            [
              -79.0359366,
              43.0463007
            ],
            [
              -79.0359119,
              43.0462714
            ],
            [
              -79.035899,
              43.0462543
            ],
            [
              -79.0358868,
              43.0462426
            ],
            [
              -79.0358809,
              43.0462301
            ],
            [
              -79.0358802,
              43.046216
            ],
            [
              -79.0358743,
              43.0461997
            ],
            [
              -79.0358687,
              43.0461871
            ],
            [
              -79.0358621,
              43.0461663
            ],
            [
              -79.0358502,
              43.0461317
            ],
            [
              -79.0358471,
              43.0461156
            ],
            [
              -79.0358461,
              43.0461026
            ],
            [
              -79.0358466,
              43.0460771
            ],
            [
              -79.0358497,
              43.0460647
            ],
            [
              -79.035855,
              43.0460489
            ],
            [
              -79.0358636,
              43.0460246
            ],
            [
              -79.0358779,
              43.0460043
            ],
            [
              -79.0358913,
              43.04599
            ],
            [
              -79.0359053,
              43.0459826
            ],
            [
              -79.0359183,
              43.0459765
            ],
            [
              -79.0359381,
              43.0459585
            ],
            [
              -79.0359874,
              43.0459087
            ],
            [
              -79.0360042,
              43.0458918
            ],
            [
              -79.036058,
              43.0458458
            ],
            [
              -79.0361058,
              43.0458057
            ],
            [
              -79.0361655,
              43.0457505
            ],
            [
              -79.0361983,
              43.0457212
            ],
            [
              -79.0362401,
              43.0456899
            ]
          ]
        ]
      }
    },
    {
      "type": "Feature",
      "properties": {
        "@id": "way/1150297499",
        "golf": "cartpath",
        "golf_cart": "yes",
        "highway": "path"
      },
      "geometry": {
        "type": "LineString",
        "coordinates": [
          [
            -79.0350234,
            43.0501087
          ],
          [
            -79.0350773,
            43.0501044
          ],
          [
            -79.03513,
            43.0500959
          ],
          [
            -79.0353237,
            43.0500374
          ],
          [
            -79.0357923,
            43.0499111
          ],
          [
            -79.0362534,
            43.0497465
          ],
          [
            -79.0363279,
            43.04972
          ],
          [
            -79.0364484,
            43.0496087
          ],
          [
            -79.0366742,
            43.0495534
          ],
          [
            -79.0369457,
            43.0495716
          ],
          [
            -79.0371315,
            43.0495954
          ],
          [
            -79.0372578,
            43.0496609
          ],
          [
            -79.037279,
            43.0496685
          ],
          [
            -79.0372963,
            43.0496732
          ],
          [
            -79.0373131,
            43.0496755
          ]
        ]
      }
    },
    {
      "type": "Feature",
      "properties": {
        "@id": "way/1150297500",
        "embankment": "yes",
        "golf": "cartpath",
        "golf_cart": "yes",
        "highway": "path"
      },
      "geometry": {
        "type": "LineString",
        "coordinates": [
          [
            -79.0373131,
            43.0496755
          ],
          [
            -79.0373877,
            43.049679
          ]
        ]
      }
    },
    {
      "type": "Feature",
      "properties": {
        "@id": "way/1150297501",
        "waterway": "stream"
      },
      "geometry": {
        "type": "LineString",
        "coordinates": [
          [
            -79.0373441,
            43.0494234
          ],
          [
            -79.0373395,
            43.0494625
          ],
          [
            -79.0373302,
            43.0495009
          ],
          [
            -79.037315,
            43.0495487
          ],
          [
            -79.0373091,
            43.049573
          ],
          [
            -79.037308,
            43.0495866
          ],
          [
            -79.0373124,
            43.0495987
          ],
          [
            -79.0373248,
            43.049618
          ],
          [
            -79.0373355,
            43.0496371
          ],
          [
            -79.0373419,
            43.0496477
          ]
        ]
      }
    },
    {
      "type": "Feature",
      "properties": {
        "@id": "way/1150297502",
        "layer": "-1",
        "tunnel": "culvert",
        "waterway": "stream"
      },
      "geometry": {
        "type": "LineString",
        "coordinates": [
          [
            -79.0374147,
            43.0498711
          ],
          [
            -79.0374405,
            43.0499474
          ]
        ]
      }
    },
    {
      "type": "Feature",
      "properties": {
        "@id": "way/1150297503",
        "waterway": "stream"
      },
      "geometry": {
        "type": "LineString",
        "coordinates": [
          [
            -79.0373657,
            43.0497104
          ],
          [
            -79.0373804,
            43.0497141
          ],
          [
            -79.0373862,
            43.0497208
          ],
          [
            -79.0373893,
            43.0497329
          ],
          [
            -79.0373846,
            43.0497574
          ],
          [
            -79.0373812,
            43.0497878
          ],
          [
            -79.037385,
            43.0498064
          ],
          [
            -79.0373935,
            43.0498337
          ],
          [
            -79.0374047,
            43.0498531
          ],
          [
            -79.0374147,
            43.0498711
          ]
        ]
      }
    },
    {
      "type": "Feature",
      "properties": {
        "@id": "way/1150297504",
        "layer": "-1",
        "tunnel": "culvert",
        "waterway": "stream"
      },
      "geometry": {
        "type": "LineString",
        "coordinates": [
          [
            -79.0373419,
            43.0496477
          ],
          [
            -79.0373657,
            43.0497104
          ]
        ]
      }
    },
    {
      "type": "Feature",
      "properties": {
        "@id": "way/1201216214",
        "golf": "tee",
        "tee": "white"
      },
      "geometry": {
        "type": "Polygon",
        "coordinates": [
          [
            [
              -79.0370368,
              43.049532
            ],
            [
              -79.0370846,
              43.0495381
            ],
            [
              -79.0371063,
              43.0495369
            ],
            [
              -79.0371315,
              43.0495346
            ],
            [
              -79.0371478,
              43.0495278
            ],
            [
              -79.03717,
              43.0495158
            ],
            [
              -79.0371841,
              43.0495042
            ],
            [
              -79.0371899,
              43.0494913
            ],
            [
              -79.0371899,
              43.0494748
            ],
            [
              -79.037181,
              43.0494589
            ],
            [
              -79.037162,
              43.049447
            ],
            [
              -79.0371332,
              43.0494395
            ],
            [
              -79.0370939,
              43.0494328
            ],
            [
              -79.0370341,
              43.0494289
            ],
            [
              -79.0369992,
              43.0494328
            ],
            [
              -79.0369731,
              43.0494408
            ],
            [
              -79.036955,
              43.0494515
            ],
            [
              -79.0369452,
              43.0494651
            ],
            [
              -79.0369426,
              43.0494783
            ],
            [
              -79.0369492,
              43.0494981
            ],
            [
              -79.0369616,
              43.0495113
            ],
            [
              -79.0369819,
              43.0495226
            ],
            [
              -79.0370036,
              43.0495268
            ],
            [
              -79.0370368,
              43.049532
            ]
          ]
        ]
      }
    },
    {
      "type": "Feature",
      "properties": {
        "@id": "way/1201216215",
        "golf": "tee",
        "tee": "blue"
      },
      "geometry": {
        "type": "Polygon",
        "coordinates": [
          [
            [
              -79.0367305,
              43.0495263
            ],
            [
              -79.0367778,
              43.0495241
            ],
            [
              -79.0367935,
              43.0495204
            ],
            [
              -79.0368173,
              43.0495101
            ],
            [
              -79.0368341,
              43.0494957
            ],
            [
              -79.0368398,
              43.0494856
            ],
            [
              -79.0368418,
              43.0494739
            ],
            [
              -79.0368408,
              43.0494616
            ],
            [
              -79.0368331,
              43.0494496
            ],
            [
              -79.036825,
              43.0494423
            ],
            [
              -79.0368076,
              43.0494347
            ],
            [
              -79.0367835,
              43.0494293
            ],
            [
              -79.036756,
              43.0494276
            ],
            [
              -79.0367261,
              43.0494273
            ],
            [
              -79.0366862,
              43.0494317
            ],
            [
              -79.036643,
              43.0494401
            ],
            [
              -79.0366232,
              43.0494499
            ],
            [
              -79.0366081,
              43.0494624
            ],
            [
              -79.0366044,
              43.0494754
            ],
            [
              -79.0366027,
              43.0494893
            ],
            [
              -79.0366101,
              43.0495016
            ],
            [
              -79.0366262,
              43.0495131
            ],
            [
              -79.0366527,
              43.0495202
            ],
            [
              -79.0366919,
              43.0495241
            ],
            [
              -79.0367305,
              43.0495263
            ]
          ]
        ]
      }
    },
    {
      "type": "Feature",
      "properties": {
        "@id": "way/1201216216",
        "golf": "tee",
        "tee": "gold"
      },
      "geometry": {
        "type": "Polygon",
        "coordinates": [
          [
            [
              -79.0362971,
              43.0495105
            ],
            [
              -79.0363294,
              43.0495164
            ],
            [
              -79.0363599,
              43.049518
            ],
            [
              -79.0364413,
              43.0495154
            ],
            [
              -79.0364789,
              43.0495096
            ],
            [
              -79.0365121,
              43.0494976
            ],
            [
              -79.0365293,
              43.0494837
            ],
            [
              -79.0365355,
              43.0494721
            ],
            [
              -79.036536,
              43.0494565
            ],
            [
              -79.0365276,
              43.0494407
            ],
            [
              -79.0365085,
              43.0494287
            ],
            [
              -79.0364762,
              43.0494145
            ],
            [
              -79.0364484,
              43.0494077
            ],
            [
              -79.0364165,
              43.0494035
            ],
            [
              -79.0363878,
              43.0493938
            ],
            [
              -79.0363617,
              43.049379
            ],
            [
              -79.0363099,
              43.0493502
            ],
            [
              -79.0362838,
              43.0493376
            ],
            [
              -79.0362643,
              43.0493324
            ],
            [
              -79.0362431,
              43.0493308
            ],
            [
              -79.0362272,
              43.0493353
            ],
            [
              -79.0362152,
              43.0493463
            ],
            [
              -79.0362015,
              43.0493631
            ],
            [
              -79.0361949,
              43.0493835
            ],
            [
              -79.0361958,
              43.0494042
            ],
            [
              -79.0362024,
              43.0494249
            ],
            [
              -79.036217,
              43.0494527
            ],
            [
              -79.0362356,
              43.0494763
            ],
            [
              -79.0362581,
              43.0494934
            ],
            [
              -79.0362767,
              43.0495047
            ],
            [
              -79.0362971,
              43.0495105
            ]
          ]
        ]
      }
    },
    {
      "type": "Feature",
      "properties": {
        "@id": "way/1201216217",
        "golf": "tee"
      },
      "geometry": {
        "type": "Polygon",
        "coordinates": [
          [
            [
              -79.0360458,
              43.0492004
            ],
            [
              -79.0360655,
              43.0492052
            ],
            [
              -79.0360839,
              43.0492046
            ],
            [
              -79.0361047,
              43.0491973
            ],
            [
              -79.0361213,
              43.0491852
            ],
            [
              -79.0361309,
              43.0491703
            ],
            [
              -79.036134,
              43.0491582
            ],
            [
              -79.0361336,
              43.0491424
            ],
            [
              -79.0361248,
              43.0491207
            ],
            [
              -79.0360978,
              43.0490703
            ],
            [
              -79.0360797,
              43.049043
            ],
            [
              -79.0360585,
              43.0490256
            ],
            [
              -79.03604,
              43.0490183
            ],
            [
              -79.0360196,
              43.0490152
            ],
            [
              -79.0360004,
              43.0490191
            ],
            [
              -79.0359807,
              43.0490315
            ],
            [
              -79.0359665,
              43.0490473
            ],
            [
              -79.0359584,
              43.0490622
            ],
            [
              -79.0359553,
              43.0490777
            ],
            [
              -79.035958,
              43.0490948
            ],
            [
              -79.0359657,
              43.0491137
            ],
            [
              -79.0359838,
              43.0491418
            ],
            [
              -79.0360015,
              43.0491686
            ],
            [
              -79.0360173,
              43.0491841
            ],
            [
              -79.0360293,
              43.0491928
            ],
            [
              -79.0360458,
              43.0492004
            ]
          ]
        ]
      }
    },
    {
      "type": "Feature",
      "properties": {
        "@id": "way/1201216218",
        "golf": "tee"
      },
      "geometry": {
        "type": "Polygon",
        "coordinates": [
          [
            [
              -79.0358875,
              43.0489127
            ],
            [
              -79.035915,
              43.0489063
            ],
            [
              -79.0359335,
              43.0488951
            ],
            [
              -79.0359492,
              43.0488769
            ],
            [
              -79.0359546,
              43.0488667
            ],
            [
              -79.0359573,
              43.0488554
            ],
            [
              -79.0359569,
              43.0488409
            ],
            [
              -79.0359502,
              43.0488203
            ],
            [
              -79.0359244,
              43.0487596
            ],
            [
              -79.0359076,
              43.0487383
            ],
            [
              -79.0358942,
              43.048729
            ],
            [
              -79.0358765,
              43.0487209
            ],
            [
              -79.0358577,
              43.048717
            ],
            [
              -79.0358319,
              43.0487187
            ],
            [
              -79.0358094,
              43.0487272
            ],
            [
              -79.035791,
              43.0487417
            ],
            [
              -79.0357812,
              43.0487589
            ],
            [
              -79.0357779,
              43.0487755
            ],
            [
              -79.0357786,
              43.0487941
            ],
            [
              -79.0357839,
              43.048814
            ],
            [
              -79.0357993,
              43.048852
            ],
            [
              -79.0358169,
              43.0488816
            ],
            [
              -79.0358298,
              43.0488956
            ],
            [
              -79.0358475,
              43.0489063
            ],
            [
              -79.0358675,
              43.0489122
            ],
            [
              -79.0358875,
              43.0489127
            ]
          ]
        ]
      }
    },
    {
      "type": "Feature",
      "properties": {
        "@id": "way/1201216219",
        "golf": "tee"
      },
      "geometry": {
        "type": "Polygon",
        "coordinates": [
          [
            [
              -79.0356469,
              43.0485406
            ],
            [
              -79.0356637,
              43.0485374
            ],
            [
              -79.0356764,
              43.0485313
            ],
            [
              -79.0356895,
              43.0485181
            ],
            [
              -79.0356962,
              43.0485039
            ],
            [
              -79.0356979,
              43.0484911
            ],
            [
              -79.0356968,
              43.0484718
            ],
            [
              -79.0356915,
              43.0484539
            ],
            [
              -79.0356811,
              43.0484397
            ],
            [
              -79.0356657,
              43.0484269
            ],
            [
              -79.0356486,
              43.0484193
            ],
            [
              -79.0356284,
              43.0484159
            ],
            [
              -79.0356077,
              43.0484183
            ],
            [
              -79.0355899,
              43.0484284
            ],
            [
              -79.0355761,
              43.0484419
            ],
            [
              -79.0355668,
              43.0484598
            ],
            [
              -79.0355654,
              43.0484801
            ],
            [
              -79.0355728,
              43.0484999
            ],
            [
              -79.0355882,
              43.0485176
            ],
            [
              -79.0356043,
              43.0485288
            ],
            [
              -79.0356181,
              43.0485369
            ],
            [
              -79.0356311,
              43.0485399
            ],
            [
              -79.0356469,
              43.0485406
            ]
          ]
        ]
      }
    },
    {
      "type": "Feature",
      "properties": {
        "@id": "way/1201216220",
        "golf": "tee",
        "tee": "green"
      },
      "geometry": {
        "type": "Polygon",
        "coordinates": [
          [
            [
              -79.0374927,
              43.0496202
            ],
            [
              -79.0375225,
              43.0496176
            ],
            [
              -79.0375426,
              43.0496136
            ],
            [
              -79.0375625,
              43.0496068
            ],
            [
              -79.0375849,
              43.0495963
            ],
            [
              -79.0375966,
              43.0495861
            ],
            [
              -79.0376042,
              43.0495726
            ],
            [
              -79.0376024,
              43.0495611
            ],
            [
              -79.0375951,
              43.0495477
            ],
            [
              -79.0375791,
              43.0495357
            ],
            [
              -79.0375595,
              43.0495278
            ],
            [
              -79.0375286,
              43.0495238
            ],
            [
              -79.0374991,
              43.0495249
            ],
            [
              -79.0374769,
              43.0495291
            ],
            [
              -79.0374492,
              43.0495383
            ],
            [
              -79.0374302,
              43.0495475
            ],
            [
              -79.037418,
              43.0495579
            ],
            [
              -79.0374121,
              43.0495705
            ],
            [
              -79.0374116,
              43.0495831
            ],
            [
              -79.0374177,
              43.0495963
            ],
            [
              -79.0374288,
              43.0496063
            ],
            [
              -79.0374419,
              43.0496129
            ],
            [
              -79.0374623,
              43.0496187
            ],
            [
              -79.0374927,
              43.0496202
            ]
          ]
        ]
      }
    },
    {
      "type": "Feature",
      "properties": {
        "@id": "way/1201216221",
        "golf": "bunker",
        "surface": "sand"
      },
      "geometry": {
        "type": "Polygon",
        "coordinates": [
          [
            [
              -79.0353708,
              43.049866
            ],
            [
              -79.0353459,
              43.0498766
            ],
            [
              -79.0353306,
              43.0498811
            ],
            [
              -79.0353223,
              43.0498813
            ],
            [
              -79.0353004,
              43.0498761
            ],
            [
              -79.0352836,
              43.0498685
            ],
            [
              -79.0352758,
              43.0498588
            ],
            [
              -79.0352725,
              43.0498477
            ],
            [
              -79.0352732,
              43.0498348
            ],
            [
              -79.0352768,
              43.0498248
            ],
            [
              -79.0352826,
              43.0498196
            ],
            [
              -79.035292,
              43.0498176
            ],
            [
              -79.0353055,
              43.0498166
            ],
            [
              -79.0353169,
              43.0498155
            ],
            [
              -79.0353253,
              43.0498166
            ],
            [
              -79.0353332,
              43.0498213
            ],
            [
              -79.0353431,
              43.0498237
            ],
            [
              -79.0353545,
              43.0498244
            ],
            [
              -79.0353665,
              43.049823
            ],
            [
              -79.0353754,
              43.0498265
            ],
            [
              -79.0353858,
              43.049833
            ],
            [
              -79.0353911,
              43.0498356
            ],
            [
              -79.0353934,
              43.0498401
            ],
            [
              -79.0353931,
              43.0498447
            ],
            [
              -79.0353891,
              43.049851
            ],
            [
              -79.035381,
              43.0498597
            ],
            [
              -79.0353708,
              43.049866
            ]
          ]
        ]
      }
    },
    {
      "type": "Feature",
      "properties": {
        "@id": "way/1201216222",
        "golf": "bunker",
        "surface": "sand"
      },
      "geometry": {
        "type": "Polygon",
        "coordinates": [
          [
            [
              -79.0349232,
              43.0498126
            ],
            [
              -79.0349323,
              43.0498137
            ],
            [
              -79.034941,
              43.0498118
            ],
            [
              -79.0349474,
              43.0498054
            ],
            [
              -79.0349501,
              43.0497941
            ],
            [
              -79.0349477,
              43.0497825
            ],
            [
              -79.0349404,
              43.049771
            ],
            [
              -79.0349215,
              43.049748
            ],
            [
              -79.0349107,
              43.0497363
            ],
            [
              -79.0348981,
              43.0497166
            ],
            [
              -79.0348955,
              43.0497051
            ],
            [
              -79.0348891,
              43.0496934
            ],
            [
              -79.0348794,
              43.0496814
            ],
            [
              -79.034866,
              43.0496761
            ],
            [
              -79.0348467,
              43.049674
            ],
            [
              -79.0348269,
              43.0496763
            ],
            [
              -79.0348068,
              43.0496842
            ],
            [
              -79.0347942,
              43.0496919
            ],
            [
              -79.0347831,
              43.0497079
            ],
            [
              -79.0347796,
              43.0497256
            ],
            [
              -79.0347825,
              43.0497488
            ],
            [
              -79.0347872,
              43.0497593
            ],
            [
              -79.0347957,
              43.0497657
            ],
            [
              -79.0348216,
              43.0497804
            ],
            [
              -79.0348444,
              43.0497907
            ],
            [
              -79.0348494,
              43.0497909
            ],
            [
              -79.0348546,
              43.0497875
            ],
            [
              -79.0348602,
              43.049786
            ],
            [
              -79.0348678,
              43.0497868
            ],
            [
              -79.0348716,
              43.0497898
            ],
            [
              -79.0348713,
              43.0497944
            ],
            [
              -79.0348724,
              43.0497992
            ],
            [
              -79.0348774,
              43.0498016
            ],
            [
              -79.0348825,
              43.0498009
            ],
            [
              -79.0348896,
              43.0498005
            ],
            [
              -79.0348962,
              43.0498024
            ],
            [
              -79.0349016,
              43.0498072
            ],
            [
              -79.0349054,
              43.0498111
            ],
            [
              -79.0349094,
              43.0498124
            ],
            [
              -79.0349163,
              43.0498118
            ],
            [
              -79.0349232,
              43.0498126
            ]
          ]
        ]
      }
    },
    {
      "type": "Feature",
      "properties": {
        "@id": "way/1201216223",
        "golf": "bunker",
        "surface": "sand"
      },
      "geometry": {
        "type": "Polygon",
        "coordinates": [
          [
            [
              -79.0357881,
              43.0476926
            ],
            [
              -79.0358461,
              43.0476172
            ],
            [
              -79.0358821,
              43.0475764
            ],
            [
              -79.0358877,
              43.0475641
            ],
            [
              -79.0358872,
              43.0475556
            ],
            [
              -79.0358796,
              43.0475467
            ],
            [
              -79.0358659,
              43.0475433
            ],
            [
              -79.0358506,
              43.0475441
            ],
            [
              -79.0358288,
              43.0475552
            ],
            [
              -79.0357958,
              43.0475805
            ],
            [
              -79.035781,
              43.0476016
            ],
            [
              -79.0357663,
              43.0476128
            ],
            [
              -79.0357454,
              43.0476202
            ],
            [
              -79.0357114,
              43.0476369
            ],
            [
              -79.0356819,
              43.0476588
            ],
            [
              -79.0356641,
              43.0476822
            ],
            [
              -79.0356519,
              43.0477097
            ],
            [
              -79.0356438,
              43.047738
            ],
            [
              -79.0356371,
              43.0477483
            ],
            [
              -79.0356274,
              43.0477554
            ],
            [
              -79.0356086,
              43.047761
            ],
            [
              -79.0355925,
              43.0477615
            ],
            [
              -79.0355704,
              43.0477603
            ],
            [
              -79.0355523,
              43.047762
            ],
            [
              -79.0355345,
              43.0477669
            ],
            [
              -79.0355225,
              43.047775
            ],
            [
              -79.0355094,
              43.0477889
            ],
            [
              -79.0355013,
              43.0478049
            ],
            [
              -79.035497,
              43.0478259
            ],
            [
              -79.0354953,
              43.0478441
            ],
            [
              -79.035499,
              43.0478656
            ],
            [
              -79.0355,
              43.0478884
            ],
            [
              -79.0354963,
              43.0479026
            ],
            [
              -79.0354866,
              43.0479237
            ],
            [
              -79.0354732,
              43.047947
            ],
            [
              -79.0354698,
              43.047959
            ],
            [
              -79.0354708,
              43.0479705
            ],
            [
              -79.0354715,
              43.0479815
            ],
            [
              -79.0354685,
              43.0479908
            ],
            [
              -79.0354594,
              43.0480023
            ],
            [
              -79.035448,
              43.0480094
            ],
            [
              -79.0354289,
              43.0480153
            ],
            [
              -79.0353894,
              43.0480286
            ],
            [
              -79.0353756,
              43.0480371
            ],
            [
              -79.0353629,
              43.0480479
            ],
            [
              -79.0353538,
              43.0480602
            ],
            [
              -79.0353485,
              43.0480736
            ],
            [
              -79.0353394,
              43.0480876
            ],
            [
              -79.0353129,
              43.0481195
            ],
            [
              -79.0353079,
              43.0481293
            ],
            [
              -79.0353109,
              43.0481405
            ],
            [
              -79.0353243,
              43.0481533
            ],
            [
              -79.0353857,
              43.0482023
            ],
            [
              -79.0354038,
              43.0482155
            ],
            [
              -79.0354256,
              43.0482268
            ],
            [
              -79.0354913,
              43.048251
            ],
            [
              -79.0356096,
              43.0482991
            ],
            [
              -79.0356499,
              43.0483177
            ],
            [
              -79.0356573,
              43.0483218
            ],
            [
              -79.0356713,
              43.0483245
            ],
            [
              -79.0356834,
              43.0483233
            ],
            [
              -79.0356737,
              43.0483057
            ],
            [
              -79.0356562,
              43.0482777
            ],
            [
              -79.0356388,
              43.0482503
            ],
            [
              -79.0356167,
              43.0482233
            ],
            [
              -79.0356003,
              43.0482008
            ],
            [
              -79.0355905,
              43.0481743
            ],
            [
              -79.0355848,
              43.0481454
            ],
            [
              -79.0355832,
              43.048116
            ],
            [
              -79.0355855,
              43.0480925
            ],
            [
              -79.0355917,
              43.0480466
            ],
            [
              -79.0356017,
              43.0480162
            ],
            [
              -79.0356113,
              43.0480069
            ],
            [
              -79.0356179,
              43.0479934
            ],
            [
              -79.035631,
              43.0479585
            ],
            [
              -79.0356653,
              43.0478837
            ],
            [
              -79.0356934,
              43.0478254
            ],
            [
              -79.0357284,
              43.0477686
            ],
            [
              -79.0357569,
              43.0477266
            ],
            [
              -79.0357881,
              43.0476926
            ]
          ]
        ]
      }
    },
    {
      "type": "Feature",
      "properties": {
        "@id": "way/1201216224",
        "golf": "bunker",
        "surface": "sand"
      },
      "geometry": {
        "type": "Polygon",
        "coordinates": [
          [
            [
              -79.0348715,
              43.0485658
            ],
            [
              -79.034885,
              43.048562
            ],
            [
              -79.0348937,
              43.0485564
            ],
            [
              -79.0348981,
              43.0485464
            ],
            [
              -79.0348963,
              43.048537
            ],
            [
              -79.0348876,
              43.0485157
            ],
            [
              -79.0348753,
              43.0485031
            ],
            [
              -79.0348564,
              43.0484779
            ],
            [
              -79.0348491,
              43.0484664
            ],
            [
              -79.034845,
              43.0484564
            ],
            [
              -79.0348383,
              43.048441
            ],
            [
              -79.0348315,
              43.0484302
            ],
            [
              -79.0348248,
              43.0484208
            ],
            [
              -79.0348015,
              43.0484059
            ],
            [
              -79.0347647,
              43.0483896
            ],
            [
              -79.0347373,
              43.0483835
            ],
            [
              -79.03472,
              43.0483824
            ],
            [
              -79.0346999,
              43.0483858
            ],
            [
              -79.0346818,
              43.0483935
            ],
            [
              -79.0346713,
              43.0484061
            ],
            [
              -79.0346681,
              43.0484216
            ],
            [
              -79.0346707,
              43.0484383
            ],
            [
              -79.0346815,
              43.0484613
            ],
            [
              -79.034706,
              43.048502
            ],
            [
              -79.0347122,
              43.0485087
            ],
            [
              -79.0347206,
              43.0485119
            ],
            [
              -79.03473,
              43.0485125
            ],
            [
              -79.034744,
              43.048508
            ],
            [
              -79.0347627,
              43.0485006
            ],
            [
              -79.0347726,
              43.0484952
            ],
            [
              -79.034777,
              43.0484892
            ],
            [
              -79.034784,
              43.0484811
            ],
            [
              -79.0347924,
              43.0484799
            ],
            [
              -79.0348003,
              43.0484826
            ],
            [
              -79.0348041,
              43.0484886
            ],
            [
              -79.034805,
              43.0484993
            ],
            [
              -79.0348012,
              43.0485112
            ],
            [
              -79.0347965,
              43.0485227
            ],
            [
              -79.0347968,
              43.0485291
            ],
            [
              -79.0348,
              43.0485338
            ],
            [
              -79.034807,
              43.048534
            ],
            [
              -79.034814,
              43.0485349
            ],
            [
              -79.034819,
              43.0485385
            ],
            [
              -79.0348234,
              43.0485453
            ],
            [
              -79.0348301,
              43.0485509
            ],
            [
              -79.0348383,
              43.0485558
            ],
            [
              -79.0348531,
              43.0485611
            ],
            [
              -79.0348715,
              43.0485658
            ]
          ]
        ]
      }
    },
    {
      "type": "Feature",
      "properties": {
        "@id": "way/1201216225",
        "golf": "bunker",
        "surface": "sand"
      },
      "geometry": {
        "type": "Polygon",
        "coordinates": [
          [
            [
              -79.0345523,
              43.0491
            ],
            [
              -79.0345637,
              43.049097
            ],
            [
              -79.0345736,
              43.0490893
            ],
            [
              -79.0345824,
              43.0490784
            ],
            [
              -79.0345844,
              43.049068
            ],
            [
              -79.034583,
              43.0490537
            ],
            [
              -79.0345757,
              43.0490381
            ],
            [
              -79.0345608,
              43.0490117
            ],
            [
              -79.0345561,
              43.0489976
            ],
            [
              -79.0345547,
              43.0489812
            ],
            [
              -79.0345518,
              43.0489664
            ],
            [
              -79.0345453,
              43.0489545
            ],
            [
              -79.0345278,
              43.0489347
            ],
            [
              -79.0345159,
              43.0489212
            ],
            [
              -79.0345153,
              43.0489135
            ],
            [
              -79.0345194,
              43.048908
            ],
            [
              -79.0345299,
              43.0489056
            ],
            [
              -79.0345395,
              43.0489074
            ],
            [
              -79.0345453,
              43.0489118
            ],
            [
              -79.03455,
              43.0489118
            ],
            [
              -79.034555,
              43.0489088
            ],
            [
              -79.0345608,
              43.048908
            ],
            [
              -79.0345675,
              43.0489099
            ],
            [
              -79.0345719,
              43.0489148
            ],
            [
              -79.0345722,
              43.0489212
            ],
            [
              -79.0345736,
              43.0489266
            ],
            [
              -79.0345777,
              43.0489289
            ],
            [
              -79.0345856,
              43.04893
            ],
            [
              -79.0345926,
              43.0489283
            ],
            [
              -79.0346014,
              43.0489248
            ],
            [
              -79.0346101,
              43.0489244
            ],
            [
              -79.0346209,
              43.0489227
            ],
            [
              -79.0346271,
              43.0489176
            ],
            [
              -79.0346314,
              43.0489069
            ],
            [
              -79.0346291,
              43.0488946
            ],
            [
              -79.0346163,
              43.0488741
            ],
            [
              -79.0346025,
              43.0488619
            ],
            [
              -79.0345809,
              43.0488536
            ],
            [
              -79.0345614,
              43.0488532
            ],
            [
              -79.0345389,
              43.0488583
            ],
            [
              -79.0345141,
              43.0488711
            ],
            [
              -79.0344767,
              43.0488997
            ],
            [
              -79.0344362,
              43.0489457
            ],
            [
              -79.0344248,
              43.0489658
            ],
            [
              -79.0344233,
              43.0489818
            ],
            [
              -79.0344277,
              43.048995
            ],
            [
              -79.0344385,
              43.0490053
            ],
            [
              -79.0344473,
              43.0490144
            ],
            [
              -79.0344578,
              43.0490127
            ],
            [
              -79.0344677,
              43.0490087
            ],
            [
              -79.0344802,
              43.0490023
            ],
            [
              -79.0344919,
              43.0489997
            ],
            [
              -79.0344998,
              43.0490016
            ],
            [
              -79.0345051,
              43.0490074
            ],
            [
              -79.0345051,
              43.0490151
            ],
            [
              -79.0345016,
              43.0490251
            ],
            [
              -79.0344928,
              43.0490387
            ],
            [
              -79.0344893,
              43.0490468
            ],
            [
              -79.0344887,
              43.0490552
            ],
            [
              -79.0344957,
              43.0490692
            ],
            [
              -79.0345053,
              43.0490816
            ],
            [
              -79.034515,
              43.049088
            ],
            [
              -79.0345322,
              43.0490946
            ],
            [
              -79.0345523,
              43.0491
            ]
          ]
        ]
      }
    },
    {
      "type": "Feature",
      "properties": {
        "@id": "way/1201216226",
        "golf": "bunker",
        "surface": "sand"
      },
      "geometry": {
        "type": "Polygon",
        "coordinates": [
          [
            [
              -79.0345103,
              43.0492647
            ],
            [
              -79.0345063,
              43.0492712
            ],
            [
              -79.0344951,
              43.0492777
            ],
            [
              -79.0344682,
              43.049287
            ],
            [
              -79.0344558,
              43.0492875
            ],
            [
              -79.0344451,
              43.0492847
            ],
            [
              -79.0344343,
              43.0492796
            ],
            [
              -79.0344119,
              43.0492661
            ],
            [
              -79.0343944,
              43.0492524
            ],
            [
              -79.0343769,
              43.0492385
            ],
            [
              -79.0343669,
              43.0492262
            ],
            [
              -79.0343575,
              43.0492091
            ],
            [
              -79.0343521,
              43.0491875
            ],
            [
              -79.0343531,
              43.0491733
            ],
            [
              -79.0343558,
              43.049152
            ],
            [
              -79.0343632,
              43.0491292
            ],
            [
              -79.0343729,
              43.0491192
            ],
            [
              -79.034392,
              43.0491091
            ],
            [
              -79.0344148,
              43.0491042
            ],
            [
              -79.034445,
              43.0491037
            ],
            [
              -79.0344708,
              43.0491081
            ],
            [
              -79.0344923,
              43.0491177
            ],
            [
              -79.0345023,
              43.0491277
            ],
            [
              -79.034505,
              43.0491361
            ],
            [
              -79.0345043,
              43.0491478
            ],
            [
              -79.0345064,
              43.0491586
            ],
            [
              -79.0345107,
              43.0491667
            ],
            [
              -79.0345224,
              43.0491807
            ],
            [
              -79.0345332,
              43.0491971
            ],
            [
              -79.0345362,
              43.0492091
            ],
            [
              -79.0345345,
              43.0492181
            ],
            [
              -79.0345281,
              43.049226
            ],
            [
              -79.0345154,
              43.0492385
            ],
            [
              -79.034511,
              43.0492475
            ],
            [
              -79.034511,
              43.0492566
            ],
            [
              -79.0345103,
              43.0492647
            ]
          ]
        ]
      }
    },
    {
      "type": "Feature",
      "properties": {
        "@id": "way/1201216227",
        "golf": "bunker",
        "surface": "sand"
      },
      "geometry": {
        "type": "Polygon",
        "coordinates": [
          [
            [
              -79.03509,
              43.0493612
            ],
            [
              -79.0350918,
              43.0493528
            ],
            [
              -79.0350963,
              43.0493486
            ],
            [
              -79.0351004,
              43.0493421
            ],
            [
              -79.0351017,
              43.049324
            ],
            [
              -79.0350973,
              43.0492977
            ],
            [
              -79.0350869,
              43.049275
            ],
            [
              -79.0350679,
              43.0492617
            ],
            [
              -79.0350448,
              43.0492553
            ],
            [
              -79.0350265,
              43.049257
            ],
            [
              -79.035013,
              43.0492635
            ],
            [
              -79.0349957,
              43.0492774
            ],
            [
              -79.0349833,
              43.0492958
            ],
            [
              -79.0349789,
              43.0493099
            ],
            [
              -79.0349767,
              43.0493315
            ],
            [
              -79.0349777,
              43.049356
            ],
            [
              -79.0349822,
              43.0493736
            ],
            [
              -79.0349868,
              43.0493875
            ],
            [
              -79.0349929,
              43.0493907
            ],
            [
              -79.035001,
              43.0493929
            ],
            [
              -79.0350064,
              43.049397
            ],
            [
              -79.0350094,
              43.0494005
            ],
            [
              -79.0350125,
              43.0494046
            ],
            [
              -79.0350183,
              43.049405
            ],
            [
              -79.0350254,
              43.0494056
            ],
            [
              -79.035029,
              43.0494095
            ],
            [
              -79.0350338,
              43.0494115
            ],
            [
              -79.0350392,
              43.0494113
            ],
            [
              -79.0350473,
              43.0494076
            ],
            [
              -79.0350559,
              43.0494061
            ],
            [
              -79.035063,
              43.0494061
            ],
            [
              -79.0350699,
              43.0494046
            ],
            [
              -79.035075,
              43.0494007
            ],
            [
              -79.035075,
              43.0493946
            ],
            [
              -79.0350752,
              43.0493883
            ],
            [
              -79.0350789,
              43.0493808
            ],
            [
              -79.0350843,
              43.0493762
            ],
            [
              -79.0350925,
              43.0493735
            ],
            [
              -79.0350954,
              43.0493709
            ],
            [
              -79.0350936,
              43.0493668
            ],
            [
              -79.0350904,
              43.0493644
            ],
            [
              -79.03509,
              43.0493612
            ]
          ]
        ]
      }
    },
    {
      "type": "Feature",
      "properties": {
        "@id": "way/1201216228",
        "golf": "bunker",
        "surface": "sand"
      },
      "geometry": {
        "type": "Polygon",
        "coordinates": [
          [
            [
              -79.0353378,
              43.0495402
            ],
            [
              -79.0353378,
              43.0495322
            ],
            [
              -79.0353421,
              43.0495231
            ],
            [
              -79.035344,
              43.0495167
            ],
            [
              -79.0353436,
              43.0494974
            ],
            [
              -79.035334,
              43.0494835
            ],
            [
              -79.0353195,
              43.0494715
            ],
            [
              -79.0353095,
              43.0494639
            ],
            [
              -79.0353016,
              43.0494556
            ],
            [
              -79.0353005,
              43.049449
            ],
            [
              -79.035303,
              43.0494407
            ],
            [
              -79.0353055,
              43.049428
            ],
            [
              -79.0353041,
              43.0494208
            ],
            [
              -79.0352991,
              43.0494149
            ],
            [
              -79.0352828,
              43.0494047
            ],
            [
              -79.0352666,
              43.0494073
            ],
            [
              -79.0352468,
              43.0494149
            ],
            [
              -79.0352358,
              43.0494238
            ],
            [
              -79.03522,
              43.0494387
            ],
            [
              -79.0352129,
              43.0494528
            ],
            [
              -79.0352109,
              43.0494622
            ],
            [
              -79.0352136,
              43.0494711
            ],
            [
              -79.0352183,
              43.0494791
            ],
            [
              -79.0352275,
              43.0494874
            ],
            [
              -79.0352327,
              43.049495
            ],
            [
              -79.0352358,
              43.049503
            ],
            [
              -79.0352435,
              43.0495347
            ],
            [
              -79.0352404,
              43.0495416
            ],
            [
              -79.0352402,
              43.0495472
            ],
            [
              -79.0352421,
              43.0495521
            ],
            [
              -79.0352479,
              43.0495547
            ],
            [
              -79.0352537,
              43.0495542
            ],
            [
              -79.0352599,
              43.04955
            ],
            [
              -79.0352651,
              43.0495488
            ],
            [
              -79.0352731,
              43.0495507
            ],
            [
              -79.0352783,
              43.0495537
            ],
            [
              -79.0352783,
              43.0495588
            ],
            [
              -79.0352778,
              43.0495626
            ],
            [
              -79.0352835,
              43.0495655
            ],
            [
              -79.0352897,
              43.0495656
            ],
            [
              -79.0352939,
              43.0495637
            ],
            [
              -79.0353003,
              43.0495565
            ],
            [
              -79.0353059,
              43.0495548
            ],
            [
              -79.0353134,
              43.0495558
            ],
            [
              -79.0353192,
              43.0495588
            ],
            [
              -79.0353238,
              43.0495628
            ],
            [
              -79.0353282,
              43.0495649
            ],
            [
              -79.0353359,
              43.0495638
            ],
            [
              -79.0353421,
              43.0495603
            ],
            [
              -79.035345,
              43.0495551
            ],
            [
              -79.0353444,
              43.0495495
            ],
            [
              -79.0353409,
              43.0495448
            ],
            [
              -79.0353378,
              43.0495402
            ]
          ]
        ]
      }
    },
    {
      "type": "Feature",
      "properties": {
        "@id": "way/1201216229",
        "golf": "bunker",
        "surface": "sand"
      },
      "geometry": {
        "type": "Polygon",
        "coordinates": [
          [
            [
              -79.0354816,
              43.0495737
            ],
            [
              -79.0354729,
              43.049582
            ],
            [
              -79.0354592,
              43.0495911
            ],
            [
              -79.0354337,
              43.049598
            ],
            [
              -79.0354166,
              43.0495967
            ],
            [
              -79.0354025,
              43.0495908
            ],
            [
              -79.0353935,
              43.0495837
            ],
            [
              -79.0353874,
              43.0495737
            ],
            [
              -79.0353874,
              43.049559
            ],
            [
              -79.0353941,
              43.0495041
            ],
            [
              -79.0353931,
              43.0494901
            ],
            [
              -79.0353888,
              43.0494764
            ],
            [
              -79.0353827,
              43.0494649
            ],
            [
              -79.0353728,
              43.0494514
            ],
            [
              -79.0353692,
              43.0494382
            ],
            [
              -79.0353717,
              43.0494272
            ],
            [
              -79.0353796,
              43.0494185
            ],
            [
              -79.0353931,
              43.049412
            ],
            [
              -79.0354045,
              43.0494094
            ],
            [
              -79.035417,
              43.0494098
            ],
            [
              -79.035431,
              43.0494131
            ],
            [
              -79.0354459,
              43.0494205
            ],
            [
              -79.0354589,
              43.0494322
            ],
            [
              -79.0354647,
              43.0494385
            ],
            [
              -79.0354749,
              43.0494681
            ],
            [
              -79.0354754,
              43.0494744
            ],
            [
              -79.0354673,
              43.0494803
            ],
            [
              -79.0354622,
              43.0494872
            ],
            [
              -79.035464,
              43.0494929
            ],
            [
              -79.0354708,
              43.0494993
            ],
            [
              -79.0354815,
              43.0495043
            ],
            [
              -79.0354924,
              43.0495087
            ],
            [
              -79.0354973,
              43.0495121
            ],
            [
              -79.0355011,
              43.0495208
            ],
            [
              -79.0355006,
              43.0495282
            ],
            [
              -79.035494,
              43.0495358
            ],
            [
              -79.0354917,
              43.0495429
            ],
            [
              -79.0354935,
              43.0495509
            ],
            [
              -79.0354919,
              43.0495596
            ],
            [
              -79.0354881,
              43.0495685
            ],
            [
              -79.0354816,
              43.0495737
            ]
          ]
        ]
      }
    },
    {
      "type": "Feature",
      "properties": {
        "@id": "way/1201216230",
        "golf": "bunker",
        "surface": "sand"
      },
      "geometry": {
        "type": "Polygon",
        "coordinates": [
          [
            [
              -79.0347389,
              43.0496376
            ],
            [
              -79.0347316,
              43.0496314
            ],
            [
              -79.0347301,
              43.049625
            ],
            [
              -79.034732,
              43.0496171
            ],
            [
              -79.0347391,
              43.0496074
            ],
            [
              -79.0347434,
              43.0496061
            ],
            [
              -79.0347513,
              43.0496061
            ],
            [
              -79.034758,
              43.0496009
            ],
            [
              -79.0347611,
              43.0495936
            ],
            [
              -79.0347618,
              43.0495816
            ],
            [
              -79.0347618,
              43.0495649
            ],
            [
              -79.0347565,
              43.049549
            ],
            [
              -79.0347457,
              43.0495363
            ],
            [
              -79.0347297,
              43.0495219
            ],
            [
              -79.0347116,
              43.0495127
            ],
            [
              -79.0346977,
              43.0495093
            ],
            [
              -79.0346829,
              43.0495105
            ],
            [
              -79.0346702,
              43.0495148
            ],
            [
              -79.034666,
              43.0495191
            ],
            [
              -79.0346665,
              43.0495248
            ],
            [
              -79.0346704,
              43.0495359
            ],
            [
              -79.0346717,
              43.0495454
            ],
            [
              -79.0346719,
              43.0495574
            ],
            [
              -79.0346681,
              43.0495698
            ],
            [
              -79.0346584,
              43.0495847
            ],
            [
              -79.0346465,
              43.0496015
            ],
            [
              -79.0346428,
              43.0496068
            ],
            [
              -79.0346428,
              43.0496113
            ],
            [
              -79.0346471,
              43.0496169
            ],
            [
              -79.0346575,
              43.0496212
            ],
            [
              -79.0346629,
              43.0496266
            ],
            [
              -79.034665,
              43.0496351
            ],
            [
              -79.0346623,
              43.0496386
            ],
            [
              -79.0346608,
              43.0496431
            ],
            [
              -79.0346629,
              43.0496486
            ],
            [
              -79.0346681,
              43.0496523
            ],
            [
              -79.0346756,
              43.0496521
            ],
            [
              -79.0346802,
              43.0496534
            ],
            [
              -79.0346821,
              43.049657
            ],
            [
              -79.0346856,
              43.049659
            ],
            [
              -79.0346919,
              43.04966
            ],
            [
              -79.0347008,
              43.0496597
            ],
            [
              -79.0347083,
              43.0496569
            ],
            [
              -79.0347149,
              43.0496531
            ],
            [
              -79.0347228,
              43.0496521
            ],
            [
              -79.0347308,
              43.0496504
            ],
            [
              -79.0347368,
              43.0496472
            ],
            [
              -79.0347403,
              43.0496428
            ],
            [
              -79.0347389,
              43.0496376
            ]
          ]
        ]
      }
    },
    {
      "type": "Feature",
      "properties": {
        "@id": "way/1201216231",
        "golf": "tee"
      },
      "geometry": {
        "type": "Polygon",
        "coordinates": [
          [
            [
              -79.0347423,
              43.0453294
            ],
            [
              -79.0347685,
              43.0453272
            ],
            [
              -79.0347928,
              43.0453176
            ],
            [
              -79.0348113,
              43.0452999
            ],
            [
              -79.0348267,
              43.0452729
            ],
            [
              -79.034834,
              43.0452481
            ],
            [
              -79.0348324,
              43.0452298
            ],
            [
              -79.0348247,
              43.0452093
            ],
            [
              -79.0348105,
              43.0451955
            ],
            [
              -79.0347908,
              43.0451881
            ],
            [
              -79.0347631,
              43.0451904
            ],
            [
              -79.03474,
              43.0452028
            ],
            [
              -79.0347184,
              43.0452222
            ],
            [
              -79.0347053,
              43.0452444
            ],
            [
              -79.0346984,
              43.0452639
            ],
            [
              -79.0346969,
              43.0452807
            ],
            [
              -79.0346973,
              43.0452971
            ],
            [
              -79.0347069,
              43.0453128
            ],
            [
              -79.0347134,
              43.0453196
            ],
            [
              -79.0347273,
              43.0453272
            ],
            [
              -79.0347423,
              43.0453294
            ]
          ]
        ]
      }
    },
    {
      "type": "Feature",
      "properties": {
        "@id": "way/1201216232",
        "golf": "tee"
      },
      "geometry": {
        "type": "Polygon",
        "coordinates": [
          [
            [
              -79.0345586,
              43.0455515
            ],
            [
              -79.0345324,
              43.0455473
            ],
            [
              -79.0345166,
              43.045538
            ],
            [
              -79.0345066,
              43.0455259
            ],
            [
              -79.0345005,
              43.045509
            ],
            [
              -79.0344954,
              43.0454904
            ],
            [
              -79.0344954,
              43.0454721
            ],
            [
              -79.034497,
              43.0454434
            ],
            [
              -79.0345031,
              43.0453857
            ],
            [
              -79.0345089,
              43.0453646
            ],
            [
              -79.0345178,
              43.0453525
            ],
            [
              -79.0345316,
              43.0453404
            ],
            [
              -79.0345497,
              43.04533
            ],
            [
              -79.0345709,
              43.0453278
            ],
            [
              -79.0345898,
              43.045332
            ],
            [
              -79.0346052,
              43.0453435
            ],
            [
              -79.0346175,
              43.0453607
            ],
            [
              -79.0346245,
              43.0453801
            ],
            [
              -79.0346252,
              43.0454128
            ],
            [
              -79.0346152,
              43.0454696
            ],
            [
              -79.0346106,
              43.0454921
            ],
            [
              -79.0345983,
              43.0455242
            ],
            [
              -79.034589,
              43.0455377
            ],
            [
              -79.0345806,
              43.0455462
            ],
            [
              -79.0345721,
              43.0455507
            ],
            [
              -79.0345586,
              43.0455515
            ]
          ]
        ]
      }
    },
    {
      "type": "Feature",
      "properties": {
        "@id": "way/1201216233",
        "golf": "tee"
      },
      "geometry": {
        "type": "Polygon",
        "coordinates": [
          [
            [
              -79.0344638,
              43.0458426
            ],
            [
              -79.0344882,
              43.04584
            ],
            [
              -79.0345075,
              43.0458336
            ],
            [
              -79.0345253,
              43.0458195
            ],
            [
              -79.0345406,
              43.0457991
            ],
            [
              -79.0345487,
              43.045775
            ],
            [
              -79.0345492,
              43.0457542
            ],
            [
              -79.0345506,
              43.0457145
            ],
            [
              -79.0345492,
              43.0456854
            ],
            [
              -79.0345422,
              43.0456501
            ],
            [
              -79.0345342,
              43.045631
            ],
            [
              -79.0345231,
              43.0456191
            ],
            [
              -79.0345054,
              43.0456113
            ],
            [
              -79.0344851,
              43.0456097
            ],
            [
              -79.0344678,
              43.0456149
            ],
            [
              -79.0344546,
              43.0456259
            ],
            [
              -79.0344497,
              43.0456414
            ],
            [
              -79.0344413,
              43.0456834
            ],
            [
              -79.0344271,
              43.0457342
            ],
            [
              -79.0344174,
              43.0457565
            ],
            [
              -79.034413,
              43.0457717
            ],
            [
              -79.034413,
              43.0457895
            ],
            [
              -79.0344161,
              43.0458105
            ],
            [
              -79.0344258,
              43.0458228
            ],
            [
              -79.03444,
              43.0458354
            ],
            [
              -79.0344492,
              43.0458393
            ],
            [
              -79.0344638,
              43.0458426
            ]
          ]
        ]
      }
    },
    {
      "type": "Feature",
      "properties": {
        "@id": "way/1201216234",
        "golf": "tee"
      },
      "geometry": {
        "type": "Polygon",
        "coordinates": [
          [
            [
              -79.0339837,
              43.0461552
            ],
            [
              -79.0340063,
              43.0461507
            ],
            [
              -79.0340236,
              43.0461423
            ],
            [
              -79.0340377,
              43.0461277
            ],
            [
              -79.0340417,
              43.0461083
            ],
            [
              -79.0340426,
              43.0460821
            ],
            [
              -79.0340355,
              43.0460589
            ],
            [
              -79.0340209,
              43.0460333
            ],
            [
              -79.0339966,
              43.0460117
            ],
            [
              -79.0339762,
              43.0460045
            ],
            [
              -79.0339501,
              43.0460068
            ],
            [
              -79.0339298,
              43.0460162
            ],
            [
              -79.0339116,
              43.0460336
            ],
            [
              -79.0339076,
              43.0460527
            ],
            [
              -79.0339072,
              43.0460799
            ],
            [
              -79.0339147,
              43.0461064
            ],
            [
              -79.0339315,
              43.0461303
            ],
            [
              -79.0339488,
              43.0461432
            ],
            [
              -79.0339643,
              43.046152
            ],
            [
              -79.0339837,
              43.0461552
            ]
          ]
        ]
      }
    },
    {
      "type": "Feature",
      "properties": {
        "@id": "way/1201216235",
        "golf": "water_hazard",
        "natural": "water"
      },
      "geometry": {
        "type": "Polygon",
        "coordinates": [
          [
            [
              -79.0340135,
              43.0546313
            ],
            [
              -79.0339653,
              43.0546083
            ],
            [
              -79.033921,
              43.0545931
            ],
            [
              -79.0338781,
              43.0545823
            ],
            [
              -79.033862,
              43.0545661
            ],
            [
              -79.0338432,
              43.0545446
            ],
            [
              -79.0338097,
              43.0545083
            ],
            [
              -79.0337755,
              43.0544843
            ],
            [
              -79.0336843,
              43.0544397
            ],
            [
              -79.0336186,
              43.0544025
            ],
            [
              -79.0336005,
              43.0543819
            ],
            [
              -79.0335924,
              43.0543604
            ],
            [
              -79.0335898,
              43.0543334
            ],
            [
              -79.0336012,
              43.0543251
            ],
            [
              -79.0336213,
              43.0543148
            ],
            [
              -79.0336367,
              43.0543025
            ],
            [
              -79.0336588,
              43.0542952
            ],
            [
              -79.0336769,
              43.0542947
            ],
            [
              -79.0337044,
              43.0543089
            ],
            [
              -79.0337266,
              43.0543261
            ],
            [
              -79.0337661,
              43.0543344
            ],
            [
              -79.0338084,
              43.0543344
            ],
            [
              -79.0338439,
              43.054331
            ],
            [
              -79.0338754,
              43.0543207
            ],
            [
              -79.0339089,
              43.0542996
            ],
            [
              -79.0339384,
              43.0542717
            ],
            [
              -79.0339713,
              43.0542428
            ],
            [
              -79.0340169,
              43.0542217
            ],
            [
              -79.0341182,
              43.0541747
            ],
            [
              -79.0341638,
              43.0541663
            ],
            [
              -79.0342067,
              43.0541614
            ],
            [
              -79.0342462,
              43.0541541
            ],
            [
              -79.0343046,
              43.0541399
            ],
            [
              -79.0343649,
              43.0541144
            ],
            [
              -79.0343958,
              43.0540918
            ],
            [
              -79.0344434,
              43.05406
            ],
            [
              -79.034495,
              43.0540286
            ],
            [
              -79.0345507,
              43.0540061
            ],
            [
              -79.0346083,
              43.053988
            ],
            [
              -79.0346419,
              43.053987
            ],
            [
              -79.0346653,
              43.0539973
            ],
            [
              -79.0346814,
              43.0540159
            ],
            [
              -79.0346875,
              43.054036
            ],
            [
              -79.0346821,
              43.0540649
            ],
            [
              -79.0346692,
              43.0540792
            ],
            [
              -79.0346479,
              43.0541026
            ],
            [
              -79.0345761,
              43.0541849
            ],
            [
              -79.0345312,
              43.0542472
            ],
            [
              -79.0344554,
              43.0543442
            ],
            [
              -79.0343984,
              43.0544128
            ],
            [
              -79.0343743,
              43.0544358
            ],
            [
              -79.0343488,
              43.0544584
            ],
            [
              -79.0343227,
              43.0544677
            ],
            [
              -79.0342985,
              43.054477
            ],
            [
              -79.0342731,
              43.0544985
            ],
            [
              -79.0342301,
              43.0545284
            ],
            [
              -79.0341691,
              43.0545725
            ],
            [
              -79.0341215,
              43.0545975
            ],
            [
              -79.0340813,
              43.0546186
            ],
            [
              -79.0340477,
              43.0546303
            ],
            [
              -79.034031,
              43.0546328
            ],
            [
              -79.0340135,
              43.0546313
            ]
          ]
        ]
      }
    },
    {
      "type": "Feature",
      "properties": {
        "@id": "way/1201219878",
        "golf": "cartpath",
        "golf_cart": "yes",
        "highway": "path"
      },
      "geometry": {
        "type": "LineString",
        "coordinates": [
          [
            -79.0386013,
            43.0532561
          ],
          [
            -79.0386526,
            43.0531294
          ],
          [
            -79.0387103,
            43.0530054
          ],
          [
            -79.0387244,
            43.0529628
          ],
          [
            -79.0387599,
            43.0529104
          ],
          [
            -79.0387914,
            43.0528917
          ],
          [
            -79.0388317,
            43.052881
          ],
          [
            -79.0388719,
            43.0528731
          ],
          [
            -79.0389752,
            43.0528721
          ],
          [
            -79.0390992,
            43.0528418
          ],
          [
            -79.0391736,
            43.0528163
          ],
          [
            -79.0393245,
            43.0527516
          ],
          [
            -79.03946,
            43.052681
          ],
          [
            -79.0395156,
            43.0526384
          ],
          [
            -79.0395492,
            43.0526022
          ],
          [
            -79.0396524,
            43.0524179
          ],
          [
            -79.0398341,
            43.052243
          ],
          [
            -79.0398724,
            43.0521974
          ],
          [
            -79.0399039,
            43.0521482
          ],
          [
            -79.0399227,
            43.0520771
          ],
          [
            -79.0399387,
            43.0519774
          ],
          [
            -79.0400132,
            43.0517922
          ],
          [
            -79.0402392,
            43.0513904
          ],
          [
            -79.0402834,
            43.0513027
          ],
          [
            -79.0403203,
            43.051212
          ],
          [
            -79.0403505,
            43.051117
          ],
          [
            -79.0403686,
            43.0510082
          ],
          [
            -79.0403713,
            43.0509028
          ],
          [
            -79.0403357,
            43.0507264
          ],
          [
            -79.0403364,
            43.0506818
          ],
          [
            -79.0403505,
            43.0506554
          ],
          [
            -79.0404242,
            43.0505834
          ],
          [
            -79.0404671,
            43.0505241
          ],
          [
            -79.0405235,
            43.0504148
          ],
          [
            -79.040561,
            43.0503227
          ],
          [
            -79.0405717,
            43.0501394
          ],
          [
            -79.0405831,
            43.0500527
          ],
          [
            -79.0406683,
            43.0497513
          ],
          [
            -79.0407541,
            43.0494867
          ],
          [
            -79.0407629,
            43.0493956
          ],
          [
            -79.0407555,
            43.0493373
          ],
          [
            -79.0407568,
            43.0492652
          ],
          [
            -79.0407676,
            43.0491432
          ],
          [
            -79.0407816,
            43.0490854
          ],
          [
            -79.0408185,
            43.0489923
          ],
          [
            -79.0408655,
            43.0488972
          ],
          [
            -79.0409935,
            43.0486988
          ],
          [
            -79.0412101,
            43.0483945
          ],
          [
            -79.0412262,
            43.0483651
          ],
          [
            -79.0412356,
            43.0483391
          ],
          [
            -79.0412642,
            43.0482794
          ]
        ]
      }
    },
    {
      "type": "Feature",
      "properties": {
        "@id": "way/1201219879",
        "golf": "tee"
      },
      "geometry": {
        "type": "Polygon",
        "coordinates": [
          [
            [
              -79.0308155,
              43.0474286
            ],
            [
              -79.0308518,
              43.0474242
            ],
            [
              -79.0308689,
              43.0474166
            ],
            [
              -79.0308839,
              43.0474071
            ],
            [
              -79.0308967,
              43.0473872
            ],
            [
              -79.030898,
              43.0473578
            ],
            [
              -79.0308917,
              43.0473433
            ],
            [
              -79.0308813,
              43.0473301
            ],
            [
              -79.0308528,
              43.0472992
            ],
            [
              -79.030829,
              43.047286
            ],
            [
              -79.0308011,
              43.0472777
            ],
            [
              -79.0307817,
              43.0472757
            ],
            [
              -79.0307619,
              43.0472762
            ],
            [
              -79.0307354,
              43.0472858
            ],
            [
              -79.0307163,
              43.0473024
            ],
            [
              -79.0307096,
              43.0473166
            ],
            [
              -79.0307099,
              43.0473485
            ],
            [
              -79.0307156,
              43.0473629
            ],
            [
              -79.0307294,
              43.0473828
            ],
            [
              -79.0307622,
              43.047409
            ],
            [
              -79.0307881,
              43.047422
            ],
            [
              -79.0308155,
              43.0474286
            ]
          ]
        ]
      }
    },
    {
      "type": "Feature",
      "properties": {
        "@id": "way/1201219880",
        "golf": "tee"
      },
      "geometry": {
        "type": "Polygon",
        "coordinates": [
          [
            [
              -79.0311334,
              43.0476165
            ],
            [
              -79.0311535,
              43.0476165
            ],
            [
              -79.031173,
              43.0476116
            ],
            [
              -79.0311817,
              43.0476077
            ],
            [
              -79.0311947,
              43.0475964
            ],
            [
              -79.0312051,
              43.0475759
            ],
            [
              -79.0312072,
              43.0475541
            ],
            [
              -79.0312055,
              43.0475467
            ],
            [
              -79.0311998,
              43.0475332
            ],
            [
              -79.0311833,
              43.0475073
            ],
            [
              -79.0311321,
              43.0474448
            ],
            [
              -79.0311012,
              43.0474264
            ],
            [
              -79.0310727,
              43.0474215
            ],
            [
              -79.031059,
              43.0474218
            ],
            [
              -79.0310221,
              43.0474335
            ],
            [
              -79.031005,
              43.0474514
            ],
            [
              -79.0309986,
              43.0474654
            ],
            [
              -79.0309959,
              43.0474798
            ],
            [
              -79.0309973,
              43.0474948
            ],
            [
              -79.0310036,
              43.0475166
            ],
            [
              -79.0310103,
              43.047531
            ],
            [
              -79.0310378,
              43.0475673
            ],
            [
              -79.0310583,
              43.0475847
            ],
            [
              -79.0310911,
              43.0476038
            ],
            [
              -79.0311186,
              43.0476138
            ],
            [
              -79.0311334,
              43.0476165
            ]
          ]
        ]
      }
    },
    {
      "type": "Feature",
      "properties": {
        "@id": "way/1201219881",
        "golf": "tee"
      },
      "geometry": {
        "type": "Polygon",
        "coordinates": [
          [
            [
              -79.0315012,
              43.0478552
            ],
            [
              -79.0315297,
              43.0478464
            ],
            [
              -79.0315438,
              43.0478353
            ],
            [
              -79.0315562,
              43.0478152
            ],
            [
              -79.0315582,
              43.0478005
            ],
            [
              -79.0315562,
              43.0477861
            ],
            [
              -79.0315133,
              43.0476967
            ],
            [
              -79.0314911,
              43.0476724
            ],
            [
              -79.0314616,
              43.0476526
            ],
            [
              -79.0314445,
              43.0476452
            ],
            [
              -79.0314254,
              43.0476418
            ],
            [
              -79.0314056,
              43.0476423
            ],
            [
              -79.0313818,
              43.0476526
            ],
            [
              -79.0313594,
              43.0476763
            ],
            [
              -79.031355,
              43.0477065
            ],
            [
              -79.0313607,
              43.0477285
            ],
            [
              -79.0314087,
              43.0478099
            ],
            [
              -79.0314241,
              43.0478297
            ],
            [
              -79.0314459,
              43.0478451
            ],
            [
              -79.031463,
              43.0478525
            ],
            [
              -79.0314854,
              43.0478564
            ],
            [
              -79.0315012,
              43.0478552
            ]
          ]
        ]
      }
    },
    {
      "type": "Feature",
      "properties": {
        "@id": "way/1201219882",
        "golf": "tee"
      },
      "geometry": {
        "type": "Polygon",
        "coordinates": [
          [
            [
              -79.0318841,
              43.0479574
            ],
            [
              -79.0319136,
              43.0479515
            ],
            [
              -79.0319267,
              43.0479404
            ],
            [
              -79.0319384,
              43.0479206
            ],
            [
              -79.0319381,
              43.0478912
            ],
            [
              -79.031933,
              43.047877
            ],
            [
              -79.031925,
              43.0478638
            ],
            [
              -79.0319055,
              43.0478466
            ],
            [
              -79.0318891,
              43.0478385
            ],
            [
              -79.0318596,
              43.0478371
            ],
            [
              -79.0318351,
              43.0478495
            ],
            [
              -79.0318217,
              43.0478677
            ],
            [
              -79.0318194,
              43.0478792
            ],
            [
              -79.031821,
              43.0479017
            ],
            [
              -79.0318308,
              43.0479231
            ],
            [
              -79.0318418,
              43.0479355
            ],
            [
              -79.031864,
              43.0479512
            ],
            [
              -79.0318723,
              43.0479554
            ],
            [
              -79.0318841,
              43.0479574
            ]
          ]
        ]
      }
    },
    {
      "type": "Feature",
      "properties": {
        "@id": "way/1201219883",
        "golf": "bunker",
        "natural": "sand"
      },
      "geometry": {
        "type": "Polygon",
        "coordinates": [
          [
            [
              -79.03153,
              43.0466563
            ],
            [
              -79.0315396,
              43.0466573
            ],
            [
              -79.0315515,
              43.0466563
            ],
            [
              -79.031561,
              43.0466536
            ],
            [
              -79.0315699,
              43.0466497
            ],
            [
              -79.0315812,
              43.0466421
            ],
            [
              -79.0315877,
              43.0466319
            ],
            [
              -79.0315882,
              43.0466284
            ],
            [
              -79.0315865,
              43.0466212
            ],
            [
              -79.0315736,
              43.0466055
            ],
            [
              -79.0315659,
              43.0466005
            ],
            [
              -79.0315386,
              43.0465895
            ],
            [
              -79.031519,
              43.0465865
            ],
            [
              -79.0314764,
              43.046586
            ],
            [
              -79.0314512,
              43.0465899
            ],
            [
              -79.0314306,
              43.0465936
            ],
            [
              -79.0314061,
              43.0466002
            ],
            [
              -79.0313733,
              43.0466125
            ],
            [
              -79.0313627,
              43.0466201
            ],
            [
              -79.0313617,
              43.0466286
            ],
            [
              -79.0313654,
              43.0466359
            ],
            [
              -79.0313731,
              43.0466455
            ],
            [
              -79.031381,
              43.0466503
            ],
            [
              -79.0313912,
              43.0466517
            ],
            [
              -79.0314065,
              43.0466522
            ],
            [
              -79.0314264,
              43.0466485
            ],
            [
              -79.031436,
              43.0466453
            ],
            [
              -79.0314402,
              43.046643
            ],
            [
              -79.0314527,
              43.0466313
            ],
            [
              -79.0314603,
              43.0466264
            ],
            [
              -79.0314688,
              43.0466224
            ],
            [
              -79.0314787,
              43.0466212
            ],
            [
              -79.0314938,
              43.046624
            ],
            [
              -79.0315089,
              43.0466306
            ],
            [
              -79.0315168,
              43.0466355
            ],
            [
              -79.0315225,
              43.0466416
            ],
            [
              -79.0315211,
              43.0466488
            ],
            [
              -79.0315228,
              43.0466523
            ],
            [
              -79.0315263,
              43.046655
            ],
            [
              -79.03153,
              43.0466563
            ]
          ]
        ]
      }
    },
    {
      "type": "Feature",
      "properties": {
        "@id": "way/1201219884",
        "golf": "bunker",
        "natural": "sand"
      },
      "geometry": {
        "type": "Polygon",
        "coordinates": [
          [
            [
              -79.0316219,
              43.046917
            ],
            [
              -79.0316182,
              43.0469104
            ],
            [
              -79.0316091,
              43.046908
            ],
            [
              -79.0316001,
              43.0469106
            ],
            [
              -79.0315833,
              43.046919
            ],
            [
              -79.0315585,
              43.0469404
            ],
            [
              -79.031549,
              43.0469469
            ],
            [
              -79.0315314,
              43.0469547
            ],
            [
              -79.0315109,
              43.0469614
            ],
            [
              -79.0315009,
              43.0469616
            ],
            [
              -79.0314925,
              43.0469577
            ],
            [
              -79.0314854,
              43.0469442
            ],
            [
              -79.0314871,
              43.0469374
            ],
            [
              -79.0315049,
              43.0469305
            ],
            [
              -79.0315069,
              43.0469234
            ],
            [
              -79.0315042,
              43.0469165
            ],
            [
              -79.0314948,
              43.0469151
            ],
            [
              -79.0314801,
              43.0469246
            ],
            [
              -79.031472,
              43.0469209
            ],
            [
              -79.0314667,
              43.0469143
            ],
            [
              -79.0314656,
              43.046907
            ],
            [
              -79.0314747,
              43.046894
            ],
            [
              -79.0314831,
              43.0468901
            ],
            [
              -79.031522,
              43.0468808
            ],
            [
              -79.0315719,
              43.0468778
            ],
            [
              -79.03159,
              43.0468717
            ],
            [
              -79.0316091,
              43.0468548
            ],
            [
              -79.0316309,
              43.046845
            ],
            [
              -79.0316702,
              43.0468347
            ],
            [
              -79.0316906,
              43.0468332
            ],
            [
              -79.031701,
              43.0468344
            ],
            [
              -79.0317094,
              43.0468389
            ],
            [
              -79.0317168,
              43.0468438
            ],
            [
              -79.0317278,
              43.0468563
            ],
            [
              -79.0317272,
              43.0468665
            ],
            [
              -79.0317151,
              43.0468874
            ],
            [
              -79.0316967,
              43.0469048
            ],
            [
              -79.0316729,
              43.0469178
            ],
            [
              -79.0316537,
              43.0469217
            ],
            [
              -79.0316336,
              43.0469222
            ],
            [
              -79.0316219,
              43.046917
            ]
          ]
        ]
      }
    },
    {
      "type": "Feature",
      "properties": {
        "@id": "way/1201219885",
        "golf": "bunker",
        "natural": "sand"
      },
      "geometry": {
        "type": "Polygon",
        "coordinates": [
          [
            [
              -79.0314948,
              43.0470856
            ],
            [
              -79.0315019,
              43.047091
            ],
            [
              -79.0315116,
              43.0470929
            ],
            [
              -79.031532,
              43.04709
            ],
            [
              -79.0315632,
              43.0470755
            ],
            [
              -79.0315833,
              43.0470577
            ],
            [
              -79.0315897,
              43.0470437
            ],
            [
              -79.031586,
              43.0470297
            ],
            [
              -79.0315793,
              43.0470236
            ],
            [
              -79.0315629,
              43.0470177
            ],
            [
              -79.0315431,
              43.0470165
            ],
            [
              -79.0314757,
              43.0470258
            ],
            [
              -79.0313929,
              43.0470309
            ],
            [
              -79.0313644,
              43.0470378
            ],
            [
              -79.0313496,
              43.0470479
            ],
            [
              -79.0313366,
              43.0470753
            ],
            [
              -79.0313342,
              43.0470973
            ],
            [
              -79.0313688,
              43.0471125
            ],
            [
              -79.0313791,
              43.047113
            ],
            [
              -79.0314372,
              43.0470986
            ],
            [
              -79.031468,
              43.0471005
            ],
            [
              -79.0314767,
              43.0470966
            ],
            [
              -79.0314804,
              43.0470898
            ],
            [
              -79.0314646,
              43.04708
            ],
            [
              -79.0314593,
              43.0470743
            ],
            [
              -79.031477,
              43.0470675
            ],
            [
              -79.0314874,
              43.0470657
            ],
            [
              -79.0314972,
              43.0470675
            ],
            [
              -79.0315015,
              43.0470741
            ],
            [
              -79.0314948,
              43.0470856
            ]
          ]
        ]
      }
    },
    {
      "type": "Feature",
      "properties": {
        "@id": "way/1201219886",
        "golf": "bunker",
        "natural": "sand"
      },
      "geometry": {
        "type": "Polygon",
        "coordinates": [
          [
            [
              -79.0326723,
              43.0467325
            ],
            [
              -79.0326715,
              43.0467411
            ],
            [
              -79.0326633,
              43.0467514
            ],
            [
              -79.0326452,
              43.0467565
            ],
            [
              -79.0326348,
              43.046757
            ],
            [
              -79.0326257,
              43.0467551
            ],
            [
              -79.032618,
              43.0467508
            ],
            [
              -79.0326123,
              43.0467445
            ],
            [
              -79.0326073,
              43.0467359
            ],
            [
              -79.0326017,
              43.0467174
            ],
            [
              -79.0325972,
              43.046698
            ],
            [
              -79.0325974,
              43.046685
            ],
            [
              -79.0325992,
              43.0466757
            ],
            [
              -79.0326029,
              43.0466688
            ],
            [
              -79.0326099,
              43.0466634
            ],
            [
              -79.0326202,
              43.0466649
            ],
            [
              -79.0326294,
              43.046665
            ],
            [
              -79.0326358,
              43.0466607
            ],
            [
              -79.0326455,
              43.0466629
            ],
            [
              -79.0326482,
              43.04667
            ],
            [
              -79.0326629,
              43.0466806
            ],
            [
              -79.0326723,
              43.0467325
            ]
          ]
        ]
      }
    },
    {
      "type": "Feature",
      "properties": {
        "@id": "way/1201219887",
        "golf": "bunker",
        "natural": "sand"
      },
      "geometry": {
        "type": "Polygon",
        "coordinates": [
          [
            [
              -79.0327514,
              43.0467453
            ],
            [
              -79.032739,
              43.0467477
            ],
            [
              -79.032726,
              43.046748
            ],
            [
              -79.0327176,
              43.0467433
            ],
            [
              -79.0327048,
              43.0467266
            ],
            [
              -79.0327038,
              43.0467173
            ],
            [
              -79.0327109,
              43.0466884
            ],
            [
              -79.0327119,
              43.0466438
            ],
            [
              -79.0327169,
              43.0466299
            ],
            [
              -79.0327273,
              43.0466174
            ],
            [
              -79.032737,
              43.0466154
            ],
            [
              -79.0327524,
              43.0466058
            ],
            [
              -79.0327625,
              43.0466044
            ],
            [
              -79.0327809,
              43.0466105
            ],
            [
              -79.032784,
              43.0466178
            ],
            [
              -79.0327954,
              43.0466303
            ],
            [
              -79.0327994,
              43.0466448
            ],
            [
              -79.0327974,
              43.04666
            ],
            [
              -79.0327836,
              43.0466869
            ],
            [
              -79.0327578,
              43.0467386
            ],
            [
              -79.0327514,
              43.0467453
            ]
          ]
        ]
      }
    },
    {
      "type": "Feature",
      "properties": {
        "@id": "way/1201219888",
        "golf": "bunker",
        "natural": "sand"
      },
      "geometry": {
        "type": "Polygon",
        "coordinates": [
          [
            [
              -79.0330944,
              43.0470885
            ],
            [
              -79.033082,
              43.0470917
            ],
            [
              -79.0330555,
              43.0470929
            ],
            [
              -79.0330307,
              43.0470866
            ],
            [
              -79.0330069,
              43.0470775
            ],
            [
              -79.0329875,
              43.0470635
            ],
            [
              -79.032963,
              43.047041
            ],
            [
              -79.0329566,
              43.0470322
            ],
            [
              -79.0329435,
              43.0469949
            ],
            [
              -79.0329429,
              43.0469854
            ],
            [
              -79.0329509,
              43.0469773
            ],
            [
              -79.0329633,
              43.0469736
            ],
            [
              -79.0329898,
              43.0469724
            ],
            [
              -79.0330026,
              43.0469758
            ],
            [
              -79.0330156,
              43.0469739
            ],
            [
              -79.0330274,
              43.0469788
            ],
            [
              -79.0330223,
              43.0469881
            ],
            [
              -79.0330297,
              43.0469935
            ],
            [
              -79.0330376,
              43.0469957
            ],
            [
              -79.0330451,
              43.0469951
            ],
            [
              -79.0330523,
              43.0469953
            ],
            [
              -79.033054,
              43.0469998
            ],
            [
              -79.0330498,
              43.0470055
            ],
            [
              -79.0330589,
              43.0470128
            ],
            [
              -79.0330659,
              43.0470145
            ],
            [
              -79.033079,
              43.0470131
            ],
            [
              -79.0330877,
              43.0470057
            ],
            [
              -79.0330917,
              43.0469964
            ],
            [
              -79.0330897,
              43.046977
            ],
            [
              -79.0330642,
              43.0469231
            ],
            [
              -79.0330532,
              43.046893
            ],
            [
              -79.0330528,
              43.0468834
            ],
            [
              -79.0330713,
              43.0468479
            ],
            [
              -79.0330837,
              43.0468447
            ],
            [
              -79.0330931,
              43.0468452
            ],
            [
              -79.0331041,
              43.0468496
            ],
            [
              -79.0331008,
              43.0468563
            ],
            [
              -79.0331135,
              43.0468663
            ],
            [
              -79.0331249,
              43.0468714
            ],
            [
              -79.0331347,
              43.0469004
            ],
            [
              -79.0331357,
              43.0469197
            ],
            [
              -79.0331404,
              43.0469388
            ],
            [
              -79.0331571,
              43.0469626
            ],
            [
              -79.0331534,
              43.0469998
            ],
            [
              -79.0331447,
              43.0470324
            ],
            [
              -79.033133,
              43.0470628
            ],
            [
              -79.0331169,
              43.0470797
            ],
            [
              -79.0330944,
              43.0470885
            ]
          ]
        ]
      }
    },
    {
      "type": "Feature",
      "properties": {
        "@id": "way/1201219889",
        "golf": "bunker",
        "natural": "sand"
      },
      "geometry": {
        "type": "Polygon",
        "coordinates": [
          [
            [
              -79.0328061,
              43.0473527
            ],
            [
              -79.0328198,
              43.0473544
            ],
            [
              -79.0328336,
              43.0473529
            ],
            [
              -79.0328446,
              43.0473473
            ],
            [
              -79.0328534,
              43.0473392
            ],
            [
              -79.0328557,
              43.0473198
            ],
            [
              -79.0328483,
              43.0473117
            ],
            [
              -79.0328232,
              43.0473061
            ],
            [
              -79.0328148,
              43.047299
            ],
            [
              -79.0328064,
              43.0472733
            ],
            [
              -79.0327984,
              43.047263
            ],
            [
              -79.0327876,
              43.0472578
            ],
            [
              -79.0327705,
              43.0472549
            ],
            [
              -79.0327524,
              43.0472488
            ],
            [
              -79.0327374,
              43.0472475
            ],
            [
              -79.0327253,
              43.0472515
            ],
            [
              -79.0327142,
              43.0472573
            ],
            [
              -79.0327099,
              43.0472664
            ],
            [
              -79.0327085,
              43.0472762
            ],
            [
              -79.0327109,
              43.047286
            ],
            [
              -79.0327219,
              43.0473044
            ],
            [
              -79.0327397,
              43.0473193
            ],
            [
              -79.0327759,
              43.0473402
            ],
            [
              -79.0328061,
              43.0473527
            ]
          ]
        ]
      }
    },
    {
      "type": "Feature",
      "properties": {
        "@id": "way/1201219890",
        "golf": "bunker",
        "natural": "sand"
      },
      "geometry": {
        "type": "Polygon",
        "coordinates": [
          [
            [
              -79.0326348,
              43.0472128
            ],
            [
              -79.0326395,
              43.0472221
            ],
            [
              -79.0326381,
              43.0472412
            ],
            [
              -79.0326224,
              43.0472564
            ],
            [
              -79.0326123,
              43.0472627
            ],
            [
              -79.0326006,
              43.0472667
            ],
            [
              -79.0325751,
              43.0472708
            ],
            [
              -79.0325496,
              43.0472708
            ],
            [
              -79.0325251,
              43.0472657
            ],
            [
              -79.0324906,
              43.0472515
            ],
            [
              -79.0324688,
              43.0472275
            ],
            [
              -79.0324571,
              43.0471998
            ],
            [
              -79.0324557,
              43.0471902
            ],
            [
              -79.0324628,
              43.0471819
            ],
            [
              -79.0324755,
              43.0471792
            ],
            [
              -79.0324825,
              43.0471711
            ],
            [
              -79.0324919,
              43.0471642
            ],
            [
              -79.0325053,
              43.0471625
            ],
            [
              -79.0325188,
              43.0471645
            ],
            [
              -79.0325305,
              43.0471694
            ],
            [
              -79.0325385,
              43.047177
            ],
            [
              -79.0325392,
              43.0471961
            ],
            [
              -79.0325436,
              43.047215
            ],
            [
              -79.0325546,
              43.0472208
            ],
            [
              -79.0325654,
              43.047215
            ],
            [
              -79.0325801,
              43.047199
            ],
            [
              -79.0325915,
              43.0471936
            ],
            [
              -79.0326281,
              43.0472061
            ],
            [
              -79.0326348,
              43.0472128
            ]
          ]
        ]
      }
    },
    {
      "type": "Feature",
      "properties": {
        "@id": "way/1201219891",
        "golf": "tee"
      },
      "geometry": {
        "type": "Polygon",
        "coordinates": [
          [
            [
              -79.0323082,
              43.0466215
            ],
            [
              -79.0323354,
              43.046625
            ],
            [
              -79.0323488,
              43.0466242
            ],
            [
              -79.0323612,
              43.0466203
            ],
            [
              -79.0323729,
              43.0466159
            ],
            [
              -79.0323934,
              43.0466039
            ],
            [
              -79.0324068,
              43.0465877
            ],
            [
              -79.0324101,
              43.0465786
            ],
            [
              -79.0324084,
              43.0465497
            ],
            [
              -79.0324027,
              43.0465365
            ],
            [
              -79.03239,
              43.046524
            ],
            [
              -79.0323702,
              43.0465115
            ],
            [
              -79.0323582,
              43.0465076
            ],
            [
              -79.032332,
              43.0465042
            ],
            [
              -79.0323082,
              43.0465044
            ],
            [
              -79.032282,
              43.0465093
            ],
            [
              -79.0322599,
              43.0465194
            ],
            [
              -79.0322448,
              43.0465353
            ],
            [
              -79.0322405,
              43.0465443
            ],
            [
              -79.0322391,
              43.0465639
            ],
            [
              -79.0322415,
              43.0465737
            ],
            [
              -79.0322539,
              43.0465931
            ],
            [
              -79.0322733,
              43.0466066
            ],
            [
              -79.0322891,
              43.0466156
            ],
            [
              -79.0323082,
              43.0466215
            ]
          ]
        ]
      }
    },
    {
      "type": "Feature",
      "properties": {
        "@id": "way/1201219892",
        "golf": "tee"
      },
      "geometry": {
        "type": "Polygon",
        "coordinates": [
          [
            [
              -79.0326743,
              43.04645
            ],
            [
              -79.0326904,
              43.0464449
            ],
            [
              -79.0327625,
              43.0464189
            ],
            [
              -79.0327736,
              43.0464137
            ],
            [
              -79.0327984,
              43.0463944
            ],
            [
              -79.0328047,
              43.0463858
            ],
            [
              -79.0328104,
              43.0463669
            ],
            [
              -79.0328017,
              43.0463483
            ],
            [
              -79.0327836,
              43.0463341
            ],
            [
              -79.0327467,
              43.0463253
            ],
            [
              -79.032734,
              43.0463246
            ],
            [
              -79.0327078,
              43.0463263
            ],
            [
              -79.0326633,
              43.0463383
            ],
            [
              -79.0325204,
              43.0463995
            ],
            [
              -79.0325114,
              43.0464069
            ],
            [
              -79.0325037,
              43.046415
            ],
            [
              -79.0324996,
              43.0464243
            ],
            [
              -79.0324973,
              43.0464436
            ],
            [
              -79.032505,
              43.0464586
            ],
            [
              -79.0325181,
              43.0464728
            ],
            [
              -79.0325409,
              43.0464826
            ],
            [
              -79.0325602,
              43.0464854
            ],
            [
              -79.0325774,
              43.0464835
            ],
            [
              -79.0326743,
              43.04645
            ]
          ]
        ]
      }
    },
    {
      "type": "Feature",
      "properties": {
        "@id": "way/1201219893",
        "golf": "tee"
      },
      "geometry": {
        "type": "Polygon",
        "coordinates": [
          [
            [
              -79.0329301,
              43.0462758
            ],
            [
              -79.0330042,
              43.0462462
            ],
            [
              -79.0330783,
              43.0462229
            ],
            [
              -79.0331015,
              43.0462128
            ],
            [
              -79.0331105,
              43.0462057
            ],
            [
              -79.0331269,
              43.0461793
            ],
            [
              -79.0331313,
              43.0461604
            ],
            [
              -79.0331306,
              43.0461506
            ],
            [
              -79.0331259,
              43.0461418
            ],
            [
              -79.0331102,
              43.0461268
            ],
            [
              -79.0330874,
              43.0461163
            ],
            [
              -79.0330619,
              43.0461102
            ],
            [
              -79.0330207,
              43.0461089
            ],
            [
              -79.0329948,
              43.0461114
            ],
            [
              -79.0329566,
              43.0461197
            ],
            [
              -79.0329073,
              43.0461352
            ],
            [
              -79.0328329,
              43.0461685
            ],
            [
              -79.0328232,
              43.0461756
            ],
            [
              -79.0328027,
              43.0462008
            ],
            [
              -79.032795,
              43.0462295
            ],
            [
              -79.032796,
              43.046239
            ],
            [
              -79.0328091,
              43.0462589
            ],
            [
              -79.0328306,
              43.0462719
            ],
            [
              -79.0328557,
              43.0462797
            ],
            [
              -79.0328822,
              43.0462814
            ],
            [
              -79.0329087,
              43.0462797
            ],
            [
              -79.0329301,
              43.0462758
            ]
          ]
        ]
      }
    },
    {
      "type": "Feature",
      "properties": {
        "@id": "way/1201219894",
        "golf": "tee"
      },
      "geometry": {
        "type": "Polygon",
        "coordinates": [
          [
            [
              -79.0331447,
              43.046058
            ],
            [
              -79.033189,
              43.0460504
            ],
            [
              -79.0332255,
              43.0460364
            ],
            [
              -79.0332554,
              43.0460158
            ],
            [
              -79.0332694,
              43.0459989
            ],
            [
              -79.0332738,
              43.0459896
            ],
            [
              -79.0332755,
              43.0459796
            ],
            [
              -79.0332691,
              43.0459509
            ],
            [
              -79.0332463,
              43.0459274
            ],
            [
              -79.0332232,
              43.0459161
            ],
            [
              -79.0331977,
              43.0459105
            ],
            [
              -79.0331849,
              43.0459097
            ],
            [
              -79.0331521,
              43.0459132
            ],
            [
              -79.0331393,
              43.0459166
            ],
            [
              -79.0331162,
              43.0459257
            ],
            [
              -79.0330951,
              43.0459379
            ],
            [
              -79.0330763,
              43.0459519
            ],
            [
              -79.0330626,
              43.0459683
            ],
            [
              -79.0330532,
              43.0459869
            ],
            [
              -79.0330505,
              43.0460068
            ],
            [
              -79.0330528,
              43.0460163
            ],
            [
              -79.0330689,
              43.0460391
            ],
            [
              -79.0330783,
              43.046046
            ],
            [
              -79.0331021,
              43.0460553
            ],
            [
              -79.0331279,
              43.0460582
            ],
            [
              -79.0331447,
              43.046058
            ]
          ]
        ]
      }
    },
    {
      "type": "Feature",
      "properties": {
        "@id": "way/1312028647",
        "description": "Artificial stream that terminates near building on niagara river. There is a running water drainage hole there so I believe it drains into that and has no connection to the river itself.",
        "fishing": "no",
        "waterway": "stream"
      },
      "geometry": {
        "type": "LineString",
        "coordinates": [
          [
            -79.0349515,
            43.0543924
          ],
          [
            -79.0349875,
            43.0544169
          ],
          [
            -79.0350509,
            43.05444
          ],
          [
            -79.0351892,
            43.0544428
          ],
          [
            -79.0353072,
            43.0544576
          ],
          [
            -79.0354316,
            43.054542
          ],
          [
            -79.0355115,
            43.0546023
          ],
          [
            -79.0355737,
            43.0546394
          ],
          [
            -79.0355952,
            43.0546857
          ],
          [
            -79.0355673,
            43.0547413
          ],
          [
            -79.0355343,
            43.0547756
          ],
          [
            -79.0354595,
            43.0547942
          ],
          [
            -79.0353643,
            43.0548257
          ],
          [
            -79.03524,
            43.0549342
          ],
          [
            -79.0350928,
            43.0550473
          ],
          [
            -79.0349926,
            43.0551307
          ],
          [
            -79.0349367,
            43.0552095
          ],
          [
            -79.0348467,
            43.0554255
          ],
          [
            -79.0347807,
            43.0555386
          ],
          [
            -79.0345916,
            43.055674
          ],
          [
            -79.0343937,
            43.0557843
          ],
          [
            -79.0342021,
            43.0559326
          ],
          [
            -79.0341057,
            43.0560309
          ],
          [
            -79.0340461,
            43.0561199
          ],
          [
            -79.033871,
            43.0563442
          ],
          [
            -79.0337923,
            43.0565204
          ],
          [
            -79.0337847,
            43.0565769
          ],
          [
            -79.0337086,
            43.0567132
          ],
          [
            -79.033687,
            43.0567577
          ],
          [
            -79.0336705,
            43.0568198
          ],
          [
            -79.0336895,
            43.0568727
          ],
          [
            -79.0336959,
            43.0569274
          ],
          [
            -79.0336642,
            43.0569932
          ],
          [
            -79.0335804,
            43.0570331
          ],
          [
            -79.0335309,
            43.0571007
          ],
          [
            -79.0334992,
            43.057212
          ],
          [
            -79.033465,
            43.0574539
          ],
          [
            -79.0334345,
            43.0575513
          ],
          [
            -79.0333888,
            43.0576143
          ],
          [
            -79.0333736,
            43.0577237
          ],
          [
            -79.033314,
            43.0578229
          ],
          [
            -79.0333216,
            43.0579564
          ],
          [
            -79.0333584,
            43.0580315
          ],
          [
            -79.0333698,
            43.058165
          ],
          [
            -79.0333647,
            43.0582095
          ],
          [
            -79.0333444,
            43.0582484
          ],
          [
            -79.0333279,
            43.0584653
          ],
          [
            -79.0333267,
            43.0584708
          ]
        ]
      }
    },
    {
      "type": "Feature",
      "properties": {
        "@id": "way/1312028648",
        "waterway": "stream"
      },
      "geometry": {
        "type": "LineString",
        "coordinates": [
          [
            -79.0330627,
            43.0598126
          ],
          [
            -79.0330209,
            43.0600301
          ]
        ]
      }
    },
    {
      "type": "Feature",
      "properties": {
        "@id": "way/1312028649",
        "layer": "-1",
        "tunnel": "culvert",
        "waterway": "stream"
      },
      "geometry": {
        "type": "LineString",
        "coordinates": [
          [
            -79.0330755,
            43.0597465
          ],
          [
            -79.0330627,
            43.0598126
          ]
        ]
      }
    },
    {
      "type": "Feature",
      "properties": {
        "@id": "way/1312028650",
        "waterway": "stream"
      },
      "geometry": {
        "type": "LineString",
        "coordinates": [
          [
            -79.033313,
            43.0585335
          ],
          [
            -79.0332518,
            43.058813
          ],
          [
            -79.033182,
            43.0589928
          ],
          [
            -79.033182,
            43.0590456
          ],
          [
            -79.0332023,
            43.0590901
          ],
          [
            -79.0332734,
            43.0591995
          ],
          [
            -79.0332721,
            43.0592311
          ],
          [
            -79.0332569,
            43.0592533
          ],
          [
            -79.0332252,
            43.0592802
          ],
          [
            -79.0332074,
            43.0593052
          ],
          [
            -79.0332112,
            43.0593636
          ],
          [
            -79.0332112,
            43.0594229
          ],
          [
            -79.0331973,
            43.0594517
          ],
          [
            -79.033163,
            43.0594841
          ],
          [
            -79.0331186,
            43.0595258
          ],
          [
            -79.0330983,
            43.059574
          ],
          [
            -79.0330755,
            43.0597465
          ]
        ]
      }
    },
    {
      "type": "Feature",
      "properties": {
        "@id": "way/1312028651",
        "layer": "-1",
        "tunnel": "culvert",
        "waterway": "stream"
      },
      "geometry": {
        "type": "LineString",
        "coordinates": [
          [
            -79.0333267,
            43.0584708
          ],
          [
            -79.033313,
            43.0585335
          ]
        ]
      }
    },
    {
      "type": "Feature",
      "properties": {
        "@id": "way/1312028652",
        "description": "Artificial stream that terminates near building on niagara river. There is a running water drainage hole there so I believe it drains into that and has no connection to the river itself.",
        "fishing": "no",
        "waterway": "stream"
      },
      "geometry": {
        "type": "LineString",
        "coordinates": [
          [
            -79.0346692,
            43.0540792
          ],
          [
            -79.0347883,
            43.0541257
          ],
          [
            -79.0348961,
            43.054199
          ],
          [
            -79.0348999,
            43.0542416
          ],
          [
            -79.0348796,
            43.0542806
          ],
          [
            -79.0348708,
            43.054301
          ],
          [
            -79.0348987,
            43.0543566
          ]
        ]
      }
    },
    {
      "type": "Feature",
      "properties": {
        "@id": "way/1312028653",
        "description": "Artificial stream that terminates near building on niagara river. There is a running water drainage hole there so I believe it drains into that and has no connection to the river itself.",
        "fishing": "no",
        "layer": "-1",
        "tunnel": "culvert",
        "waterway": "stream"
      },
      "geometry": {
        "type": "LineString",
        "coordinates": [
          [
            -79.0348987,
            43.0543566
          ],
          [
            -79.0349515,
            43.0543924
          ]
        ]
      }
    },
    {
      "type": "Feature",
      "properties": {
        "@id": "way/1394241064",
        "golf": "hole",
        "handicap": "6",
        "par": "5",
        "ref": "18"
      },
      "geometry": {
        "type": "LineString",
        "coordinates": [
          [
            -79.0362619,
            43.0494003
          ],
          [
            -79.0355101,
            43.0472909
          ],
          [
            -79.0358455,
            43.0447545
          ]
        ]
      }
    },
    {
      "type": "Feature",
      "properties": {
        "@id": "way/1394241065",
        "golf": "hole",
        "handicap": "11",
        "par": "5",
        "ref": "1"
      },
      "geometry": {
        "type": "LineString",
        "coordinates": [
          [
            -79.0347613,
            43.0452649
          ],
          [
            -79.0341744,
            43.046909
          ],
          [
            -79.0347895,
            43.0491026
          ],
          [
            -79.0353435,
            43.0497001
          ]
        ]
      }
    },
    {
      "type": "Feature",
      "properties": {
        "@id": "way/1394241066",
        "golf": "tee",
        "tee": "gold"
      },
      "geometry": {
        "type": "Polygon",
        "coordinates": [
          [
            [
              -79.0340965,
              43.0504454
            ],
            [
              -79.0341187,
              43.0504202
            ],
            [
              -79.0341318,
              43.0503779
            ],
            [
              -79.0341219,
              43.0503467
            ],
            [
              -79.0340825,
              43.0503131
            ],
            [
              -79.0340396,
              43.0502916
            ],
            [
              -79.0339925,
              43.0502976
            ],
            [
              -79.033954,
              43.0503255
            ],
            [
              -79.0339558,
              43.0503737
            ],
            [
              -79.0339721,
              43.0504211
            ],
            [
              -79.0340066,
              43.050448
            ],
            [
              -79.0340555,
              43.0504535
            ],
            [
              -79.0340965,
              43.0504454
            ]
          ]
        ]
      }
    },
    {
      "type": "Feature",
      "properties": {
        "@id": "way/1394241067",
        "golf": "tee",
        "tee": "blue"
      },
      "geometry": {
        "type": "Polygon",
        "coordinates": [
          [
            [
              -79.0338588,
              43.0502896
            ],
            [
              -79.033905,
              43.0502377
            ],
            [
              -79.0338856,
              43.0501613
            ],
            [
              -79.0338265,
              43.0501174
            ],
            [
              -79.0337701,
              43.0501039
            ],
            [
              -79.0337331,
              43.0501081
            ],
            [
              -79.0337041,
              43.0501254
            ],
            [
              -79.033693,
              43.050151
            ],
            [
              -79.033693,
              43.0502045
            ],
            [
              -79.0337191,
              43.0502613
            ],
            [
              -79.0337499,
              43.0502914
            ],
            [
              -79.0338066,
              43.050309
            ],
            [
              -79.0338588,
              43.0502896
            ]
          ]
        ]
      }
    },
    {
      "type": "Feature",
      "properties": {
        "@id": "way/1394241068",
        "golf": "tee",
        "tee": "white"
      },
      "geometry": {
        "type": "Polygon",
        "coordinates": [
          [
            [
              -79.0335918,
              43.0500768
            ],
            [
              -79.0336297,
              43.0500458
            ],
            [
              -79.0336311,
              43.0499985
            ],
            [
              -79.0336107,
              43.0499546
            ],
            [
              -79.0335717,
              43.0499349
            ],
            [
              -79.033525,
              43.049923
            ],
            [
              -79.0334874,
              43.0499303
            ],
            [
              -79.0334635,
              43.0499479
            ],
            [
              -79.0334576,
              43.0499767
            ],
            [
              -79.0334576,
              43.0500162
            ],
            [
              -79.033476,
              43.0500555
            ],
            [
              -79.0335119,
              43.050078
            ],
            [
              -79.0335585,
              43.0500867
            ],
            [
              -79.0335918,
              43.0500768
            ]
          ]
        ]
      }
    },
    {
      "type": "Feature",
      "properties": {
        "@id": "way/1394241069",
        "golf": "tee",
        "tee": "green"
      },
      "geometry": {
        "type": "Polygon",
        "coordinates": [
          [
            [
              -79.0332476,
              43.0497008
            ],
            [
              -79.0332806,
              43.0496877
            ],
            [
              -79.033303,
              43.0496566
            ],
            [
              -79.0333039,
              43.0496064
            ],
            [
              -79.0332603,
              43.0495881
            ],
            [
              -79.0332229,
              43.0495896
            ],
            [
              -79.0331849,
              43.0496008
            ],
            [
              -79.033164,
              43.0496227
            ],
            [
              -79.0331506,
              43.0496547
            ],
            [
              -79.0331593,
              43.0496787
            ],
            [
              -79.0331929,
              43.0497021
            ],
            [
              -79.0332275,
              43.0497093
            ],
            [
              -79.0332476,
              43.0497008
            ]
          ]
        ]
      }
    },
    {
      "type": "Feature",
      "properties": {
        "@id": "way/1394241070",
        "golf": "bunker",
        "natural": "sand"
      },
      "geometry": {
        "type": "Polygon",
        "coordinates": [
          [
            [
              -79.0330932,
              43.0489044
            ],
            [
              -79.0331139,
              43.0488674
            ],
            [
              -79.0331298,
              43.0487992
            ],
            [
              -79.0331268,
              43.0487392
            ],
            [
              -79.0331301,
              43.0486901
            ],
            [
              -79.0331637,
              43.0486217
            ],
            [
              -79.0331664,
              43.0485961
            ],
            [
              -79.0331463,
              43.0485793
            ],
            [
              -79.0330951,
              43.0485593
            ],
            [
              -79.0330587,
              43.0485598
            ],
            [
              -79.0330438,
              43.0485802
            ],
            [
              -79.0330438,
              43.0485995
            ],
            [
              -79.0330589,
              43.0486218
            ],
            [
              -79.0330812,
              43.0486408
            ],
            [
              -79.0330857,
              43.048659
            ],
            [
              -79.033073,
              43.0486725
            ],
            [
              -79.0330516,
              43.0486812
            ],
            [
              -79.0330484,
              43.0487081
            ],
            [
              -79.0330491,
              43.0487396
            ],
            [
              -79.0330512,
              43.0487701
            ],
            [
              -79.0330472,
              43.0487901
            ],
            [
              -79.0330206,
              43.0488089
            ],
            [
              -79.0330052,
              43.0488198
            ],
            [
              -79.0329919,
              43.048838
            ],
            [
              -79.0329974,
              43.0488833
            ],
            [
              -79.0330187,
              43.0489128
            ],
            [
              -79.0330602,
              43.0489195
            ],
            [
              -79.0330932,
              43.0489044
            ]
          ]
        ]
      }
    },
    {
      "type": "Feature",
      "properties": {
        "@id": "way/1394241071",
        "golf": "bunker",
        "natural": "sand"
      },
      "geometry": {
        "type": "Polygon",
        "coordinates": [
          [
            [
              -79.0330664,
              43.0484768
            ],
            [
              -79.0330664,
              43.0484372
            ],
            [
              -79.0330692,
              43.0484036
            ],
            [
              -79.0330843,
              43.0483931
            ],
            [
              -79.0331178,
              43.0483888
            ],
            [
              -79.0331433,
              43.0484103
            ],
            [
              -79.0331654,
              43.0483823
            ],
            [
              -79.0331914,
              43.0483978
            ],
            [
              -79.0332181,
              43.048418
            ],
            [
              -79.0332285,
              43.0484618
            ],
            [
              -79.0332152,
              43.0485057
            ],
            [
              -79.0331832,
              43.0485291
            ],
            [
              -79.0331156,
              43.0485228
            ],
            [
              -79.0330664,
              43.0484768
            ]
          ]
        ]
      }
    },
    {
      "type": "Feature",
      "properties": {
        "@id": "way/1394241072",
        "golf": "bunker",
        "natural": "sand"
      },
      "geometry": {
        "type": "Polygon",
        "coordinates": [
          [
            [
              -79.0326078,
              43.0483592
            ],
            [
              -79.0326223,
              43.0483219
            ],
            [
              -79.0326229,
              43.0482992
            ],
            [
              -79.0326069,
              43.0482818
            ],
            [
              -79.032583,
              43.0482689
            ],
            [
              -79.0325559,
              43.0482512
            ],
            [
              -79.0325286,
              43.048259
            ],
            [
              -79.0325013,
              43.0482901
            ],
            [
              -79.0325086,
              43.0483283
            ],
            [
              -79.0325363,
              43.0483488
            ],
            [
              -79.0325655,
              43.0483608
            ],
            [
              -79.0325895,
              43.0483664
            ],
            [
              -79.0326078,
              43.0483592
            ]
          ]
        ]
      }
    },
    {
      "type": "Feature",
      "properties": {
        "@id": "way/1394241073",
        "golf": "bunker",
        "natural": "sand"
      },
      "geometry": {
        "type": "Polygon",
        "coordinates": [
          [
            [
              -79.0326413,
              43.0482255
            ],
            [
              -79.0326505,
              43.0482091
            ],
            [
              -79.0326705,
              43.0481817
            ],
            [
              -79.0326735,
              43.0481623
            ],
            [
              -79.0326728,
              43.048144
            ],
            [
              -79.0326474,
              43.0481285
            ],
            [
              -79.0326143,
              43.0481192
            ],
            [
              -79.0325886,
              43.0481162
            ],
            [
              -79.0325722,
              43.048124
            ],
            [
              -79.0325541,
              43.0481252
            ],
            [
              -79.0325322,
              43.0481396
            ],
            [
              -79.0325179,
              43.0481525
            ],
            [
              -79.0325172,
              43.0481622
            ],
            [
              -79.0325212,
              43.0481806
            ],
            [
              -79.0325403,
              43.0481989
            ],
            [
              -79.0325602,
              43.0482184
            ],
            [
              -79.0325779,
              43.0482321
            ],
            [
              -79.032594,
              43.048238
            ],
            [
              -79.0326166,
              43.0482398
            ],
            [
              -79.0326319,
              43.0482387
            ],
            [
              -79.0326413,
              43.0482255
            ]
          ]
        ]
      }
    },
    {
      "type": "Feature",
      "properties": {
        "@id": "way/1394241074",
        "golf": "bunker",
        "natural": "sand"
      },
      "geometry": {
        "type": "Polygon",
        "coordinates": [
          [
            [
              -79.0317713,
              43.0485792
            ],
            [
              -79.0317679,
              43.0485748
            ],
            [
              -79.0317657,
              43.0485662
            ],
            [
              -79.0317715,
              43.0485613
            ],
            [
              -79.0317785,
              43.0485587
            ],
            [
              -79.0317896,
              43.0485587
            ],
            [
              -79.0318,
              43.0485515
            ],
            [
              -79.0318107,
              43.0485314
            ],
            [
              -79.0318192,
              43.0485178
            ],
            [
              -79.0318328,
              43.0485009
            ],
            [
              -79.0318481,
              43.048474
            ],
            [
              -79.0318479,
              43.0484576
            ],
            [
              -79.0318421,
              43.0484406
            ],
            [
              -79.0318317,
              43.0484293
            ],
            [
              -79.0318023,
              43.0484209
            ],
            [
              -79.0317766,
              43.0484209
            ],
            [
              -79.0317553,
              43.0484252
            ],
            [
              -79.0317253,
              43.0484379
            ],
            [
              -79.0316963,
              43.0484527
            ],
            [
              -79.03167,
              43.0484747
            ],
            [
              -79.0316585,
              43.048493
            ],
            [
              -79.0316558,
              43.0485181
            ],
            [
              -79.0316603,
              43.0485438
            ],
            [
              -79.0316783,
              43.0485623
            ],
            [
              -79.0316978,
              43.0485743
            ],
            [
              -79.0317245,
              43.0485877
            ],
            [
              -79.0317462,
              43.0485897
            ],
            [
              -79.031761,
              43.048585
            ],
            [
              -79.0317713,
              43.0485792
            ]
          ]
        ]
      }
    },
    {
      "type": "Feature",
      "properties": {
        "@id": "way/1394241075",
        "golf": "bunker",
        "natural": "sand"
      },
      "geometry": {
        "type": "Polygon",
        "coordinates": [
          [
            [
              -79.0317916,
              43.0490567
            ],
            [
              -79.0317916,
              43.0490412
            ],
            [
              -79.0317768,
              43.0490229
            ],
            [
              -79.031758,
              43.0490041
            ],
            [
              -79.0317455,
              43.0489942
            ],
            [
              -79.0317387,
              43.0489734
            ],
            [
              -79.0317391,
              43.0489528
            ],
            [
              -79.031752,
              43.0489431
            ],
            [
              -79.0317684,
              43.0489405
            ],
            [
              -79.0317781,
              43.0489403
            ],
            [
              -79.0317911,
              43.0489361
            ],
            [
              -79.0317982,
              43.0489205
            ],
            [
              -79.0317914,
              43.0489024
            ],
            [
              -79.0317843,
              43.048882
            ],
            [
              -79.0317809,
              43.0488659
            ],
            [
              -79.0317815,
              43.0488523
            ],
            [
              -79.0317899,
              43.0488503
            ],
            [
              -79.031797,
              43.0488535
            ],
            [
              -79.0318042,
              43.0488563
            ],
            [
              -79.0318113,
              43.0488502
            ],
            [
              -79.0318168,
              43.0488255
            ],
            [
              -79.0318196,
              43.0488015
            ],
            [
              -79.0318085,
              43.0487868
            ],
            [
              -79.0317943,
              43.0487772
            ],
            [
              -79.0317768,
              43.0487754
            ],
            [
              -79.0317488,
              43.0487795
            ],
            [
              -79.0317231,
              43.0487903
            ],
            [
              -79.0316871,
              43.0488101
            ],
            [
              -79.0316687,
              43.0488242
            ],
            [
              -79.0316444,
              43.048848
            ],
            [
              -79.0316332,
              43.0488716
            ],
            [
              -79.0316266,
              43.0489
            ],
            [
              -79.0316285,
              43.0489357
            ],
            [
              -79.0316295,
              43.0489835
            ],
            [
              -79.0316389,
              43.0490331
            ],
            [
              -79.0316426,
              43.0490661
            ],
            [
              -79.0316484,
              43.0490915
            ],
            [
              -79.0316627,
              43.0491157
            ],
            [
              -79.0316931,
              43.0491257
            ],
            [
              -79.0317345,
              43.0491178
            ],
            [
              -79.0317565,
              43.0491102
            ],
            [
              -79.0317709,
              43.0490953
            ],
            [
              -79.0317825,
              43.0490768
            ],
            [
              -79.0317916,
              43.0490567
            ]
          ]
        ]
      }
    },
    {
      "type": "Feature",
      "properties": {
        "@id": "way/1394241076",
        "golf": "bunker",
        "natural": "sand"
      },
      "geometry": {
        "type": "Polygon",
        "coordinates": [
          [
            [
              -79.0324803,
              43.0489369
            ],
            [
              -79.0324971,
              43.0489305
            ],
            [
              -79.0325075,
              43.0489188
            ],
            [
              -79.0325105,
              43.0489077
            ],
            [
              -79.0325182,
              43.0489032
            ],
            [
              -79.0325222,
              43.0488965
            ],
            [
              -79.0325194,
              43.0488847
            ],
            [
              -79.0325129,
              43.0488768
            ],
            [
              -79.0325186,
              43.0488681
            ],
            [
              -79.0325291,
              43.0488628
            ],
            [
              -79.0325353,
              43.0488574
            ],
            [
              -79.0325355,
              43.0488398
            ],
            [
              -79.03253,
              43.0488271
            ],
            [
              -79.0325141,
              43.0488096
            ],
            [
              -79.0325001,
              43.0487942
            ],
            [
              -79.0324736,
              43.0487868
            ],
            [
              -79.0324486,
              43.0487883
            ],
            [
              -79.0324235,
              43.0488005
            ],
            [
              -79.0324031,
              43.0488164
            ],
            [
              -79.0323844,
              43.0488379
            ],
            [
              -79.0323674,
              43.0488597
            ],
            [
              -79.0323601,
              43.0488774
            ],
            [
              -79.0323578,
              43.0489007
            ],
            [
              -79.0323598,
              43.0489177
            ],
            [
              -79.0323715,
              43.0489348
            ],
            [
              -79.0323863,
              43.0489468
            ],
            [
              -79.032416,
              43.048952
            ],
            [
              -79.0324406,
              43.0489522
            ],
            [
              -79.0324574,
              43.0489449
            ],
            [
              -79.0324803,
              43.0489369
            ]
          ]
        ]
      }
    },
    {
      "type": "Feature",
      "properties": {
        "@id": "way/1394241077",
        "golf": "bunker",
        "natural": "sand"
      },
      "geometry": {
        "type": "Polygon",
        "coordinates": [
          [
            [
              -79.0326754,
              43.0489344
            ],
            [
              -79.0326621,
              43.0489222
            ],
            [
              -79.0326353,
              43.048893
            ],
            [
              -79.0326204,
              43.0488629
            ],
            [
              -79.0326211,
              43.0488385
            ],
            [
              -79.0326321,
              43.0488125
            ],
            [
              -79.0326473,
              43.0487886
            ],
            [
              -79.0326712,
              43.0487748
            ],
            [
              -79.0327054,
              43.0487625
            ],
            [
              -79.0327298,
              43.0487561
            ],
            [
              -79.0327576,
              43.0487558
            ],
            [
              -79.0327861,
              43.048767
            ],
            [
              -79.0328018,
              43.0487832
            ],
            [
              -79.0328107,
              43.0487987
            ],
            [
              -79.0328232,
              43.0488318
            ],
            [
              -79.0328292,
              43.0488563
            ],
            [
              -79.0328328,
              43.0488706
            ],
            [
              -79.0328225,
              43.0488748
            ],
            [
              -79.0328134,
              43.0488757
            ],
            [
              -79.0328086,
              43.0488801
            ],
            [
              -79.0328057,
              43.0488927
            ],
            [
              -79.0328004,
              43.0489005
            ],
            [
              -79.0327876,
              43.0489032
            ],
            [
              -79.0327749,
              43.0489015
            ],
            [
              -79.0327624,
              43.0489093
            ],
            [
              -79.0327646,
              43.0489222
            ],
            [
              -79.0327778,
              43.0489355
            ],
            [
              -79.0327674,
              43.0489447
            ],
            [
              -79.0327663,
              43.048954
            ],
            [
              -79.0327583,
              43.048963
            ],
            [
              -79.0327404,
              43.0489629
            ],
            [
              -79.032718,
              43.0489597
            ],
            [
              -79.0326967,
              43.048947
            ],
            [
              -79.0326754,
              43.0489344
            ]
          ]
        ]
      }
    },
    {
      "type": "Feature",
      "properties": {
        "@id": "way/1394241078",
        "golf": "bunker",
        "natural": "sand"
      },
      "geometry": {
        "type": "Polygon",
        "coordinates": [
          [
            [
              -79.0325876,
              43.0491133
            ],
            [
              -79.0325928,
              43.049108
            ],
            [
              -79.0325919,
              43.0490969
            ],
            [
              -79.0325977,
              43.0490887
            ],
            [
              -79.0326107,
              43.0490907
            ],
            [
              -79.0326165,
              43.0490979
            ],
            [
              -79.0326265,
              43.0490906
            ],
            [
              -79.0326301,
              43.0490773
            ],
            [
              -79.0326343,
              43.0490493
            ],
            [
              -79.0326486,
              43.0490488
            ],
            [
              -79.0326587,
              43.0490533
            ],
            [
              -79.0326708,
              43.0490476
            ],
            [
              -79.0326814,
              43.0490405
            ],
            [
              -79.0326894,
              43.0490292
            ],
            [
              -79.0326855,
              43.049013
            ],
            [
              -79.0326771,
              43.0490019
            ],
            [
              -79.0326557,
              43.0489823
            ],
            [
              -79.0326347,
              43.0489642
            ],
            [
              -79.0326052,
              43.0489528
            ],
            [
              -79.0325826,
              43.0489453
            ],
            [
              -79.0325634,
              43.0489485
            ],
            [
              -79.0325541,
              43.0489554
            ],
            [
              -79.0325331,
              43.0489709
            ],
            [
              -79.0325205,
              43.0489861
            ],
            [
              -79.0324911,
              43.0490165
            ],
            [
              -79.0324812,
              43.0490388
            ],
            [
              -79.0324762,
              43.0490717
            ],
            [
              -79.032491,
              43.0490941
            ],
            [
              -79.0325164,
              43.0491054
            ],
            [
              -79.0325312,
              43.0491109
            ],
            [
              -79.0325597,
              43.0491162
            ],
            [
              -79.0325718,
              43.0491168
            ],
            [
              -79.0325876,
              43.0491133
            ]
          ]
        ]
      }
    },
    {
      "type": "Feature",
      "properties": {
        "@id": "way/1394241079",
        "golf": "bunker",
        "natural": "sand"
      },
      "geometry": {
        "type": "Polygon",
        "coordinates": [
          [
            [
              -79.032497,
              43.0494991
            ],
            [
              -79.0324911,
              43.0494781
            ],
            [
              -79.0324911,
              43.0494632
            ],
            [
              -79.0324834,
              43.049452
            ],
            [
              -79.0324736,
              43.0494474
            ],
            [
              -79.0324605,
              43.049444
            ],
            [
              -79.0324518,
              43.0494521
            ],
            [
              -79.0324391,
              43.0494612
            ],
            [
              -79.032429,
              43.0494728
            ],
            [
              -79.0324229,
              43.0494863
            ],
            [
              -79.0324076,
              43.0494888
            ],
            [
              -79.0323886,
              43.0494873
            ],
            [
              -79.0323622,
              43.0494794
            ],
            [
              -79.0323369,
              43.0494678
            ],
            [
              -79.0323223,
              43.0494486
            ],
            [
              -79.0323141,
              43.0494381
            ],
            [
              -79.0323157,
              43.0494201
            ],
            [
              -79.0323323,
              43.0493934
            ],
            [
              -79.0323544,
              43.0493716
            ],
            [
              -79.0323897,
              43.0493599
            ],
            [
              -79.0324355,
              43.0493438
            ],
            [
              -79.032472,
              43.0493386
            ],
            [
              -79.0325051,
              43.0493479
            ],
            [
              -79.0325239,
              43.049355
            ],
            [
              -79.0325473,
              43.0493746
            ],
            [
              -79.0325732,
              43.049388
            ],
            [
              -79.0325897,
              43.0493933
            ],
            [
              -79.0326057,
              43.0494005
            ],
            [
              -79.0326274,
              43.0494214
            ],
            [
              -79.0326338,
              43.0494415
            ],
            [
              -79.0326347,
              43.0494653
            ],
            [
              -79.0326295,
              43.0494723
            ],
            [
              -79.0326149,
              43.0494742
            ],
            [
              -79.0326029,
              43.0494742
            ],
            [
              -79.0325902,
              43.049475
            ],
            [
              -79.0325811,
              43.0494802
            ],
            [
              -79.0325722,
              43.0494934
            ],
            [
              -79.0325639,
              43.0495033
            ],
            [
              -79.0325633,
              43.0495088
            ],
            [
              -79.0325548,
              43.0495141
            ],
            [
              -79.032542,
              43.0495151
            ],
            [
              -79.03253,
              43.0495139
            ],
            [
              -79.0325123,
              43.0495141
            ],
            [
              -79.0325009,
              43.0495079
            ],
            [
              -79.032497,
              43.0494991
            ]
          ]
        ]
      }
    },
    {
      "type": "Feature",
      "properties": {
        "@id": "way/1394241080",
        "golf": "hole",
        "handicap": "3",
        "par": "4",
        "ref": "2"
      },
      "geometry": {
        "type": "LineString",
        "coordinates": [
          [
            -79.0340304,
            43.0503819
          ],
          [
            -79.0329982,
            43.0482741
          ],
          [
            -79.0329109,
            43.0467749
          ]
        ]
      }
    },
    {
      "type": "Feature",
      "properties": {
        "@id": "way/1394241081",
        "golf": "hole",
        "handicap": "13",
        "par": "3",
        "ref": "3"
      },
      "geometry": {
        "type": "LineString",
        "coordinates": [
          [
            -79.0331733,
            43.0459825
          ],
          [
            -79.0318629,
            43.0467058
          ],
          [
            -79.0309822,
            43.046902
          ]
        ]
      }
    },
    {
      "type": "Feature",
      "properties": {
        "@id": "way/1394241082",
        "golf": "hole",
        "handicap": "9",
        "par": "4",
        "ref": "4"
      },
      "geometry": {
        "type": "LineString",
        "coordinates": [
          [
            -79.0308036,
            43.0473517
          ],
          [
            -79.0321439,
            43.0485169
          ],
          [
            -79.0323901,
            43.0498801
          ],
          [
            -79.0328701,
            43.0506231
          ]
        ]
      }
    },
    {
      "type": "Feature",
      "properties": {
        "@id": "way/1394241083",
        "golf": "hole",
        "handicap": "17",
        "par": "4",
        "ref": "5"
      },
      "geometry": {
        "type": "LineString",
        "coordinates": [
          [
            -79.0341893,
            43.0507762
          ],
          [
            -79.0337683,
            43.0535852
          ],
          [
            -79.0337642,
            43.0536123
          ],
          [
            -79.0337469,
            43.0537278
          ]
        ]
      }
    },
    {
      "type": "Feature",
      "properties": {
        "@id": "way/1394241084",
        "golf": "hole",
        "handicap": "7",
        "par": "5",
        "ref": "6"
      },
      "geometry": {
        "type": "LineString",
        "coordinates": [
          [
            -79.0342213,
            43.0547618
          ],
          [
            -79.0353316,
            43.0528964
          ],
          [
            -79.0355275,
            43.0505977
          ]
        ]
      }
    },
    {
      "type": "Feature",
      "properties": {
        "@id": "way/1394241085",
        "golf": "hole",
        "handicap": "5",
        "par": "4",
        "ref": "7"
      },
      "geometry": {
        "type": "LineString",
        "coordinates": [
          [
            -79.0363951,
            43.04947
          ],
          [
            -79.0388057,
            43.0495234
          ],
          [
            -79.0397885,
            43.0484942
          ],
          [
            -79.0398874,
            43.0480715
          ]
        ]
      }
    },
    {
      "type": "Feature",
      "properties": {
        "@id": "way/1394241086",
        "golf": "hole",
        "handicap": "15",
        "par": "3",
        "ref": "8"
      },
      "geometry": {
        "type": "LineString",
        "coordinates": [
          [
            -79.0399145,
            43.0476258
          ],
          [
            -79.0384205,
            43.0479863
          ],
          [
            -79.038366,
            43.0483963
          ],
          [
            -79.0383463,
            43.048545
          ]
        ]
      }
    },
    {
      "type": "Feature",
      "properties": {
        "@id": "way/1394241087",
        "golf": "hole",
        "handicap": "1",
        "par": "4",
        "ref": "9"
      },
      "geometry": {
        "type": "LineString",
        "coordinates": [
          [
            -79.036858,
            43.0487586
          ],
          [
            -79.0378526,
            43.0471957
          ],
          [
            -79.0375059,
            43.0463982
          ],
          [
            -79.037795,
            43.0458403
          ],
          [
            -79.0373351,
            43.045062
          ]
        ]
      }
    },
    {
      "type": "Feature",
      "properties": {
        "@id": "way/1394241088",
        "golf": "hole",
        "handicap": "14",
        "par": "4",
        "ref": "10"
      },
      "geometry": {
        "type": "LineString",
        "coordinates": [
          [
            -79.0382303,
            43.0444479
          ],
          [
            -79.039189,
            43.0463154
          ],
          [
            -79.0407311,
            43.0473742
          ]
        ]
      }
    },
    {
      "type": "Feature",
      "properties": {
        "@id": "way/1394241089",
        "golf": "hole",
        "handicap": "12",
        "par": "5",
        "ref": "11"
      },
      "geometry": {
        "type": "LineString",
        "coordinates": [
          [
            -79.0407999,
            43.0486475
          ],
          [
            -79.0398718,
            43.0506938
          ],
          [
            -79.0393845,
            43.0521696
          ],
          [
            -79.0387923,
            43.0526028
          ]
        ]
      }
    },
    {
      "type": "Feature",
      "properties": {
        "@id": "way/1394241090",
        "golf": "hole",
        "handicap": "16",
        "par": "4",
        "ref": "12"
      },
      "geometry": {
        "type": "LineString",
        "coordinates": [
          [
            -79.0386019,
            43.053529
          ],
          [
            -79.0370312,
            43.0549559
          ],
          [
            -79.0358633,
            43.0566481
          ]
        ]
      }
    },
    {
      "type": "Feature",
      "properties": {
        "@id": "way/1394241091",
        "golf": "hole",
        "handicap": "4",
        "par": "4",
        "ref": "13"
      },
      "geometry": {
        "type": "LineString",
        "coordinates": [
          [
            -79.0353779,
            43.0573408
          ],
          [
            -79.0344901,
            43.0587905
          ],
          [
            -79.0325761,
            43.0595793
          ]
        ]
      }
    },
    {
      "type": "Feature",
      "properties": {
        "@id": "way/1394241092",
        "golf": "hole",
        "handicap": "18",
        "par": "3",
        "ref": "14"
      },
      "geometry": {
        "type": "LineString",
        "coordinates": [
          [
            -79.0324809,
            43.0588138
          ],
          [
            -79.0336527,
            43.0580075
          ],
          [
            -79.0338057,
            43.0576781
          ]
        ]
      }
    },
    {
      "type": "Feature",
      "properties": {
        "@id": "way/1394241093",
        "golf": "hole",
        "handicap": "8",
        "par": "4",
        "ref": "15"
      },
      "geometry": {
        "type": "LineString",
        "coordinates": [
          [
            -79.0330073,
            43.0573463
          ],
          [
            -79.0350865,
            43.0558271
          ],
          [
            -79.0360055,
            43.0545895
          ]
        ]
      }
    },
    {
      "type": "Feature",
      "properties": {
        "@id": "way/1394241094",
        "golf": "hole",
        "handicap": "2",
        "par": "4",
        "ref": "16"
      },
      "geometry": {
        "type": "LineString",
        "coordinates": [
          [
            -79.0364821,
            43.054124
          ],
          [
            -79.0369943,
            43.0519159
          ],
          [
            -79.0380532,
            43.0509518
          ]
        ]
      }
    },
    {
      "type": "Feature",
      "properties": {
        "@id": "way/1394241095",
        "golf": "hole",
        "handicap": "10",
        "par": "3",
        "ref": "17"
      },
      "geometry": {
        "type": "LineString",
        "coordinates": [
          [
            -79.0389901,
            43.0502691
          ],
          [
            -79.0379451,
            43.0504407
          ],
          [
            -79.0373251,
            43.0505426
          ],
          [
            -79.0367523,
            43.0504216
          ]
        ]
      }
    },
    {
      "type": "Feature",
      "properties": {
        "@id": "way/1408952249",
        "golf": "bunker",
        "surface": "sand"
      },
      "geometry": {
        "type": "Polygon",
        "coordinates": [
          [
            [
              -79.0330908,
              43.0505631
            ],
            [
              -79.0330908,
              43.0505501
            ],
            [
              -79.0330968,
              43.0505287
            ],
            [
              -79.0331046,
              43.0505166
            ],
            [
              -79.0331072,
              43.0505098
            ],
            [
              -79.0331116,
              43.0504972
            ],
            [
              -79.0331171,
              43.0504798
            ],
            [
              -79.0331279,
              43.0504768
            ],
            [
              -79.0331409,
              43.0504709
            ],
            [
              -79.0331568,
              43.0504721
            ],
            [
              -79.0331722,
              43.0504761
            ],
            [
              -79.0331861,
              43.0504856
            ],
            [
              -79.033199,
              43.0504928
            ],
            [
              -79.0332066,
              43.0505047
            ],
            [
              -79.0332074,
              43.0505177
            ],
            [
              -79.0332108,
              43.0505372
            ],
            [
              -79.0332127,
              43.0505489
            ],
            [
              -79.0332108,
              43.0505643
            ],
            [
              -79.0331977,
              43.0505816
            ],
            [
              -79.0331899,
              43.0505857
            ],
            [
              -79.0331744,
              43.0505877
            ],
            [
              -79.0331603,
              43.0505884
            ],
            [
              -79.0331466,
              43.0505915
            ],
            [
              -79.0331343,
              43.050591
            ],
            [
              -79.0331208,
              43.0505913
            ],
            [
              -79.0331118,
              43.050587
            ],
            [
              -79.0331009,
              43.0505805
            ],
            [
              -79.0330943,
              43.0505721
            ],
            [
              -79.0330908,
              43.0505631
            ]
          ]
        ]
      }
    },
    {
      "type": "Feature",
      "properties": {
        "@id": "way/1408952250",
        "golf": "bunker",
        "surface": "sand"
      },
      "geometry": {
        "type": "Polygon",
        "coordinates": [
          [
            [
              -79.0330421,
              43.0505113
            ],
            [
              -79.0330481,
              43.0505057
            ],
            [
              -79.0330536,
              43.0504984
            ],
            [
              -79.0330582,
              43.0504882
            ],
            [
              -79.0330621,
              43.0504764
            ],
            [
              -79.0330614,
              43.0504674
            ],
            [
              -79.0330614,
              43.0504623
            ],
            [
              -79.0330614,
              43.0504555
            ],
            [
              -79.033066,
              43.0504504
            ],
            [
              -79.0330717,
              43.050444
            ],
            [
              -79.0330766,
              43.0504424
            ],
            [
              -79.0330846,
              43.0504352
            ],
            [
              -79.033086,
              43.0504262
            ],
            [
              -79.033086,
              43.0504169
            ],
            [
              -79.0330823,
              43.0504102
            ],
            [
              -79.0330757,
              43.0504029
            ],
            [
              -79.0330645,
              43.0503952
            ],
            [
              -79.0330521,
              43.0503904
            ],
            [
              -79.0330371,
              43.0503893
            ],
            [
              -79.0330216,
              43.0503869
            ],
            [
              -79.0330078,
              43.0503895
            ],
            [
              -79.0329993,
              43.0503964
            ],
            [
              -79.0329971,
              43.0504059
            ],
            [
              -79.0329977,
              43.0504145
            ],
            [
              -79.0329995,
              43.0504236
            ],
            [
              -79.0330019,
              43.0504319
            ],
            [
              -79.0330006,
              43.0504405
            ],
            [
              -79.0329947,
              43.0504483
            ],
            [
              -79.0329873,
              43.0504581
            ],
            [
              -79.0329828,
              43.0504672
            ],
            [
              -79.0329798,
              43.0504829
            ],
            [
              -79.032979,
              43.0504929
            ],
            [
              -79.032979,
              43.0505001
            ],
            [
              -79.0329807,
              43.0505127
            ],
            [
              -79.0329879,
              43.0505187
            ],
            [
              -79.0330035,
              43.0505247
            ],
            [
              -79.0330132,
              43.0505248
            ],
            [
              -79.0330231,
              43.0505255
            ],
            [
              -79.0330348,
              43.0505214
            ],
            [
              -79.0330421,
              43.0505113
            ]
          ]
        ]
      }
    },
    {
      "type": "Feature",
      "properties": {
        "@id": "way/1408952251",
        "golf": "bunker",
        "surface": "sand"
      },
      "geometry": {
        "type": "Polygon",
        "coordinates": [
          [
            [
              -79.0328765,
              43.0503633
            ],
            [
              -79.0328687,
              43.0503511
            ],
            [
              -79.0328659,
              43.0503368
            ],
            [
              -79.0328621,
              43.0503193
            ],
            [
              -79.0328554,
              43.050306
            ],
            [
              -79.0328491,
              43.0502966
            ],
            [
              -79.0328397,
              43.05029
            ],
            [
              -79.0328306,
              43.0502833
            ],
            [
              -79.0328234,
              43.0502745
            ],
            [
              -79.032819,
              43.0502682
            ],
            [
              -79.0328199,
              43.0502591
            ],
            [
              -79.0328221,
              43.0502474
            ],
            [
              -79.0328318,
              43.0502409
            ],
            [
              -79.0328419,
              43.0502367
            ],
            [
              -79.0328587,
              43.0502312
            ],
            [
              -79.0328703,
              43.0502349
            ],
            [
              -79.0328848,
              43.0502407
            ],
            [
              -79.0328983,
              43.0502537
            ],
            [
              -79.0329253,
              43.0502784
            ],
            [
              -79.0329431,
              43.0502953
            ],
            [
              -79.0329536,
              43.0503155
            ],
            [
              -79.0329552,
              43.0503336
            ],
            [
              -79.0329552,
              43.0503506
            ],
            [
              -79.0329465,
              43.0503614
            ],
            [
              -79.0329369,
              43.0503698
            ],
            [
              -79.0329271,
              43.0503721
            ],
            [
              -79.0329142,
              43.0503761
            ],
            [
              -79.0329008,
              43.0503781
            ],
            [
              -79.0328887,
              43.0503733
            ],
            [
              -79.0328765,
              43.0503633
            ]
          ]
        ]
      }
    },
    {
      "type": "Feature",
      "properties": {
        "@id": "way/1408952252",
        "golf": "bunker",
        "surface": "sand"
      },
      "geometry": {
        "type": "Polygon",
        "coordinates": [
          [
            [
              -79.0324868,
              43.0506275
            ],
            [
              -79.0324911,
              43.0506163
            ],
            [
              -79.0325018,
              43.0506022
            ],
            [
              -79.0325117,
              43.0505877
            ],
            [
              -79.0325121,
              43.050571
            ],
            [
              -79.0325121,
              43.0505579
            ],
            [
              -79.032502,
              43.0505443
            ],
            [
              -79.0324872,
              43.0505294
            ],
            [
              -79.0324641,
              43.050515
            ],
            [
              -79.0324473,
              43.0505095
            ],
            [
              -79.0324317,
              43.0505111
            ],
            [
              -79.0324173,
              43.0505172
            ],
            [
              -79.032405,
              43.0505242
            ],
            [
              -79.0323911,
              43.0505343
            ],
            [
              -79.0323862,
              43.050551
            ],
            [
              -79.03238,
              43.0505715
            ],
            [
              -79.0323809,
              43.0505938
            ],
            [
              -79.0323809,
              43.050605
            ],
            [
              -79.0323895,
              43.0506198
            ],
            [
              -79.0323975,
              43.0506268
            ],
            [
              -79.0324105,
              43.0506321
            ],
            [
              -79.0324177,
              43.0506354
            ],
            [
              -79.0324214,
              43.0506421
            ],
            [
              -79.0324301,
              43.0506426
            ],
            [
              -79.0324429,
              43.0506407
            ],
            [
              -79.0324552,
              43.0506447
            ],
            [
              -79.0324658,
              43.0506446
            ],
            [
              -79.0324764,
              43.0506424
            ],
            [
              -79.0324824,
              43.0506364
            ],
            [
              -79.0324868,
              43.0506275
            ]
          ]
        ]
      }
    },
    {
      "type": "Feature",
      "properties": {
        "@id": "way/1408952253",
        "golf": "bunker",
        "surface": "sand"
      },
      "geometry": {
        "type": "Polygon",
        "coordinates": [
          [
            [
              -79.0325496,
              43.0506486
            ],
            [
              -79.0325655,
              43.0505971
            ],
            [
              -79.0325732,
              43.0505872
            ],
            [
              -79.0325848,
              43.0505799
            ],
            [
              -79.0325943,
              43.0505793
            ],
            [
              -79.0326069,
              43.0505793
            ],
            [
              -79.032618,
              43.0505819
            ],
            [
              -79.0326256,
              43.0505885
            ],
            [
              -79.032629,
              43.0505957
            ],
            [
              -79.0326322,
              43.0506067
            ],
            [
              -79.0326354,
              43.0506218
            ],
            [
              -79.0326409,
              43.0506325
            ],
            [
              -79.0326668,
              43.0506769
            ],
            [
              -79.0326662,
              43.050687
            ],
            [
              -79.032659,
              43.0506971
            ],
            [
              -79.0326498,
              43.0506998
            ],
            [
              -79.0326371,
              43.0507003
            ],
            [
              -79.0326285,
              43.0506978
            ],
            [
              -79.0326285,
              43.0506904
            ],
            [
              -79.0326201,
              43.0506883
            ],
            [
              -79.0326095,
              43.0506883
            ],
            [
              -79.032603,
              43.0506926
            ],
            [
              -79.032589,
              43.0506957
            ],
            [
              -79.0325795,
              43.050698
            ],
            [
              -79.0325683,
              43.0506967
            ],
            [
              -79.0325602,
              43.0506899
            ],
            [
              -79.0325612,
              43.0506776
            ],
            [
              -79.0325515,
              43.050663
            ],
            [
              -79.0325496,
              43.0506486
            ]
          ]
        ]
      }
    },
    {
      "type": "Feature",
      "properties": {
        "@id": "way/1408952254",
        "golf": "rough",
        "surface": "grass"
      },
      "geometry": {
        "type": "Polygon",
        "coordinates": [
          [
            [
              -79.0342943,
              43.0506726
            ],
            [
              -79.0343382,
              43.0507129
            ],
            [
              -79.0343714,
              43.0507913
            ],
            [
              -79.0343565,
              43.0508772
            ],
            [
              -79.034318,
              43.0510258
            ],
            [
              -79.0342631,
              43.0511684
            ],
            [
              -79.034226,
              43.0512947
            ],
            [
              -79.0342103,
              43.0513908
            ],
            [
              -79.0342136,
              43.0514857
            ],
            [
              -79.0342625,
              43.0516013
            ],
            [
              -79.0343158,
              43.0516755
            ],
            [
              -79.0343617,
              43.0517566
            ],
            [
              -79.0343617,
              43.0518163
            ],
            [
              -79.0343559,
              43.0518989
            ],
            [
              -79.0343537,
              43.0520467
            ],
            [
              -79.0343877,
              43.0521428
            ],
            [
              -79.0344094,
              43.0522726
            ],
            [
              -79.0344099,
              43.0524088
            ],
            [
              -79.03443,
              43.0525285
            ],
            [
              -79.0344804,
              43.052638
            ],
            [
              -79.0344849,
              43.0527522
            ],
            [
              -79.0344602,
              43.0528632
            ],
            [
              -79.0343638,
              43.0531518
            ],
            [
              -79.034309,
              43.0533231
            ],
            [
              -79.0342669,
              43.0534843
            ],
            [
              -79.0342412,
              43.053528
            ],
            [
              -79.0342148,
              43.0535463
            ],
            [
              -79.0342188,
              43.0535881
            ],
            [
              -79.0342438,
              43.0536448
            ],
            [
              -79.0342565,
              43.0537012
            ],
            [
              -79.0342526,
              43.0537595
            ],
            [
              -79.0342186,
              43.0538114
            ],
            [
              -79.0341747,
              43.0538636
            ],
            [
              -79.0340799,
              43.0539045
            ],
            [
              -79.0339845,
              43.0539558
            ],
            [
              -79.033884,
              43.0539846
            ],
            [
              -79.0337562,
              43.05401
            ],
            [
              -79.0336479,
              43.0539934
            ],
            [
              -79.033475,
              43.0539647
            ],
            [
              -79.0333856,
              43.0539524
            ],
            [
              -79.0333077,
              43.0539129
            ],
            [
              -79.033247,
              43.053874
            ],
            [
              -79.0332272,
              43.0537797
            ],
            [
              -79.0332409,
              43.0536255
            ],
            [
              -79.0332524,
              43.0535032
            ],
            [
              -79.0332872,
              43.0534073
            ],
            [
              -79.0334381,
              43.0532355
            ],
            [
              -79.0335118,
              43.0531429
            ],
            [
              -79.0335315,
              43.0529772
            ],
            [
              -79.0334781,
              43.0528412
            ],
            [
              -79.0334421,
              43.0527499
            ],
            [
              -79.0334053,
              43.052542
            ],
            [
              -79.0333926,
              43.0524151
            ],
            [
              -79.0334454,
              43.052297
            ],
            [
              -79.0335823,
              43.051993
            ],
            [
              -79.0336642,
              43.0517576
            ],
            [
              -79.0338056,
              43.0513759
            ],
            [
              -79.0338763,
              43.0510326
            ],
            [
              -79.0340114,
              43.0508504
            ],
            [
              -79.0340475,
              43.0507629
            ],
            [
              -79.0341013,
              43.0506981
            ],
            [
              -79.0341922,
              43.0506544
            ],
            [
              -79.0342546,
              43.0506633
            ],
            [
              -79.0342943,
              43.0506726
            ]
          ]
        ]
      }
    },
    {
      "type": "Feature",
      "properties": {
        "@id": "way/1408952255",
        "golf": "tee",
        "tee": "gold"
      },
      "geometry": {
        "type": "Polygon",
        "coordinates": [
          [
            [
              -79.0342362,
              43.0508268
            ],
            [
              -79.0342768,
              43.0507986
            ],
            [
              -79.0342785,
              43.0507635
            ],
            [
              -79.0342608,
              43.050718
            ],
            [
              -79.0342234,
              43.050701
            ],
            [
              -79.0341749,
              43.0507099
            ],
            [
              -79.0341184,
              43.0507343
            ],
            [
              -79.0341112,
              43.0507712
            ],
            [
              -79.034108,
              43.0508159
            ],
            [
              -79.0341684,
              43.0508354
            ],
            [
              -79.034206,
              43.0508361
            ],
            [
              -79.0342362,
              43.0508268
            ]
          ]
        ]
      }
    },
    {
      "type": "Feature",
      "properties": {
        "@id": "way/1408952256",
        "golf": "tee",
        "tee": "blue"
      },
      "geometry": {
        "type": "Polygon",
        "coordinates": [
          [
            [
              -79.0342483,
              43.0509878
            ],
            [
              -79.0342569,
              43.0509349
            ],
            [
              -79.0342371,
              43.0508947
            ],
            [
              -79.0342019,
              43.0508789
            ],
            [
              -79.0341526,
              43.0508718
            ],
            [
              -79.0341024,
              43.050882
            ],
            [
              -79.0340778,
              43.0509185
            ],
            [
              -79.034051,
              43.0509673
            ],
            [
              -79.0340667,
              43.0510121
            ],
            [
              -79.0341224,
              43.0510337
            ],
            [
              -79.0341772,
              43.0510368
            ],
            [
              -79.0342275,
              43.0510163
            ],
            [
              -79.0342483,
              43.0509878
            ]
          ]
        ]
      }
    },
    {
      "type": "Feature",
      "properties": {
        "@id": "way/1408952257",
        "golf": "tee",
        "tee": "white"
      },
      "geometry": {
        "type": "Polygon",
        "coordinates": [
          [
            [
              -79.0341076,
              43.0512582
            ],
            [
              -79.0341374,
              43.0511861
            ],
            [
              -79.0341495,
              43.0511355
            ],
            [
              -79.0341298,
              43.0511084
            ],
            [
              -79.0340913,
              43.0510864
            ],
            [
              -79.034052,
              43.0510839
            ],
            [
              -79.0339936,
              43.0510883
            ],
            [
              -79.0339495,
              43.0511397
            ],
            [
              -79.0339484,
              43.0511893
            ],
            [
              -79.0339487,
              43.0512389
            ],
            [
              -79.0339663,
              43.051266
            ],
            [
              -79.0340016,
              43.0512797
            ],
            [
              -79.0340453,
              43.0512888
            ],
            [
              -79.0340792,
              43.0512805
            ],
            [
              -79.0341076,
              43.0512582
            ]
          ]
        ]
      }
    },
    {
      "type": "Feature",
      "properties": {
        "@id": "way/1408952258",
        "golf": "tee",
        "tee": "green"
      },
      "geometry": {
        "type": "Polygon",
        "coordinates": [
          [
            [
              -79.0339522,
              43.0515171
            ],
            [
              -79.0339541,
              43.0514666
            ],
            [
              -79.0339366,
              43.0514455
            ],
            [
              -79.0338957,
              43.0514296
            ],
            [
              -79.033851,
              43.0514464
            ],
            [
              -79.0338276,
              43.0514908
            ],
            [
              -79.0338441,
              43.0515257
            ],
            [
              -79.0338824,
              43.051544
            ],
            [
              -79.0339227,
              43.0515481
            ],
            [
              -79.0339522,
              43.0515171
            ]
          ]
        ]
      }
    },
    {
      "type": "Feature",
      "properties": {
        "@id": "way/1408952259",
        "golf": "fairway",
        "surface": "grass"
      },
      "geometry": {
        "type": "Polygon",
        "coordinates": [
          [
            [
              -79.0339391,
              43.0517318
            ],
            [
              -79.0339703,
              43.0517183
            ],
            [
              -79.0340266,
              43.0517116
            ],
            [
              -79.0340855,
              43.0517101
            ],
            [
              -79.034149,
              43.0517265
            ],
            [
              -79.0341911,
              43.0517482
            ],
            [
              -79.0342384,
              43.05178
            ],
            [
              -79.0342663,
              43.0518697
            ],
            [
              -79.0342729,
              43.0519576
            ],
            [
              -79.0342663,
              43.0521011
            ],
            [
              -79.0342457,
              43.0521748
            ],
            [
              -79.0342086,
              43.0522284
            ],
            [
              -79.0341609,
              43.0522648
            ],
            [
              -79.0340788,
              43.0522844
            ],
            [
              -79.0340126,
              43.0522926
            ],
            [
              -79.0339773,
              43.0523148
            ],
            [
              -79.0339428,
              43.0523484
            ],
            [
              -79.0339379,
              43.0523847
            ],
            [
              -79.0339561,
              43.0524531
            ],
            [
              -79.0340779,
              43.052602
            ],
            [
              -79.0341415,
              43.052662
            ],
            [
              -79.0341896,
              43.0526873
            ],
            [
              -79.0342147,
              43.0527092
            ],
            [
              -79.0342447,
              43.0527396
            ],
            [
              -79.0342592,
              43.0527837
            ],
            [
              -79.0342406,
              43.0528747
            ],
            [
              -79.0342168,
              43.0529087
            ],
            [
              -79.0341844,
              43.0529869
            ],
            [
              -79.0341515,
              43.0530931
            ],
            [
              -79.0341339,
              43.0531759
            ],
            [
              -79.0340981,
              43.0532368
            ],
            [
              -79.0340579,
              43.0532939
            ],
            [
              -79.0339906,
              43.0533435
            ],
            [
              -79.0339362,
              43.0533825
            ],
            [
              -79.0339019,
              43.0534223
            ],
            [
              -79.0338854,
              43.0534692
            ],
            [
              -79.0338854,
              43.0535002
            ],
            [
              -79.033912,
              43.0535287
            ],
            [
              -79.0339707,
              43.0535791
            ],
            [
              -79.03402,
              43.0536147
            ],
            [
              -79.0340717,
              43.0536699
            ],
            [
              -79.0340848,
              43.0537274
            ],
            [
              -79.0340616,
              43.0537782
            ],
            [
              -79.0340184,
              43.053817
            ],
            [
              -79.0339602,
              43.0538536
            ],
            [
              -79.0339203,
              43.0538811
            ],
            [
              -79.0338745,
              43.0538943
            ],
            [
              -79.0338224,
              43.0538971
            ],
            [
              -79.0337858,
              43.0538814
            ],
            [
              -79.033757,
              43.0538625
            ],
            [
              -79.0337394,
              43.0538469
            ],
            [
              -79.0337066,
              43.0538342
            ],
            [
              -79.0336651,
              43.0538292
            ],
            [
              -79.0336115,
              43.053818
            ],
            [
              -79.033574,
              43.0538067
            ],
            [
              -79.0335565,
              43.0537924
            ],
            [
              -79.0335397,
              43.0537692
            ],
            [
              -79.0335401,
              43.053739
            ],
            [
              -79.0335624,
              43.0537055
            ],
            [
              -79.0335988,
              43.0536801
            ],
            [
              -79.0336417,
              43.0536516
            ],
            [
              -79.0336978,
              43.0536284
            ],
            [
              -79.0337433,
              43.0536007
            ],
            [
              -79.0337683,
              43.0535852
            ],
            [
              -79.03378,
              43.0535656
            ],
            [
              -79.0337851,
              43.0535377
            ],
            [
              -79.0337881,
              43.0535163
            ],
            [
              -79.0337741,
              43.0534846
            ],
            [
              -79.033729,
              43.0534443
            ],
            [
              -79.0336903,
              43.0534162
            ],
            [
              -79.0336526,
              43.0533721
            ],
            [
              -79.0336188,
              43.0533169
            ],
            [
              -79.0335937,
              43.053252
            ],
            [
              -79.0335843,
              43.0532073
            ],
            [
              -79.03361,
              43.0530989
            ],
            [
              -79.0336421,
              43.0530095
            ],
            [
              -79.0336717,
              43.0529488
            ],
            [
              -79.0337119,
              43.0528723
            ],
            [
              -79.0337653,
              43.0528254
            ],
            [
              -79.0337876,
              43.052803
            ],
            [
              -79.0337928,
              43.0527764
            ],
            [
              -79.0337829,
              43.0527424
            ],
            [
              -79.0337667,
              43.0527214
            ],
            [
              -79.0337422,
              43.0526944
            ],
            [
              -79.0337194,
              43.052674
            ],
            [
              -79.033673,
              43.0526319
            ],
            [
              -79.0336255,
              43.0525713
            ],
            [
              -79.0335983,
              43.052525
            ],
            [
              -79.0335792,
              43.0524804
            ],
            [
              -79.0335772,
              43.0524473
            ],
            [
              -79.033579,
              43.0523846
            ],
            [
              -79.033592,
              43.0523383
            ],
            [
              -79.0336098,
              43.0522903
            ],
            [
              -79.0336563,
              43.0522298
            ],
            [
              -79.0336971,
              43.0521667
            ],
            [
              -79.0337173,
              43.0521253
            ],
            [
              -79.0337338,
              43.0520707
            ],
            [
              -79.0337432,
              43.0520202
            ],
            [
              -79.0337607,
              43.0519442
            ],
            [
              -79.0338004,
              43.0518736
            ],
            [
              -79.0338309,
              43.0518242
            ],
            [
              -79.0338617,
              43.0517839
            ],
            [
              -79.0339029,
              43.0517513
            ],
            [
              -79.0339391,
              43.0517318
            ]
          ]
        ]
      }
    },
    {
      "type": "Feature",
      "properties": {
        "@id": "way/1408952260",
        "golf": "bunker",
        "surface": "sand"
      },
      "geometry": {
        "type": "Polygon",
        "coordinates": [
          [
            [
              -79.0340584,
              43.0524254
            ],
            [
              -79.034052,
              43.0524299
            ],
            [
              -79.0340445,
              43.0524344
            ],
            [
              -79.0340346,
              43.0524272
            ],
            [
              -79.0340245,
              43.052427
            ],
            [
              -79.0340174,
              43.0524358
            ],
            [
              -79.0340083,
              43.0524365
            ],
            [
              -79.0339982,
              43.0524231
            ],
            [
              -79.0339861,
              43.052381
            ],
            [
              -79.0339923,
              43.0523505
            ],
            [
              -79.0340105,
              43.0523353
            ],
            [
              -79.0340375,
              43.0523339
            ],
            [
              -79.0340621,
              43.0523361
            ],
            [
              -79.0340907,
              43.0523452
            ],
            [
              -79.034184,
              43.052408
            ],
            [
              -79.0341976,
              43.0524259
            ],
            [
              -79.0341946,
              43.0524436
            ],
            [
              -79.0341935,
              43.0524664
            ],
            [
              -79.0341775,
              43.052485
            ],
            [
              -79.0341672,
              43.0525052
            ],
            [
              -79.034163,
              43.0525225
            ],
            [
              -79.0341563,
              43.0525301
            ],
            [
              -79.0341446,
              43.0525326
            ],
            [
              -79.0341358,
              43.0525378
            ],
            [
              -79.0341424,
              43.0525429
            ],
            [
              -79.0341424,
              43.0525512
            ],
            [
              -79.0341314,
              43.0525551
            ],
            [
              -79.034121,
              43.0525497
            ],
            [
              -79.0341125,
              43.0525483
            ],
            [
              -79.0341079,
              43.052558
            ],
            [
              -79.0340914,
              43.0525519
            ],
            [
              -79.0340825,
              43.0525278
            ],
            [
              -79.034082,
              43.0524464
            ],
            [
              -79.0340972,
              43.0524261
            ],
            [
              -79.034101,
              43.0524158
            ],
            [
              -79.0340858,
              43.0524106
            ],
            [
              -79.0340584,
              43.0524254
            ]
          ]
        ]
      }
    },
    {
      "type": "Feature",
      "properties": {
        "@id": "way/1408952261",
        "golf": "bunker",
        "surface": "sand"
      },
      "geometry": {
        "type": "Polygon",
        "coordinates": [
          [
            [
              -79.0343762,
              43.0526519
            ],
            [
              -79.0343643,
              43.0526087
            ],
            [
              -79.0343432,
              43.0525652
            ],
            [
              -79.0343124,
              43.0525386
            ],
            [
              -79.0342864,
              43.0525214
            ],
            [
              -79.034263,
              43.0525134
            ],
            [
              -79.0342435,
              43.052514
            ],
            [
              -79.0342331,
              43.0525182
            ],
            [
              -79.0342152,
              43.0525408
            ],
            [
              -79.0342027,
              43.0525709
            ],
            [
              -79.0341911,
              43.0525875
            ],
            [
              -79.0341796,
              43.0526006
            ],
            [
              -79.0341737,
              43.0526147
            ],
            [
              -79.0341806,
              43.0526268
            ],
            [
              -79.0341883,
              43.0526416
            ],
            [
              -79.0342086,
              43.0526473
            ],
            [
              -79.0342175,
              43.0526442
            ],
            [
              -79.0342198,
              43.0526326
            ],
            [
              -79.0342294,
              43.0526264
            ],
            [
              -79.0342379,
              43.0526227
            ],
            [
              -79.0342496,
              43.0526026
            ],
            [
              -79.034258,
              43.05258
            ],
            [
              -79.0342708,
              43.0525784
            ],
            [
              -79.0342811,
              43.0525805
            ],
            [
              -79.0342799,
              43.0525997
            ],
            [
              -79.034273,
              43.0526279
            ],
            [
              -79.034273,
              43.0526521
            ],
            [
              -79.0342807,
              43.0526717
            ],
            [
              -79.0342905,
              43.0526831
            ],
            [
              -79.0343066,
              43.0526842
            ],
            [
              -79.0343161,
              43.0526847
            ],
            [
              -79.0343237,
              43.0526869
            ],
            [
              -79.034329,
              43.052692
            ],
            [
              -79.0343333,
              43.0526938
            ],
            [
              -79.0343396,
              43.0526939
            ],
            [
              -79.0343435,
              43.0526901
            ],
            [
              -79.0343435,
              43.0526861
            ],
            [
              -79.0343462,
              43.0526832
            ],
            [
              -79.0343527,
              43.0526814
            ],
            [
              -79.0343624,
              43.0526814
            ],
            [
              -79.0343643,
              43.0526844
            ],
            [
              -79.0343687,
              43.0526844
            ],
            [
              -79.0343688,
              43.0526804
            ],
            [
              -79.0343731,
              43.0526666
            ],
            [
              -79.0343762,
              43.0526519
            ]
          ]
        ]
      }
    },
    {
      "type": "Feature",
      "properties": {
        "@id": "way/1408952262",
        "golf": "bunker",
        "surface": "sand"
      },
      "geometry": {
        "type": "Polygon",
        "coordinates": [
          [
            [
              -79.0340315,
              43.0535271
            ],
            [
              -79.0340308,
              43.053505
            ],
            [
              -79.0340244,
              43.0534812
            ],
            [
              -79.0340177,
              43.0534678
            ],
            [
              -79.03401,
              43.0534561
            ],
            [
              -79.0339953,
              43.053444
            ],
            [
              -79.03398,
              43.053438
            ],
            [
              -79.0339618,
              43.0534349
            ],
            [
              -79.0339482,
              43.0534388
            ],
            [
              -79.033932,
              43.053456
            ],
            [
              -79.0339244,
              43.053469
            ],
            [
              -79.0339279,
              43.053477
            ],
            [
              -79.0339347,
              43.0534819
            ],
            [
              -79.033944,
              43.0534831
            ],
            [
              -79.0339548,
              43.0534904
            ],
            [
              -79.0339658,
              43.0534997
            ],
            [
              -79.0339682,
              43.0535241
            ],
            [
              -79.033972,
              43.0535343
            ],
            [
              -79.03398,
              43.0535463
            ],
            [
              -79.0339872,
              43.0535518
            ],
            [
              -79.033995,
              43.0535551
            ],
            [
              -79.0340027,
              43.0535551
            ],
            [
              -79.0340072,
              43.0535537
            ],
            [
              -79.0340072,
              43.053548
            ],
            [
              -79.0340075,
              43.0535431
            ],
            [
              -79.0340109,
              43.0535422
            ],
            [
              -79.0340175,
              43.0535401
            ],
            [
              -79.0340253,
              43.0535401
            ],
            [
              -79.0340291,
              43.0535337
            ],
            [
              -79.0340315,
              43.0535271
            ]
          ]
        ]
      }
    },
    {
      "type": "Feature",
      "properties": {
        "@id": "way/1408952263",
        "golf": "bunker",
        "surface": "sand"
      },
      "geometry": {
        "type": "Polygon",
        "coordinates": [
          [
            [
              -79.0340805,
              43.0535416
            ],
            [
              -79.034078,
              43.0536048
            ],
            [
              -79.0340822,
              43.0536183
            ],
            [
              -79.0340944,
              43.0536277
            ],
            [
              -79.0341029,
              43.0536319
            ],
            [
              -79.0341122,
              43.0536324
            ],
            [
              -79.0341171,
              43.0536324
            ],
            [
              -79.0341173,
              43.0536254
            ],
            [
              -79.034122,
              43.0536209
            ],
            [
              -79.0341279,
              43.0536189
            ],
            [
              -79.0341352,
              43.0536177
            ],
            [
              -79.0341412,
              43.0536177
            ],
            [
              -79.0341462,
              43.0536178
            ],
            [
              -79.0341523,
              43.0536118
            ],
            [
              -79.0341539,
              43.0536015
            ],
            [
              -79.0341553,
              43.0535902
            ],
            [
              -79.0341538,
              43.0535732
            ],
            [
              -79.0341507,
              43.0535525
            ],
            [
              -79.034146,
              43.0535383
            ],
            [
              -79.0341441,
              43.0535334
            ],
            [
              -79.0341385,
              43.053528
            ],
            [
              -79.0341335,
              43.0535223
            ],
            [
              -79.0341235,
              43.0535186
            ],
            [
              -79.034114,
              43.0535152
            ],
            [
              -79.034104,
              43.0535152
            ],
            [
              -79.034092,
              43.0535182
            ],
            [
              -79.0340855,
              43.0535204
            ],
            [
              -79.034082,
              43.0535302
            ],
            [
              -79.0340805,
              43.0535416
            ]
          ]
        ]
      }
    },
    {
      "type": "Feature",
      "properties": {
        "@id": "way/1408952264",
        "golf": "bunker",
        "surface": "sand"
      },
      "geometry": {
        "type": "Polygon",
        "coordinates": [
          [
            [
              -79.0336376,
              43.0535941
            ],
            [
              -79.0336365,
              43.0535855
            ],
            [
              -79.0336438,
              43.0535767
            ],
            [
              -79.0336533,
              43.0535741
            ],
            [
              -79.033668,
              43.0535732
            ],
            [
              -79.0336762,
              43.0535752
            ],
            [
              -79.0336796,
              43.0535777
            ],
            [
              -79.0336801,
              43.0535811
            ],
            [
              -79.0336793,
              43.0535863
            ],
            [
              -79.0336776,
              43.0535916
            ],
            [
              -79.0336779,
              43.0535952
            ],
            [
              -79.0336816,
              43.0535955
            ],
            [
              -79.0336893,
              43.0535947
            ],
            [
              -79.0337,
              43.053593
            ],
            [
              -79.0337155,
              43.0535872
            ],
            [
              -79.0337215,
              43.0535819
            ],
            [
              -79.0337242,
              43.0535749
            ],
            [
              -79.0337282,
              43.0535679
            ],
            [
              -79.0337332,
              43.0535599
            ],
            [
              -79.0337388,
              43.0535544
            ],
            [
              -79.0337489,
              43.0535484
            ],
            [
              -79.0337553,
              43.053539
            ],
            [
              -79.0337553,
              43.0535299
            ],
            [
              -79.0337504,
              43.0535206
            ],
            [
              -79.0337445,
              43.0535118
            ],
            [
              -79.033727,
              43.0535027
            ],
            [
              -79.033713,
              43.0534997
            ],
            [
              -79.0336985,
              43.0534998
            ],
            [
              -79.0336839,
              43.053503
            ],
            [
              -79.0336717,
              43.0535061
            ],
            [
              -79.0336537,
              43.0535147
            ],
            [
              -79.0336233,
              43.0535328
            ],
            [
              -79.0335876,
              43.0535572
            ],
            [
              -79.0335635,
              43.053577
            ],
            [
              -79.0335464,
              43.0535911
            ],
            [
              -79.0335366,
              43.0536068
            ],
            [
              -79.0335342,
              43.0536196
            ],
            [
              -79.0335342,
              43.0536296
            ],
            [
              -79.0335344,
              43.0536322
            ],
            [
              -79.0335384,
              43.0536372
            ],
            [
              -79.0335452,
              43.0536408
            ],
            [
              -79.0335467,
              43.053644
            ],
            [
              -79.0335471,
              43.0536503
            ],
            [
              -79.0335544,
              43.0536538
            ],
            [
              -79.0335642,
              43.0536539
            ],
            [
              -79.0335758,
              43.0536525
            ],
            [
              -79.0335833,
              43.0536441
            ],
            [
              -79.0336003,
              43.0536291
            ],
            [
              -79.03361,
              43.0536198
            ],
            [
              -79.0336169,
              43.0536198
            ],
            [
              -79.0336195,
              43.0536229
            ],
            [
              -79.0336204,
              43.0536261
            ],
            [
              -79.0336277,
              43.0536268
            ],
            [
              -79.0336318,
              43.0536239
            ],
            [
              -79.0336339,
              43.0536192
            ],
            [
              -79.033641,
              43.0536134
            ],
            [
              -79.0336486,
              43.0536103
            ],
            [
              -79.0336528,
              43.0536056
            ],
            [
              -79.0336528,
              43.0536025
            ],
            [
              -79.0336492,
              43.0536006
            ],
            [
              -79.0336427,
              43.0535997
            ],
            [
              -79.033638,
              43.0535981
            ],
            [
              -79.0336376,
              43.0535941
            ]
          ]
        ]
      }
    },
    {
      "type": "Feature",
      "properties": {
        "@id": "way/1408952265",
        "golf": "green",
        "surface": "grass"
      },
      "geometry": {
        "type": "Polygon",
        "coordinates": [
          [
            [
              -79.0338866,
              43.0537624
            ],
            [
              -79.0339033,
              43.053747
            ],
            [
              -79.0339136,
              43.0537142
            ],
            [
              -79.0339135,
              43.0536815
            ],
            [
              -79.033895,
              43.0536518
            ],
            [
              -79.0338765,
              43.0536339
            ],
            [
              -79.0338552,
              43.0536213
            ],
            [
              -79.0338216,
              43.0536127
            ],
            [
              -79.0337969,
              43.0536087
            ],
            [
              -79.0337642,
              43.0536123
            ],
            [
              -79.0337349,
              43.0536268
            ],
            [
              -79.0336955,
              43.0536386
            ],
            [
              -79.0336693,
              43.0536487
            ],
            [
              -79.0336417,
              43.0536583
            ],
            [
              -79.0336207,
              43.0536719
            ],
            [
              -79.0335973,
              43.0536869
            ],
            [
              -79.03358,
              43.0537053
            ],
            [
              -79.0335648,
              43.0537284
            ],
            [
              -79.0335581,
              43.0537626
            ],
            [
              -79.0335664,
              43.0537806
            ],
            [
              -79.0335805,
              43.0537945
            ],
            [
              -79.0336084,
              43.0538066
            ],
            [
              -79.0336268,
              43.0538114
            ],
            [
              -79.033667,
              43.0538195
            ],
            [
              -79.0337024,
              43.0538229
            ],
            [
              -79.0337377,
              43.0538208
            ],
            [
              -79.0337995,
              43.053808
            ],
            [
              -79.0338411,
              43.0537929
            ],
            [
              -79.0338677,
              43.0537793
            ],
            [
              -79.0338866,
              43.0537624
            ]
          ]
        ]
      }
    },
    {
      "type": "Feature",
      "properties": {
        "@id": "way/1408952266",
        "golf": "tee",
        "tee": "gold"
      },
      "geometry": {
        "type": "Polygon",
        "coordinates": [
          [
            [
              -79.0342515,
              43.0547983
            ],
            [
              -79.0342706,
              43.0547742
            ],
            [
              -79.034277,
              43.0547451
            ],
            [
              -79.0342716,
              43.0547236
            ],
            [
              -79.0342365,
              43.0547044
            ],
            [
              -79.0342055,
              43.0547116
            ],
            [
              -79.0341644,
              43.0547256
            ],
            [
              -79.0341292,
              43.0547819
            ],
            [
              -79.0341494,
              43.0548295
            ],
            [
              -79.0341723,
              43.0548364
            ],
            [
              -79.0342127,
              43.0548339
            ],
            [
              -79.0342379,
              43.054815
            ],
            [
              -79.0342515,
              43.0547983
            ]
          ]
        ]
      }
    },
    {
      "type": "Feature",
      "properties": {
        "@id": "way/1408952267",
        "golf": "tee",
        "tee": "blue"
      },
      "geometry": {
        "type": "Polygon",
        "coordinates": [
          [
            [
              -79.0344896,
              43.0546416
            ],
            [
              -79.0345368,
              43.0545805
            ],
            [
              -79.0345531,
              43.054539
            ],
            [
              -79.0345471,
              43.0545178
            ],
            [
              -79.0345369,
              43.0545069
            ],
            [
              -79.0345133,
              43.0544999
            ],
            [
              -79.0344874,
              43.0545004
            ],
            [
              -79.0344592,
              43.0545072
            ],
            [
              -79.0344245,
              43.0545288
            ],
            [
              -79.0343945,
              43.0545577
            ],
            [
              -79.0343697,
              43.054601
            ],
            [
              -79.0343607,
              43.0546296
            ],
            [
              -79.0343657,
              43.0546575
            ],
            [
              -79.0343892,
              43.054673
            ],
            [
              -79.0344189,
              43.0546826
            ],
            [
              -79.0344525,
              43.0546792
            ],
            [
              -79.0344688,
              43.0546622
            ],
            [
              -79.0344896,
              43.0546416
            ]
          ]
        ]
      }
    },
    {
      "type": "Feature",
      "properties": {
        "@id": "way/1408952268",
        "golf": "tee",
        "tee": "white"
      },
      "geometry": {
        "type": "Polygon",
        "coordinates": [
          [
            [
              -79.034756,
              43.054367
            ],
            [
              -79.03479,
              43.0543286
            ],
            [
              -79.0348047,
              43.0542833
            ],
            [
              -79.0348076,
              43.0542501
            ],
            [
              -79.034794,
              43.0542306
            ],
            [
              -79.0347651,
              43.054214
            ],
            [
              -79.0347223,
              43.0542112
            ],
            [
              -79.0346892,
              43.0542267
            ],
            [
              -79.0346579,
              43.0542519
            ],
            [
              -79.0346086,
              43.0543432
            ],
            [
              -79.0346051,
              43.0543794
            ],
            [
              -79.0346181,
              43.0544001
            ],
            [
              -79.0346491,
              43.0544075
            ],
            [
              -79.0346731,
              43.0544095
            ],
            [
              -79.0347,
              43.0544097
            ],
            [
              -79.0347341,
              43.0543913
            ],
            [
              -79.034756,
              43.054367
            ]
          ]
        ]
      }
    },
    {
      "type": "Feature",
      "properties": {
        "@id": "way/1408952269",
        "golf": "tee",
        "tee": "green"
      },
      "geometry": {
        "type": "Polygon",
        "coordinates": [
          [
            [
              -79.0348414,
              43.054083
            ],
            [
              -79.0348364,
              43.0540636
            ],
            [
              -79.034842,
              43.0540303
            ],
            [
              -79.0348648,
              43.0540069
            ],
            [
              -79.0348907,
              43.053997
            ],
            [
              -79.0349138,
              43.053991
            ],
            [
              -79.034945,
              43.0539938
            ],
            [
              -79.0349636,
              43.0540004
            ],
            [
              -79.0349846,
              43.0540201
            ],
            [
              -79.0349908,
              43.0540458
            ],
            [
              -79.0349745,
              43.0540838
            ],
            [
              -79.0349561,
              43.0541112
            ],
            [
              -79.0349174,
              43.0541199
            ],
            [
              -79.0348919,
              43.0541159
            ],
            [
              -79.034866,
              43.0541124
            ],
            [
              -79.0348559,
              43.0541004
            ],
            [
              -79.0348414,
              43.054083
            ]
          ]
        ]
      }
    },
    {
      "type": "Feature",
      "properties": {
        "@id": "way/1408952270",
        "golf": "rough",
        "surface": "grass"
      },
      "geometry": {
        "type": "Polygon",
        "coordinates": [
          [
            [
              -79.0350313,
              43.0540928
            ],
            [
              -79.0350781,
              43.0540175
            ],
            [
              -79.0351818,
              43.0539425
            ],
            [
              -79.0352361,
              43.0538809
            ],
            [
              -79.0353046,
              43.0538475
            ],
            [
              -79.0353942,
              43.0537453
            ],
            [
              -79.0354502,
              43.0537003
            ],
            [
              -79.0355679,
              43.053632
            ],
            [
              -79.0356353,
              43.0535567
            ],
            [
              -79.03566,
              43.0534979
            ],
            [
              -79.0357543,
              43.0532542
            ],
            [
              -79.0358095,
              43.0531857
            ],
            [
              -79.0358464,
              43.0531423
            ],
            [
              -79.0358691,
              43.0530727
            ],
            [
              -79.0358788,
              43.0530105
            ],
            [
              -79.0358783,
              43.0529288
            ],
            [
              -79.0359082,
              43.0528628
            ],
            [
              -79.0359223,
              43.0528232
            ],
            [
              -79.0359036,
              43.0527531
            ],
            [
              -79.0358876,
              43.0527069
            ],
            [
              -79.0358727,
              43.0526478
            ],
            [
              -79.0358845,
              43.0525936
            ],
            [
              -79.0359111,
              43.0525358
            ],
            [
              -79.0359154,
              43.0524971
            ],
            [
              -79.0359188,
              43.0524154
            ],
            [
              -79.0359506,
              43.0522839
            ],
            [
              -79.0359748,
              43.0522186
            ],
            [
              -79.0360259,
              43.0521031
            ],
            [
              -79.0360864,
              43.0520046
            ],
            [
              -79.0361262,
              43.0519331
            ],
            [
              -79.0361365,
              43.051825
            ],
            [
              -79.0361269,
              43.0517513
            ],
            [
              -79.0361072,
              43.0516647
            ],
            [
              -79.0361156,
              43.0516015
            ],
            [
              -79.0361278,
              43.0514645
            ],
            [
              -79.0361138,
              43.0513154
            ],
            [
              -79.0360919,
              43.0512067
            ],
            [
              -79.0360617,
              43.0510882
            ],
            [
              -79.0360587,
              43.0510305
            ],
            [
              -79.036061,
              43.0509798
            ],
            [
              -79.0360493,
              43.0509354
            ],
            [
              -79.0360245,
              43.0508961
            ],
            [
              -79.0359882,
              43.05084
            ],
            [
              -79.0359675,
              43.0507861
            ],
            [
              -79.0358997,
              43.0505941
            ],
            [
              -79.0358451,
              43.0504966
            ],
            [
              -79.0357488,
              43.0503144
            ],
            [
              -79.0357153,
              43.050289
            ],
            [
              -79.0356458,
              43.0502896
            ],
            [
              -79.0354318,
              43.0503786
            ],
            [
              -79.0352002,
              43.0504315
            ],
            [
              -79.0351287,
              43.0504382
            ],
            [
              -79.0350969,
              43.0504987
            ],
            [
              -79.0351163,
              43.0506053
            ],
            [
              -79.0351532,
              43.0507716
            ],
            [
              -79.0352163,
              43.0509728
            ],
            [
              -79.0352007,
              43.0510794
            ],
            [
              -79.0351373,
              43.0512064
            ],
            [
              -79.0351296,
              43.051343
            ],
            [
              -79.0351488,
              43.051456
            ],
            [
              -79.0351775,
              43.051667
            ],
            [
              -79.0352049,
              43.0518009
            ],
            [
              -79.0351796,
              43.0519528
            ],
            [
              -79.03517,
              43.0522216
            ],
            [
              -79.0350521,
              43.052295
            ],
            [
              -79.0349988,
              43.0524692
            ],
            [
              -79.0349129,
              43.0526214
            ],
            [
              -79.0349256,
              43.0527718
            ],
            [
              -79.0349299,
              43.05291
            ],
            [
              -79.0348926,
              43.0530138
            ],
            [
              -79.0348168,
              43.0532499
            ],
            [
              -79.0346855,
              43.0534076
            ],
            [
              -79.0347008,
              43.0534916
            ],
            [
              -79.034743,
              43.0536739
            ],
            [
              -79.03477,
              43.0538946
            ],
            [
              -79.0347652,
              43.0540919
            ],
            [
              -79.0348834,
              43.0541545
            ],
            [
              -79.0349797,
              43.0541633
            ],
            [
              -79.0350313,
              43.0540928
            ]
          ]
        ]
      }
    },
    {
      "type": "Feature",
      "properties": {
        "@id": "way/1408952271",
        "golf": "fairway",
        "surface": "grass"
      },
      "geometry": {
        "type": "Polygon",
        "coordinates": [
          [
            [
              -79.0351145,
              43.0536345
            ],
            [
              -79.0351882,
              43.0536209
            ],
            [
              -79.0352382,
              43.0536044
            ],
            [
              -79.0352907,
              43.0535783
            ],
            [
              -79.0353183,
              43.0535486
            ],
            [
              -79.0353281,
              43.0535042
            ],
            [
              -79.0352888,
              43.0534303
            ],
            [
              -79.0352451,
              43.0533831
            ],
            [
              -79.0352127,
              43.0533287
            ],
            [
              -79.0351724,
              43.0532764
            ],
            [
              -79.0351671,
              43.0532355
            ],
            [
              -79.0351847,
              43.0531998
            ],
            [
              -79.0352161,
              43.0531773
            ],
            [
              -79.035261,
              43.0531557
            ],
            [
              -79.0353247,
              43.0531395
            ],
            [
              -79.0353724,
              43.0531323
            ],
            [
              -79.0354387,
              43.0531149
            ],
            [
              -79.035508,
              43.0530935
            ],
            [
              -79.0355816,
              43.0530484
            ],
            [
              -79.0356342,
              43.0530025
            ],
            [
              -79.0356768,
              43.0529519
            ],
            [
              -79.0357115,
              43.0529076
            ],
            [
              -79.0357383,
              43.0528327
            ],
            [
              -79.0357561,
              43.0527063
            ],
            [
              -79.0357698,
              43.0525451
            ],
            [
              -79.0357872,
              43.052355
            ],
            [
              -79.0357993,
              43.0522711
            ],
            [
              -79.0358498,
              43.0520984
            ],
            [
              -79.0358602,
              43.0520483
            ],
            [
              -79.0358588,
              43.0520052
            ],
            [
              -79.0358381,
              43.0519652
            ],
            [
              -79.0357215,
              43.0518187
            ],
            [
              -79.0356383,
              43.0517505
            ],
            [
              -79.03541,
              43.0515522
            ],
            [
              -79.0353671,
              43.0515291
            ],
            [
              -79.0353038,
              43.0515309
            ],
            [
              -79.0352646,
              43.0515357
            ],
            [
              -79.0352324,
              43.0515559
            ],
            [
              -79.0352072,
              43.0515761
            ],
            [
              -79.0352003,
              43.0516276
            ],
            [
              -79.0352083,
              43.0516663
            ],
            [
              -79.0352642,
              43.0517828
            ],
            [
              -79.0352698,
              43.0518552
            ],
            [
              -79.0352651,
              43.0520134
            ],
            [
              -79.0352251,
              43.0521941
            ],
            [
              -79.0351164,
              43.0524178
            ],
            [
              -79.0350872,
              43.0525112
            ],
            [
              -79.0350381,
              43.0526738
            ],
            [
              -79.0349662,
              43.0528985
            ],
            [
              -79.0349302,
              43.0529982
            ],
            [
              -79.0349109,
              43.0530992
            ],
            [
              -79.0348595,
              43.0532166
            ],
            [
              -79.0348086,
              43.0533257
            ],
            [
              -79.0347938,
              43.0533608
            ],
            [
              -79.0348153,
              43.0534776
            ],
            [
              -79.0348688,
              43.0535472
            ],
            [
              -79.03494,
              43.0536
            ],
            [
              -79.0350113,
              43.0536307
            ],
            [
              -79.0350617,
              43.0536362
            ],
            [
              -79.0351145,
              43.0536345
            ]
          ]
        ]
      }
    },
    {
      "type": "Feature",
      "properties": {
        "@id": "way/1408952272",
        "golf": "green",
        "surface": "grass"
      },
      "geometry": {
        "type": "Polygon",
        "coordinates": [
          [
            [
              -79.0353828,
              43.0507041
            ],
            [
              -79.0353654,
              43.0506758
            ],
            [
              -79.035364,
              43.0506445
            ],
            [
              -79.035372,
              43.0506082
            ],
            [
              -79.0353769,
              43.0505761
            ],
            [
              -79.0354008,
              43.0505283
            ],
            [
              -79.0354342,
              43.0505007
            ],
            [
              -79.0354695,
              43.0504787
            ],
            [
              -79.0354981,
              43.050469
            ],
            [
              -79.0355517,
              43.0504631
            ],
            [
              -79.0356011,
              43.0504658
            ],
            [
              -79.0356329,
              43.0504737
            ],
            [
              -79.0356535,
              43.0504842
            ],
            [
              -79.035676,
              43.050508
            ],
            [
              -79.0356938,
              43.0505365
            ],
            [
              -79.035696,
              43.0505646
            ],
            [
              -79.0356821,
              43.0505931
            ],
            [
              -79.0356471,
              43.0506245
            ],
            [
              -79.0356071,
              43.0506661
            ],
            [
              -79.0355604,
              43.0507147
            ],
            [
              -79.0355259,
              43.0507371
            ],
            [
              -79.0355044,
              43.050745
            ],
            [
              -79.0354746,
              43.0507494
            ],
            [
              -79.0354474,
              43.0507475
            ],
            [
              -79.0354215,
              43.0507402
            ],
            [
              -79.0353988,
              43.0507255
            ],
            [
              -79.0353828,
              43.0507041
            ]
          ]
        ]
      }
    },
    {
      "type": "Feature",
      "properties": {
        "@id": "way/1408952273",
        "golf": "bunker",
        "surface": "sand"
      },
      "geometry": {
        "type": "Polygon",
        "coordinates": [
          [
            [
              -79.0358019,
              43.0506985
            ],
            [
              -79.0358069,
              43.0506796
            ],
            [
              -79.0358069,
              43.0506585
            ],
            [
              -79.0357948,
              43.0506393
            ],
            [
              -79.0357842,
              43.0506346
            ],
            [
              -79.0357669,
              43.0506401
            ],
            [
              -79.0357462,
              43.0506442
            ],
            [
              -79.0357324,
              43.0506393
            ],
            [
              -79.0357166,
              43.0506421
            ],
            [
              -79.0356942,
              43.0506559
            ],
            [
              -79.0356859,
              43.0506712
            ],
            [
              -79.0356937,
              43.0506848
            ],
            [
              -79.0356906,
              43.0506988
            ],
            [
              -79.0356819,
              43.0507091
            ],
            [
              -79.0356668,
              43.0507096
            ],
            [
              -79.0356532,
              43.0507084
            ],
            [
              -79.0356447,
              43.0507065
            ],
            [
              -79.0356299,
              43.050716
            ],
            [
              -79.0356207,
              43.050732
            ],
            [
              -79.0356202,
              43.0507504
            ],
            [
              -79.0356292,
              43.0507643
            ],
            [
              -79.0356461,
              43.0507805
            ],
            [
              -79.0356588,
              43.050787
            ],
            [
              -79.0356801,
              43.0507933
            ],
            [
              -79.0357089,
              43.050788
            ],
            [
              -79.0357417,
              43.0507734
            ],
            [
              -79.0357628,
              43.05076
            ],
            [
              -79.0357838,
              43.0507341
            ],
            [
              -79.0358019,
              43.0506985
            ]
          ]
        ]
      }
    },
    {
      "type": "Feature",
      "properties": {
        "@id": "way/1408952274",
        "golf": "green"
      },
      "geometry": {
        "type": "Polygon",
        "coordinates": [
          [
            [
              -79.0399768,
              43.0481894
            ],
            [
              -79.0399971,
              43.0481819
            ],
            [
              -79.0400231,
              43.0481599
            ],
            [
              -79.0400306,
              43.0481348
            ],
            [
              -79.0400363,
              43.0481141
            ],
            [
              -79.0400217,
              43.0480904
            ],
            [
              -79.0399932,
              43.04805
            ],
            [
              -79.0399622,
              43.0480029
            ],
            [
              -79.039949,
              43.0479817
            ],
            [
              -79.0399459,
              43.0479647
            ],
            [
              -79.0399381,
              43.0479436
            ],
            [
              -79.0399208,
              43.0479288
            ],
            [
              -79.0399004,
              43.0479225
            ],
            [
              -79.039875,
              43.047918
            ],
            [
              -79.0398369,
              43.0479232
            ],
            [
              -79.0398055,
              43.0479328
            ],
            [
              -79.039778,
              43.0479418
            ],
            [
              -79.0397531,
              43.0479686
            ],
            [
              -79.0397509,
              43.047996
            ],
            [
              -79.0397503,
              43.0480321
            ],
            [
              -79.0397658,
              43.0481069
            ],
            [
              -79.0397727,
              43.0481309
            ],
            [
              -79.0397811,
              43.0481447
            ],
            [
              -79.0397943,
              43.0481605
            ],
            [
              -79.0398073,
              43.0481684
            ],
            [
              -79.0398311,
              43.0481778
            ],
            [
              -79.0398535,
              43.0481862
            ],
            [
              -79.0398803,
              43.0481925
            ],
            [
              -79.0399113,
              43.0481946
            ],
            [
              -79.0399469,
              43.0481951
            ],
            [
              -79.0399768,
              43.0481894
            ]
          ]
        ]
      }
    },
    {
      "type": "Feature",
      "properties": {
        "@id": "way/1408955860",
        "golf": "fairway",
        "surface": "grass"
      },
      "geometry": {
        "type": "Polygon",
        "coordinates": [
          [
            [
              -79.0400547,
              43.0481075
            ],
            [
              -79.040026,
              43.0480638
            ],
            [
              -79.0400008,
              43.0480285
            ],
            [
              -79.0399853,
              43.0480016
            ],
            [
              -79.0399743,
              43.0479881
            ],
            [
              -79.0399575,
              43.0479507
            ],
            [
              -79.039946,
              43.047927
            ],
            [
              -79.0399194,
              43.0479136
            ],
            [
              -79.0398946,
              43.0479063
            ],
            [
              -79.0398368,
              43.0479057
            ],
            [
              -79.0397812,
              43.047926
            ],
            [
              -79.0397426,
              43.0479502
            ],
            [
              -79.039724,
              43.0480087
            ],
            [
              -79.0397402,
              43.0481081
            ],
            [
              -79.0397543,
              43.0481473
            ],
            [
              -79.0397496,
              43.0481861
            ],
            [
              -79.039714,
              43.0482754
            ],
            [
              -79.0396854,
              43.0483278
            ],
            [
              -79.0395976,
              43.048446
            ],
            [
              -79.039527,
              43.0485153
            ],
            [
              -79.0394591,
              43.0485607
            ],
            [
              -79.0393535,
              43.0486239
            ],
            [
              -79.0392424,
              43.0486802
            ],
            [
              -79.03912,
              43.0487485
            ],
            [
              -79.0390514,
              43.0487945
            ],
            [
              -79.0390131,
              43.048844
            ],
            [
              -79.0389204,
              43.0489737
            ],
            [
              -79.0388616,
              43.0490532
            ],
            [
              -79.0388236,
              43.0490892
            ],
            [
              -79.0386551,
              43.049211
            ],
            [
              -79.0385619,
              43.0492602
            ],
            [
              -79.0384745,
              43.0492882
            ],
            [
              -79.0383736,
              43.0492972
            ],
            [
              -79.0381038,
              43.0493201
            ],
            [
              -79.038006,
              43.0493355
            ],
            [
              -79.0379383,
              43.0493531
            ],
            [
              -79.0378974,
              43.0493679
            ],
            [
              -79.0378582,
              43.0493927
            ],
            [
              -79.0378381,
              43.0494202
            ],
            [
              -79.0378219,
              43.0494577
            ],
            [
              -79.0378114,
              43.0494929
            ],
            [
              -79.0378114,
              43.0495456
            ],
            [
              -79.0378374,
              43.0495949
            ],
            [
              -79.037874,
              43.0496414
            ],
            [
              -79.0379338,
              43.0496652
            ],
            [
              -79.0380308,
              43.0497003
            ],
            [
              -79.038123,
              43.0497256
            ],
            [
              -79.0381928,
              43.0497418
            ],
            [
              -79.0383362,
              43.0497591
            ],
            [
              -79.0384827,
              43.0497841
            ],
            [
              -79.0386111,
              43.0497925
            ],
            [
              -79.0387241,
              43.0497924
            ],
            [
              -79.0387698,
              43.0497724
            ],
            [
              -79.0388475,
              43.0497377
            ],
            [
              -79.0389492,
              43.0497091
            ],
            [
              -79.0389863,
              43.0496999
            ],
            [
              -79.0390146,
              43.049696
            ],
            [
              -79.0390365,
              43.0496779
            ],
            [
              -79.0390535,
              43.0496632
            ],
            [
              -79.0390564,
              43.0496246
            ],
            [
              -79.0390642,
              43.0495658
            ],
            [
              -79.0390744,
              43.0495308
            ],
            [
              -79.039106,
              43.0494724
            ],
            [
              -79.0391392,
              43.0494511
            ],
            [
              -79.0391838,
              43.0494199
            ],
            [
              -79.0392281,
              43.0493737
            ],
            [
              -79.0392689,
              43.0492906
            ],
            [
              -79.0392827,
              43.0492463
            ],
            [
              -79.0393099,
              43.0491933
            ],
            [
              -79.0393583,
              43.0491289
            ],
            [
              -79.0394007,
              43.0490975
            ],
            [
              -79.0394781,
              43.0490635
            ],
            [
              -79.0395354,
              43.0490365
            ],
            [
              -79.0395883,
              43.0490048
            ],
            [
              -79.039639,
              43.048969
            ],
            [
              -79.0396948,
              43.048918
            ],
            [
              -79.0397515,
              43.0488685
            ],
            [
              -79.0397983,
              43.0488092
            ],
            [
              -79.0398448,
              43.0487335
            ],
            [
              -79.0399253,
              43.0485803
            ],
            [
              -79.0399665,
              43.048517
            ],
            [
              -79.0400324,
              43.0484379
            ],
            [
              -79.0401217,
              43.0483617
            ],
            [
              -79.040174,
              43.0483099
            ],
            [
              -79.0401896,
              43.0482806
            ],
            [
              -79.0402008,
              43.0482393
            ],
            [
              -79.0401823,
              43.0482091
            ],
            [
              -79.0401445,
              43.0481817
            ],
            [
              -79.0400972,
              43.048157
            ],
            [
              -79.0400683,
              43.0481357
            ],
            [
              -79.0400547,
              43.0481075
            ]
          ]
        ]
      }
    },
    {
      "type": "Feature",
      "properties": {
        "@id": "way/1408955861",
        "golf": "bunker",
        "surface": "sand"
      },
      "geometry": {
        "type": "Polygon",
        "coordinates": [
          [
            [
              -79.0401532,
              43.0480624
            ],
            [
              -79.0401601,
              43.0480481
            ],
            [
              -79.0401601,
              43.0480294
            ],
            [
              -79.0401521,
              43.0480146
            ],
            [
              -79.0401424,
              43.0480042
            ],
            [
              -79.0401303,
              43.0479975
            ],
            [
              -79.040122,
              43.0479973
            ],
            [
              -79.040116,
              43.0480011
            ],
            [
              -79.0401137,
              43.0480055
            ],
            [
              -79.0401068,
              43.0480077
            ],
            [
              -79.0401019,
              43.0480042
            ],
            [
              -79.0401019,
              43.0479986
            ],
            [
              -79.0400962,
              43.0479945
            ],
            [
              -79.0400901,
              43.047994
            ],
            [
              -79.0400756,
              43.0479952
            ],
            [
              -79.0400662,
              43.0480004
            ],
            [
              -79.0400578,
              43.0480113
            ],
            [
              -79.0400559,
              43.0480345
            ],
            [
              -79.0400598,
              43.0480508
            ],
            [
              -79.0400684,
              43.0480675
            ],
            [
              -79.0400772,
              43.0480846
            ],
            [
              -79.0400848,
              43.0481018
            ],
            [
              -79.0400946,
              43.0481191
            ],
            [
              -79.0401082,
              43.0481358
            ],
            [
              -79.0401417,
              43.0481485
            ],
            [
              -79.0401587,
              43.0481493
            ],
            [
              -79.040176,
              43.0481427
            ],
            [
              -79.0401882,
              43.0481346
            ],
            [
              -79.0401901,
              43.048121
            ],
            [
              -79.0401898,
              43.0481075
            ],
            [
              -79.0401834,
              43.0480936
            ],
            [
              -79.0401789,
              43.0480856
            ],
            [
              -79.0401714,
              43.0480862
            ],
            [
              -79.0401618,
              43.04809
            ],
            [
              -79.0401569,
              43.0480892
            ],
            [
              -79.0401512,
              43.0480825
            ],
            [
              -79.0401512,
              43.0480759
            ],
            [
              -79.0401512,
              43.0480705
            ],
            [
              -79.0401532,
              43.0480624
            ]
          ]
        ]
      }
    },
    {
      "type": "Feature",
      "properties": {
        "@id": "way/1408955862",
        "golf": "bunker",
        "surface": "sand"
      },
      "geometry": {
        "type": "Polygon",
        "coordinates": [
          [
            [
              -79.039212,
              43.0496162
            ],
            [
              -79.0392121,
              43.0496048
            ],
            [
              -79.0392162,
              43.0495911
            ],
            [
              -79.0392217,
              43.0495854
            ],
            [
              -79.0392263,
              43.049581
            ],
            [
              -79.0392263,
              43.0495757
            ],
            [
              -79.0392201,
              43.0495711
            ],
            [
              -79.0392095,
              43.0495715
            ],
            [
              -79.0392031,
              43.0495686
            ],
            [
              -79.0391942,
              43.0495615
            ],
            [
              -79.0391942,
              43.0495512
            ],
            [
              -79.0391975,
              43.0495242
            ],
            [
              -79.0392036,
              43.0495154
            ],
            [
              -79.0392079,
              43.0495107
            ],
            [
              -79.0392068,
              43.0495032
            ],
            [
              -79.0391961,
              43.0494944
            ],
            [
              -79.0391852,
              43.0494886
            ],
            [
              -79.0391698,
              43.0494886
            ],
            [
              -79.0391458,
              43.0494913
            ],
            [
              -79.0391287,
              43.0495011
            ],
            [
              -79.0391162,
              43.0495144
            ],
            [
              -79.0391088,
              43.0495325
            ],
            [
              -79.0390966,
              43.0495568
            ],
            [
              -79.0390955,
              43.0495827
            ],
            [
              -79.0390954,
              43.0496031
            ],
            [
              -79.0390992,
              43.0496264
            ],
            [
              -79.0391031,
              43.0496362
            ],
            [
              -79.0391165,
              43.049645
            ],
            [
              -79.0391351,
              43.0496462
            ],
            [
              -79.0391542,
              43.0496464
            ],
            [
              -79.0391779,
              43.0496435
            ],
            [
              -79.039192,
              43.0496387
            ],
            [
              -79.0392071,
              43.0496293
            ],
            [
              -79.039212,
              43.0496162
            ]
          ]
        ]
      }
    },
    {
      "type": "Feature",
      "properties": {
        "@id": "way/1408955863",
        "golf": "bunker",
        "surface": "sand"
      },
      "geometry": {
        "type": "Polygon",
        "coordinates": [
          [
            [
              -79.0393235,
              43.0492587
            ],
            [
              -79.0393354,
              43.0492223
            ],
            [
              -79.0393542,
              43.049185
            ],
            [
              -79.0393794,
              43.0491559
            ],
            [
              -79.0394105,
              43.0491337
            ],
            [
              -79.0394363,
              43.0491214
            ],
            [
              -79.0394524,
              43.0491213
            ],
            [
              -79.0394629,
              43.0491248
            ],
            [
              -79.0394783,
              43.0491402
            ],
            [
              -79.0394938,
              43.0491487
            ],
            [
              -79.0395029,
              43.0491702
            ],
            [
              -79.0394982,
              43.049186
            ],
            [
              -79.0394871,
              43.0491916
            ],
            [
              -79.0394725,
              43.0491958
            ],
            [
              -79.0394588,
              43.0491956
            ],
            [
              -79.0394474,
              43.0491945
            ],
            [
              -79.0394383,
              43.0491945
            ],
            [
              -79.0394365,
              43.049201
            ],
            [
              -79.0394363,
              43.049208
            ],
            [
              -79.0394446,
              43.0492102
            ],
            [
              -79.0394526,
              43.0492124
            ],
            [
              -79.0394556,
              43.0492156
            ],
            [
              -79.0394556,
              43.0492203
            ],
            [
              -79.0394533,
              43.0492246
            ],
            [
              -79.0394489,
              43.04923
            ],
            [
              -79.0394401,
              43.0492361
            ],
            [
              -79.0394407,
              43.049243
            ],
            [
              -79.0394437,
              43.0492462
            ],
            [
              -79.0394439,
              43.0492547
            ],
            [
              -79.0394308,
              43.0492593
            ],
            [
              -79.0394178,
              43.0492656
            ],
            [
              -79.039417,
              43.0492816
            ],
            [
              -79.0394143,
              43.0492889
            ],
            [
              -79.0394048,
              43.0492942
            ],
            [
              -79.0393859,
              43.0493016
            ],
            [
              -79.0393607,
              43.0493019
            ],
            [
              -79.0393428,
              43.0492996
            ],
            [
              -79.039326,
              43.0492925
            ],
            [
              -79.0393235,
              43.0492587
            ]
          ]
        ]
      }
    },
    {
      "type": "Feature",
      "properties": {
        "@id": "way/1408955864",
        "golf": "tee",
        "tee": "gold"
      },
      "geometry": {
        "type": "Polygon",
        "coordinates": [
          [
            [
              -79.0399752,
              43.0476686
            ],
            [
              -79.0400217,
              43.0476246
            ],
            [
              -79.0400363,
              43.0475928
            ],
            [
              -79.0400382,
              43.0475677
            ],
            [
              -79.040021,
              43.0475512
            ],
            [
              -79.0399853,
              43.0475385
            ],
            [
              -79.0399563,
              43.0475348
            ],
            [
              -79.0399187,
              43.0475443
            ],
            [
              -79.0398524,
              43.0475671
            ],
            [
              -79.0398009,
              43.047592
            ],
            [
              -79.0397747,
              43.0476208
            ],
            [
              -79.0397747,
              43.0476444
            ],
            [
              -79.0397872,
              43.0476758
            ],
            [
              -79.0398117,
              43.0476942
            ],
            [
              -79.0398495,
              43.047705
            ],
            [
              -79.0399048,
              43.0477059
            ],
            [
              -79.0399478,
              43.0476899
            ],
            [
              -79.0399752,
              43.0476686
            ]
          ]
        ]
      }
    },
    {
      "type": "Feature",
      "properties": {
        "@id": "way/1408955865",
        "golf": "tee",
        "tee": "blue"
      },
      "geometry": {
        "type": "Polygon",
        "coordinates": [
          [
            [
              -79.0396745,
              43.0476111
            ],
            [
              -79.0396133,
              43.0476078
            ],
            [
              -79.0395147,
              43.0476191
            ],
            [
              -79.0394351,
              43.0476252
            ],
            [
              -79.0393948,
              43.0476376
            ],
            [
              -79.0393559,
              43.0476673
            ],
            [
              -79.0393648,
              43.0476984
            ],
            [
              -79.0393938,
              43.0477139
            ],
            [
              -79.0394362,
              43.0477104
            ],
            [
              -79.0396076,
              43.0476953
            ],
            [
              -79.0396809,
              43.0476867
            ],
            [
              -79.0397177,
              43.0476677
            ],
            [
              -79.0397228,
              43.0476459
            ],
            [
              -79.0397108,
              43.0476266
            ],
            [
              -79.0396745,
              43.0476111
            ]
          ]
        ]
      }
    },
    {
      "type": "Feature",
      "properties": {
        "@id": "way/1408955866",
        "golf": "tee",
        "tee": "white"
      },
      "geometry": {
        "type": "Polygon",
        "coordinates": [
          [
            [
              -79.0391343,
              43.0476084
            ],
            [
              -79.0391053,
              43.0476014
            ],
            [
              -79.0390551,
              43.0475966
            ],
            [
              -79.0389977,
              43.0475974
            ],
            [
              -79.0389377,
              43.0476105
            ],
            [
              -79.0388957,
              43.0476317
            ],
            [
              -79.038872,
              43.0476603
            ],
            [
              -79.0388742,
              43.0476923
            ],
            [
              -79.0388917,
              43.0477151
            ],
            [
              -79.0389262,
              43.0477271
            ],
            [
              -79.0389932,
              43.047733
            ],
            [
              -79.0390666,
              43.0477387
            ],
            [
              -79.0391109,
              43.0477388
            ],
            [
              -79.0391519,
              43.0477254
            ],
            [
              -79.0391696,
              43.047692
            ],
            [
              -79.0391748,
              43.0476616
            ],
            [
              -79.0391611,
              43.047631
            ],
            [
              -79.0391343,
              43.0476084
            ]
          ]
        ]
      }
    },
    {
      "type": "Feature",
      "properties": {
        "@id": "way/1408955867",
        "golf": "tee",
        "tee": "green"
      },
      "geometry": {
        "type": "Polygon",
        "coordinates": [
          [
            [
              -79.0386625,
              43.0476273
            ],
            [
              -79.0386324,
              43.0476447
            ],
            [
              -79.038614,
              43.0476641
            ],
            [
              -79.038602,
              43.0476945
            ],
            [
              -79.0386023,
              43.0477179
            ],
            [
              -79.0386215,
              43.0477396
            ],
            [
              -79.0386443,
              43.047748
            ],
            [
              -79.0386931,
              43.0477482
            ],
            [
              -79.0387536,
              43.0477358
            ],
            [
              -79.0387872,
              43.0477262
            ],
            [
              -79.038811,
              43.0476932
            ],
            [
              -79.0388124,
              43.0476693
            ],
            [
              -79.0387968,
              43.0476466
            ],
            [
              -79.0387761,
              43.0476311
            ],
            [
              -79.0387559,
              43.04762
            ],
            [
              -79.0387125,
              43.0476156
            ],
            [
              -79.0386625,
              43.0476273
            ]
          ]
        ]
      }
    },
    {
      "type": "Feature",
      "properties": {
        "@id": "way/1408955868",
        "golf": "fairway",
        "surface": "grass"
      },
      "geometry": {
        "type": "Polygon",
        "coordinates": [
          [
            [
              -79.0384103,
              43.0479554
            ],
            [
              -79.0383653,
              43.0479715
            ],
            [
              -79.0383291,
              43.0479902
            ],
            [
              -79.0383032,
              43.0480097
            ],
            [
              -79.0382762,
              43.0480394
            ],
            [
              -79.0382149,
              43.0481015
            ],
            [
              -79.0381709,
              43.0481427
            ],
            [
              -79.038115,
              43.0481962
            ],
            [
              -79.038088,
              43.0482284
            ],
            [
              -79.0380865,
              43.0482605
            ],
            [
              -79.0381001,
              43.0482806
            ],
            [
              -79.0381224,
              43.0482919
            ],
            [
              -79.0381405,
              43.0483028
            ],
            [
              -79.0381733,
              43.0483096
            ],
            [
              -79.0382095,
              43.048306
            ],
            [
              -79.0382349,
              43.0482981
            ],
            [
              -79.0382844,
              43.0482807
            ],
            [
              -79.0383248,
              43.0482693
            ],
            [
              -79.0383607,
              43.0482622
            ],
            [
              -79.0383785,
              43.0482618
            ],
            [
              -79.0384006,
              43.0482694
            ],
            [
              -79.0384142,
              43.0482826
            ],
            [
              -79.0384229,
              43.0483053
            ],
            [
              -79.0384192,
              43.0483313
            ],
            [
              -79.0384042,
              43.0483573
            ],
            [
              -79.0383777,
              43.0483752
            ],
            [
              -79.0383472,
              43.0483856
            ],
            [
              -79.0383028,
              43.0483959
            ],
            [
              -79.0382653,
              43.0484093
            ],
            [
              -79.0382388,
              43.0484253
            ],
            [
              -79.0382128,
              43.0484488
            ],
            [
              -79.038191,
              43.0484682
            ],
            [
              -79.0381487,
              43.0484911
            ],
            [
              -79.0381101,
              43.0485107
            ],
            [
              -79.0380828,
              43.0485275
            ],
            [
              -79.0380618,
              43.0485485
            ],
            [
              -79.0380541,
              43.0485735
            ],
            [
              -79.0380514,
              43.0486045
            ],
            [
              -79.0380613,
              43.0486301
            ],
            [
              -79.0380722,
              43.048653
            ],
            [
              -79.0380855,
              43.0486692
            ],
            [
              -79.0381042,
              43.0486859
            ],
            [
              -79.038121,
              43.0486921
            ],
            [
              -79.0381537,
              43.0487043
            ],
            [
              -79.0381785,
              43.0487108
            ],
            [
              -79.0382083,
              43.0487114
            ],
            [
              -79.0382313,
              43.04871
            ],
            [
              -79.0382715,
              43.0487057
            ],
            [
              -79.0383273,
              43.0486993
            ],
            [
              -79.0383552,
              43.0486976
            ],
            [
              -79.0383899,
              43.0486934
            ],
            [
              -79.0384138,
              43.0486864
            ],
            [
              -79.0384395,
              43.0486733
            ],
            [
              -79.0384576,
              43.0486581
            ],
            [
              -79.0384785,
              43.0486321
            ],
            [
              -79.0384878,
              43.0486096
            ],
            [
              -79.0384911,
              43.0485811
            ],
            [
              -79.0384832,
              43.0485433
            ],
            [
              -79.0384674,
              43.0485003
            ],
            [
              -79.0384537,
              43.0484587
            ],
            [
              -79.0384492,
              43.0484268
            ],
            [
              -79.038455,
              43.0484012
            ],
            [
              -79.0384686,
              43.0483762
            ],
            [
              -79.03848,
              43.0483628
            ],
            [
              -79.0385064,
              43.0483309
            ],
            [
              -79.0385288,
              43.0482917
            ],
            [
              -79.0385442,
              43.048249
            ],
            [
              -79.0385545,
              43.0482108
            ],
            [
              -79.0385836,
              43.0480854
            ],
            [
              -79.0385836,
              43.0480467
            ],
            [
              -79.038575,
              43.0480183
            ],
            [
              -79.0385662,
              43.0479997
            ],
            [
              -79.0385425,
              43.0479774
            ],
            [
              -79.0385234,
              43.0479576
            ],
            [
              -79.0384982,
              43.0479501
            ],
            [
              -79.0384697,
              43.0479488
            ],
            [
              -79.0384392,
              43.047951
            ],
            [
              -79.0384103,
              43.0479554
            ]
          ]
        ]
      }
    },
    {
      "type": "Feature",
      "properties": {
        "@id": "way/1408955869",
        "golf": "bunker",
        "surface": "sand"
      },
      "geometry": {
        "type": "Polygon",
        "coordinates": [
          [
            [
              -79.0383151,
              43.0483462
            ],
            [
              -79.0383055,
              43.0483531
            ],
            [
              -79.0382957,
              43.0483578
            ],
            [
              -79.0382849,
              43.0483614
            ],
            [
              -79.0382724,
              43.0483646
            ],
            [
              -79.0382626,
              43.0483635
            ],
            [
              -79.0382549,
              43.0483606
            ],
            [
              -79.0382557,
              43.0483546
            ],
            [
              -79.038258,
              43.0483479
            ],
            [
              -79.0382537,
              43.048343
            ],
            [
              -79.0382468,
              43.0483418
            ],
            [
              -79.0382421,
              43.0483401
            ],
            [
              -79.0382392,
              43.0483351
            ],
            [
              -79.0382489,
              43.0483274
            ],
            [
              -79.0382634,
              43.0483165
            ],
            [
              -79.0382801,
              43.0483061
            ],
            [
              -79.0383072,
              43.0482901
            ],
            [
              -79.0383283,
              43.0482785
            ],
            [
              -79.0383515,
              43.0482753
            ],
            [
              -79.0383628,
              43.0482748
            ],
            [
              -79.038376,
              43.0482757
            ],
            [
              -79.0383857,
              43.0482794
            ],
            [
              -79.0383932,
              43.0482866
            ],
            [
              -79.0384013,
              43.0483006
            ],
            [
              -79.0383993,
              43.0483177
            ],
            [
              -79.0383949,
              43.0483278
            ],
            [
              -79.0383855,
              43.048334
            ],
            [
              -79.0383786,
              43.0483369
            ],
            [
              -79.038366,
              43.04834
            ],
            [
              -79.0383509,
              43.0483403
            ],
            [
              -79.038345,
              43.0483376
            ],
            [
              -79.0383356,
              43.0483362
            ],
            [
              -79.0383274,
              43.0483378
            ],
            [
              -79.0383188,
              43.0483426
            ],
            [
              -79.0383151,
              43.0483462
            ]
          ]
        ]
      }
    },
    {
      "type": "Feature",
      "properties": {
        "@id": "way/1408955870",
        "golf": "bunker",
        "surface": "sand"
      },
      "geometry": {
        "type": "Polygon",
        "coordinates": [
          [
            [
              -79.0381821,
              43.0483882
            ],
            [
              -79.0381671,
              43.0483636
            ],
            [
              -79.0381595,
              43.0483491
            ],
            [
              -79.0381494,
              43.0483437
            ],
            [
              -79.0381359,
              43.0483446
            ],
            [
              -79.03812,
              43.0483501
            ],
            [
              -79.0381055,
              43.0483587
            ],
            [
              -79.0380966,
              43.0483685
            ],
            [
              -79.0380891,
              43.0483815
            ],
            [
              -79.0380892,
              43.0483914
            ],
            [
              -79.0380938,
              43.0483944
            ],
            [
              -79.0380976,
              43.0483956
            ],
            [
              -79.0380979,
              43.0483993
            ],
            [
              -79.0380946,
              43.0484028
            ],
            [
              -79.0380932,
              43.0484069
            ],
            [
              -79.0380956,
              43.0484109
            ],
            [
              -79.038101,
              43.0484123
            ],
            [
              -79.0381074,
              43.0484136
            ],
            [
              -79.0381127,
              43.0484164
            ],
            [
              -79.038117,
              43.0484221
            ],
            [
              -79.038125,
              43.0484285
            ],
            [
              -79.0381369,
              43.0484313
            ],
            [
              -79.0381491,
              43.0484308
            ],
            [
              -79.038161,
              43.0484288
            ],
            [
              -79.0381757,
              43.0484225
            ],
            [
              -79.0381842,
              43.0484158
            ],
            [
              -79.0381876,
              43.0484045
            ],
            [
              -79.0381871,
              43.0483969
            ],
            [
              -79.0381821,
              43.0483882
            ]
          ]
        ]
      }
    },
    {
      "type": "Feature",
      "properties": {
        "@id": "way/1408955871",
        "golf": "green",
        "surface": "grass"
      },
      "geometry": {
        "type": "Polygon",
        "coordinates": [
          [
            [
              -79.0384357,
              43.0484416
            ],
            [
              -79.0384328,
              43.048425
            ],
            [
              -79.0384273,
              43.0484089
            ],
            [
              -79.0384179,
              43.0484013
            ],
            [
              -79.0384067,
              43.048397
            ],
            [
              -79.0383941,
              43.0483934
            ],
            [
              -79.0383804,
              43.0483924
            ],
            [
              -79.038366,
              43.0483963
            ],
            [
              -79.0383517,
              43.0483973
            ],
            [
              -79.0383241,
              43.0484064
            ],
            [
              -79.0383052,
              43.0484102
            ],
            [
              -79.0382753,
              43.0484222
            ],
            [
              -79.0382564,
              43.0484321
            ],
            [
              -79.0382443,
              43.0484401
            ],
            [
              -79.03823,
              43.0484521
            ],
            [
              -79.0382166,
              43.0484642
            ],
            [
              -79.0382058,
              43.0484771
            ],
            [
              -79.0381977,
              43.0484928
            ],
            [
              -79.0381941,
              43.0485072
            ],
            [
              -79.0381973,
              43.0485283
            ],
            [
              -79.0382055,
              43.0485429
            ],
            [
              -79.0382171,
              43.0485569
            ],
            [
              -79.0382255,
              43.0485731
            ],
            [
              -79.0382382,
              43.0486046
            ],
            [
              -79.0382472,
              43.0486375
            ],
            [
              -79.0382532,
              43.0486484
            ],
            [
              -79.0382632,
              43.0486606
            ],
            [
              -79.0382771,
              43.048673
            ],
            [
              -79.0382974,
              43.0486793
            ],
            [
              -79.0383207,
              43.0486854
            ],
            [
              -79.0383457,
              43.0486871
            ],
            [
              -79.0383657,
              43.0486859
            ],
            [
              -79.0383962,
              43.0486792
            ],
            [
              -79.0384175,
              43.0486691
            ],
            [
              -79.0384342,
              43.0486569
            ],
            [
              -79.0384497,
              43.0486406
            ],
            [
              -79.0384627,
              43.0486236
            ],
            [
              -79.0384691,
              43.0486073
            ],
            [
              -79.0384721,
              43.0485913
            ],
            [
              -79.0384721,
              43.0485728
            ],
            [
              -79.0384654,
              43.0485502
            ],
            [
              -79.038451,
              43.048504
            ],
            [
              -79.038441,
              43.0484699
            ],
            [
              -79.0384357,
              43.0484416
            ]
          ]
        ]
      }
    },
    {
      "type": "Feature",
      "properties": {
        "@id": "way/1408955872",
        "golf": "tee",
        "tee": "gold"
      },
      "geometry": {
        "type": "Polygon",
        "coordinates": [
          [
            [
              -79.0367816,
              43.0487641
            ],
            [
              -79.0367939,
              43.0487264
            ],
            [
              -79.0368127,
              43.0486934
            ],
            [
              -79.036837,
              43.0486754
            ],
            [
              -79.0368554,
              43.0486744
            ],
            [
              -79.0368873,
              43.0486724
            ],
            [
              -79.0369181,
              43.0486908
            ],
            [
              -79.036935,
              43.0487168
            ],
            [
              -79.0369237,
              43.0487651
            ],
            [
              -79.0369005,
              43.0488001
            ],
            [
              -79.0368638,
              43.0488256
            ],
            [
              -79.0368285,
              43.0488277
            ],
            [
              -79.0368052,
              43.0488165
            ],
            [
              -79.0367865,
              43.0487969
            ],
            [
              -79.0367816,
              43.0487641
            ]
          ]
        ]
      }
    },
    {
      "type": "Feature",
      "properties": {
        "@id": "way/1408955873",
        "golf": "tee",
        "tee": "blue"
      },
      "geometry": {
        "type": "Polygon",
        "coordinates": [
          [
            [
              -79.0371416,
              43.0485856
            ],
            [
              -79.0371793,
              43.0485305
            ],
            [
              -79.0371918,
              43.0484885
            ],
            [
              -79.03719,
              43.0484613
            ],
            [
              -79.0371827,
              43.0484478
            ],
            [
              -79.0371684,
              43.0484368
            ],
            [
              -79.0371427,
              43.0484299
            ],
            [
              -79.037114,
              43.0484279
            ],
            [
              -79.0370792,
              43.0484392
            ],
            [
              -79.0370571,
              43.0484555
            ],
            [
              -79.0370231,
              43.0485092
            ],
            [
              -79.0369972,
              43.0485678
            ],
            [
              -79.0369971,
              43.0486031
            ],
            [
              -79.0370227,
              43.0486428
            ],
            [
              -79.0370495,
              43.0486487
            ],
            [
              -79.0370763,
              43.048646
            ],
            [
              -79.0371079,
              43.0486381
            ],
            [
              -79.0371307,
              43.0486111
            ],
            [
              -79.0371416,
              43.0485856
            ]
          ]
        ]
      }
    },
    {
      "type": "Feature",
      "properties": {
        "@id": "way/1408955874",
        "golf": "tee",
        "tee": "white"
      },
      "geometry": {
        "type": "Polygon",
        "coordinates": [
          [
            [
              -79.0374295,
              43.0483575
            ],
            [
              -79.0374496,
              43.0483217
            ],
            [
              -79.0374648,
              43.0482794
            ],
            [
              -79.0374664,
              43.0482515
            ],
            [
              -79.0374488,
              43.0482223
            ],
            [
              -79.0374285,
              43.0482175
            ],
            [
              -79.0373947,
              43.048216
            ],
            [
              -79.0373656,
              43.0482248
            ],
            [
              -79.0373399,
              43.0482494
            ],
            [
              -79.0373251,
              43.0482723
            ],
            [
              -79.037312,
              43.048305
            ],
            [
              -79.0373101,
              43.0483406
            ],
            [
              -79.0373158,
              43.0483697
            ],
            [
              -79.0373295,
              43.0483871
            ],
            [
              -79.0373549,
              43.048394
            ],
            [
              -79.0373825,
              43.0483946
            ],
            [
              -79.0374057,
              43.0483844
            ],
            [
              -79.0374295,
              43.0483575
            ]
          ]
        ]
      }
    },
    {
      "type": "Feature",
      "properties": {
        "@id": "way/1408955875",
        "golf": "tee",
        "tee": "green"
      },
      "geometry": {
        "type": "Polygon",
        "coordinates": [
          [
            [
              -79.0377658,
              43.0480569
            ],
            [
              -79.0377896,
              43.0480281
            ],
            [
              -79.0377962,
              43.0479948
            ],
            [
              -79.0377881,
              43.0479701
            ],
            [
              -79.0377726,
              43.04795
            ],
            [
              -79.037751,
              43.0479371
            ],
            [
              -79.0377276,
              43.0479317
            ],
            [
              -79.0377009,
              43.0479362
            ],
            [
              -79.0376722,
              43.0479482
            ],
            [
              -79.0376451,
              43.0479773
            ],
            [
              -79.0376337,
              43.0480092
            ],
            [
              -79.0376352,
              43.0480355
            ],
            [
              -79.0376494,
              43.0480574
            ],
            [
              -79.0376698,
              43.0480692
            ],
            [
              -79.0376957,
              43.0480794
            ],
            [
              -79.0377261,
              43.0480755
            ],
            [
              -79.0377473,
              43.04807
            ],
            [
              -79.0377658,
              43.0480569
            ]
          ]
        ]
      }
    },
    {
      "type": "Feature",
      "properties": {
        "@id": "way/1408955876",
        "golf": "fairway",
        "surface": "grass"
      },
      "geometry": {
        "type": "Polygon",
        "coordinates": [
          [
            [
              -79.0378882,
              43.047448
            ],
            [
              -79.037939,
              43.0474104
            ],
            [
              -79.0379715,
              43.0473758
            ],
            [
              -79.0380098,
              43.047332
            ],
            [
              -79.0380392,
              43.0472825
            ],
            [
              -79.0380515,
              43.047253
            ],
            [
              -79.0381108,
              43.0471213
            ],
            [
              -79.0381476,
              43.0470104
            ],
            [
              -79.0381527,
              43.0469681
            ],
            [
              -79.0381445,
              43.0469174
            ],
            [
              -79.0381238,
              43.046871
            ],
            [
              -79.0380256,
              43.0467162
            ],
            [
              -79.0379822,
              43.0466649
            ],
            [
              -79.0378919,
              43.0465432
            ],
            [
              -79.0378498,
              43.0465092
            ],
            [
              -79.0378236,
              43.0464852
            ],
            [
              -79.0377963,
              43.0464493
            ],
            [
              -79.0377915,
              43.0464193
            ],
            [
              -79.0377983,
              43.0463966
            ],
            [
              -79.0378525,
              43.0462862
            ],
            [
              -79.0379038,
              43.0461789
            ],
            [
              -79.0379508,
              43.0460522
            ],
            [
              -79.0379687,
              43.0459987
            ],
            [
              -79.0379815,
              43.0459275
            ],
            [
              -79.0379795,
              43.0458632
            ],
            [
              -79.0379741,
              43.0458133
            ],
            [
              -79.0379437,
              43.0457457
            ],
            [
              -79.0378943,
              43.0456655
            ],
            [
              -79.0378118,
              43.0455151
            ],
            [
              -79.0377779,
              43.0454626
            ],
            [
              -79.0377381,
              43.0454087
            ],
            [
              -79.0377086,
              43.0453741
            ],
            [
              -79.0376955,
              43.0453459
            ],
            [
              -79.0376875,
              43.0453088
            ],
            [
              -79.0376878,
              43.0452519
            ],
            [
              -79.0376867,
              43.0452211
            ],
            [
              -79.037673,
              43.0451975
            ],
            [
              -79.0376386,
              43.0451669
            ],
            [
              -79.0375706,
              43.0451298
            ],
            [
              -79.0375135,
              43.0451014
            ],
            [
              -79.0374921,
              43.0450888
            ],
            [
              -79.0374821,
              43.0450773
            ],
            [
              -79.037476,
              43.0450601
            ],
            [
              -79.037473,
              43.0450221
            ],
            [
              -79.0374647,
              43.0449595
            ],
            [
              -79.037452,
              43.0449342
            ],
            [
              -79.0374178,
              43.0449211
            ],
            [
              -79.0373766,
              43.0449206
            ],
            [
              -79.0373382,
              43.04493
            ],
            [
              -79.0372965,
              43.0449444
            ],
            [
              -79.037261,
              43.0449718
            ],
            [
              -79.0372136,
              43.0450087
            ],
            [
              -79.0371978,
              43.0450498
            ],
            [
              -79.0371978,
              43.0450876
            ],
            [
              -79.037204,
              43.0451263
            ],
            [
              -79.0372418,
              43.0451673
            ],
            [
              -79.037269,
              43.0452152
            ],
            [
              -79.0372844,
              43.0452314
            ],
            [
              -79.0372936,
              43.0452738
            ],
            [
              -79.0372991,
              43.0453086
            ],
            [
              -79.0373026,
              43.0453452
            ],
            [
              -79.0373137,
              43.045374
            ],
            [
              -79.0373341,
              43.0454024
            ],
            [
              -79.0373631,
              43.0454292
            ],
            [
              -79.0374118,
              43.0454769
            ],
            [
              -79.0374954,
              43.045577
            ],
            [
              -79.0375385,
              43.0456525
            ],
            [
              -79.0375568,
              43.0456923
            ],
            [
              -79.0375666,
              43.045724
            ],
            [
              -79.0375723,
              43.0457671
            ],
            [
              -79.0375623,
              43.0458262
            ],
            [
              -79.0375415,
              43.04587
            ],
            [
              -79.0375206,
              43.0459216
            ],
            [
              -79.0374248,
              43.0460643
            ],
            [
              -79.0373054,
              43.0462154
            ],
            [
              -79.0372057,
              43.0463263
            ],
            [
              -79.0371754,
              43.0463598
            ],
            [
              -79.0371554,
              43.0463847
            ],
            [
              -79.0371466,
              43.0464042
            ],
            [
              -79.0371337,
              43.0464497
            ],
            [
              -79.037135,
              43.0464986
            ],
            [
              -79.0371473,
              43.0465389
            ],
            [
              -79.0371697,
              43.0465765
            ],
            [
              -79.0372536,
              43.0466841
            ],
            [
              -79.0373262,
              43.0467863
            ],
            [
              -79.0373596,
              43.0468704
            ],
            [
              -79.0373777,
              43.0469367
            ],
            [
              -79.0373881,
              43.0469899
            ],
            [
              -79.0374058,
              43.0470722
            ],
            [
              -79.0374513,
              43.0471398
            ],
            [
              -79.037484,
              43.0471823
            ],
            [
              -79.0375601,
              43.0472993
            ],
            [
              -79.0376321,
              43.0474112
            ],
            [
              -79.0376691,
              43.0474633
            ],
            [
              -79.0376979,
              43.047483
            ],
            [
              -79.0377318,
              43.0474916
            ],
            [
              -79.0377684,
              43.0474969
            ],
            [
              -79.0378181,
              43.0474868
            ],
            [
              -79.0378543,
              43.0474708
            ],
            [
              -79.0378882,
              43.047448
            ]
          ]
        ]
      }
    },
    {
      "type": "Feature",
      "properties": {
        "@id": "way/1408955877",
        "golf": "bunker",
        "surface": "sand"
      },
      "geometry": {
        "type": "Polygon",
        "coordinates": [
          [
            [
              -79.0382995,
              43.0469255
            ],
            [
              -79.0383232,
              43.0469112
            ],
            [
              -79.0383419,
              43.0468953
            ],
            [
              -79.0383419,
              43.0468854
            ],
            [
              -79.0383371,
              43.0468757
            ],
            [
              -79.0383247,
              43.0468726
            ],
            [
              -79.038312,
              43.0468734
            ],
            [
              -79.0383138,
              43.0468676
            ],
            [
              -79.0383241,
              43.0468666
            ],
            [
              -79.0383247,
              43.0468634
            ],
            [
              -79.038324,
              43.0468563
            ],
            [
              -79.0383112,
              43.0468487
            ],
            [
              -79.0383108,
              43.0468399
            ],
            [
              -79.0383138,
              43.0468293
            ],
            [
              -79.0383161,
              43.0468203
            ],
            [
              -79.0383146,
              43.0468117
            ],
            [
              -79.0383108,
              43.04681
            ],
            [
              -79.0382982,
              43.0468081
            ],
            [
              -79.0382849,
              43.0468105
            ],
            [
              -79.0382761,
              43.0468082
            ],
            [
              -79.0382715,
              43.0468016
            ],
            [
              -79.0382686,
              43.0467917
            ],
            [
              -79.0382706,
              43.0467819
            ],
            [
              -79.0382751,
              43.046769
            ],
            [
              -79.0382845,
              43.046753
            ],
            [
              -79.0382868,
              43.0467423
            ],
            [
              -79.0382789,
              43.0467327
            ],
            [
              -79.0382715,
              43.0467288
            ],
            [
              -79.0382629,
              43.0467235
            ],
            [
              -79.0382488,
              43.0467253
            ],
            [
              -79.0382249,
              43.0467352
            ],
            [
              -79.0381943,
              43.0467483
            ],
            [
              -79.038163,
              43.0467698
            ],
            [
              -79.0381474,
              43.0467897
            ],
            [
              -79.0381395,
              43.0468075
            ],
            [
              -79.038142,
              43.046824
            ],
            [
              -79.0381542,
              43.0468606
            ],
            [
              -79.0381722,
              43.0468873
            ],
            [
              -79.0381923,
              43.0469071
            ],
            [
              -79.0382254,
              43.0469262
            ],
            [
              -79.0382518,
              43.0469361
            ],
            [
              -79.038279,
              43.0469344
            ],
            [
              -79.0382995,
              43.0469255
            ]
          ]
        ]
      }
    },
    {
      "type": "Feature",
      "properties": {
        "@id": "way/1408955878",
        "golf": "bunker",
        "surface": "sand"
      },
      "geometry": {
        "type": "Polygon",
        "coordinates": [
          [
            [
              -79.0381655,
              43.0466759
            ],
            [
              -79.0381826,
              43.0466541
            ],
            [
              -79.0381882,
              43.0466372
            ],
            [
              -79.0381898,
              43.0466285
            ],
            [
              -79.0381778,
              43.0466271
            ],
            [
              -79.0381689,
              43.0466244
            ],
            [
              -79.0381719,
              43.0466178
            ],
            [
              -79.03817,
              43.0466114
            ],
            [
              -79.0381649,
              43.0466086
            ],
            [
              -79.0381566,
              43.0466075
            ],
            [
              -79.0381474,
              43.0466105
            ],
            [
              -79.0381343,
              43.0466105
            ],
            [
              -79.0381314,
              43.046605
            ],
            [
              -79.0381295,
              43.0465913
            ],
            [
              -79.0381295,
              43.0465758
            ],
            [
              -79.038131,
              43.0465635
            ],
            [
              -79.0381381,
              43.046559
            ],
            [
              -79.0381423,
              43.0465522
            ],
            [
              -79.0381334,
              43.0465411
            ],
            [
              -79.0381214,
              43.0465375
            ],
            [
              -79.038109,
              43.0465364
            ],
            [
              -79.0380882,
              43.0465363
            ],
            [
              -79.0380759,
              43.0465324
            ],
            [
              -79.0380634,
              43.0465335
            ],
            [
              -79.0380409,
              43.0465424
            ],
            [
              -79.0380223,
              43.0465528
            ],
            [
              -79.0380118,
              43.0465642
            ],
            [
              -79.0380026,
              43.0465806
            ],
            [
              -79.0380024,
              43.0466013
            ],
            [
              -79.0380076,
              43.0466312
            ],
            [
              -79.0380156,
              43.0466529
            ],
            [
              -79.0380311,
              43.0466784
            ],
            [
              -79.0380532,
              43.0466949
            ],
            [
              -79.0380754,
              43.0467048
            ],
            [
              -79.0380992,
              43.0467084
            ],
            [
              -79.0381144,
              43.0467102
            ],
            [
              -79.0381261,
              43.0467078
            ],
            [
              -79.0381471,
              43.0466964
            ],
            [
              -79.0381655,
              43.0466759
            ]
          ]
        ]
      }
    },
    {
      "type": "Feature",
      "properties": {
        "@id": "way/1408955879",
        "golf": "bunker",
        "surface": "sand"
      },
      "geometry": {
        "type": "Polygon",
        "coordinates": [
          [
            [
              -79.038026,
              43.0464662
            ],
            [
              -79.0380334,
              43.0464486
            ],
            [
              -79.0380345,
              43.0464413
            ],
            [
              -79.0380234,
              43.0464369
            ],
            [
              -79.0380163,
              43.0464318
            ],
            [
              -79.0380188,
              43.0464183
            ],
            [
              -79.0380237,
              43.0464047
            ],
            [
              -79.0380237,
              43.0463957
            ],
            [
              -79.038016,
              43.0463893
            ],
            [
              -79.0380087,
              43.0463895
            ],
            [
              -79.0380023,
              43.0463938
            ],
            [
              -79.0379959,
              43.0463982
            ],
            [
              -79.0379868,
              43.0463982
            ],
            [
              -79.0379805,
              43.0463945
            ],
            [
              -79.0379804,
              43.0463884
            ],
            [
              -79.0379878,
              43.0463873
            ],
            [
              -79.0379935,
              43.0463851
            ],
            [
              -79.0379935,
              43.0463803
            ],
            [
              -79.0379905,
              43.0463739
            ],
            [
              -79.0379801,
              43.0463716
            ],
            [
              -79.0379706,
              43.0463699
            ],
            [
              -79.0379579,
              43.0463664
            ],
            [
              -79.0379442,
              43.0463635
            ],
            [
              -79.0379361,
              43.0463629
            ],
            [
              -79.0379256,
              43.0463644
            ],
            [
              -79.0379237,
              43.0463738
            ],
            [
              -79.0379147,
              43.046376
            ],
            [
              -79.0379002,
              43.0463763
            ],
            [
              -79.0378901,
              43.0463734
            ],
            [
              -79.0378792,
              43.0463723
            ],
            [
              -79.0378616,
              43.0463796
            ],
            [
              -79.0378481,
              43.0464143
            ],
            [
              -79.0378435,
              43.0464317
            ],
            [
              -79.0378445,
              43.0464524
            ],
            [
              -79.037853,
              43.0464672
            ],
            [
              -79.0378693,
              43.0464804
            ],
            [
              -79.0378843,
              43.0464858
            ],
            [
              -79.0379069,
              43.0464913
            ],
            [
              -79.0379207,
              43.0464942
            ],
            [
              -79.0379507,
              43.0464951
            ],
            [
              -79.0379718,
              43.0464942
            ],
            [
              -79.0379961,
              43.0464893
            ],
            [
              -79.038012,
              43.0464812
            ],
            [
              -79.038026,
              43.0464662
            ]
          ]
        ]
      }
    },
    {
      "type": "Feature",
      "properties": {
        "@id": "way/1408955880",
        "golf": "bunker",
        "surface": "sand"
      },
      "geometry": {
        "type": "Polygon",
        "coordinates": [
          [
            [
              -79.0378378,
              43.0453254
            ],
            [
              -79.0378523,
              43.0452974
            ],
            [
              -79.0378665,
              43.0452589
            ],
            [
              -79.037872,
              43.045233
            ],
            [
              -79.0378716,
              43.045212
            ],
            [
              -79.0378695,
              43.0452011
            ],
            [
              -79.0378627,
              43.0451937
            ],
            [
              -79.0378541,
              43.0451915
            ],
            [
              -79.0378452,
              43.045185
            ],
            [
              -79.0378398,
              43.0451779
            ],
            [
              -79.0378382,
              43.0451684
            ],
            [
              -79.0378262,
              43.0451639
            ],
            [
              -79.0378135,
              43.0451646
            ],
            [
              -79.0378016,
              43.0451708
            ],
            [
              -79.0377949,
              43.0451867
            ],
            [
              -79.0377935,
              43.0452145
            ],
            [
              -79.0377958,
              43.0452249
            ],
            [
              -79.0378041,
              43.0452431
            ],
            [
              -79.0378038,
              43.0452604
            ],
            [
              -79.0378058,
              43.0452681
            ],
            [
              -79.0377979,
              43.0452744
            ],
            [
              -79.0377864,
              43.0452752
            ],
            [
              -79.0377809,
              43.0452698
            ],
            [
              -79.0377741,
              43.0452633
            ],
            [
              -79.0377589,
              43.0452692
            ],
            [
              -79.0377554,
              43.0452851
            ],
            [
              -79.037746,
              43.0453056
            ],
            [
              -79.0377326,
              43.0453399
            ],
            [
              -79.0377331,
              43.0453516
            ],
            [
              -79.0377406,
              43.0453631
            ],
            [
              -79.0377544,
              43.0453733
            ],
            [
              -79.037768,
              43.0453762
            ],
            [
              -79.0377893,
              43.045376
            ],
            [
              -79.0378104,
              43.0453637
            ],
            [
              -79.0378232,
              43.0453504
            ],
            [
              -79.0378299,
              43.0453383
            ],
            [
              -79.0378378,
              43.0453254
            ]
          ]
        ]
      }
    },
    {
      "type": "Feature",
      "properties": {
        "@id": "way/1408955881",
        "golf": "bunker",
        "surface": "sand"
      },
      "geometry": {
        "type": "Polygon",
        "coordinates": [
          [
            [
              -79.0376412,
              43.0451198
            ],
            [
              -79.0376412,
              43.0451053
            ],
            [
              -79.0376456,
              43.0450923
            ],
            [
              -79.0376515,
              43.0450885
            ],
            [
              -79.037667,
              43.0450866
            ],
            [
              -79.0376762,
              43.04508
            ],
            [
              -79.0376728,
              43.0450736
            ],
            [
              -79.0376744,
              43.0450625
            ],
            [
              -79.0376849,
              43.0450594
            ],
            [
              -79.0377013,
              43.0450595
            ],
            [
              -79.0377091,
              43.0450702
            ],
            [
              -79.0377193,
              43.0450804
            ],
            [
              -79.03773,
              43.0450893
            ],
            [
              -79.037739,
              43.045105
            ],
            [
              -79.0377353,
              43.0451206
            ],
            [
              -79.0377273,
              43.0451288
            ],
            [
              -79.0377129,
              43.0451428
            ],
            [
              -79.0376822,
              43.0451518
            ],
            [
              -79.0376641,
              43.0451441
            ],
            [
              -79.0376511,
              43.045137
            ],
            [
              -79.0376412,
              43.0451198
            ]
          ]
        ]
      }
    },
    {
      "type": "Feature",
      "properties": {
        "@id": "way/1408955882",
        "golf": "bunker",
        "surface": "sand"
      },
      "geometry": {
        "type": "Polygon",
        "coordinates": [
          [
            [
              -79.0376,
              43.0450131
            ],
            [
              -79.0375976,
              43.0450097
            ],
            [
              -79.0375902,
              43.0450034
            ],
            [
              -79.0375846,
              43.0450034
            ],
            [
              -79.0375813,
              43.0450121
            ],
            [
              -79.0375741,
              43.0450161
            ],
            [
              -79.0375622,
              43.0450132
            ],
            [
              -79.0375577,
              43.0450003
            ],
            [
              -79.0375504,
              43.0449863
            ],
            [
              -79.037545,
              43.044982
            ],
            [
              -79.0375357,
              43.0449818
            ],
            [
              -79.0375257,
              43.0449833
            ],
            [
              -79.0375237,
              43.0449891
            ],
            [
              -79.0375181,
              43.0449954
            ],
            [
              -79.0375104,
              43.0449958
            ],
            [
              -79.0375058,
              43.0450017
            ],
            [
              -79.0375071,
              43.0450089
            ],
            [
              -79.0375092,
              43.0450167
            ],
            [
              -79.0375092,
              43.0450274
            ],
            [
              -79.0375067,
              43.0450375
            ],
            [
              -79.037506,
              43.0450451
            ],
            [
              -79.0375045,
              43.0450592
            ],
            [
              -79.03751,
              43.0450691
            ],
            [
              -79.0375193,
              43.0450779
            ],
            [
              -79.0375373,
              43.0450864
            ],
            [
              -79.0375499,
              43.0450919
            ],
            [
              -79.0375713,
              43.0450921
            ],
            [
              -79.0375874,
              43.0450859
            ],
            [
              -79.0376014,
              43.0450757
            ],
            [
              -79.0376088,
              43.045066
            ],
            [
              -79.0376093,
              43.0450489
            ],
            [
              -79.0376031,
              43.0450303
            ],
            [
              -79.0376,
              43.0450131
            ]
          ]
        ]
      }
    },
    {
      "type": "Feature",
      "properties": {
        "@id": "way/1408955883",
        "golf": "green",
        "surface": "grass"
      },
      "geometry": {
        "type": "Polygon",
        "coordinates": [
          [
            [
              -79.0374432,
              43.0449815
            ],
            [
              -79.0374438,
              43.0449673
            ],
            [
              -79.0374432,
              43.0449522
            ],
            [
              -79.0374374,
              43.0449419
            ],
            [
              -79.0374193,
              43.0449362
            ],
            [
              -79.0374087,
              43.0449315
            ],
            [
              -79.0373812,
              43.0449329
            ],
            [
              -79.0373195,
              43.0449486
            ],
            [
              -79.0372978,
              43.0449615
            ],
            [
              -79.0372639,
              43.0449763
            ],
            [
              -79.0372415,
              43.0449939
            ],
            [
              -79.037225,
              43.0450101
            ],
            [
              -79.0372175,
              43.0450246
            ],
            [
              -79.0372082,
              43.0450463
            ],
            [
              -79.037208,
              43.045069
            ],
            [
              -79.0372115,
              43.0451017
            ],
            [
              -79.0372365,
              43.0451309
            ],
            [
              -79.0372513,
              43.045154
            ],
            [
              -79.0372687,
              43.0451756
            ],
            [
              -79.03728,
              43.04519
            ],
            [
              -79.0372913,
              43.0452076
            ],
            [
              -79.0373065,
              43.0452238
            ],
            [
              -79.0373284,
              43.0452301
            ],
            [
              -79.0373567,
              43.045235
            ],
            [
              -79.0373835,
              43.0452311
            ],
            [
              -79.0374139,
              43.0452163
            ],
            [
              -79.0374365,
              43.0452021
            ],
            [
              -79.0374522,
              43.0451778
            ],
            [
              -79.0374618,
              43.0451456
            ],
            [
              -79.0374638,
              43.0451209
            ],
            [
              -79.0374506,
              43.0450812
            ],
            [
              -79.0374438,
              43.0450532
            ],
            [
              -79.0374416,
              43.0450209
            ],
            [
              -79.0374431,
              43.0450013
            ],
            [
              -79.0374432,
              43.0449815
            ]
          ]
        ]
      }
    },
    {
      "type": "Feature",
      "properties": {
        "@id": "way/1408958452",
        "golf": "tee",
        "tee": "gold"
      },
      "geometry": {
        "type": "Polygon",
        "coordinates": [
          [
            [
              -79.0382928,
              43.0444704
            ],
            [
              -79.0382948,
              43.0444489
            ],
            [
              -79.0382858,
              43.0444243
            ],
            [
              -79.0382746,
              43.0444052
            ],
            [
              -79.0382593,
              43.0443957
            ],
            [
              -79.0382402,
              43.0443884
            ],
            [
              -79.0382227,
              43.0443887
            ],
            [
              -79.0382032,
              43.0443902
            ],
            [
              -79.0381813,
              43.0444073
            ],
            [
              -79.0381707,
              43.0444237
            ],
            [
              -79.0381714,
              43.0444508
            ],
            [
              -79.0381789,
              43.0444721
            ],
            [
              -79.0381901,
              43.0444938
            ],
            [
              -79.0382158,
              43.0445082
            ],
            [
              -79.0382422,
              43.044514
            ],
            [
              -79.0382554,
              43.044515
            ],
            [
              -79.0382726,
              43.0445064
            ],
            [
              -79.0382842,
              43.0444873
            ],
            [
              -79.0382928,
              43.0444704
            ]
          ]
        ]
      }
    },
    {
      "type": "Feature",
      "properties": {
        "@id": "way/1408958453",
        "golf": "tee",
        "tee": "blue"
      },
      "geometry": {
        "type": "Polygon",
        "coordinates": [
          [
            [
              -79.0383196,
              43.0446673
            ],
            [
              -79.0383,
              43.0446396
            ],
            [
              -79.0382813,
              43.0446125
            ],
            [
              -79.0382627,
              43.0446018
            ],
            [
              -79.0382428,
              43.0445954
            ],
            [
              -79.0382225,
              43.0445961
            ],
            [
              -79.0381969,
              43.0446055
            ],
            [
              -79.0381824,
              43.0446277
            ],
            [
              -79.0381824,
              43.0446494
            ],
            [
              -79.0381868,
              43.0446759
            ],
            [
              -79.0382069,
              43.0447234
            ],
            [
              -79.0382336,
              43.0447583
            ],
            [
              -79.0382534,
              43.0447731
            ],
            [
              -79.0382746,
              43.0447788
            ],
            [
              -79.0382964,
              43.0447837
            ],
            [
              -79.0383201,
              43.0447751
            ],
            [
              -79.0383421,
              43.0447503
            ],
            [
              -79.038349,
              43.0447312
            ],
            [
              -79.0383376,
              43.0447004
            ],
            [
              -79.0383196,
              43.0446673
            ]
          ]
        ]
      }
    },
    {
      "type": "Feature",
      "properties": {
        "@id": "way/1408958454",
        "golf": "tee",
        "tee": "white"
      },
      "geometry": {
        "type": "Polygon",
        "coordinates": [
          [
            [
              -79.038455,
              43.0449554
            ],
            [
              -79.0384357,
              43.0449282
            ],
            [
              -79.0384173,
              43.0449028
            ],
            [
              -79.0383963,
              43.0448837
            ],
            [
              -79.0383807,
              43.0448708
            ],
            [
              -79.0383576,
              43.0448601
            ],
            [
              -79.0383337,
              43.0448574
            ],
            [
              -79.0383146,
              43.0448591
            ],
            [
              -79.0382938,
              43.0448702
            ],
            [
              -79.038281,
              43.0448867
            ],
            [
              -79.0382785,
              43.0449061
            ],
            [
              -79.0382849,
              43.0449264
            ],
            [
              -79.0383082,
              43.0449784
            ],
            [
              -79.0383237,
              43.0450005
            ],
            [
              -79.03835,
              43.0450314
            ],
            [
              -79.0383941,
              43.0450526
            ],
            [
              -79.0384139,
              43.0450548
            ],
            [
              -79.0384379,
              43.0450465
            ],
            [
              -79.03846,
              43.0450305
            ],
            [
              -79.0384696,
              43.0450138
            ],
            [
              -79.0384711,
              43.0449942
            ],
            [
              -79.0384636,
              43.0449766
            ],
            [
              -79.038455,
              43.0449554
            ]
          ]
        ]
      }
    },
    {
      "type": "Feature",
      "properties": {
        "@id": "way/1408958455",
        "golf": "tee",
        "tee": "green"
      },
      "geometry": {
        "type": "Polygon",
        "coordinates": [
          [
            [
              -79.0385732,
              43.0452339
            ],
            [
              -79.0385527,
              43.0452129
            ],
            [
              -79.0385311,
              43.0451961
            ],
            [
              -79.038503,
              43.0451835
            ],
            [
              -79.0384813,
              43.0451807
            ],
            [
              -79.0384549,
              43.04519
            ],
            [
              -79.0384416,
              43.0452049
            ],
            [
              -79.0384408,
              43.0452239
            ],
            [
              -79.0384492,
              43.0452503
            ],
            [
              -79.0384637,
              43.0452738
            ],
            [
              -79.0384806,
              43.0452868
            ],
            [
              -79.0385053,
              43.0453034
            ],
            [
              -79.0385289,
              43.0453096
            ],
            [
              -79.0385499,
              43.0453092
            ],
            [
              -79.0385681,
              43.0453017
            ],
            [
              -79.0385802,
              43.0452886
            ],
            [
              -79.0385825,
              43.0452666
            ],
            [
              -79.0385812,
              43.0452487
            ],
            [
              -79.0385732,
              43.0452339
            ]
          ]
        ]
      }
    },
    {
      "type": "Feature",
      "properties": {
        "@id": "way/1408958456",
        "golf": "fairway",
        "surface": "grass"
      },
      "geometry": {
        "type": "Polygon",
        "coordinates": [
          [
            [
              -79.0390015,
              43.0455621
            ],
            [
              -79.0389737,
              43.04555
            ],
            [
              -79.0389412,
              43.0455384
            ],
            [
              -79.0389089,
              43.0455317
            ],
            [
              -79.0388752,
              43.0455267
            ],
            [
              -79.0388429,
              43.0455315
            ],
            [
              -79.0388154,
              43.0455374
            ],
            [
              -79.0387847,
              43.0455533
            ],
            [
              -79.0387576,
              43.0455755
            ],
            [
              -79.0387321,
              43.0456096
            ],
            [
              -79.0387226,
              43.0456265
            ],
            [
              -79.0387127,
              43.0456612
            ],
            [
              -79.0387265,
              43.0457247
            ],
            [
              -79.0387323,
              43.0457582
            ],
            [
              -79.0386983,
              43.0457713
            ],
            [
              -79.038792,
              43.0458393
            ],
            [
              -79.038852,
              43.0458721
            ],
            [
              -79.0388956,
              43.0458843
            ],
            [
              -79.0389509,
              43.0458933
            ],
            [
              -79.0390382,
              43.0459118
            ],
            [
              -79.0390904,
              43.0459379
            ],
            [
              -79.0391104,
              43.0459665
            ],
            [
              -79.039121,
              43.0460021
            ],
            [
              -79.0391163,
              43.0460234
            ],
            [
              -79.0390827,
              43.0460791
            ],
            [
              -79.0390518,
              43.0461302
            ],
            [
              -79.0390296,
              43.0461696
            ],
            [
              -79.0389742,
              43.0462794
            ],
            [
              -79.0389633,
              43.0463069
            ],
            [
              -79.0389719,
              43.0463747
            ],
            [
              -79.038989,
              43.0464049
            ],
            [
              -79.0390161,
              43.0464434
            ],
            [
              -79.0390691,
              43.0465032
            ],
            [
              -79.0391058,
              43.046527
            ],
            [
              -79.039126,
              43.0465398
            ],
            [
              -79.0391662,
              43.0465442
            ],
            [
              -79.039242,
              43.0465517
            ],
            [
              -79.0393671,
              43.0465703
            ],
            [
              -79.0394624,
              43.046585
            ],
            [
              -79.039526,
              43.0465927
            ],
            [
              -79.0395474,
              43.0465977
            ],
            [
              -79.0395757,
              43.0466138
            ],
            [
              -79.0395996,
              43.0466238
            ],
            [
              -79.0396175,
              43.0466431
            ],
            [
              -79.03966,
              43.0466986
            ],
            [
              -79.0396888,
              43.0467497
            ],
            [
              -79.0397608,
              43.0468698
            ],
            [
              -79.0398246,
              43.0469849
            ],
            [
              -79.0399411,
              43.0471071
            ],
            [
              -79.0401224,
              43.0472805
            ],
            [
              -79.0402291,
              43.0473798
            ],
            [
              -79.0402724,
              43.0474075
            ],
            [
              -79.0403139,
              43.0474243
            ],
            [
              -79.0403831,
              43.0474552
            ],
            [
              -79.0404249,
              43.0474716
            ],
            [
              -79.0405407,
              43.0475188
            ],
            [
              -79.0405928,
              43.0475491
            ],
            [
              -79.0406208,
              43.0475668
            ],
            [
              -79.0406592,
              43.0475794
            ],
            [
              -79.0407266,
              43.0475781
            ],
            [
              -79.0407757,
              43.0475696
            ],
            [
              -79.0408096,
              43.0475595
            ],
            [
              -79.0408324,
              43.0475492
            ],
            [
              -79.0408564,
              43.047529
            ],
            [
              -79.0408821,
              43.0474897
            ],
            [
              -79.0408901,
              43.047467
            ],
            [
              -79.0409111,
              43.0474425
            ],
            [
              -79.0409273,
              43.0474204
            ],
            [
              -79.040938,
              43.0473985
            ],
            [
              -79.040942,
              43.0473801
            ],
            [
              -79.040942,
              43.0473621
            ],
            [
              -79.0409345,
              43.0473408
            ],
            [
              -79.0409141,
              43.0473226
            ],
            [
              -79.0408872,
              43.0473056
            ],
            [
              -79.0408598,
              43.0472934
            ],
            [
              -79.0408221,
              43.0472866
            ],
            [
              -79.0407855,
              43.0472814
            ],
            [
              -79.0407406,
              43.0472769
            ],
            [
              -79.040698,
              43.0472705
            ],
            [
              -79.0406554,
              43.0472569
            ],
            [
              -79.0406191,
              43.0472448
            ],
            [
              -79.0404774,
              43.0471813
            ],
            [
              -79.0404,
              43.0471518
            ],
            [
              -79.040351,
              43.0471222
            ],
            [
              -79.0403246,
              43.0471031
            ],
            [
              -79.0403131,
              43.047081
            ],
            [
              -79.0403134,
              43.0470622
            ],
            [
              -79.040326,
              43.0470478
            ],
            [
              -79.0403476,
              43.0470172
            ],
            [
              -79.0403684,
              43.046998
            ],
            [
              -79.0403958,
              43.0469658
            ],
            [
              -79.0404097,
              43.0469389
            ],
            [
              -79.0404165,
              43.0469213
            ],
            [
              -79.0404174,
              43.0469047
            ],
            [
              -79.0404103,
              43.0468814
            ],
            [
              -79.0403915,
              43.0468633
            ],
            [
              -79.0403541,
              43.0468276
            ],
            [
              -79.0401676,
              43.0466606
            ],
            [
              -79.0399563,
              43.0464851
            ],
            [
              -79.0397497,
              43.0463023
            ],
            [
              -79.0395674,
              43.0461246
            ],
            [
              -79.0393888,
              43.0459471
            ],
            [
              -79.0391742,
              43.0457158
            ],
            [
              -79.0390795,
              43.0456162
            ],
            [
              -79.0390015,
              43.0455621
            ]
          ]
        ]
      }
    },
    {
      "type": "Feature",
      "properties": {
        "@id": "way/1408958457",
        "golf": "bunker",
        "surface": "sand"
      },
      "geometry": {
        "type": "Polygon",
        "coordinates": [
          [
            [
              -79.0389948,
              43.0460681
            ],
            [
              -79.0390045,
              43.0460631
            ],
            [
              -79.0390151,
              43.0460598
            ],
            [
              -79.0390252,
              43.0460536
            ],
            [
              -79.0390265,
              43.0460478
            ],
            [
              -79.0390314,
              43.0460446
            ],
            [
              -79.0390411,
              43.0460444
            ],
            [
              -79.0390517,
              43.0460377
            ],
            [
              -79.0390601,
              43.046027
            ],
            [
              -79.0390615,
              43.0460151
            ],
            [
              -79.0390655,
              43.0460049
            ],
            [
              -79.0390713,
              43.0459959
            ],
            [
              -79.0390731,
              43.0459877
            ],
            [
              -79.0390694,
              43.0459758
            ],
            [
              -79.0390603,
              43.0459624
            ],
            [
              -79.0390422,
              43.0459505
            ],
            [
              -79.0390209,
              43.0459463
            ],
            [
              -79.0389929,
              43.0459522
            ],
            [
              -79.0389709,
              43.0459592
            ],
            [
              -79.0389593,
              43.0459697
            ],
            [
              -79.0389469,
              43.0459862
            ],
            [
              -79.0389348,
              43.046016
            ],
            [
              -79.0389292,
              43.0460375
            ],
            [
              -79.038932,
              43.0460603
            ],
            [
              -79.0389343,
              43.0460756
            ],
            [
              -79.0389465,
              43.0460829
            ],
            [
              -79.0389585,
              43.0460859
            ],
            [
              -79.0389748,
              43.046086
            ],
            [
              -79.0389876,
              43.0460804
            ],
            [
              -79.0389926,
              43.0460734
            ],
            [
              -79.0389948,
              43.0460681
            ]
          ]
        ]
      }
    },
    {
      "type": "Feature",
      "properties": {
        "@id": "way/1408958458",
        "golf": "bunker",
        "surface": "sand"
      },
      "geometry": {
        "type": "Polygon",
        "coordinates": [
          [
            [
              -79.0388897,
              43.0463039
            ],
            [
              -79.0388817,
              43.0462976
            ],
            [
              -79.0388805,
              43.0462901
            ],
            [
              -79.0388841,
              43.0462824
            ],
            [
              -79.0388959,
              43.0462817
            ],
            [
              -79.038907,
              43.0462833
            ],
            [
              -79.0389096,
              43.0462889
            ],
            [
              -79.038918,
              43.0462892
            ],
            [
              -79.0389237,
              43.0462821
            ],
            [
              -79.0389308,
              43.0462613
            ],
            [
              -79.0389379,
              43.0462334
            ],
            [
              -79.0389379,
              43.0462201
            ],
            [
              -79.0389261,
              43.046203
            ],
            [
              -79.038907,
              43.0461835
            ],
            [
              -79.0388955,
              43.0461793
            ],
            [
              -79.0388799,
              43.0461796
            ],
            [
              -79.0388625,
              43.046185
            ],
            [
              -79.0388437,
              43.0461919
            ],
            [
              -79.0388361,
              43.0462059
            ],
            [
              -79.0388355,
              43.0462336
            ],
            [
              -79.0388322,
              43.0462541
            ],
            [
              -79.0388209,
              43.0462805
            ],
            [
              -79.0388248,
              43.0463906
            ],
            [
              -79.0388391,
              43.046393
            ],
            [
              -79.0388475,
              43.0464013
            ],
            [
              -79.0388577,
              43.0464064
            ],
            [
              -79.0388772,
              43.046409
            ],
            [
              -79.0388963,
              43.046399
            ],
            [
              -79.0389064,
              43.0463812
            ],
            [
              -79.0388897,
              43.0463039
            ]
          ]
        ]
      }
    },
    {
      "type": "Feature",
      "properties": {
        "@id": "way/1408958459",
        "golf": "bunker",
        "surface": "sand"
      },
      "geometry": {
        "type": "Polygon",
        "coordinates": [
          [
            [
              -79.0393449,
              43.0467292
            ],
            [
              -79.0393541,
              43.0467151
            ],
            [
              -79.0393579,
              43.0466957
            ],
            [
              -79.0393503,
              43.0466732
            ],
            [
              -79.0393326,
              43.0466373
            ],
            [
              -79.0393053,
              43.0466118
            ],
            [
              -79.0392762,
              43.0465838
            ],
            [
              -79.0392344,
              43.0465796
            ],
            [
              -79.0391945,
              43.0465901
            ],
            [
              -79.0391619,
              43.0466027
            ],
            [
              -79.0391441,
              43.0466258
            ],
            [
              -79.0391412,
              43.0466439
            ],
            [
              -79.0391446,
              43.0466605
            ],
            [
              -79.0391547,
              43.0466796
            ],
            [
              -79.0391704,
              43.0466748
            ],
            [
              -79.0391932,
              43.0466701
            ],
            [
              -79.0392062,
              43.0466816
            ],
            [
              -79.0392115,
              43.0466932
            ],
            [
              -79.0392213,
              43.0467021
            ],
            [
              -79.0392489,
              43.0467118
            ],
            [
              -79.0392676,
              43.0467214
            ],
            [
              -79.0392746,
              43.0467333
            ],
            [
              -79.039278,
              43.0467436
            ],
            [
              -79.0392885,
              43.0467504
            ],
            [
              -79.0392977,
              43.0467452
            ],
            [
              -79.0393048,
              43.0467481
            ],
            [
              -79.0393062,
              43.0467533
            ],
            [
              -79.0393209,
              43.0467549
            ],
            [
              -79.0393239,
              43.046752
            ],
            [
              -79.0393251,
              43.0467454
            ],
            [
              -79.0393309,
              43.0467428
            ],
            [
              -79.0393375,
              43.0467441
            ],
            [
              -79.039342,
              43.0467452
            ],
            [
              -79.0393452,
              43.0467413
            ],
            [
              -79.0393464,
              43.0467378
            ],
            [
              -79.0393421,
              43.0467332
            ],
            [
              -79.0393449,
              43.0467292
            ]
          ]
        ]
      }
    },
    {
      "type": "Feature",
      "properties": {
        "@id": "way/1408958460",
        "golf": "bunker",
        "surface": "sand"
      },
      "geometry": {
        "type": "Polygon",
        "coordinates": [
          [
            [
              -79.0395799,
              43.0467619
            ],
            [
              -79.0395805,
              43.0467559
            ],
            [
              -79.0395805,
              43.0467473
            ],
            [
              -79.039578,
              43.0467434
            ],
            [
              -79.0395745,
              43.0467434
            ],
            [
              -79.0395706,
              43.0467467
            ],
            [
              -79.0395664,
              43.0467484
            ],
            [
              -79.0395599,
              43.046747
            ],
            [
              -79.0395546,
              43.0467422
            ],
            [
              -79.0395536,
              43.0467371
            ],
            [
              -79.0395545,
              43.0467298
            ],
            [
              -79.0395588,
              43.0467243
            ],
            [
              -79.0395652,
              43.0467214
            ],
            [
              -79.0395712,
              43.0467233
            ],
            [
              -79.0395795,
              43.0467245
            ],
            [
              -79.0395834,
              43.0467191
            ],
            [
              -79.0395805,
              43.0467019
            ],
            [
              -79.0395828,
              43.0466827
            ],
            [
              -79.0395724,
              43.0466661
            ],
            [
              -79.0395499,
              43.0466511
            ],
            [
              -79.0395287,
              43.0466357
            ],
            [
              -79.0395123,
              43.0466301
            ],
            [
              -79.0394918,
              43.046628
            ],
            [
              -79.0394772,
              43.0466319
            ],
            [
              -79.0394674,
              43.0466378
            ],
            [
              -79.0394608,
              43.0466449
            ],
            [
              -79.0394539,
              43.0466633
            ],
            [
              -79.0394598,
              43.04669
            ],
            [
              -79.0394678,
              43.0467084
            ],
            [
              -79.0394753,
              43.0467274
            ],
            [
              -79.039474,
              43.0467528
            ],
            [
              -79.0394682,
              43.04678
            ],
            [
              -79.0394676,
              43.0468069
            ],
            [
              -79.0394738,
              43.0468217
            ],
            [
              -79.0394842,
              43.0468314
            ],
            [
              -79.0394952,
              43.0468345
            ],
            [
              -79.0395082,
              43.0468333
            ],
            [
              -79.0395188,
              43.0468243
            ],
            [
              -79.0395282,
              43.0468214
            ],
            [
              -79.0395395,
              43.0468213
            ],
            [
              -79.0395453,
              43.0468174
            ],
            [
              -79.0395475,
              43.0468092
            ],
            [
              -79.0395456,
              43.0468006
            ],
            [
              -79.0395458,
              43.0467921
            ],
            [
              -79.0395459,
              43.0467857
            ],
            [
              -79.0395556,
              43.0467807
            ],
            [
              -79.0395663,
              43.0467766
            ],
            [
              -79.0395756,
              43.046768
            ],
            [
              -79.0395799,
              43.0467619
            ]
          ]
        ]
      }
    },
    {
      "type": "Feature",
      "properties": {
        "@id": "way/1408958461",
        "golf": "bunker",
        "surface": "sand"
      },
      "geometry": {
        "type": "Polygon",
        "coordinates": [
          [
            [
              -79.0405101,
              43.0470592
            ],
            [
              -79.0405071,
              43.0470552
            ],
            [
              -79.0405074,
              43.0470514
            ],
            [
              -79.0405136,
              43.0470496
            ],
            [
              -79.0405187,
              43.0470517
            ],
            [
              -79.040525,
              43.0470469
            ],
            [
              -79.0405312,
              43.0470406
            ],
            [
              -79.0405421,
              43.0470311
            ],
            [
              -79.0405422,
              43.0470213
            ],
            [
              -79.0405357,
              43.0470092
            ],
            [
              -79.0405224,
              43.0470016
            ],
            [
              -79.040505,
              43.0469959
            ],
            [
              -79.0404822,
              43.0469936
            ],
            [
              -79.0404585,
              43.046995
            ],
            [
              -79.0404352,
              43.047002
            ],
            [
              -79.0404057,
              43.0470093
            ],
            [
              -79.0403712,
              43.047033
            ],
            [
              -79.0403594,
              43.0470471
            ],
            [
              -79.0403524,
              43.0470651
            ],
            [
              -79.0403547,
              43.0470784
            ],
            [
              -79.0403644,
              43.0470854
            ],
            [
              -79.0403759,
              43.0470932
            ],
            [
              -79.0403878,
              43.0470982
            ],
            [
              -79.0404055,
              43.0471005
            ],
            [
              -79.040419,
              43.0471003
            ],
            [
              -79.0404283,
              43.0470983
            ],
            [
              -79.0404316,
              43.0470918
            ],
            [
              -79.0404298,
              43.0470852
            ],
            [
              -79.0404269,
              43.0470765
            ],
            [
              -79.0404292,
              43.0470708
            ],
            [
              -79.0404334,
              43.0470665
            ],
            [
              -79.0404392,
              43.0470624
            ],
            [
              -79.0404519,
              43.0470617
            ],
            [
              -79.0404598,
              43.0470637
            ],
            [
              -79.0404653,
              43.0470669
            ],
            [
              -79.0404763,
              43.0470675
            ],
            [
              -79.040489,
              43.0470674
            ],
            [
              -79.0405011,
              43.0470666
            ],
            [
              -79.0405101,
              43.0470592
            ]
          ]
        ]
      }
    },
    {
      "type": "Feature",
      "properties": {
        "@id": "way/1408958462",
        "golf": "bunker",
        "surface": "sand"
      },
      "geometry": {
        "type": "Polygon",
        "coordinates": [
          [
            [
              -79.0408609,
              43.0472372
            ],
            [
              -79.0408576,
              43.0472341
            ],
            [
              -79.0408576,
              43.0472288
            ],
            [
              -79.0408631,
              43.0472237
            ],
            [
              -79.0408724,
              43.0472221
            ],
            [
              -79.0408754,
              43.047217
            ],
            [
              -79.0408756,
              43.0472079
            ],
            [
              -79.040863,
              43.0471907
            ],
            [
              -79.0408378,
              43.0471694
            ],
            [
              -79.040794,
              43.0471419
            ],
            [
              -79.0407683,
              43.0471332
            ],
            [
              -79.0407465,
              43.0471317
            ],
            [
              -79.0407291,
              43.0471334
            ],
            [
              -79.0407044,
              43.0471387
            ],
            [
              -79.0406839,
              43.0471519
            ],
            [
              -79.0406707,
              43.0471645
            ],
            [
              -79.0406655,
              43.0471764
            ],
            [
              -79.0406685,
              43.047202
            ],
            [
              -79.0406766,
              43.0472199
            ],
            [
              -79.0406898,
              43.0472337
            ],
            [
              -79.0407082,
              43.04724
            ],
            [
              -79.0407248,
              43.04724
            ],
            [
              -79.040734,
              43.0472438
            ],
            [
              -79.0407446,
              43.0472485
            ],
            [
              -79.0407566,
              43.0472476
            ],
            [
              -79.0407667,
              43.0472438
            ],
            [
              -79.0407755,
              43.047239
            ],
            [
              -79.0407781,
              43.0472341
            ],
            [
              -79.0407812,
              43.0472273
            ],
            [
              -79.0407774,
              43.0472204
            ],
            [
              -79.0407785,
              43.0472145
            ],
            [
              -79.0407863,
              43.0472114
            ],
            [
              -79.0407939,
              43.0472121
            ],
            [
              -79.0408035,
              43.0472202
            ],
            [
              -79.0408114,
              43.0472263
            ],
            [
              -79.0408175,
              43.0472343
            ],
            [
              -79.0408259,
              43.0472416
            ],
            [
              -79.0408403,
              43.0472444
            ],
            [
              -79.0408502,
              43.0472439
            ],
            [
              -79.0408563,
              43.0472409
            ],
            [
              -79.0408609,
              43.0472372
            ]
          ]
        ]
      }
    },
    {
      "type": "Feature",
      "properties": {
        "@id": "way/1408958463",
        "golf": "green"
      },
      "geometry": {
        "type": "Polygon",
        "coordinates": [
          [
            [
              -79.0408969,
              43.0474304
            ],
            [
              -79.0409089,
              43.0474208
            ],
            [
              -79.0409176,
              43.0474062
            ],
            [
              -79.0409241,
              43.04739
            ],
            [
              -79.0409246,
              43.0473718
            ],
            [
              -79.0409238,
              43.047358
            ],
            [
              -79.0409148,
              43.0473394
            ],
            [
              -79.0409006,
              43.0473289
            ],
            [
              -79.0408863,
              43.0473191
            ],
            [
              -79.0408645,
              43.0473096
            ],
            [
              -79.0408308,
              43.0473008
            ],
            [
              -79.0407969,
              43.0472977
            ],
            [
              -79.0407595,
              43.0472921
            ],
            [
              -79.0407307,
              43.0472888
            ],
            [
              -79.040697,
              43.0472848
            ],
            [
              -79.0406736,
              43.0472776
            ],
            [
              -79.0406518,
              43.0472728
            ],
            [
              -79.0406273,
              43.0472679
            ],
            [
              -79.0406,
              43.0472672
            ],
            [
              -79.0405774,
              43.0472764
            ],
            [
              -79.0405536,
              43.047287
            ],
            [
              -79.040528,
              43.0473
            ],
            [
              -79.0405136,
              43.0473293
            ],
            [
              -79.0405236,
              43.0473533
            ],
            [
              -79.040541,
              43.047383
            ],
            [
              -79.0405558,
              43.0473988
            ],
            [
              -79.0405757,
              43.0474166
            ],
            [
              -79.0405923,
              43.0474292
            ],
            [
              -79.0406134,
              43.0474414
            ],
            [
              -79.0406547,
              43.0474562
            ],
            [
              -79.040682,
              43.047462
            ],
            [
              -79.0407231,
              43.0474654
            ],
            [
              -79.0407459,
              43.0474678
            ],
            [
              -79.0407725,
              43.0474688
            ],
            [
              -79.0408067,
              43.0474668
            ],
            [
              -79.0408342,
              43.0474591
            ],
            [
              -79.0408697,
              43.0474481
            ],
            [
              -79.0408969,
              43.0474304
            ]
          ]
        ]
      }
    },
    {
      "type": "Feature",
      "properties": {
        "@id": "way/1445874845",
        "golf": "water_hazard",
        "natural": "water"
      },
      "geometry": {
        "type": "Polygon",
        "coordinates": [
          [
            [
              -79.0385487,
              43.0505428
            ],
            [
              -79.0386462,
              43.0504626
            ],
            [
              -79.0387723,
              43.0503616
            ],
            [
              -79.0387682,
              43.0503348
            ],
            [
              -79.0387357,
              43.0502903
            ],
            [
              -79.0386584,
              43.0502546
            ],
            [
              -79.0385731,
              43.0502338
            ],
            [
              -79.0384714,
              43.0502338
            ],
            [
              -79.0384145,
              43.0502279
            ],
            [
              -79.0382519,
              43.0501744
            ],
            [
              -79.0381665,
              43.0501417
            ],
            [
              -79.0379917,
              43.0500942
            ],
            [
              -79.0377762,
              43.0500378
            ],
            [
              -79.0376055,
              43.0499694
            ],
            [
              -79.0375038,
              43.0499516
            ],
            [
              -79.0373859,
              43.0499724
            ],
            [
              -79.0372721,
              43.0500467
            ],
            [
              -79.0371501,
              43.0501239
            ],
            [
              -79.0370078,
              43.0501833
            ],
            [
              -79.0369103,
              43.0502338
            ],
            [
              -79.0368656,
              43.0502903
            ],
            [
              -79.0368615,
              43.0503378
            ],
            [
              -79.036955,
              43.0503854
            ],
            [
              -79.0370729,
              43.0503794
            ],
            [
              -79.0372193,
              43.0503824
            ],
            [
              -79.0373307,
              43.0504019
            ],
            [
              -79.0374355,
              43.0503954
            ],
            [
              -79.0375492,
              43.0503742
            ],
            [
              -79.0376473,
              43.0503498
            ],
            [
              -79.0377566,
              43.0503563
            ],
            [
              -79.0379216,
              43.0503873
            ],
            [
              -79.0380308,
              43.050415
            ],
            [
              -79.0381222,
              43.0504247
            ],
            [
              -79.0381936,
              43.0504247
            ],
            [
              -79.0382984,
              43.0504476
            ],
            [
              -79.0384054,
              43.0504899
            ],
            [
              -79.0384299,
              43.0505176
            ],
            [
              -79.038421,
              43.0505828
            ],
            [
              -79.0384968,
              43.0505974
            ],
            [
              -79.0385191,
              43.0505763
            ],
            [
              -79.0385487,
              43.0505428
            ]
          ]
        ]
      }
    },
    {
      "type": "Feature",
      "properties": {
        "@id": "way/1445874846",
        "golf": "water_hazard",
        "natural": "water"
      },
      "geometry": {
        "type": "Polygon",
        "coordinates": [
          [
            [
              -79.0391166,
              43.0516907
            ],
            [
              -79.0392415,
              43.0515962
            ],
            [
              -79.039344,
              43.051474
            ],
            [
              -79.0394109,
              43.051355
            ],
            [
              -79.0394131,
              43.0512328
            ],
            [
              -79.0393931,
              43.0511074
            ],
            [
              -79.0393396,
              43.0510129
            ],
            [
              -79.0392504,
              43.0509396
            ],
            [
              -79.0391701,
              43.0509119
            ],
            [
              -79.0390698,
              43.0509021
            ],
            [
              -79.0389516,
              43.0508874
            ],
            [
              -79.0388268,
              43.0509298
            ],
            [
              -79.0386796,
              43.0509999
            ],
            [
              -79.0386194,
              43.0510716
            ],
            [
              -79.0385525,
              43.0510895
            ],
            [
              -79.0384946,
              43.0510878
            ],
            [
              -79.03845,
              43.0510569
            ],
            [
              -79.038421,
              43.0510048
            ],
            [
              -79.0384054,
              43.0509412
            ],
            [
              -79.0384366,
              43.0508386
            ],
            [
              -79.038441,
              43.0507539
            ],
            [
              -79.0384589,
              43.0506936
            ],
            [
              -79.0384834,
              43.0506382
            ],
            [
              -79.0384076,
              43.0506219
            ],
            [
              -79.0383519,
              43.0506642
            ],
            [
              -79.0383028,
              43.0507343
            ],
            [
              -79.0383028,
              43.0507946
            ],
            [
              -79.0383273,
              43.0508679
            ],
            [
              -79.0383006,
              43.0509738
            ],
            [
              -79.0382292,
              43.0510406
            ],
            [
              -79.0381178,
              43.0510813
            ],
            [
              -79.0380107,
              43.0511139
            ],
            [
              -79.0379416,
              43.0511481
            ],
            [
              -79.0379349,
              43.0511937
            ],
            [
              -79.037955,
              43.0512508
            ],
            [
              -79.0379706,
              43.0513176
            ],
            [
              -79.0379416,
              43.0513778
            ],
            [
              -79.0377722,
              43.0515245
            ],
            [
              -79.0376875,
              43.0515945
            ],
            [
              -79.0376183,
              43.0516679
            ],
            [
              -79.0375804,
              43.0517428
            ],
            [
              -79.0375336,
              43.0518161
            ],
            [
              -79.03746,
              43.0518894
            ],
            [
              -79.0374355,
              43.0519416
            ],
            [
              -79.0374288,
              43.051979
            ],
            [
              -79.0374422,
              43.0519921
            ],
            [
              -79.0374846,
              43.0520165
            ],
            [
              -79.0375292,
              43.0520246
            ],
            [
              -79.0375782,
              43.0520246
            ],
            [
              -79.0376429,
              43.0519579
            ],
            [
              -79.0378056,
              43.0517705
            ],
            [
              -79.0379416,
              43.0516304
            ],
            [
              -79.0380776,
              43.0515
            ],
            [
              -79.03812,
              43.0514805
            ],
            [
              -79.038149,
              43.0514512
            ],
            [
              -79.0381646,
              43.0514284
            ],
            [
              -79.0381913,
              43.0514039
            ],
            [
              -79.0382248,
              43.051373
            ],
            [
              -79.0382538,
              43.0513355
            ],
            [
              -79.0382894,
              43.0512882
            ],
            [
              -79.0383363,
              43.0512882
            ],
            [
              -79.038392,
              43.0513322
            ],
            [
              -79.038441,
              43.0514088
            ],
            [
              -79.0385503,
              43.0513876
            ],
            [
              -79.0385481,
              43.0513371
            ],
            [
              -79.0385815,
              43.0513094
            ],
            [
              -79.0386239,
              43.0512915
            ],
            [
              -79.0386755,
              43.0512795
            ],
            [
              -79.0387109,
              43.0512986
            ],
            [
              -79.0387232,
              43.051338
            ],
            [
              -79.0387232,
              43.0513707
            ],
            [
              -79.0387032,
              43.0514044
            ],
            [
              -79.0386662,
              43.0514281
            ],
            [
              -79.0386185,
              43.0514314
            ],
            [
              -79.0385738,
              43.0514123
            ],
            [
              -79.0385631,
              43.0514015
            ],
            [
              -79.038555,
              43.0513919
            ],
            [
              -79.0384493,
              43.0514134
            ],
            [
              -79.038465,
              43.051445
            ],
            [
              -79.0385338,
              43.05151
            ],
            [
              -79.0386046,
              43.0515528
            ],
            [
              -79.0387217,
              43.0516034
            ],
            [
              -79.0387463,
              43.051649
            ],
            [
              -79.0387587,
              43.0516946
            ],
            [
              -79.0387433,
              43.0518353
            ],
            [
              -79.038714,
              43.0519693
            ],
            [
              -79.0387248,
              43.0520413
            ],
            [
              -79.0387672,
              43.0521686
            ],
            [
              -79.0387802,
              43.052253
            ],
            [
              -79.0387248,
              43.0523014
            ],
            [
              -79.0386555,
              43.0523396
            ],
            [
              -79.0386015,
              43.0523712
            ],
            [
              -79.038563,
              43.0524027
            ],
            [
              -79.0385368,
              43.0524533
            ],
            [
              -79.0385353,
              43.052486
            ],
            [
              -79.0385507,
              43.0525017
            ],
            [
              -79.0385769,
              43.0525107
            ],
            [
              -79.0386169,
              43.0524972
            ],
            [
              -79.0387001,
              43.0524477
            ],
            [
              -79.0388095,
              43.0524139
            ],
            [
              -79.0389096,
              43.0524027
            ],
            [
              -79.0389913,
              43.0523925
            ],
            [
              -79.0390462,
              43.0523784
            ],
            [
              -79.0390839,
              43.0523435
            ],
            [
              -79.0391032,
              43.0522841
            ],
            [
              -79.039091,
              43.0522173
            ],
            [
              -79.0390696,
              43.0521385
            ],
            [
              -79.039031,
              43.0520494
            ],
            [
              -79.0390015,
              43.0519677
            ],
            [
              -79.0389944,
              43.0518987
            ],
            [
              -79.0390198,
              43.0518192
            ],
            [
              -79.0390422,
              43.0517605
            ],
            [
              -79.0390808,
              43.0517234
            ],
            [
              -79.0391166,
              43.0516907
            ]
          ]
        ]
      }
    },
    {
      "type": "Feature",
      "properties": {
        "@id": "way/1445874847",
        "golf": "bunker"
      },
      "geometry": {
        "type": "Polygon",
        "coordinates": [
          [
            [
              -79.0396606,
              43.0519316
            ],
            [
              -79.0396679,
              43.0519277
            ],
            [
              -79.0396684,
              43.0519118
            ],
            [
              -79.0396694,
              43.0518948
            ],
            [
              -79.0396737,
              43.0518749
            ],
            [
              -79.0396762,
              43.0518593
            ],
            [
              -79.0396742,
              43.0518522
            ],
            [
              -79.0396723,
              43.0518441
            ],
            [
              -79.0396742,
              43.0518348
            ],
            [
              -79.0396815,
              43.0518302
            ],
            [
              -79.0396907,
              43.0518302
            ],
            [
              -79.0396975,
              43.0518203
            ],
            [
              -79.0397028,
              43.051798
            ],
            [
              -79.0397028,
              43.0517838
            ],
            [
              -79.0396965,
              43.0517731
            ],
            [
              -79.039682,
              43.0517657
            ],
            [
              -79.0396626,
              43.0517685
            ],
            [
              -79.0396364,
              43.0517831
            ],
            [
              -79.0396106,
              43.0518054
            ],
            [
              -79.0395927,
              43.0518331
            ],
            [
              -79.0395878,
              43.0518643
            ],
            [
              -79.0395922,
              43.0518838
            ],
            [
              -79.0396058,
              43.0519072
            ],
            [
              -79.0396131,
              43.0519189
            ],
            [
              -79.0396165,
              43.0519249
            ],
            [
              -79.0396237,
              43.0519228
            ],
            [
              -79.0396339,
              43.0519235
            ],
            [
              -79.0396436,
              43.0519292
            ],
            [
              -79.0396519,
              43.0519348
            ],
            [
              -79.0396606,
              43.0519316
            ]
          ]
        ]
      }
    },
    {
      "type": "Feature",
      "properties": {
        "@id": "way/1445874848",
        "golf": "bunker"
      },
      "geometry": {
        "type": "Polygon",
        "coordinates": [
          [
            [
              -79.039828,
              43.0519058
            ],
            [
              -79.0398295,
              43.0518962
            ],
            [
              -79.0398368,
              43.0518866
            ],
            [
              -79.0398479,
              43.0518806
            ],
            [
              -79.0398542,
              43.0518767
            ],
            [
              -79.039861,
              43.051865
            ],
            [
              -79.0398707,
              43.0518469
            ],
            [
              -79.0398736,
              43.051827
            ],
            [
              -79.0398654,
              43.0518104
            ],
            [
              -79.0398479,
              43.0517965
            ],
            [
              -79.0398212,
              43.0517905
            ],
            [
              -79.039796,
              43.0517951
            ],
            [
              -79.0397737,
              43.0518033
            ],
            [
              -79.0397552,
              43.0518136
            ],
            [
              -79.0397489,
              43.0518242
            ],
            [
              -79.0397417,
              43.0518448
            ],
            [
              -79.0397387,
              43.0518628
            ],
            [
              -79.0397407,
              43.0518763
            ],
            [
              -79.0397451,
              43.0518855
            ],
            [
              -79.0397548,
              43.0518901
            ],
            [
              -79.039765,
              43.0518933
            ],
            [
              -79.0397742,
              43.0519068
            ],
            [
              -79.0397781,
              43.051915
            ],
            [
              -79.0397882,
              43.0519203
            ],
            [
              -79.039797,
              43.0519206
            ],
            [
              -79.0398077,
              43.0519189
            ],
            [
              -79.0398174,
              43.0519136
            ],
            [
              -79.039828,
              43.0519058
            ]
          ]
        ]
      }
    },
    {
      "type": "Feature",
      "properties": {
        "@id": "way/1445874849",
        "golf": "bunker"
      },
      "geometry": {
        "type": "Polygon",
        "coordinates": [
          [
            [
              -79.0403124,
              43.0504685
            ],
            [
              -79.0403174,
              43.0504575
            ],
            [
              -79.0403224,
              43.0504306
            ],
            [
              -79.0403263,
              43.0504033
            ],
            [
              -79.0403336,
              43.0503826
            ],
            [
              -79.0403425,
              43.050354
            ],
            [
              -79.0403363,
              43.0502807
            ],
            [
              -79.0403235,
              43.0502579
            ],
            [
              -79.0402767,
              43.0502172
            ],
            [
              -79.0402644,
              43.0502094
            ],
            [
              -79.0402421,
              43.0502021
            ],
            [
              -79.0402232,
              43.0502025
            ],
            [
              -79.0402042,
              43.0502111
            ],
            [
              -79.040192,
              43.0502225
            ],
            [
              -79.0401881,
              43.0502339
            ],
            [
              -79.040187,
              43.0502428
            ],
            [
              -79.0401903,
              43.050253
            ],
            [
              -79.0402031,
              43.0502624
            ],
            [
              -79.0402089,
              43.050265
            ],
            [
              -79.0402113,
              43.0502741
            ],
            [
              -79.040213,
              43.0502812
            ],
            [
              -79.040219,
              43.0502897
            ],
            [
              -79.0402301,
              43.0502956
            ],
            [
              -79.0402482,
              43.0503003
            ],
            [
              -79.0402575,
              43.0503047
            ],
            [
              -79.0402626,
              43.0503116
            ],
            [
              -79.0402636,
              43.0503189
            ],
            [
              -79.0402545,
              43.0503258
            ],
            [
              -79.0402391,
              43.0503319
            ],
            [
              -79.0402317,
              43.0503361
            ],
            [
              -79.0402274,
              43.0503437
            ],
            [
              -79.0402217,
              43.0503535
            ],
            [
              -79.0402203,
              43.0503706
            ],
            [
              -79.0402156,
              43.0503917
            ],
            [
              -79.0402029,
              43.0504255
            ],
            [
              -79.0401999,
              43.0504363
            ],
            [
              -79.0402012,
              43.0504446
            ],
            [
              -79.0402042,
              43.0504517
            ],
            [
              -79.0402237,
              43.050462
            ],
            [
              -79.0402495,
              43.050472
            ],
            [
              -79.0402555,
              43.050473
            ],
            [
              -79.0402649,
              43.0504715
            ],
            [
              -79.0402703,
              43.0504679
            ],
            [
              -79.0402803,
              43.0504688
            ],
            [
              -79.0402894,
              43.0504701
            ],
            [
              -79.0403001,
              43.0504725
            ],
            [
              -79.0403124,
              43.0504685
            ]
          ]
        ]
      }
    },
    {
      "type": "Feature",
      "properties": {
        "@id": "way/1445874850",
        "golf": "bunker"
      },
      "geometry": {
        "type": "Polygon",
        "coordinates": [
          [
            [
              -79.0394158,
              43.0525167
            ],
            [
              -79.0394319,
              43.0525109
            ],
            [
              -79.03945,
              43.0525025
            ],
            [
              -79.0394573,
              43.0524967
            ],
            [
              -79.03946,
              43.052491
            ],
            [
              -79.039463,
              43.0524822
            ],
            [
              -79.0394751,
              43.0524736
            ],
            [
              -79.0394892,
              43.0524695
            ],
            [
              -79.0394962,
              43.0524695
            ],
            [
              -79.0395023,
              43.0524675
            ],
            [
              -79.039509,
              43.0524633
            ],
            [
              -79.0395291,
              43.0524317
            ],
            [
              -79.0395291,
              43.0524217
            ],
            [
              -79.0395274,
              43.0524129
            ],
            [
              -79.0395197,
              43.0524053
            ],
            [
              -79.0395083,
              43.0523994
            ],
            [
              -79.0394956,
              43.0523967
            ],
            [
              -79.0394842,
              43.0523994
            ],
            [
              -79.0394721,
              43.0524055
            ],
            [
              -79.039458,
              43.0524109
            ],
            [
              -79.0394446,
              43.0524165
            ],
            [
              -79.0394329,
              43.0524224
            ],
            [
              -79.0394151,
              43.0524361
            ],
            [
              -79.0394027,
              43.0524516
            ],
            [
              -79.0393956,
              43.0524722
            ],
            [
              -79.0393936,
              43.0524905
            ],
            [
              -79.0393953,
              43.0525011
            ],
            [
              -79.039399,
              43.0525089
            ],
            [
              -79.0394067,
              43.0525153
            ],
            [
              -79.0394158,
              43.0525167
            ]
          ]
        ]
      }
    },
    {
      "type": "Feature",
      "properties": {
        "@id": "way/1445874851",
        "golf": "bunker"
      },
      "geometry": {
        "type": "Polygon",
        "coordinates": [
          [
            [
              -79.0390104,
              43.0526365
            ],
            [
              -79.0390258,
              43.0526334
            ],
            [
              -79.0390392,
              43.0526275
            ],
            [
              -79.0390486,
              43.0526169
            ],
            [
              -79.039053,
              43.0526049
            ],
            [
              -79.0390587,
              43.0525969
            ],
            [
              -79.0390687,
              43.0525863
            ],
            [
              -79.0390808,
              43.0525741
            ],
            [
              -79.0390926,
              43.0525525
            ],
            [
              -79.0390946,
              43.0525356
            ],
            [
              -79.0390895,
              43.0525219
            ],
            [
              -79.0390765,
              43.0525126
            ],
            [
              -79.0390651,
              43.0525106
            ],
            [
              -79.039051,
              43.0525138
            ],
            [
              -79.0390332,
              43.0525219
            ],
            [
              -79.0390205,
              43.0525302
            ],
            [
              -79.0390134,
              43.0525388
            ],
            [
              -79.0390117,
              43.0525434
            ],
            [
              -79.0390107,
              43.0525572
            ],
            [
              -79.0390107,
              43.0525687
            ],
            [
              -79.0390004,
              43.0525812
            ],
            [
              -79.0389829,
              43.0525949
            ],
            [
              -79.0389732,
              43.0526062
            ],
            [
              -79.0389722,
              43.0526157
            ],
            [
              -79.0389755,
              43.0526253
            ],
            [
              -79.0389843,
              43.0526309
            ],
            [
              -79.0389957,
              43.0526346
            ],
            [
              -79.0390104,
              43.0526365
            ]
          ]
        ]
      }
    },
    {
      "type": "Feature",
      "properties": {
        "@id": "way/1445874852",
        "golf": "bunker"
      },
      "geometry": {
        "type": "Polygon",
        "coordinates": [
          [
            [
              -79.0389682,
              43.0527735
            ],
            [
              -79.0389836,
              43.0527688
            ],
            [
              -79.0389957,
              43.0527588
            ],
            [
              -79.0390034,
              43.0527485
            ],
            [
              -79.0390104,
              43.0527412
            ],
            [
              -79.0390188,
              43.0527387
            ],
            [
              -79.0390292,
              43.0527399
            ],
            [
              -79.0390349,
              43.0527402
            ],
            [
              -79.0390423,
              43.052738
            ],
            [
              -79.0390506,
              43.0527321
            ],
            [
              -79.0390537,
              43.0527208
            ],
            [
              -79.0390543,
              43.0527069
            ],
            [
              -79.0390503,
              43.0526934
            ],
            [
              -79.0390429,
              43.0526865
            ],
            [
              -79.0390342,
              43.0526809
            ],
            [
              -79.0390228,
              43.0526797
            ],
            [
              -79.0390044,
              43.0526784
            ],
            [
              -79.0389879,
              43.0526799
            ],
            [
              -79.0389722,
              43.0526833
            ],
            [
              -79.0389571,
              43.0526863
            ],
            [
              -79.0389514,
              43.0526924
            ],
            [
              -79.0389484,
              43.0527005
            ],
            [
              -79.0389457,
              43.0527118
            ],
            [
              -79.0389511,
              43.0527191
            ],
            [
              -79.0389551,
              43.0527262
            ],
            [
              -79.0389507,
              43.0527328
            ],
            [
              -79.0389413,
              43.0527385
            ],
            [
              -79.0389309,
              43.0527429
            ],
            [
              -79.0389263,
              43.0527485
            ],
            [
              -79.0389246,
              43.0527561
            ],
            [
              -79.0389309,
              43.0527642
            ],
            [
              -79.0389393,
              43.0527688
            ],
            [
              -79.038947,
              43.0527723
            ],
            [
              -79.0389564,
              43.0527742
            ],
            [
              -79.0389682,
              43.0527735
            ]
          ]
        ]
      }
    },
    {
      "type": "Feature",
      "properties": {
        "@id": "way/1445877094",
        "golf": "green"
      },
      "geometry": {
        "type": "Polygon",
        "coordinates": [
          [
            [
              -79.0388457,
              43.0527284
            ],
            [
              -79.0388796,
              43.0526972
            ],
            [
              -79.0389016,
              43.0526688
            ],
            [
              -79.0389112,
              43.0526381
            ],
            [
              -79.0389274,
              43.0525924
            ],
            [
              -79.0389377,
              43.0525575
            ],
            [
              -79.0389524,
              43.0525269
            ],
            [
              -79.0389575,
              43.0525005
            ],
            [
              -79.0389583,
              43.0524914
            ],
            [
              -79.0389494,
              43.0524769
            ],
            [
              -79.0389296,
              43.0524667
            ],
            [
              -79.0389031,
              43.052464
            ],
            [
              -79.0388788,
              43.0524629
            ],
            [
              -79.0388435,
              43.0524683
            ],
            [
              -79.0387884,
              43.052479
            ],
            [
              -79.038742,
              43.0524979
            ],
            [
              -79.0386957,
              43.0525215
            ],
            [
              -79.0386538,
              43.0525478
            ],
            [
              -79.0386236,
              43.0525779
            ],
            [
              -79.0386045,
              43.0526139
            ],
            [
              -79.0386038,
              43.0526403
            ],
            [
              -79.0386052,
              43.0526639
            ],
            [
              -79.0386199,
              43.0526865
            ],
            [
              -79.0386427,
              43.0527069
            ],
            [
              -79.038695,
              43.0527284
            ],
            [
              -79.0387391,
              43.0527397
            ],
            [
              -79.0387862,
              43.0527445
            ],
            [
              -79.0388112,
              43.0527418
            ],
            [
              -79.0388457,
              43.0527284
            ]
          ]
        ]
      }
    },
    {
      "type": "Feature",
      "properties": {
        "@id": "way/1445877095",
        "golf": "fairway"
      },
      "geometry": {
        "type": "Polygon",
        "coordinates": [
          [
            [
              -79.0389377,
              43.0525575
            ],
            [
              -79.038973,
              43.0525334
            ],
            [
              -79.0390178,
              43.0524984
            ],
            [
              -79.0390933,
              43.0524875
            ],
            [
              -79.0391625,
              43.052472
            ],
            [
              -79.0392168,
              43.0524424
            ],
            [
              -79.0393264,
              43.052423
            ],
            [
              -79.0393999,
              43.0524059
            ],
            [
              -79.0394403,
              43.0523825
            ],
            [
              -79.0395329,
              43.0523499
            ],
            [
              -79.0395681,
              43.052318
            ],
            [
              -79.0396021,
              43.0522791
            ],
            [
              -79.0396585,
              43.0520932
            ],
            [
              -79.0396617,
              43.0520691
            ],
            [
              -79.0396458,
              43.0520201
            ],
            [
              -79.0396117,
              43.0519859
            ],
            [
              -79.0395659,
              43.0519369
            ],
            [
              -79.0395361,
              43.0518808
            ],
            [
              -79.0395425,
              43.0518248
            ],
            [
              -79.0395713,
              43.0517758
            ],
            [
              -79.0396224,
              43.0517424
            ],
            [
              -79.0397096,
              43.0517214
            ],
            [
              -79.0398384,
              43.0516996
            ],
            [
              -79.0398885,
              43.0516739
            ],
            [
              -79.0399385,
              43.0516366
            ],
            [
              -79.0399779,
              43.0515744
            ],
            [
              -79.0400503,
              43.0514274
            ],
            [
              -79.0401152,
              43.0511769
            ],
            [
              -79.040161,
              43.0509856
            ],
            [
              -79.0401908,
              43.0508611
            ],
            [
              -79.0402312,
              43.0506254
            ],
            [
              -79.0402419,
              43.0505811
            ],
            [
              -79.0402291,
              43.050543
            ],
            [
              -79.0402035,
              43.0505095
            ],
            [
              -79.0401727,
              43.0504776
            ],
            [
              -79.0401546,
              43.0504489
            ],
            [
              -79.0401588,
              43.0504022
            ],
            [
              -79.0401759,
              43.0503415
            ],
            [
              -79.0401652,
              43.0502941
            ],
            [
              -79.0401461,
              43.0502404
            ],
            [
              -79.0401524,
              43.0502054
            ],
            [
              -79.0401737,
              43.0501774
            ],
            [
              -79.040228,
              43.0501541
            ],
            [
              -79.0403281,
              43.0501121
            ],
            [
              -79.0403536,
              43.0500957
            ],
            [
              -79.0403813,
              43.0500623
            ],
            [
              -79.0404271,
              43.0499316
            ],
            [
              -79.0404228,
              43.0498639
            ],
            [
              -79.0403813,
              43.0498173
            ],
            [
              -79.0403185,
              43.0497916
            ],
            [
              -79.0402749,
              43.0497768
            ],
            [
              -79.0402121,
              43.0497706
            ],
            [
              -79.0401461,
              43.0497908
            ],
            [
              -79.0400939,
              43.0498235
            ],
            [
              -79.0399938,
              43.0499378
            ],
            [
              -79.0397831,
              43.050214
            ],
            [
              -79.0396766,
              43.0504846
            ],
            [
              -79.0396085,
              43.0506099
            ],
            [
              -79.0395117,
              43.0507981
            ],
            [
              -79.0394435,
              43.0509825
            ],
            [
              -79.0394435,
              43.0510626
            ],
            [
              -79.0394648,
              43.0511855
            ],
            [
              -79.0394744,
              43.051264
            ],
            [
              -79.039452,
              43.0513566
            ],
            [
              -79.0393978,
              43.0514663
            ],
            [
              -79.0393222,
              43.0515767
            ],
            [
              -79.0392562,
              43.0516444
            ],
            [
              -79.0391668,
              43.0517144
            ],
            [
              -79.0391029,
              43.0517634
            ],
            [
              -79.0390731,
              43.0518077
            ],
            [
              -79.0390508,
              43.051884
            ],
            [
              -79.0390539,
              43.0519547
            ],
            [
              -79.039071,
              43.0520224
            ],
            [
              -79.0391072,
              43.0521476
            ],
            [
              -79.0391285,
              43.0522472
            ],
            [
              -79.0391295,
              43.0523055
            ],
            [
              -79.0391104,
              43.0523561
            ],
            [
              -79.0390806,
              43.0523818
            ],
            [
              -79.0390422,
              43.052402
            ],
            [
              -79.0390029,
              43.0524199
            ],
            [
              -79.0389624,
              43.0524362
            ],
            [
              -79.0389102,
              43.0524471
            ],
            [
              -79.0388741,
              43.052451
            ],
            [
              -79.0388272,
              43.0524588
            ],
            [
              -79.0387884,
              43.052479
            ],
            [
              -79.0388435,
              43.0524683
            ],
            [
              -79.0388788,
              43.0524629
            ],
            [
              -79.0389031,
              43.052464
            ],
            [
              -79.0389296,
              43.0524667
            ],
            [
              -79.0389494,
              43.0524769
            ],
            [
              -79.0389583,
              43.0524914
            ],
            [
              -79.0389575,
              43.0525005
            ],
            [
              -79.0389524,
              43.0525269
            ],
            [
              -79.0389377,
              43.0525575
            ]
          ]
        ]
      }
    },
    {
      "type": "Feature",
      "properties": {
        "@id": "way/1445877096",
        "golf": "tee"
      },
      "geometry": {
        "type": "Polygon",
        "coordinates": [
          [
            [
              -79.0406491,
              43.0495867
            ],
            [
              -79.0406666,
              43.0495506
            ],
            [
              -79.0406695,
              43.0495116
            ],
            [
              -79.0406462,
              43.049486
            ],
            [
              -79.0406084,
              43.0494789
            ],
            [
              -79.0405831,
              43.0494875
            ],
            [
              -79.0405501,
              43.0495137
            ],
            [
              -79.0405356,
              43.0495414
            ],
            [
              -79.0405336,
              43.0495669
            ],
            [
              -79.0405404,
              43.0495945
            ],
            [
              -79.0405598,
              43.0496172
            ],
            [
              -79.0406025,
              43.0496165
            ],
            [
              -79.040619,
              43.0496073
            ],
            [
              -79.0406491,
              43.0495867
            ]
          ]
        ]
      }
    },
    {
      "type": "Feature",
      "properties": {
        "@id": "way/1445877097",
        "golf": "tee"
      },
      "geometry": {
        "type": "Polygon",
        "coordinates": [
          [
            [
              -79.040654,
              43.049213
            ],
            [
              -79.0406812,
              43.0491513
            ],
            [
              -79.0406889,
              43.0491173
            ],
            [
              -79.0406753,
              43.0490832
            ],
            [
              -79.0406511,
              43.0490641
            ],
            [
              -79.0406287,
              43.0490577
            ],
            [
              -79.0406045,
              43.0490556
            ],
            [
              -79.0405783,
              43.0490627
            ],
            [
              -79.040555,
              43.0490818
            ],
            [
              -79.0405336,
              43.0491109
            ],
            [
              -79.0405133,
              43.0491641
            ],
            [
              -79.0405123,
              43.0491882
            ],
            [
              -79.0405171,
              43.0492151
            ],
            [
              -79.0405259,
              43.0492244
            ],
            [
              -79.0405482,
              43.049235
            ],
            [
              -79.0405851,
              43.04924
            ],
            [
              -79.0406258,
              43.0492329
            ],
            [
              -79.040654,
              43.049213
            ]
          ]
        ]
      }
    },
    {
      "type": "Feature",
      "properties": {
        "@id": "way/1445877098",
        "golf": "tee"
      },
      "geometry": {
        "type": "Polygon",
        "coordinates": [
          [
            [
              -79.0407129,
              43.0489599
            ],
            [
              -79.0407444,
              43.0488697
            ],
            [
              -79.0407468,
              43.0488426
            ],
            [
              -79.0407412,
              43.0488249
            ],
            [
              -79.0407363,
              43.0488167
            ],
            [
              -79.0407226,
              43.0488049
            ],
            [
              -79.0406992,
              43.0488019
            ],
            [
              -79.0406734,
              43.0488084
            ],
            [
              -79.040646,
              43.048819
            ],
            [
              -79.040621,
              43.0488438
            ],
            [
              -79.0406065,
              43.0488827
            ],
            [
              -79.0405952,
              43.0489246
            ],
            [
              -79.0405952,
              43.0489464
            ],
            [
              -79.0406113,
              43.0489652
            ],
            [
              -79.0406355,
              43.0489753
            ],
            [
              -79.0406653,
              43.0489782
            ],
            [
              -79.0406855,
              43.0489717
            ],
            [
              -79.0407129,
              43.0489599
            ]
          ]
        ]
      }
    },
    {
      "type": "Feature",
      "properties": {
        "@id": "way/1445877099",
        "golf": "tee"
      },
      "geometry": {
        "type": "Polygon",
        "coordinates": [
          [
            [
              -79.0408227,
              43.0487047
            ],
            [
              -79.0408501,
              43.0486593
            ],
            [
              -79.0408581,
              43.0486251
            ],
            [
              -79.040859,
              43.0486015
            ],
            [
              -79.0408428,
              43.0485809
            ],
            [
              -79.0408251,
              43.0485744
            ],
            [
              -79.0407936,
              43.0485744
            ],
            [
              -79.0407751,
              43.0485815
            ],
            [
              -79.0407533,
              43.0485932
            ],
            [
              -79.0407396,
              43.0486292
            ],
            [
              -79.0407283,
              43.0486722
            ],
            [
              -79.0407307,
              43.048697
            ],
            [
              -79.0407436,
              43.0487117
            ],
            [
              -79.0407557,
              43.048717
            ],
            [
              -79.0407743,
              43.0487206
            ],
            [
              -79.0407944,
              43.0487176
            ],
            [
              -79.0408227,
              43.0487047
            ]
          ]
        ]
      }
    },
    {
      "type": "Feature",
      "properties": {
        "@id": "way/1445877100",
        "golf": "tee"
      },
      "geometry": {
        "type": "Polygon",
        "coordinates": [
          [
            [
              -79.0388039,
              43.0503318
            ],
            [
              -79.0388167,
              43.0503598
            ],
            [
              -79.0388507,
              43.0503894
            ],
            [
              -79.0389274,
              43.0503894
            ],
            [
              -79.0389721,
              43.0503536
            ],
            [
              -79.0390253,
              43.0503101
            ],
            [
              -79.0390594,
              43.0502618
            ],
            [
              -79.0390594,
              43.0502214
            ],
            [
              -79.0390466,
              43.0502027
            ],
            [
              -79.0390104,
              43.0501996
            ],
            [
              -79.0389508,
              43.0501996
            ],
            [
              -79.0388763,
              43.0501996
            ],
            [
              -79.0387315,
              43.0501716
            ],
            [
              -79.0386613,
              43.0501545
            ],
            [
              -79.0385506,
              43.050114
            ],
            [
              -79.0384995,
              43.0500985
            ],
            [
              -79.0384122,
              43.0500954
            ],
            [
              -79.0383483,
              43.050086
            ],
            [
              -79.038293,
              43.0500845
            ],
            [
              -79.0382717,
              43.0500938
            ],
            [
              -79.038261,
              43.050114
            ],
            [
              -79.0382653,
              43.0501467
            ],
            [
              -79.0383164,
              43.0501732
            ],
            [
              -79.0384292,
              43.0501934
            ],
            [
              -79.0385591,
              43.0501949
            ],
            [
              -79.0386293,
              43.0502043
            ],
            [
              -79.0387294,
              43.05024
            ],
            [
              -79.0387741,
              43.0502852
            ],
            [
              -79.0388039,
              43.0503318
            ]
          ]
        ]
      }
    },
    {
      "type": "Feature",
      "properties": {
        "@id": "way/1445877101",
        "golf": "tee"
      },
      "geometry": {
        "type": "Polygon",
        "coordinates": [
          [
            [
              -79.0379678,
              43.0504919
            ],
            [
              -79.0379784,
              43.0504747
            ],
            [
              -79.0379699,
              43.0504522
            ],
            [
              -79.0379451,
              43.0504407
            ],
            [
              -79.0379092,
              43.0504343
            ],
            [
              -79.0378709,
              43.0504289
            ],
            [
              -79.0378379,
              43.0504296
            ],
            [
              -79.0378145,
              43.0504382
            ],
            [
              -79.0377975,
              43.0504537
            ],
            [
              -79.0377943,
              43.0504747
            ],
            [
              -79.0378017,
              43.0504942
            ],
            [
              -79.0378347,
              43.0505043
            ],
            [
              -79.0378688,
              43.0505105
            ],
            [
              -79.0378965,
              43.0505105
            ],
            [
              -79.0379348,
              43.0505035
            ],
            [
              -79.0379678,
              43.0504919
            ]
          ]
        ]
      }
    },
    {
      "type": "Feature",
      "properties": {
        "@id": "way/1445877102",
        "golf": "green"
      },
      "geometry": {
        "type": "Polygon",
        "coordinates": [
          [
            [
              -79.0369151,
              43.0505183
            ],
            [
              -79.0369427,
              43.050502
            ],
            [
              -79.0369619,
              43.0504833
            ],
            [
              -79.0369736,
              43.0504763
            ],
            [
              -79.0369736,
              43.0504561
            ],
            [
              -79.0369534,
              43.0504343
            ],
            [
              -79.0369257,
              43.0504156
            ],
            [
              -79.0368948,
              43.0504047
            ],
            [
              -79.0368565,
              43.0503962
            ],
            [
              -79.0368288,
              43.050383
            ],
            [
              -79.036798,
              43.0503682
            ],
            [
              -79.0367745,
              43.0503464
            ],
            [
              -79.0367426,
              43.05032
            ],
            [
              -79.0367203,
              43.050313
            ],
            [
              -79.0366968,
              43.0503122
            ],
            [
              -79.0366543,
              43.0503153
            ],
            [
              -79.0366383,
              43.0503262
            ],
            [
              -79.0366117,
              43.0503518
            ],
            [
              -79.036601,
              43.0503713
            ],
            [
              -79.0365978,
              43.0503938
            ],
            [
              -79.0365978,
              43.0504102
            ],
            [
              -79.0366064,
              43.0504335
            ],
            [
              -79.0366319,
              43.0504584
            ],
            [
              -79.0366649,
              43.0504763
            ],
            [
              -79.0367522,
              43.0505175
            ],
            [
              -79.0367958,
              43.0505292
            ],
            [
              -79.036831,
              43.0505362
            ],
            [
              -79.0368778,
              43.0505331
            ],
            [
              -79.0369151,
              43.0505183
            ]
          ]
        ]
      }
    },
    {
      "type": "Feature",
      "properties": {
        "@id": "way/1445877103",
        "golf": "fairway"
      },
      "geometry": {
        "type": "Polygon",
        "coordinates": [
          [
            [
              -79.0375707,
              43.0505922
            ],
            [
              -79.0375037,
              43.0506179
            ],
            [
              -79.0373781,
              43.0506404
            ],
            [
              -79.0372802,
              43.0506435
            ],
            [
              -79.0370353,
              43.0506428
            ],
            [
              -79.0369938,
              43.050642
            ],
            [
              -79.036948,
              43.0506264
            ],
            [
              -79.0368991,
              43.0506039
            ],
            [
              -79.0368767,
              43.0505945
            ],
            [
              -79.0368246,
              43.0505844
            ],
            [
              -79.036765,
              43.0505751
            ],
            [
              -79.0367256,
              43.050558
            ],
            [
              -79.0366766,
              43.0505144
            ],
            [
              -79.0366383,
              43.0504817
            ],
            [
              -79.0366032,
              43.050453
            ],
            [
              -79.0365883,
              43.0504242
            ],
            [
              -79.0365829,
              43.0503884
            ],
            [
              -79.0365893,
              43.0503518
            ],
            [
              -79.0366181,
              43.05032
            ],
            [
              -79.0366479,
              43.0502997
            ],
            [
              -79.0366905,
              43.0502935
            ],
            [
              -79.0367501,
              43.0503083
            ],
            [
              -79.0367905,
              43.0503308
            ],
            [
              -79.0368129,
              43.0503534
            ],
            [
              -79.0368576,
              43.0503767
            ],
            [
              -79.0369193,
              43.0504016
            ],
            [
              -79.0369789,
              43.0504102
            ],
            [
              -79.0370279,
              43.0504063
            ],
            [
              -79.0371641,
              43.050411
            ],
            [
              -79.0372919,
              43.050411
            ],
            [
              -79.037394,
              43.050411
            ],
            [
              -79.0375069,
              43.0504008
            ],
            [
              -79.0375867,
              43.0503977
            ],
            [
              -79.0376421,
              43.0504133
            ],
            [
              -79.0376655,
              43.050446
            ],
            [
              -79.037674,
              43.0504677
            ],
            [
              -79.037674,
              43.0504942
            ],
            [
              -79.0376602,
              43.0505261
            ],
            [
              -79.0376378,
              43.0505525
            ],
            [
              -79.0376101,
              43.050572
            ],
            [
              -79.0375707,
              43.0505922
            ]
          ]
        ]
      }
    },
    {
      "type": "Feature",
      "properties": {
        "@id": "way/1445877104",
        "golf": "bunker"
      },
      "geometry": {
        "type": "Polygon",
        "coordinates": [
          [
            [
              -79.0367804,
              43.0507232
            ],
            [
              -79.0367903,
              43.0507135
            ],
            [
              -79.0368071,
              43.0507073
            ],
            [
              -79.0368457,
              43.0506934
            ],
            [
              -79.0368738,
              43.050677
            ],
            [
              -79.0368851,
              43.0506539
            ],
            [
              -79.036883,
              43.0506396
            ],
            [
              -79.036871,
              43.0506278
            ],
            [
              -79.0368514,
              43.0506206
            ],
            [
              -79.0368289,
              43.0506154
            ],
            [
              -79.0368071,
              43.0506129
            ],
            [
              -79.0367776,
              43.0506154
            ],
            [
              -79.0367306,
              43.0506216
            ],
            [
              -79.0367088,
              43.0506257
            ],
            [
              -79.0366983,
              43.0506334
            ],
            [
              -79.0366969,
              43.0506421
            ],
            [
              -79.0367018,
              43.0506519
            ],
            [
              -79.0367053,
              43.0506585
            ],
            [
              -79.036706,
              43.0506662
            ],
            [
              -79.0367067,
              43.0506703
            ],
            [
              -79.0367095,
              43.0506765
            ],
            [
              -79.0367165,
              43.0506811
            ],
            [
              -79.036725,
              43.0506794
            ],
            [
              -79.0367314,
              43.0506799
            ],
            [
              -79.0367351,
              43.0506817
            ],
            [
              -79.0367351,
              43.0506855
            ],
            [
              -79.036729,
              43.0506873
            ],
            [
              -79.0367254,
              43.0506903
            ],
            [
              -79.0367258,
              43.0506941
            ],
            [
              -79.036731,
              43.0506988
            ],
            [
              -79.0367395,
              43.0507021
            ],
            [
              -79.0367431,
              43.0507056
            ],
            [
              -79.0367431,
              43.05071
            ],
            [
              -79.0367411,
              43.0507153
            ],
            [
              -79.0367435,
              43.0507203
            ],
            [
              -79.0367504,
              43.050725
            ],
            [
              -79.0367657,
              43.0507259
            ],
            [
              -79.0367804,
              43.0507232
            ]
          ]
        ]
      }
    },
    {
      "type": "Feature",
      "properties": {
        "@id": "way/1445877105",
        "golf": "bunker"
      },
      "geometry": {
        "type": "Polygon",
        "coordinates": [
          [
            [
              -79.0366196,
              43.0506108
            ],
            [
              -79.0366589,
              43.0505802
            ],
            [
              -79.0366723,
              43.0505646
            ],
            [
              -79.0366748,
              43.0505554
            ],
            [
              -79.0366677,
              43.0505453
            ],
            [
              -79.036654,
              43.0505356
            ],
            [
              -79.03664,
              43.0505284
            ],
            [
              -79.0366245,
              43.050524
            ],
            [
              -79.0366063,
              43.0505253
            ],
            [
              -79.0365933,
              43.0505276
            ],
            [
              -79.0365719,
              43.0505389
            ],
            [
              -79.0365585,
              43.0505456
            ],
            [
              -79.0365501,
              43.0505518
            ],
            [
              -79.0365508,
              43.0505569
            ],
            [
              -79.0365529,
              43.0505615
            ],
            [
              -79.0365578,
              43.0505643
            ],
            [
              -79.0365687,
              43.0505677
            ],
            [
              -79.036575,
              43.0505713
            ],
            [
              -79.0365828,
              43.0505774
            ],
            [
              -79.0365842,
              43.0505836
            ],
            [
              -79.0365845,
              43.05059
            ],
            [
              -79.0365803,
              43.0505969
            ],
            [
              -79.0365799,
              43.0506026
            ],
            [
              -79.0365831,
              43.0506085
            ],
            [
              -79.036588,
              43.0506113
            ],
            [
              -79.0365996,
              43.0506126
            ],
            [
              -79.0366196,
              43.0506108
            ]
          ]
        ]
      }
    },
    {
      "type": "Feature",
      "properties": {
        "@id": "way/1445877106",
        "golf": "bunker"
      },
      "geometry": {
        "type": "Polygon",
        "coordinates": [
          [
            [
              -79.037133,
              43.0516692
            ],
            [
              -79.0371692,
              43.0516584
            ],
            [
              -79.0372041,
              43.0516364
            ],
            [
              -79.0372248,
              43.0516128
            ],
            [
              -79.0372684,
              43.051556
            ],
            [
              -79.0372771,
              43.0515403
            ],
            [
              -79.0372792,
              43.0515246
            ],
            [
              -79.0372778,
              43.0515114
            ],
            [
              -79.0372637,
              43.0515031
            ],
            [
              -79.037245,
              43.0514987
            ],
            [
              -79.0372362,
              43.0515006
            ],
            [
              -79.0372282,
              43.0515046
            ],
            [
              -79.0372282,
              43.0515104
            ],
            [
              -79.0372248,
              43.0515193
            ],
            [
              -79.0372188,
              43.0515286
            ],
            [
              -79.0372108,
              43.0515359
            ],
            [
              -79.037202,
              43.0515398
            ],
            [
              -79.0371967,
              43.0515389
            ],
            [
              -79.0371873,
              43.0515325
            ],
            [
              -79.0371849,
              43.0515304
            ],
            [
              -79.0371732,
              43.0515321
            ],
            [
              -79.037165,
              43.0515346
            ],
            [
              -79.0371558,
              43.0515318
            ],
            [
              -79.0371509,
              43.051525
            ],
            [
              -79.037148,
              43.0515211
            ],
            [
              -79.0371393,
              43.0515165
            ],
            [
              -79.0371296,
              43.051519
            ],
            [
              -79.0371237,
              43.0515257
            ],
            [
              -79.0371242,
              43.0515392
            ],
            [
              -79.0371223,
              43.0515562
            ],
            [
              -79.0371223,
              43.0515651
            ],
            [
              -79.0371271,
              43.0515765
            ],
            [
              -79.0371315,
              43.0515825
            ],
            [
              -79.0371339,
              43.0515874
            ],
            [
              -79.0371305,
              43.0515952
            ],
            [
              -79.0371208,
              43.051596
            ],
            [
              -79.0371101,
              43.0515921
            ],
            [
              -79.0370975,
              43.0515853
            ],
            [
              -79.0370927,
              43.0515828
            ],
            [
              -79.0370864,
              43.0515835
            ],
            [
              -79.0370762,
              43.0515892
            ],
            [
              -79.0370645,
              43.0515931
            ],
            [
              -79.0370543,
              43.051591
            ],
            [
              -79.03705,
              43.0515846
            ],
            [
              -79.0370442,
              43.0515715
            ],
            [
              -79.0370398,
              43.0515609
            ],
            [
              -79.037032,
              43.0515552
            ],
            [
              -79.0370228,
              43.0515548
            ],
            [
              -79.0370131,
              43.051558
            ],
            [
              -79.0370048,
              43.0515651
            ],
            [
              -79.036999,
              43.0515701
            ],
            [
              -79.0369956,
              43.0515782
            ],
            [
              -79.0369985,
              43.0515917
            ],
            [
              -79.0369947,
              43.0516101
            ],
            [
              -79.036982,
              43.0516176
            ],
            [
              -79.0369675,
              43.0516194
            ],
            [
              -79.0369563,
              43.0516123
            ],
            [
              -79.0369461,
              43.0516023
            ],
            [
              -79.0369393,
              43.0515952
            ],
            [
              -79.036934,
              43.0515917
            ],
            [
              -79.0369194,
              43.0515917
            ],
            [
              -79.0369039,
              43.0515999
            ],
            [
              -79.0368894,
              43.0516116
            ],
            [
              -79.0368884,
              43.0516261
            ],
            [
              -79.0368947,
              43.0516406
            ],
            [
              -79.0369054,
              43.051653
            ],
            [
              -79.0369277,
              43.0516626
            ],
            [
              -79.0369534,
              43.0516711
            ],
            [
              -79.0369806,
              43.0516786
            ],
            [
              -79.0370078,
              43.0516825
            ],
            [
              -79.0370412,
              43.0516821
            ],
            [
              -79.0370776,
              43.0516772
            ],
            [
              -79.0371048,
              43.0516733
            ],
            [
              -79.037133,
              43.0516692
            ]
          ]
        ]
      }
    },
    {
      "type": "Feature",
      "properties": {
        "@id": "way/1445877107",
        "golf": "green"
      },
      "geometry": {
        "type": "Polygon",
        "coordinates": [
          [
            [
              -79.0379666,
              43.0510653
            ],
            [
              -79.0380361,
              43.0510501
            ],
            [
              -79.0381538,
              43.0510142
            ],
            [
              -79.0381765,
              43.0510054
            ],
            [
              -79.0382011,
              43.0509902
            ],
            [
              -79.0382122,
              43.0509736
            ],
            [
              -79.038227,
              43.0509265
            ],
            [
              -79.038221,
              43.0509076
            ],
            [
              -79.0382066,
              43.0508903
            ],
            [
              -79.0381848,
              43.0508815
            ],
            [
              -79.0381561,
              43.0508768
            ],
            [
              -79.0381237,
              43.0508771
            ],
            [
              -79.0380723,
              43.0508812
            ],
            [
              -79.0380083,
              43.0509008
            ],
            [
              -79.0379416,
              43.0509323
            ],
            [
              -79.037905,
              43.0509543
            ],
            [
              -79.0378897,
              43.0509821
            ],
            [
              -79.0378804,
              43.0510075
            ],
            [
              -79.0378902,
              43.0510328
            ],
            [
              -79.0379027,
              43.0510518
            ],
            [
              -79.0379175,
              43.0510586
            ],
            [
              -79.0379379,
              43.051065
            ],
            [
              -79.0379666,
              43.0510653
            ]
          ]
        ]
      }
    },
    {
      "type": "Feature",
      "properties": {
        "@id": "way/1445877108",
        "golf": "fairway"
      },
      "geometry": {
        "type": "Polygon",
        "coordinates": [
          [
            [
              -79.037955,
              43.0510846
            ],
            [
              -79.0380028,
              43.0510694
            ],
            [
              -79.0381056,
              43.0510416
            ],
            [
              -79.0381881,
              43.0510169
            ],
            [
              -79.0382145,
              43.0509959
            ],
            [
              -79.0382302,
              43.0509682
            ],
            [
              -79.0382404,
              43.050934
            ],
            [
              -79.0382432,
              43.0508991
            ],
            [
              -79.038234,
              43.0508703
            ],
            [
              -79.0382071,
              43.0508365
            ],
            [
              -79.0381811,
              43.0508104
            ],
            [
              -79.0381473,
              43.0508009
            ],
            [
              -79.0381158,
              43.0507999
            ],
            [
              -79.038025,
              43.050805
            ],
            [
              -79.0378916,
              43.05083
            ],
            [
              -79.0377637,
              43.0508636
            ],
            [
              -79.0376789,
              43.0509062
            ],
            [
              -79.0376159,
              43.0509519
            ],
            [
              -79.0375705,
              43.0509922
            ],
            [
              -79.0375422,
              43.0510247
            ],
            [
              -79.0374959,
              43.0510579
            ],
            [
              -79.0374421,
              43.0510907
            ],
            [
              -79.0373995,
              43.0511331
            ],
            [
              -79.037362,
              43.0511964
            ],
            [
              -79.0373407,
              43.0512766
            ],
            [
              -79.0373314,
              43.0513572
            ],
            [
              -79.0373272,
              43.0514039
            ],
            [
              -79.0373309,
              43.0514987
            ],
            [
              -79.0372929,
              43.0515813
            ],
            [
              -79.0372415,
              43.051647
            ],
            [
              -79.037197,
              43.0516815
            ],
            [
              -79.0371382,
              43.0517032
            ],
            [
              -79.0370465,
              43.0517127
            ],
            [
              -79.0369668,
              43.0517137
            ],
            [
              -79.0368834,
              43.0517239
            ],
            [
              -79.0367902,
              43.0517618
            ],
            [
              -79.0367124,
              43.051843
            ],
            [
              -79.0366396,
              43.0520547
            ],
            [
              -79.0365724,
              43.0522758
            ],
            [
              -79.0365467,
              43.0523761
            ],
            [
              -79.0365263,
              43.0525416
            ],
            [
              -79.0365228,
              43.0526217
            ],
            [
              -79.0365343,
              43.0526735
            ],
            [
              -79.0365635,
              43.0527239
            ],
            [
              -79.0366201,
              43.0527633
            ],
            [
              -79.0366821,
              43.0527918
            ],
            [
              -79.0367652,
              43.0527963
            ],
            [
              -79.0368281,
              43.0527937
            ],
            [
              -79.0369227,
              43.0527769
            ],
            [
              -79.037005,
              43.0527536
            ],
            [
              -79.0370696,
              43.0527129
            ],
            [
              -79.0371085,
              43.0526644
            ],
            [
              -79.0371439,
              43.0525733
            ],
            [
              -79.0371722,
              43.0524957
            ],
            [
              -79.0371882,
              43.0523689
            ],
            [
              -79.0371944,
              43.0522978
            ],
            [
              -79.0372112,
              43.0522202
            ],
            [
              -79.0372908,
              43.0520638
            ],
            [
              -79.0374333,
              43.0518498
            ],
            [
              -79.0375315,
              43.0517159
            ],
            [
              -79.0375961,
              43.0516293
            ],
            [
              -79.0377014,
              43.0515452
            ],
            [
              -79.037789,
              43.0514748
            ],
            [
              -79.0378527,
              43.0514088
            ],
            [
              -79.0378996,
              43.0513493
            ],
            [
              -79.0379022,
              43.0512763
            ],
            [
              -79.0378978,
              43.0512161
            ],
            [
              -79.0379013,
              43.0511657
            ],
            [
              -79.0379164,
              43.051123
            ],
            [
              -79.0379261,
              43.0511023
            ],
            [
              -79.037955,
              43.0510846
            ]
          ]
        ]
      }
    },
    {
      "type": "Feature",
      "properties": {
        "@id": "way/1445879011",
        "golf": "bunker"
      },
      "geometry": {
        "type": "Polygon",
        "coordinates": [
          [
            [
              -79.0355491,
              43.0566036
            ],
            [
              -79.0355625,
              43.0565835
            ],
            [
              -79.0355723,
              43.0565509
            ],
            [
              -79.035587,
              43.0565295
            ],
            [
              -79.0356017,
              43.0565143
            ],
            [
              -79.0356151,
              43.0565112
            ],
            [
              -79.0356267,
              43.0565148
            ],
            [
              -79.0356286,
              43.0565192
            ],
            [
              -79.0356322,
              43.0565237
            ],
            [
              -79.0356365,
              43.0565255
            ],
            [
              -79.0356475,
              43.0565246
            ],
            [
              -79.035653,
              43.0565264
            ],
            [
              -79.0356561,
              43.0565299
            ],
            [
              -79.0356579,
              43.0565344
            ],
            [
              -79.0356634,
              43.0565375
            ],
            [
              -79.0356744,
              43.0565402
            ],
            [
              -79.0356915,
              43.0565357
            ],
            [
              -79.0356989,
              43.0565299
            ],
            [
              -79.035705,
              43.0565072
            ],
            [
              -79.0357025,
              43.0564978
            ],
            [
              -79.035672,
              43.0564464
            ],
            [
              -79.0356628,
              43.0564339
            ],
            [
              -79.0356463,
              43.0564267
            ],
            [
              -79.0356298,
              43.056425
            ],
            [
              -79.0356231,
              43.0564299
            ],
            [
              -79.0355797,
              43.0564701
            ],
            [
              -79.035557,
              43.0564942
            ],
            [
              -79.0355375,
              43.0565148
            ],
            [
              -79.0355191,
              43.0565429
            ],
            [
              -79.0355087,
              43.0565666
            ],
            [
              -79.0355075,
              43.0565795
            ],
            [
              -79.0355124,
              43.056592
            ],
            [
              -79.035521,
              43.0565965
            ],
            [
              -79.0355295,
              43.0565969
            ],
            [
              -79.0355381,
              43.0566032
            ],
            [
              -79.0355491,
              43.0566036
            ]
          ]
        ]
      }
    },
    {
      "type": "Feature",
      "properties": {
        "@id": "way/1445879012",
        "golf": "bunker"
      },
      "geometry": {
        "type": "Polygon",
        "coordinates": [
          [
            [
              -79.0358347,
              43.0564385
            ],
            [
              -79.0358382,
              43.0564354
            ],
            [
              -79.0358475,
              43.0564303
            ],
            [
              -79.0358584,
              43.056424
            ],
            [
              -79.0358629,
              43.0564163
            ],
            [
              -79.0358648,
              43.0563997
            ],
            [
              -79.0358571,
              43.0563828
            ],
            [
              -79.0358395,
              43.0563601
            ],
            [
              -79.0358161,
              43.0563452
            ],
            [
              -79.035803,
              43.0563412
            ],
            [
              -79.0357902,
              43.0563398
            ],
            [
              -79.0357771,
              43.0563412
            ],
            [
              -79.0357636,
              43.0563452
            ],
            [
              -79.0357585,
              43.0563505
            ],
            [
              -79.0357566,
              43.0563627
            ],
            [
              -79.035762,
              43.0563753
            ],
            [
              -79.0357752,
              43.0563849
            ],
            [
              -79.0357854,
              43.0563905
            ],
            [
              -79.0357947,
              43.0563985
            ],
            [
              -79.0357979,
              43.0564125
            ],
            [
              -79.0358069,
              43.0564287
            ],
            [
              -79.0358126,
              43.0564352
            ],
            [
              -79.0358177,
              43.0564411
            ],
            [
              -79.0358248,
              43.0564415
            ],
            [
              -79.0358347,
              43.0564385
            ]
          ]
        ]
      }
    },
    {
      "type": "Feature",
      "properties": {
        "@id": "way/1445879013",
        "golf": "bunker"
      },
      "geometry": {
        "type": "Polygon",
        "coordinates": [
          [
            [
              -79.0359292,
              43.0563138
            ],
            [
              -79.0359532,
              43.0562841
            ],
            [
              -79.0359749,
              43.0562612
            ],
            [
              -79.0359913,
              43.0562549
            ],
            [
              -79.0360037,
              43.0562549
            ],
            [
              -79.0360073,
              43.0562572
            ],
            [
              -79.0360108,
              43.0562612
            ],
            [
              -79.0360143,
              43.0562619
            ],
            [
              -79.036023,
              43.0562579
            ],
            [
              -79.0360284,
              43.0562518
            ],
            [
              -79.036037,
              43.0562432
            ],
            [
              -79.0360383,
              43.0562369
            ],
            [
              -79.0360402,
              43.0562298
            ],
            [
              -79.036045,
              43.0562242
            ],
            [
              -79.0360578,
              43.0562174
            ],
            [
              -79.0360707,
              43.05621
            ],
            [
              -79.0360787,
              43.056199
            ],
            [
              -79.0360809,
              43.0561905
            ],
            [
              -79.0360783,
              43.0561814
            ],
            [
              -79.0360694,
              43.0561704
            ],
            [
              -79.0360578,
              43.0561627
            ],
            [
              -79.0360409,
              43.0561594
            ],
            [
              -79.0360194,
              43.056158
            ],
            [
              -79.0360044,
              43.0561578
            ],
            [
              -79.0359906,
              43.056158
            ],
            [
              -79.0359695,
              43.0561648
            ],
            [
              -79.0359551,
              43.0561707
            ],
            [
              -79.0359416,
              43.0561805
            ],
            [
              -79.0359016,
              43.0562298
            ],
            [
              -79.0358795,
              43.0562577
            ],
            [
              -79.0358776,
              43.0562703
            ],
            [
              -79.0358783,
              43.0562815
            ],
            [
              -79.0358847,
              43.0562953
            ],
            [
              -79.0358965,
              43.056308
            ],
            [
              -79.0359048,
              43.0563144
            ],
            [
              -79.0359131,
              43.0563194
            ],
            [
              -79.0359221,
              43.0563183
            ],
            [
              -79.0359292,
              43.0563138
            ]
          ]
        ]
      }
    },
    {
      "type": "Feature",
      "properties": {
        "@id": "way/1445879014",
        "golf": "bunker"
      },
      "geometry": {
        "type": "Polygon",
        "coordinates": [
          [
            [
              -79.0355009,
              43.0557721
            ],
            [
              -79.0355215,
              43.0557628
            ],
            [
              -79.0355338,
              43.0557477
            ],
            [
              -79.0355382,
              43.0557375
            ],
            [
              -79.0355349,
              43.0557298
            ],
            [
              -79.0355249,
              43.0557233
            ],
            [
              -79.0355182,
              43.0557139
            ],
            [
              -79.0355132,
              43.0557074
            ],
            [
              -79.035502,
              43.055707
            ],
            [
              -79.0354853,
              43.0557086
            ],
            [
              -79.0354752,
              43.0557098
            ],
            [
              -79.0354713,
              43.0557041
            ],
            [
              -79.0354736,
              43.0556984
            ],
            [
              -79.0354797,
              43.0556947
            ],
            [
              -79.0354875,
              43.0556923
            ],
            [
              -79.0354925,
              43.0556866
            ],
            [
              -79.0354998,
              43.0556703
            ],
            [
              -79.035502,
              43.0556613
            ],
            [
              -79.0354959,
              43.0556536
            ],
            [
              -79.0354881,
              43.0556499
            ],
            [
              -79.0354792,
              43.0556491
            ],
            [
              -79.0354702,
              43.0556467
            ],
            [
              -79.0354686,
              43.0556398
            ],
            [
              -79.0354713,
              43.0556328
            ],
            [
              -79.0354758,
              43.0556255
            ],
            [
              -79.0354814,
              43.0556186
            ],
            [
              -79.0354814,
              43.0556092
            ],
            [
              -79.0354713,
              43.0556019
            ],
            [
              -79.0354596,
              43.0555966
            ],
            [
              -79.0354474,
              43.055595
            ],
            [
              -79.0354284,
              43.0555974
            ],
            [
              -79.0354072,
              43.0556113
            ],
            [
              -79.0353928,
              43.0556292
            ],
            [
              -79.0353822,
              43.0556581
            ],
            [
              -79.0353805,
              43.0556862
            ],
            [
              -79.0353889,
              43.0557188
            ],
            [
              -79.0354056,
              43.0557465
            ],
            [
              -79.0354268,
              43.0557648
            ],
            [
              -79.0354502,
              43.0557754
            ],
            [
              -79.0354725,
              43.0557762
            ],
            [
              -79.0355009,
              43.0557721
            ]
          ]
        ]
      }
    },
    {
      "type": "Feature",
      "properties": {
        "@id": "way/1445879015",
        "golf": "bunker"
      },
      "geometry": {
        "type": "Polygon",
        "coordinates": [
          [
            [
              -79.0355263,
              43.0554266
            ],
            [
              -79.0355471,
              43.0554249
            ],
            [
              -79.0355745,
              43.0554188
            ],
            [
              -79.0356097,
              43.0554083
            ],
            [
              -79.035637,
              43.0553968
            ],
            [
              -79.0356602,
              43.0553823
            ],
            [
              -79.035663,
              43.0553748
            ],
            [
              -79.0356639,
              43.0553684
            ],
            [
              -79.0356593,
              43.0553603
            ],
            [
              -79.0356361,
              43.055342
            ],
            [
              -79.0356254,
              43.0553332
            ],
            [
              -79.0356162,
              43.0553305
            ],
            [
              -79.0356032,
              43.0553342
            ],
            [
              -79.0355893,
              43.0553413
            ],
            [
              -79.0355782,
              43.0553484
            ],
            [
              -79.0355689,
              43.0553532
            ],
            [
              -79.0355606,
              43.0553515
            ],
            [
              -79.0355569,
              43.0553471
            ],
            [
              -79.0355564,
              43.055342
            ],
            [
              -79.0355518,
              43.0553383
            ],
            [
              -79.0355406,
              43.0553359
            ],
            [
              -79.0355207,
              43.0553369
            ],
            [
              -79.0355036,
              43.0553413
            ],
            [
              -79.0354809,
              43.0553477
            ],
            [
              -79.0354665,
              43.0553518
            ],
            [
              -79.0354577,
              43.0553504
            ],
            [
              -79.0354508,
              43.0553471
            ],
            [
              -79.0354327,
              43.0553339
            ],
            [
              -79.0354225,
              43.0553251
            ],
            [
              -79.0354142,
              43.0553244
            ],
            [
              -79.0354049,
              43.0553281
            ],
            [
              -79.0353952,
              43.0553335
            ],
            [
              -79.0353845,
              43.0553416
            ],
            [
              -79.0353836,
              43.0553538
            ],
            [
              -79.0353864,
              43.0553681
            ],
            [
              -79.0353961,
              43.0553819
            ],
            [
              -79.0354035,
              43.0553897
            ],
            [
              -79.0354216,
              43.0554006
            ],
            [
              -79.0354466,
              43.0554121
            ],
            [
              -79.0354725,
              43.0554188
            ],
            [
              -79.0354915,
              43.0554236
            ],
            [
              -79.0355263,
              43.0554266
            ]
          ]
        ]
      }
    },
    {
      "type": "Feature",
      "properties": {
        "@id": "way/1445879016",
        "golf": "bunker"
      },
      "geometry": {
        "type": "Polygon",
        "coordinates": [
          [
            [
              -79.0358853,
              43.0549919
            ],
            [
              -79.035912,
              43.0549837
            ],
            [
              -79.0359474,
              43.0549699
            ],
            [
              -79.0359765,
              43.0549564
            ],
            [
              -79.0359886,
              43.0549408
            ],
            [
              -79.0359911,
              43.0549242
            ],
            [
              -79.0359857,
              43.0549114
            ],
            [
              -79.0359712,
              43.0548923
            ],
            [
              -79.0359644,
              43.0548884
            ],
            [
              -79.0359566,
              43.054888
            ],
            [
              -79.0359474,
              43.0548916
            ],
            [
              -79.0359324,
              43.054904
            ],
            [
              -79.0359168,
              43.0549171
            ],
            [
              -79.0359057,
              43.0549295
            ],
            [
              -79.0358935,
              43.0549355
            ],
            [
              -79.0358814,
              43.0549376
            ],
            [
              -79.0358727,
              43.0549373
            ],
            [
              -79.0358683,
              43.0549366
            ],
            [
              -79.0358683,
              43.0549295
            ],
            [
              -79.0358683,
              43.0549256
            ],
            [
              -79.0358615,
              43.0549217
            ],
            [
              -79.0358489,
              43.0549199
            ],
            [
              -79.0358465,
              43.0549249
            ],
            [
              -79.0358411,
              43.0549306
            ],
            [
              -79.0358343,
              43.0549348
            ],
            [
              -79.0358232,
              43.0549373
            ],
            [
              -79.0358125,
              43.0549352
            ],
            [
              -79.0358052,
              43.0549316
            ],
            [
              -79.0358052,
              43.0549284
            ],
            [
              -79.0358052,
              43.054921
            ],
            [
              -79.035797,
              43.0549164
            ],
            [
              -79.0357785,
              43.0549125
            ],
            [
              -79.0357679,
              43.0549157
            ],
            [
              -79.0357553,
              43.0549192
            ],
            [
              -79.0357417,
              43.0549295
            ],
            [
              -79.0357358,
              43.0549391
            ],
            [
              -79.0357329,
              43.0549511
            ],
            [
              -79.0357373,
              43.0549653
            ],
            [
              -79.035747,
              43.0549763
            ],
            [
              -79.0357693,
              43.0549876
            ],
            [
              -79.0357955,
              43.0549965
            ],
            [
              -79.0358183,
              43.0549969
            ],
            [
              -79.035844,
              43.0549976
            ],
            [
              -79.0358649,
              43.0549954
            ],
            [
              -79.0358853,
              43.0549919
            ]
          ]
        ]
      }
    },
    {
      "type": "Feature",
      "properties": {
        "@id": "way/1445879017",
        "golf": "bunker"
      },
      "geometry": {
        "type": "Polygon",
        "coordinates": [
          [
            [
              -79.0361041,
              43.0548827
            ],
            [
              -79.0361255,
              43.0548791
            ],
            [
              -79.0361444,
              43.0548653
            ],
            [
              -79.0361585,
              43.0548476
            ],
            [
              -79.0361687,
              43.0548334
            ],
            [
              -79.0361706,
              43.054816
            ],
            [
              -79.0361677,
              43.0548033
            ],
            [
              -79.0361662,
              43.0547923
            ],
            [
              -79.0361658,
              43.0547841
            ],
            [
              -79.0361721,
              43.0547724
            ],
            [
              -79.0361808,
              43.0547646
            ],
            [
              -79.0361852,
              43.0547526
            ],
            [
              -79.0361803,
              43.0547444
            ],
            [
              -79.0361701,
              43.0547366
            ],
            [
              -79.0361624,
              43.0547288
            ],
            [
              -79.0361575,
              43.054721
            ],
            [
              -79.0361609,
              43.0547125
            ],
            [
              -79.036158,
              43.0547019
            ],
            [
              -79.036142,
              43.0546941
            ],
            [
              -79.0361226,
              43.0546934
            ],
            [
              -79.0361012,
              43.0546983
            ],
            [
              -79.0360774,
              43.0547114
            ],
            [
              -79.0360532,
              43.0547348
            ],
            [
              -79.0360435,
              43.0547529
            ],
            [
              -79.0360367,
              43.0547664
            ],
            [
              -79.0360372,
              43.0547799
            ],
            [
              -79.036043,
              43.0548057
            ],
            [
              -79.036043,
              43.0548178
            ],
            [
              -79.0360372,
              43.0548334
            ],
            [
              -79.0360377,
              43.0548462
            ],
            [
              -79.0360474,
              43.0548639
            ],
            [
              -79.0360585,
              43.054872
            ],
            [
              -79.0360823,
              43.0548806
            ],
            [
              -79.0361041,
              43.0548827
            ]
          ]
        ]
      }
    },
    {
      "type": "Feature",
      "properties": {
        "@id": "way/1445879018",
        "golf": "green"
      },
      "geometry": {
        "type": "Polygon",
        "coordinates": [
          [
            [
              -79.0359406,
              43.0547394
            ],
            [
              -79.035977,
              43.0547199
            ],
            [
              -79.0360202,
              43.0546902
            ],
            [
              -79.0360842,
              43.0546586
            ],
            [
              -79.0361391,
              43.0546384
            ],
            [
              -79.0361769,
              43.0546153
            ],
            [
              -79.0361939,
              43.0545884
            ],
            [
              -79.0361939,
              43.0545501
            ],
            [
              -79.0361827,
              43.0545193
            ],
            [
              -79.0361556,
              43.0544962
            ],
            [
              -79.0361308,
              43.0544866
            ],
            [
              -79.0361012,
              43.0544803
            ],
            [
              -79.0360697,
              43.0544785
            ],
            [
              -79.0360415,
              43.0544788
            ],
            [
              -79.0360042,
              43.0544838
            ],
            [
              -79.0359634,
              43.0544912
            ],
            [
              -79.0359309,
              43.0545005
            ],
            [
              -79.0358979,
              43.0545143
            ],
            [
              -79.0358707,
              43.0545317
            ],
            [
              -79.0358436,
              43.0545618
            ],
            [
              -79.0358227,
              43.0546005
            ],
            [
              -79.0358072,
              43.0546405
            ],
            [
              -79.0358052,
              43.0546781
            ],
            [
              -79.0358135,
              43.0547036
            ],
            [
              -79.0358208,
              43.0547168
            ],
            [
              -79.0358305,
              43.0547309
            ],
            [
              -79.035845,
              43.0547419
            ],
            [
              -79.0358693,
              43.0547476
            ],
            [
              -79.0358795,
              43.0547508
            ],
            [
              -79.0358969,
              43.0547501
            ],
            [
              -79.0359193,
              43.0547476
            ],
            [
              -79.0359406,
              43.0547394
            ]
          ]
        ]
      }
    },
    {
      "type": "Feature",
      "properties": {
        "@id": "way/1445879019",
        "golf": "fairway"
      },
      "geometry": {
        "type": "Polygon",
        "coordinates": [
          [
            [
              -79.0359877,
              43.0547706
            ],
            [
              -79.0359891,
              43.0547405
            ],
            [
              -79.0360144,
              43.05471
            ],
            [
              -79.0360585,
              43.0546838
            ],
            [
              -79.03611,
              43.0546636
            ],
            [
              -79.0361662,
              43.0546419
            ],
            [
              -79.0361954,
              43.0546235
            ],
            [
              -79.0362085,
              43.054604
            ],
            [
              -79.0362177,
              43.0545685
            ],
            [
              -79.0362133,
              43.0545473
            ],
            [
              -79.0362012,
              43.0545122
            ],
            [
              -79.0361711,
              43.0544866
            ],
            [
              -79.0361352,
              43.054471
            ],
            [
              -79.0360867,
              43.0544636
            ],
            [
              -79.0360313,
              43.0544654
            ],
            [
              -79.0359726,
              43.0544771
            ],
            [
              -79.0359193,
              43.0544895
            ],
            [
              -79.0358809,
              43.0545061
            ],
            [
              -79.0358542,
              43.0545253
            ],
            [
              -79.0358295,
              43.0545558
            ],
            [
              -79.0358057,
              43.0545983
            ],
            [
              -79.0357868,
              43.0546441
            ],
            [
              -79.0357732,
              43.0546845
            ],
            [
              -79.0357257,
              43.0547433
            ],
            [
              -79.0356621,
              43.0548015
            ],
            [
              -79.0355971,
              43.0548476
            ],
            [
              -79.0355296,
              43.0548869
            ],
            [
              -79.0354534,
              43.0549242
            ],
            [
              -79.0353942,
              43.05496
            ],
            [
              -79.0353074,
              43.0550451
            ],
            [
              -79.0352448,
              43.0551061
            ],
            [
              -79.0351812,
              43.0551816
            ],
            [
              -79.0350512,
              43.0553869
            ],
            [
              -79.0350128,
              43.0554606
            ],
            [
              -79.0349755,
              43.0555138
            ],
            [
              -79.034927,
              43.0555556
            ],
            [
              -79.0348702,
              43.0555918
            ],
            [
              -79.0346489,
              43.0557577
            ],
            [
              -79.0344932,
              43.0558747
            ],
            [
              -79.0343665,
              43.0559808
            ],
            [
              -79.0342559,
              43.0560988
            ],
            [
              -79.034168,
              43.0561903
            ],
            [
              -79.03412,
              43.0562509
            ],
            [
              -79.0340928,
              43.0563105
            ],
            [
              -79.0340812,
              43.0563747
            ],
            [
              -79.0340841,
              43.0564183
            ],
            [
              -79.0341074,
              43.0564679
            ],
            [
              -79.0341423,
              43.0565051
            ],
            [
              -79.0341642,
              43.0565264
            ],
            [
              -79.0342074,
              43.0565505
            ],
            [
              -79.0342583,
              43.0565686
            ],
            [
              -79.034316,
              43.0565757
            ],
            [
              -79.0343791,
              43.0565768
            ],
            [
              -79.0344529,
              43.0565544
            ],
            [
              -79.0345276,
              43.0565278
            ],
            [
              -79.0345941,
              43.0564995
            ],
            [
              -79.0346746,
              43.0564392
            ],
            [
              -79.0347256,
              43.0563952
            ],
            [
              -79.0348852,
              43.0562265
            ],
            [
              -79.0349711,
              43.0561488
            ],
            [
              -79.0350667,
              43.0560729
            ],
            [
              -79.0351866,
              43.055985
            ],
            [
              -79.0352555,
              43.0559332
            ],
            [
              -79.0352972,
              43.0559038
            ],
            [
              -79.0353195,
              43.0558868
            ],
            [
              -79.0353423,
              43.0558652
            ],
            [
              -79.035353,
              43.0558407
            ],
            [
              -79.0353574,
              43.0558077
            ],
            [
              -79.0353467,
              43.0557528
            ],
            [
              -79.0353331,
              43.0557017
            ],
            [
              -79.0353287,
              43.0556684
            ],
            [
              -79.0353292,
              43.0556446
            ],
            [
              -79.0353433,
              43.0556088
            ],
            [
              -79.0353797,
              43.0555542
            ],
            [
              -79.0353952,
              43.0555273
            ],
            [
              -79.035402,
              43.0555042
            ],
            [
              -79.0353971,
              43.0554684
            ],
            [
              -79.0353874,
              43.0554475
            ],
            [
              -79.0353705,
              43.0554276
            ],
            [
              -79.0353506,
              43.0554074
            ],
            [
              -79.0353312,
              43.0553851
            ],
            [
              -79.03532,
              43.0553677
            ],
            [
              -79.0353185,
              43.0553482
            ],
            [
              -79.0353248,
              43.0553255
            ],
            [
              -79.0353617,
              43.0552982
            ],
            [
              -79.0354243,
              43.0552879
            ],
            [
              -79.0354656,
              43.0552869
            ],
            [
              -79.0355209,
              43.0552823
            ],
            [
              -79.0355728,
              43.0552773
            ],
            [
              -79.0356126,
              43.0552674
            ],
            [
              -79.0356427,
              43.0552486
            ],
            [
              -79.0356776,
              43.0552177
            ],
            [
              -79.0357014,
              43.0551816
            ],
            [
              -79.0357193,
              43.0551412
            ],
            [
              -79.0357193,
              43.0550692
            ],
            [
              -79.0357058,
              43.055027
            ],
            [
              -79.0356912,
              43.0549678
            ],
            [
              -79.0356951,
              43.0549362
            ],
            [
              -79.0357087,
              43.0549075
            ],
            [
              -79.0357368,
              43.0548894
            ],
            [
              -79.0357688,
              43.0548852
            ],
            [
              -79.0358193,
              43.0548791
            ],
            [
              -79.0358712,
              43.0548706
            ],
            [
              -79.0359096,
              43.0548614
            ],
            [
              -79.035945,
              43.0548469
            ],
            [
              -79.0359663,
              43.0548313
            ],
            [
              -79.0359799,
              43.0548182
            ],
            [
              -79.0359867,
              43.0548033
            ],
            [
              -79.0359877,
              43.0547706
            ]
          ]
        ]
      }
    },
    {
      "type": "Feature",
      "properties": {
        "@id": "way/1445879259",
        "golf": "cartpath",
        "golf_cart": "yes",
        "highway": "path"
      },
      "geometry": {
        "type": "LineString",
        "coordinates": [
          [
            -79.0337619,
            43.0571443
          ],
          [
            -79.0336642,
            43.0572001
          ],
          [
            -79.0335408,
            43.0572396
          ],
          [
            -79.0334563,
            43.0572594
          ],
          [
            -79.0333567,
            43.0572977
          ],
          [
            -79.033235,
            43.0573841
          ],
          [
            -79.0331387,
            43.0574619
          ],
          [
            -79.0331269,
            43.0575026
          ],
          [
            -79.0330779,
            43.0575162
          ],
          [
            -79.0330576,
            43.0574977
          ],
          [
            -79.033061,
            43.0574804
          ],
          [
            -79.0330795,
            43.0574643
          ],
          [
            -79.0331387,
            43.0574619
          ]
        ]
      }
    },
    {
      "type": "Feature",
      "properties": {
        "@id": "way/1445879260",
        "golf": "tee"
      },
      "geometry": {
        "type": "Polygon",
        "coordinates": [
          [
            [
              -79.0330106,
              43.0574061
            ],
            [
              -79.033059,
              43.057379
            ],
            [
              -79.033088,
              43.057346
            ],
            [
              -79.033084,
              43.0573135
            ],
            [
              -79.033063,
              43.0572953
            ],
            [
              -79.0330315,
              43.05729
            ],
            [
              -79.0329912,
              43.0573012
            ],
            [
              -79.0329581,
              43.0573194
            ],
            [
              -79.0329339,
              43.0573471
            ],
            [
              -79.0329339,
              43.0573725
            ],
            [
              -79.0329501,
              43.0573931
            ],
            [
              -79.032967,
              43.0574037
            ],
            [
              -79.0330106,
              43.0574061
            ]
          ]
        ]
      }
    },
    {
      "type": "Feature",
      "properties": {
        "@id": "way/1445879261",
        "golf": "tee"
      },
      "geometry": {
        "type": "Polygon",
        "coordinates": [
          [
            [
              -79.0332889,
              43.0572452
            ],
            [
              -79.033351,
              43.0571968
            ],
            [
              -79.0333849,
              43.0571514
            ],
            [
              -79.0333937,
              43.0571161
            ],
            [
              -79.0333808,
              43.0570966
            ],
            [
              -79.0333582,
              43.0570801
            ],
            [
              -79.0333244,
              43.0570819
            ],
            [
              -79.0332889,
              43.057099
            ],
            [
              -79.0332437,
              43.057129
            ],
            [
              -79.0332082,
              43.057165
            ],
            [
              -79.0331937,
              43.0571909
            ],
            [
              -79.0331896,
              43.0572033
            ],
            [
              -79.0331953,
              43.0572228
            ],
            [
              -79.033209,
              43.0572428
            ],
            [
              -79.0332292,
              43.0572475
            ],
            [
              -79.0332445,
              43.0572511
            ],
            [
              -79.0332889,
              43.0572452
            ]
          ]
        ]
      }
    },
    {
      "type": "Feature",
      "properties": {
        "@id": "way/1445879262",
        "golf": "tee"
      },
      "geometry": {
        "type": "Polygon",
        "coordinates": [
          [
            [
              -79.0334889,
              43.0570477
            ],
            [
              -79.0335373,
              43.0570159
            ],
            [
              -79.0335914,
              43.0569835
            ],
            [
              -79.0336236,
              43.0569522
            ],
            [
              -79.0336293,
              43.056918
            ],
            [
              -79.0336285,
              43.0569045
            ],
            [
              -79.0336156,
              43.0568838
            ],
            [
              -79.033589,
              43.0568709
            ],
            [
              -79.0335567,
              43.0568656
            ],
            [
              -79.0335244,
              43.0568673
            ],
            [
              -79.0334873,
              43.0568833
            ],
            [
              -79.0334316,
              43.0569328
            ],
            [
              -79.0333953,
              43.056977
            ],
            [
              -79.0333953,
              43.0570059
            ],
            [
              -79.0334083,
              43.05703
            ],
            [
              -79.03343,
              43.0570453
            ],
            [
              -79.0334567,
              43.0570518
            ],
            [
              -79.0334889,
              43.0570477
            ]
          ]
        ]
      }
    },
    {
      "type": "Feature",
      "properties": {
        "@id": "way/1445879263",
        "golf": "tee"
      },
      "geometry": {
        "type": "Polygon",
        "coordinates": [
          [
            [
              -79.0340802,
              43.0568355
            ],
            [
              -79.0341101,
              43.0568143
            ],
            [
              -79.0341351,
              43.0567783
            ],
            [
              -79.0341319,
              43.0567453
            ],
            [
              -79.0341206,
              43.0567164
            ],
            [
              -79.0340859,
              43.0566988
            ],
            [
              -79.0340512,
              43.0566982
            ],
            [
              -79.0340173,
              43.0567088
            ],
            [
              -79.0339705,
              43.0567406
            ],
            [
              -79.0339455,
              43.0567689
            ],
            [
              -79.0339415,
              43.056799
            ],
            [
              -79.0339536,
              43.0568225
            ],
            [
              -79.0339842,
              43.056839
            ],
            [
              -79.0340149,
              43.0568432
            ],
            [
              -79.0340391,
              43.0568443
            ],
            [
              -79.0340802,
              43.0568355
            ]
          ]
        ]
      }
    },
    {
      "type": "Feature",
      "properties": {
        "@id": "way/1446285634",
        "golf": "bunker"
      },
      "geometry": {
        "type": "Polygon",
        "coordinates": [
          [
            [
              -79.0323648,
              43.0597264
            ],
            [
              -79.0323661,
              43.0597297
            ],
            [
              -79.0323685,
              43.0597368
            ],
            [
              -79.0323716,
              43.0597415
            ],
            [
              -79.032374,
              43.0597465
            ],
            [
              -79.0323734,
              43.0597515
            ],
            [
              -79.0323686,
              43.0597553
            ],
            [
              -79.0323601,
              43.0597587
            ],
            [
              -79.0323434,
              43.0597627
            ],
            [
              -79.0323312,
              43.0597633
            ],
            [
              -79.0323109,
              43.0597628
            ],
            [
              -79.0322969,
              43.0597589
            ],
            [
              -79.0322801,
              43.0597509
            ],
            [
              -79.0322652,
              43.0597409
            ],
            [
              -79.0322555,
              43.0597305
            ],
            [
              -79.0322496,
              43.0597177
            ],
            [
              -79.0322466,
              43.0597041
            ],
            [
              -79.032248,
              43.0596927
            ],
            [
              -79.0322548,
              43.0596828
            ],
            [
              -79.0322643,
              43.0596734
            ],
            [
              -79.0322785,
              43.0596644
            ],
            [
              -79.0322876,
              43.0596584
            ],
            [
              -79.0322969,
              43.0596564
            ],
            [
              -79.0323068,
              43.0596593
            ],
            [
              -79.0323122,
              43.0596627
            ],
            [
              -79.0323141,
              43.0596663
            ],
            [
              -79.0323162,
              43.0596705
            ],
            [
              -79.0323159,
              43.0596738
            ],
            [
              -79.0323192,
              43.0596764
            ],
            [
              -79.0323221,
              43.059678
            ],
            [
              -79.0323259,
              43.0596827
            ],
            [
              -79.0323255,
              43.0596863
            ],
            [
              -79.0323202,
              43.0596908
            ],
            [
              -79.0323191,
              43.0596953
            ],
            [
              -79.0323191,
              43.0597004
            ],
            [
              -79.0323228,
              43.059704
            ],
            [
              -79.032328,
              43.0597061
            ],
            [
              -79.0323348,
              43.0597058
            ],
            [
              -79.0323421,
              43.0597025
            ],
            [
              -79.0323493,
              43.0597024
            ],
            [
              -79.0323551,
              43.0597041
            ],
            [
              -79.0323614,
              43.0597062
            ],
            [
              -79.0323643,
              43.0597092
            ],
            [
              -79.0323671,
              43.0597175
            ],
            [
              -79.032365,
              43.0597217
            ],
            [
              -79.032365,
              43.0597238
            ],
            [
              -79.0323648,
              43.0597264
            ]
          ]
        ]
      }
    },
    {
      "type": "Feature",
      "properties": {
        "@id": "way/1446285635",
        "golf": "bunker"
      },
      "geometry": {
        "type": "Polygon",
        "coordinates": [
          [
            [
              -79.032714,
              43.0597624
            ],
            [
              -79.0327299,
              43.0597576
            ],
            [
              -79.0327388,
              43.0597515
            ],
            [
              -79.0327444,
              43.0597464
            ],
            [
              -79.0327538,
              43.0597402
            ],
            [
              -79.0327711,
              43.0597306
            ],
            [
              -79.0327804,
              43.0597226
            ],
            [
              -79.0327877,
              43.0597129
            ],
            [
              -79.0327941,
              43.0597037
            ],
            [
              -79.0327936,
              43.0596905
            ],
            [
              -79.0327919,
              43.0596843
            ],
            [
              -79.0327895,
              43.0596787
            ],
            [
              -79.0327821,
              43.0596709
            ],
            [
              -79.0327716,
              43.0596624
            ],
            [
              -79.0327575,
              43.0596574
            ],
            [
              -79.0327457,
              43.0596573
            ],
            [
              -79.0327332,
              43.0596584
            ],
            [
              -79.0327225,
              43.0596621
            ],
            [
              -79.0327115,
              43.0596683
            ],
            [
              -79.0327011,
              43.0596754
            ],
            [
              -79.0326905,
              43.0596849
            ],
            [
              -79.0326868,
              43.05969
            ],
            [
              -79.0326863,
              43.0596942
            ],
            [
              -79.0326866,
              43.0597022
            ],
            [
              -79.0326874,
              43.0597072
            ],
            [
              -79.0326905,
              43.0597112
            ],
            [
              -79.0326919,
              43.059715
            ],
            [
              -79.0326897,
              43.0597206
            ],
            [
              -79.0326835,
              43.0597252
            ],
            [
              -79.0326787,
              43.0597293
            ],
            [
              -79.0326784,
              43.059741
            ],
            [
              -79.0326819,
              43.0597471
            ],
            [
              -79.0326863,
              43.0597527
            ],
            [
              -79.0326901,
              43.0597571
            ],
            [
              -79.0326961,
              43.0597604
            ],
            [
              -79.0327049,
              43.0597625
            ],
            [
              -79.032714,
              43.0597624
            ]
          ]
        ]
      }
    },
    {
      "type": "Feature",
      "properties": {
        "@id": "way/1446285636",
        "golf": "bunker"
      },
      "geometry": {
        "type": "Polygon",
        "coordinates": [
          [
            [
              -79.0328957,
              43.0596021
            ],
            [
              -79.0329129,
              43.0596018
            ],
            [
              -79.032935,
              43.0595992
            ],
            [
              -79.0329571,
              43.0595919
            ],
            [
              -79.0329786,
              43.0595786
            ],
            [
              -79.0329977,
              43.0595607
            ],
            [
              -79.0330129,
              43.059539
            ],
            [
              -79.0330141,
              43.0595238
            ],
            [
              -79.0330085,
              43.0595097
            ],
            [
              -79.0329952,
              43.0594975
            ],
            [
              -79.0329777,
              43.0594854
            ],
            [
              -79.0329554,
              43.0594795
            ],
            [
              -79.0329319,
              43.0594786
            ],
            [
              -79.0329016,
              43.0594786
            ],
            [
              -79.0328729,
              43.0594802
            ],
            [
              -79.0328544,
              43.0594831
            ],
            [
              -79.0328393,
              43.0594845
            ],
            [
              -79.0328294,
              43.0594894
            ],
            [
              -79.032822,
              43.0594974
            ],
            [
              -79.032818,
              43.0595132
            ],
            [
              -79.0328197,
              43.0595221
            ],
            [
              -79.0328237,
              43.0595269
            ],
            [
              -79.0328256,
              43.0595314
            ],
            [
              -79.0328355,
              43.0595318
            ],
            [
              -79.0328471,
              43.0595292
            ],
            [
              -79.0328628,
              43.0595292
            ],
            [
              -79.0328913,
              43.0595344
            ],
            [
              -79.0329011,
              43.0595377
            ],
            [
              -79.0329058,
              43.0595444
            ],
            [
              -79.0329043,
              43.0595512
            ],
            [
              -79.0328963,
              43.059556
            ],
            [
              -79.0328736,
              43.0595593
            ],
            [
              -79.0328622,
              43.0595638
            ],
            [
              -79.0328542,
              43.0595719
            ],
            [
              -79.0328519,
              43.0595796
            ],
            [
              -79.0328536,
              43.0595867
            ],
            [
              -79.0328618,
              43.0595936
            ],
            [
              -79.0328753,
              43.0595987
            ],
            [
              -79.0328957,
              43.0596021
            ]
          ]
        ]
      }
    },
    {
      "type": "Feature",
      "properties": {
        "@id": "way/1446285637",
        "golf": "green"
      },
      "geometry": {
        "type": "Polygon",
        "coordinates": [
          [
            [
              -79.0325909,
              43.0596975
            ],
            [
              -79.032616,
              43.0596823
            ],
            [
              -79.0326382,
              43.0596645
            ],
            [
              -79.0326522,
              43.0596505
            ],
            [
              -79.0326684,
              43.0596375
            ],
            [
              -79.0326902,
              43.0596248
            ],
            [
              -79.0327168,
              43.0596103
            ],
            [
              -79.0327331,
              43.0595868
            ],
            [
              -79.032749,
              43.0595536
            ],
            [
              -79.0327519,
              43.0595244
            ],
            [
              -79.0327449,
              43.0595012
            ],
            [
              -79.0327235,
              43.0594715
            ],
            [
              -79.0326873,
              43.0594464
            ],
            [
              -79.03265,
              43.059431
            ],
            [
              -79.032606,
              43.0594235
            ],
            [
              -79.0325646,
              43.0594256
            ],
            [
              -79.0325207,
              43.0594345
            ],
            [
              -79.0324786,
              43.0594483
            ],
            [
              -79.0324364,
              43.0594699
            ],
            [
              -79.0324128,
              43.0594996
            ],
            [
              -79.0323914,
              43.0595285
            ],
            [
              -79.0323792,
              43.0595674
            ],
            [
              -79.0323766,
              43.0596051
            ],
            [
              -79.0323873,
              43.0596373
            ],
            [
              -79.0323995,
              43.0596594
            ],
            [
              -79.0324261,
              43.0596815
            ],
            [
              -79.0324571,
              43.0596977
            ],
            [
              -79.0324952,
              43.0597066
            ],
            [
              -79.032534,
              43.0597061
            ],
            [
              -79.0325565,
              43.059705
            ],
            [
              -79.0325909,
              43.0596975
            ]
          ]
        ]
      }
    },
    {
      "type": "Feature",
      "properties": {
        "@id": "way/1446285638",
        "golf": "fairway"
      },
      "geometry": {
        "type": "Polygon",
        "coordinates": [
          [
            [
              -79.0327636,
              43.0595491
            ],
            [
              -79.0327586,
              43.0595745
            ],
            [
              -79.0327418,
              43.059608
            ],
            [
              -79.0327128,
              43.059629
            ],
            [
              -79.0326816,
              43.0596473
            ],
            [
              -79.0326443,
              43.0596766
            ],
            [
              -79.032615,
              43.0597017
            ],
            [
              -79.032567,
              43.0597161
            ],
            [
              -79.0325154,
              43.059718
            ],
            [
              -79.0324667,
              43.0597109
            ],
            [
              -79.0324176,
              43.0596944
            ],
            [
              -79.0323821,
              43.0596625
            ],
            [
              -79.0323556,
              43.059624
            ],
            [
              -79.0323452,
              43.0595873
            ],
            [
              -79.0323273,
              43.0595622
            ],
            [
              -79.0322944,
              43.0595271
            ],
            [
              -79.0322553,
              43.0594879
            ],
            [
              -79.0322496,
              43.0594567
            ],
            [
              -79.0322585,
              43.0594232
            ],
            [
              -79.032279,
              43.0593879
            ],
            [
              -79.0323037,
              43.0593646
            ],
            [
              -79.0323381,
              43.0593458
            ],
            [
              -79.0323875,
              43.0593287
            ],
            [
              -79.0326977,
              43.0592869
            ],
            [
              -79.0328432,
              43.0592774
            ],
            [
              -79.032893,
              43.0592848
            ],
            [
              -79.0329234,
              43.0592994
            ],
            [
              -79.0329506,
              43.0593204
            ],
            [
              -79.0329607,
              43.059352
            ],
            [
              -79.0329607,
              43.0593866
            ],
            [
              -79.0329485,
              43.0594172
            ],
            [
              -79.0329298,
              43.059437
            ],
            [
              -79.0329095,
              43.0594475
            ],
            [
              -79.0328868,
              43.0594544
            ],
            [
              -79.0328649,
              43.0594583
            ],
            [
              -79.0328393,
              43.059463
            ],
            [
              -79.0328091,
              43.0594706
            ],
            [
              -79.0327887,
              43.0594798
            ],
            [
              -79.0327791,
              43.0594895
            ],
            [
              -79.032773,
              43.0594953
            ],
            [
              -79.0327709,
              43.0595056
            ],
            [
              -79.0327692,
              43.059522
            ],
            [
              -79.0327665,
              43.0595344
            ],
            [
              -79.0327636,
              43.0595491
            ]
          ]
        ]
      }
    },
    {
      "type": "Feature",
      "properties": {
        "@id": "way/1446285639",
        "golf": "bunker"
      },
      "geometry": {
        "type": "Polygon",
        "coordinates": [
          [
            [
              -79.0337976,
              43.0588739
            ],
            [
              -79.0338098,
              43.0588679
            ],
            [
              -79.0338156,
              43.0588575
            ],
            [
              -79.0338105,
              43.0588438
            ],
            [
              -79.0337948,
              43.0588248
            ],
            [
              -79.0337718,
              43.0588147
            ],
            [
              -79.0337449,
              43.0588073
            ],
            [
              -79.0337235,
              43.0588063
            ],
            [
              -79.0336553,
              43.0588214
            ],
            [
              -79.0336164,
              43.0588313
            ],
            [
              -79.0335965,
              43.0588472
            ],
            [
              -79.033597,
              43.0588601
            ],
            [
              -79.0336042,
              43.0588715
            ],
            [
              -79.0336108,
              43.058877
            ],
            [
              -79.0336244,
              43.0588762
            ],
            [
              -79.0336408,
              43.0588697
            ],
            [
              -79.0336535,
              43.0588657
            ],
            [
              -79.0336614,
              43.0588674
            ],
            [
              -79.0336715,
              43.0588787
            ],
            [
              -79.0336757,
              43.0588839
            ],
            [
              -79.0336851,
              43.0588871
            ],
            [
              -79.0336949,
              43.0588854
            ],
            [
              -79.0337027,
              43.0588774
            ],
            [
              -79.0337149,
              43.0588609
            ],
            [
              -79.0337324,
              43.058853
            ],
            [
              -79.0337458,
              43.0588505
            ],
            [
              -79.0337566,
              43.058856
            ],
            [
              -79.0337603,
              43.0588623
            ],
            [
              -79.0337592,
              43.0588662
            ],
            [
              -79.0337676,
              43.0588698
            ],
            [
              -79.0337725,
              43.0588662
            ],
            [
              -79.0337828,
              43.0588664
            ],
            [
              -79.0337892,
              43.058871
            ],
            [
              -79.0337976,
              43.0588739
            ]
          ]
        ]
      }
    },
    {
      "type": "Feature",
      "properties": {
        "@id": "way/1446285640",
        "golf": "bunker"
      },
      "geometry": {
        "type": "Polygon",
        "coordinates": [
          [
            [
              -79.0339275,
              43.0587964
            ],
            [
              -79.033927,
              43.0588052
            ],
            [
              -79.0339252,
              43.0588117
            ],
            [
              -79.0339147,
              43.0588148
            ],
            [
              -79.0339019,
              43.0588163
            ],
            [
              -79.0338901,
              43.058813
            ],
            [
              -79.0338814,
              43.058806
            ],
            [
              -79.033877,
              43.0587953
            ],
            [
              -79.033876,
              43.0587875
            ],
            [
              -79.033879,
              43.0587785
            ],
            [
              -79.0338848,
              43.0587699
            ],
            [
              -79.0338988,
              43.0587578
            ],
            [
              -79.0339279,
              43.0587381
            ],
            [
              -79.0339466,
              43.0587316
            ],
            [
              -79.0339666,
              43.058731
            ],
            [
              -79.0339806,
              43.0587348
            ],
            [
              -79.033992,
              43.0587472
            ],
            [
              -79.0339961,
              43.0587564
            ],
            [
              -79.0339969,
              43.0587622
            ],
            [
              -79.0339991,
              43.0587692
            ],
            [
              -79.034,
              43.0587766
            ],
            [
              -79.0339978,
              43.058784
            ],
            [
              -79.0339903,
              43.0587899
            ],
            [
              -79.0339786,
              43.058794
            ],
            [
              -79.0339689,
              43.0587942
            ],
            [
              -79.0339634,
              43.0587914
            ],
            [
              -79.0339609,
              43.0587854
            ],
            [
              -79.0339555,
              43.0587789
            ],
            [
              -79.0339452,
              43.0587749
            ],
            [
              -79.0339332,
              43.0587766
            ],
            [
              -79.0339279,
              43.0587818
            ],
            [
              -79.0339278,
              43.0587863
            ],
            [
              -79.0339275,
              43.0587964
            ]
          ]
        ]
      }
    },
    {
      "type": "Feature",
      "properties": {
        "@id": "way/1446285641",
        "golf": "bunker"
      },
      "geometry": {
        "type": "Polygon",
        "coordinates": [
          [
            [
              -79.0342947,
              43.0586251
            ],
            [
              -79.0342876,
              43.0586183
            ],
            [
              -79.0342809,
              43.0586145
            ],
            [
              -79.0342695,
              43.0586165
            ],
            [
              -79.034267,
              43.058622
            ],
            [
              -79.0342685,
              43.0586294
            ],
            [
              -79.0342727,
              43.0586338
            ],
            [
              -79.0342756,
              43.0586359
            ],
            [
              -79.0342813,
              43.0586417
            ],
            [
              -79.0342773,
              43.0586466
            ],
            [
              -79.0342693,
              43.0586513
            ],
            [
              -79.034263,
              43.0586543
            ],
            [
              -79.0342602,
              43.0586584
            ],
            [
              -79.0342584,
              43.0586651
            ],
            [
              -79.0342559,
              43.0586696
            ],
            [
              -79.0342497,
              43.0586717
            ],
            [
              -79.0342379,
              43.0586717
            ],
            [
              -79.0342293,
              43.0586733
            ],
            [
              -79.0342188,
              43.0586769
            ],
            [
              -79.0342145,
              43.0586835
            ],
            [
              -79.0342142,
              43.05869
            ],
            [
              -79.034212,
              43.0586973
            ],
            [
              -79.034206,
              43.0587058
            ],
            [
              -79.0341976,
              43.0587092
            ],
            [
              -79.0341911,
              43.0587098
            ],
            [
              -79.0341832,
              43.0587052
            ],
            [
              -79.0341732,
              43.0586973
            ],
            [
              -79.0341678,
              43.0586953
            ],
            [
              -79.0341566,
              43.0586982
            ],
            [
              -79.0341484,
              43.0587038
            ],
            [
              -79.0341452,
              43.0587103
            ],
            [
              -79.0341452,
              43.058716
            ],
            [
              -79.0341454,
              43.0587213
            ],
            [
              -79.0341434,
              43.0587258
            ],
            [
              -79.0341377,
              43.0587301
            ],
            [
              -79.0341253,
              43.0587332
            ],
            [
              -79.0341113,
              43.058735
            ],
            [
              -79.0341049,
              43.0587388
            ],
            [
              -79.0341035,
              43.0587431
            ],
            [
              -79.0341024,
              43.0587481
            ],
            [
              -79.0340978,
              43.058752
            ],
            [
              -79.0340822,
              43.0587544
            ],
            [
              -79.0340674,
              43.0587523
            ],
            [
              -79.0340531,
              43.0587451
            ],
            [
              -79.0340402,
              43.0587332
            ],
            [
              -79.0340359,
              43.058722
            ],
            [
              -79.0340323,
              43.0587077
            ],
            [
              -79.0340356,
              43.0586942
            ],
            [
              -79.0340403,
              43.0586846
            ],
            [
              -79.0340468,
              43.0586734
            ],
            [
              -79.0340597,
              43.0586602
            ],
            [
              -79.0340899,
              43.0586408
            ],
            [
              -79.0341283,
              43.0586201
            ],
            [
              -79.0341504,
              43.0586051
            ],
            [
              -79.0341658,
              43.0586001
            ],
            [
              -79.0341834,
              43.0585926
            ],
            [
              -79.0342025,
              43.0585868
            ],
            [
              -79.0342219,
              43.0585826
            ],
            [
              -79.0342402,
              43.0585761
            ],
            [
              -79.0342591,
              43.0585665
            ],
            [
              -79.0342728,
              43.0585566
            ],
            [
              -79.0342955,
              43.0585322
            ],
            [
              -79.034311,
              43.0585218
            ],
            [
              -79.0343384,
              43.0585113
            ],
            [
              -79.0343785,
              43.0585005
            ],
            [
              -79.0344087,
              43.058495
            ],
            [
              -79.0344482,
              43.0584954
            ],
            [
              -79.034473,
              43.0585053
            ],
            [
              -79.034487,
              43.05852
            ],
            [
              -79.0344924,
              43.0585364
            ],
            [
              -79.0344933,
              43.0585515
            ],
            [
              -79.0344893,
              43.0585655
            ],
            [
              -79.034477,
              43.0585738
            ],
            [
              -79.0344595,
              43.0585776
            ],
            [
              -79.0344441,
              43.0585776
            ],
            [
              -79.0344351,
              43.0585799
            ],
            [
              -79.0344319,
              43.058583
            ],
            [
              -79.0344271,
              43.0585828
            ],
            [
              -79.0344227,
              43.0585808
            ],
            [
              -79.0344199,
              43.0585781
            ],
            [
              -79.0344236,
              43.0585753
            ],
            [
              -79.034427,
              43.0585686
            ],
            [
              -79.0344262,
              43.0585603
            ],
            [
              -79.0344196,
              43.0585544
            ],
            [
              -79.0344105,
              43.0585521
            ],
            [
              -79.034398,
              43.0585535
            ],
            [
              -79.0343848,
              43.0585594
            ],
            [
              -79.0343779,
              43.0585679
            ],
            [
              -79.0343732,
              43.0585778
            ],
            [
              -79.0343722,
              43.058587
            ],
            [
              -79.0343703,
              43.0585954
            ],
            [
              -79.0343606,
              43.0585976
            ],
            [
              -79.0343568,
              43.058592
            ],
            [
              -79.0343538,
              43.0585872
            ],
            [
              -79.0343463,
              43.0585855
            ],
            [
              -79.0343358,
              43.058589
            ],
            [
              -79.0343287,
              43.0585953
            ],
            [
              -79.0343275,
              43.0586007
            ],
            [
              -79.034319,
              43.058604
            ],
            [
              -79.0343103,
              43.0586095
            ],
            [
              -79.0343038,
              43.058615
            ],
            [
              -79.0343043,
              43.0586192
            ],
            [
              -79.034301,
              43.0586239
            ],
            [
              -79.0342947,
              43.0586251
            ]
          ]
        ]
      }
    },
    {
      "type": "Feature",
      "properties": {
        "@id": "way/1446285642",
        "golf": "fairway"
      },
      "geometry": {
        "type": "Polygon",
        "coordinates": [
          [
            [
              -79.0344111,
              43.0590482
            ],
            [
              -79.0345479,
              43.0589391
            ],
            [
              -79.0346642,
              43.0588403
            ],
            [
              -79.0347061,
              43.0587877
            ],
            [
              -79.0347156,
              43.0587509
            ],
            [
              -79.0347126,
              43.0586951
            ],
            [
              -79.0346757,
              43.0586214
            ],
            [
              -79.0346537,
              43.0585864
            ],
            [
              -79.0346327,
              43.0585751
            ],
            [
              -79.0346008,
              43.0585667
            ],
            [
              -79.0345489,
              43.0585736
            ],
            [
              -79.034474,
              43.0585941
            ],
            [
              -79.0343901,
              43.0586174
            ],
            [
              -79.0343367,
              43.0586393
            ],
            [
              -79.0342808,
              43.0586794
            ],
            [
              -79.0342179,
              43.0587228
            ],
            [
              -79.0341655,
              43.0587535
            ],
            [
              -79.0340591,
              43.0587903
            ],
            [
              -79.0339263,
              43.0588446
            ],
            [
              -79.0338345,
              43.0588877
            ],
            [
              -79.0337386,
              43.058911
            ],
            [
              -79.0336343,
              43.0589347
            ],
            [
              -79.0335365,
              43.0589654
            ],
            [
              -79.0334571,
              43.0590011
            ],
            [
              -79.0334181,
              43.0590515
            ],
            [
              -79.0333572,
              43.0592342
            ],
            [
              -79.0333078,
              43.0593582
            ],
            [
              -79.0333108,
              43.0593932
            ],
            [
              -79.0333208,
              43.0594272
            ],
            [
              -79.0333567,
              43.0594549
            ],
            [
              -79.0334007,
              43.0594684
            ],
            [
              -79.0334496,
              43.0594746
            ],
            [
              -79.0334895,
              43.0594673
            ],
            [
              -79.0337946,
              43.0593794
            ],
            [
              -79.0340012,
              43.0593155
            ],
            [
              -79.0341021,
              43.0592648
            ],
            [
              -79.0342034,
              43.0592098
            ],
            [
              -79.0344111,
              43.0590482
            ]
          ]
        ]
      }
    },
    {
      "type": "Feature",
      "properties": {
        "@id": "way/1446285643",
        "golf": "tee"
      },
      "geometry": {
        "type": "Polygon",
        "coordinates": [
          [
            [
              -79.0350053,
              43.0582831
            ],
            [
              -79.0350276,
              43.058262
            ],
            [
              -79.0350397,
              43.0582403
            ],
            [
              -79.0350434,
              43.0582132
            ],
            [
              -79.0350289,
              43.058189
            ],
            [
              -79.0350022,
              43.0581744
            ],
            [
              -79.0349672,
              43.0581723
            ],
            [
              -79.0349275,
              43.058184
            ],
            [
              -79.0349023,
              43.0582035
            ],
            [
              -79.0348879,
              43.0582294
            ],
            [
              -79.0348846,
              43.0582571
            ],
            [
              -79.034899,
              43.0582821
            ],
            [
              -79.0349211,
              43.0582972
            ],
            [
              -79.0349545,
              43.0583029
            ],
            [
              -79.0349832,
              43.0582964
            ],
            [
              -79.0350053,
              43.0582831
            ]
          ]
        ]
      }
    },
    {
      "type": "Feature",
      "properties": {
        "@id": "way/1446285644",
        "golf": "tee"
      },
      "geometry": {
        "type": "Polygon",
        "coordinates": [
          [
            [
              -79.0352155,
              43.0579331
            ],
            [
              -79.035276,
              43.0578255
            ],
            [
              -79.0352799,
              43.0578024
            ],
            [
              -79.0352655,
              43.0577765
            ],
            [
              -79.035245,
              43.0577604
            ],
            [
              -79.0352239,
              43.0577488
            ],
            [
              -79.0351969,
              43.0577454
            ],
            [
              -79.0351643,
              43.057753
            ],
            [
              -79.035141,
              43.0577684
            ],
            [
              -79.0351209,
              43.0577901
            ],
            [
              -79.0350772,
              43.05788
            ],
            [
              -79.0350785,
              43.0579072
            ],
            [
              -79.0350901,
              43.057931
            ],
            [
              -79.0351065,
              43.0579436
            ],
            [
              -79.0351282,
              43.0579524
            ],
            [
              -79.0351549,
              43.0579562
            ],
            [
              -79.0351764,
              43.0579533
            ],
            [
              -79.0351971,
              43.0579457
            ],
            [
              -79.0352155,
              43.0579331
            ]
          ]
        ]
      }
    },
    {
      "type": "Feature",
      "properties": {
        "@id": "way/1446285645",
        "golf": "tee"
      },
      "geometry": {
        "type": "Polygon",
        "coordinates": [
          [
            [
              -79.0354323,
              43.0576207
            ],
            [
              -79.0354745,
              43.0575524
            ],
            [
              -79.0354805,
              43.0575247
            ],
            [
              -79.0354716,
              43.0575003
            ],
            [
              -79.0354524,
              43.0574849
            ],
            [
              -79.0354298,
              43.0574752
            ],
            [
              -79.0354003,
              43.0574747
            ],
            [
              -79.0353688,
              43.0574801
            ],
            [
              -79.0353305,
              43.0574999
            ],
            [
              -79.0353131,
              43.0575229
            ],
            [
              -79.0352928,
              43.0575627
            ],
            [
              -79.0352881,
              43.0575882
            ],
            [
              -79.0352958,
              43.0576126
            ],
            [
              -79.0353182,
              43.0576336
            ],
            [
              -79.0353483,
              43.0576454
            ],
            [
              -79.0353774,
              43.0576466
            ],
            [
              -79.0354055,
              43.0576391
            ],
            [
              -79.0354323,
              43.0576207
            ]
          ]
        ]
      }
    },
    {
      "type": "Feature",
      "properties": {
        "@id": "way/1446285646",
        "golf": "tee"
      },
      "geometry": {
        "type": "Polygon",
        "coordinates": [
          [
            [
              -79.0353803,
              43.0574032
            ],
            [
              -79.0354143,
              43.0573906
            ],
            [
              -79.0354372,
              43.0573716
            ],
            [
              -79.0354501,
              43.0573487
            ],
            [
              -79.0354544,
              43.0573214
            ],
            [
              -79.0354434,
              43.0573003
            ],
            [
              -79.0354241,
              43.0572826
            ],
            [
              -79.0353983,
              43.0572768
            ],
            [
              -79.0353667,
              43.0572759
            ],
            [
              -79.0353372,
              43.0572798
            ],
            [
              -79.0353022,
              43.0572933
            ],
            [
              -79.0352854,
              43.057315
            ],
            [
              -79.0352711,
              43.0573406
            ],
            [
              -79.0352692,
              43.0573621
            ],
            [
              -79.0352762,
              43.057381
            ],
            [
              -79.0352913,
              43.0573981
            ],
            [
              -79.0353219,
              43.0574065
            ],
            [
              -79.0353473,
              43.0574093
            ],
            [
              -79.0353803,
              43.0574032
            ]
          ]
        ]
      }
    },
    {
      "type": "Feature",
      "properties": {
        "@id": "way/1446340857",
        "golf": "tee"
      },
      "geometry": {
        "type": "Polygon",
        "coordinates": [
          [
            [
              -79.0324597,
              43.0588638
            ],
            [
              -79.0324792,
              43.0588595
            ],
            [
              -79.0324953,
              43.0588497
            ],
            [
              -79.0325151,
              43.0588369
            ],
            [
              -79.0325324,
              43.058825
            ],
            [
              -79.0325404,
              43.0588117
            ],
            [
              -79.0325415,
              43.0588007
            ],
            [
              -79.0325365,
              43.0587879
            ],
            [
              -79.0325319,
              43.0587821
            ],
            [
              -79.0325224,
              43.0587764
            ],
            [
              -79.0325097,
              43.0587722
            ],
            [
              -79.0324958,
              43.0587696
            ],
            [
              -79.0324782,
              43.0587707
            ],
            [
              -79.032453,
              43.0587785
            ],
            [
              -79.0324335,
              43.0587905
            ],
            [
              -79.0324205,
              43.0588022
            ],
            [
              -79.0324108,
              43.0588143
            ],
            [
              -79.032409,
              43.0588261
            ],
            [
              -79.03241,
              43.0588378
            ],
            [
              -79.0324127,
              43.0588475
            ],
            [
              -79.032421,
              43.0588553
            ],
            [
              -79.0324307,
              43.0588621
            ],
            [
              -79.0324432,
              43.0588651
            ],
            [
              -79.0324597,
              43.0588638
            ]
          ]
        ]
      }
    },
    {
      "type": "Feature",
      "properties": {
        "@id": "way/1446340858",
        "golf": "tee"
      },
      "geometry": {
        "type": "Polygon",
        "coordinates": [
          [
            [
              -79.0326226,
              43.0587667
            ],
            [
              -79.032644,
              43.05877
            ],
            [
              -79.0326826,
              43.0587663
            ],
            [
              -79.032717,
              43.058753
            ],
            [
              -79.0327511,
              43.0587327
            ],
            [
              -79.0327826,
              43.0587073
            ],
            [
              -79.032801,
              43.0586824
            ],
            [
              -79.0328034,
              43.0586581
            ],
            [
              -79.0327928,
              43.0586338
            ],
            [
              -79.0327728,
              43.0586162
            ],
            [
              -79.0327515,
              43.0586069
            ],
            [
              -79.0327236,
              43.0586031
            ],
            [
              -79.0326954,
              43.0586047
            ],
            [
              -79.0326527,
              43.0586151
            ],
            [
              -79.0326196,
              43.0586354
            ],
            [
              -79.032595,
              43.0586573
            ],
            [
              -79.0325789,
              43.0586785
            ],
            [
              -79.0325702,
              43.0587003
            ],
            [
              -79.0325725,
              43.0587226
            ],
            [
              -79.0325799,
              43.0587386
            ],
            [
              -79.0325924,
              43.058754
            ],
            [
              -79.0326226,
              43.0587667
            ]
          ]
        ]
      }
    },
    {
      "type": "Feature",
      "properties": {
        "@id": "way/1446340859",
        "golf": "tee"
      },
      "geometry": {
        "type": "Polygon",
        "coordinates": [
          [
            [
              -79.0328828,
              43.0586186
            ],
            [
              -79.0329109,
              43.0586102
            ],
            [
              -79.032951,
              43.0585904
            ],
            [
              -79.032999,
              43.0585555
            ],
            [
              -79.0330412,
              43.0585208
            ],
            [
              -79.0330641,
              43.05849
            ],
            [
              -79.033075,
              43.0584647
            ],
            [
              -79.0330657,
              43.0584347
            ],
            [
              -79.0330572,
              43.0584258
            ],
            [
              -79.0330423,
              43.0584122
            ],
            [
              -79.0330213,
              43.0584007
            ],
            [
              -79.0329921,
              43.0583945
            ],
            [
              -79.0329542,
              43.0583934
            ],
            [
              -79.0329226,
              43.0584005
            ],
            [
              -79.0328841,
              43.0584186
            ],
            [
              -79.0328432,
              43.0584467
            ],
            [
              -79.0328082,
              43.0584783
            ],
            [
              -79.032784,
              43.0585142
            ],
            [
              -79.0327771,
              43.0585478
            ],
            [
              -79.0327819,
              43.058579
            ],
            [
              -79.0327904,
              43.0585916
            ],
            [
              -79.0328034,
              43.0586056
            ],
            [
              -79.0328297,
              43.0586164
            ],
            [
              -79.0328506,
              43.0586209
            ],
            [
              -79.0328828,
              43.0586186
            ]
          ]
        ]
      }
    },
    {
      "type": "Feature",
      "properties": {
        "@id": "way/1446340860",
        "golf": "tee"
      },
      "geometry": {
        "type": "Polygon",
        "coordinates": [
          [
            [
              -79.0331981,
              43.0583887
            ],
            [
              -79.0332135,
              43.0583726
            ],
            [
              -79.0332239,
              43.0583524
            ],
            [
              -79.0332202,
              43.0583301
            ],
            [
              -79.0332109,
              43.0583171
            ],
            [
              -79.0331984,
              43.0583045
            ],
            [
              -79.0331785,
              43.0582958
            ],
            [
              -79.0331525,
              43.0582942
            ],
            [
              -79.0331217,
              43.0582989
            ],
            [
              -79.0330973,
              43.0583173
            ],
            [
              -79.0330805,
              43.0583381
            ],
            [
              -79.0330771,
              43.0583571
            ],
            [
              -79.0330808,
              43.0583711
            ],
            [
              -79.0330922,
              43.0583848
            ],
            [
              -79.0331031,
              43.0583972
            ],
            [
              -79.0331257,
              43.0584023
            ],
            [
              -79.033149,
              43.0584023
            ],
            [
              -79.033175,
              43.0583982
            ],
            [
              -79.0331981,
              43.0583887
            ]
          ]
        ]
      }
    },
    {
      "type": "Feature",
      "properties": {
        "@id": "way/1446383449",
        "golf": "green"
      },
      "geometry": {
        "type": "Polygon",
        "coordinates": [
          [
            [
              -79.033837,
              43.0578269
            ],
            [
              -79.0338547,
              43.0578066
            ],
            [
              -79.0338824,
              43.0577689
            ],
            [
              -79.0339055,
              43.0577334
            ],
            [
              -79.0339271,
              43.0576952
            ],
            [
              -79.0339394,
              43.0576625
            ],
            [
              -79.0339371,
              43.0576417
            ],
            [
              -79.033924,
              43.0576209
            ],
            [
              -79.0339055,
              43.0575984
            ],
            [
              -79.0338778,
              43.0575685
            ],
            [
              -79.0338616,
              43.0575601
            ],
            [
              -79.0338362,
              43.0575511
            ],
            [
              -79.0337984,
              43.0575454
            ],
            [
              -79.0337676,
              43.0575454
            ],
            [
              -79.0337345,
              43.0575533
            ],
            [
              -79.0337091,
              43.0575713
            ],
            [
              -79.0336914,
              43.057595
            ],
            [
              -79.0336783,
              43.0576254
            ],
            [
              -79.033666,
              43.057662
            ],
            [
              -79.0336598,
              43.0577098
            ],
            [
              -79.0336544,
              43.0577475
            ],
            [
              -79.0336598,
              43.0577801
            ],
            [
              -79.0336783,
              43.0578077
            ],
            [
              -79.0337083,
              43.057828
            ],
            [
              -79.0337214,
              43.0578347
            ],
            [
              -79.0337453,
              43.0578409
            ],
            [
              -79.0337776,
              43.0578443
            ],
            [
              -79.0338069,
              43.0578409
            ],
            [
              -79.033837,
              43.0578269
            ]
          ]
        ]
      }
    },
    {
      "type": "Feature",
      "properties": {
        "@id": "way/1446383450",
        "golf": "fairway"
      },
      "geometry": {
        "type": "Polygon",
        "coordinates": [
          [
            [
              -79.0338485,
              43.057913
            ],
            [
              -79.0338516,
              43.0578736
            ],
            [
              -79.0338547,
              43.0578398
            ],
            [
              -79.0338708,
              43.0578105
            ],
            [
              -79.033924,
              43.0577368
            ],
            [
              -79.0339479,
              43.0576901
            ],
            [
              -79.033954,
              43.0576535
            ],
            [
              -79.0339425,
              43.0576135
            ],
            [
              -79.0339078,
              43.0575758
            ],
            [
              -79.0338601,
              43.0575404
            ],
            [
              -79.0338092,
              43.0575297
            ],
            [
              -79.0337699,
              43.0575308
            ],
            [
              -79.0337307,
              43.0575387
            ],
            [
              -79.0336914,
              43.0575663
            ],
            [
              -79.033669,
              43.0576017
            ],
            [
              -79.0336583,
              43.0576394
            ],
            [
              -79.0336459,
              43.0576726
            ],
            [
              -79.0336405,
              43.0577149
            ],
            [
              -79.033639,
              43.0577452
            ],
            [
              -79.0336398,
              43.0577717
            ],
            [
              -79.033639,
              43.0577891
            ],
            [
              -79.0336236,
              43.0578117
            ],
            [
              -79.033592,
              43.0578342
            ],
            [
              -79.0334395,
              43.0578972
            ],
            [
              -79.0334164,
              43.0579141
            ],
            [
              -79.0334095,
              43.0579237
            ],
            [
              -79.0334056,
              43.0579349
            ],
            [
              -79.0334041,
              43.0579501
            ],
            [
              -79.0334156,
              43.0580328
            ],
            [
              -79.0334287,
              43.0580846
            ],
            [
              -79.0334464,
              43.0581043
            ],
            [
              -79.0334749,
              43.0581167
            ],
            [
              -79.0335134,
              43.058133
            ],
            [
              -79.0335574,
              43.058146
            ],
            [
              -79.0336113,
              43.058151
            ],
            [
              -79.0336583,
              43.0581375
            ],
            [
              -79.0337291,
              43.0580863
            ],
            [
              -79.0337769,
              43.0580362
            ],
            [
              -79.0338269,
              43.0579777
            ],
            [
              -79.0338485,
              43.057913
            ]
          ]
        ]
      }
    },
    {
      "type": "Feature",
      "properties": {
        "@id": "way/1446383451",
        "golf": "bunker"
      },
      "geometry": {
        "type": "Polygon",
        "coordinates": [
          [
            [
              -79.0339836,
              43.0579634
            ],
            [
              -79.0339984,
              43.0579587
            ],
            [
              -79.0340278,
              43.0579461
            ],
            [
              -79.0340393,
              43.0579335
            ],
            [
              -79.0340432,
              43.0579213
            ],
            [
              -79.0340406,
              43.0579082
            ],
            [
              -79.0340278,
              43.0578932
            ],
            [
              -79.0340163,
              43.0578768
            ],
            [
              -79.0340105,
              43.0578572
            ],
            [
              -79.0340016,
              43.0578333
            ],
            [
              -79.0340048,
              43.0578231
            ],
            [
              -79.0340112,
              43.0578118
            ],
            [
              -79.0340118,
              43.0578025
            ],
            [
              -79.0340067,
              43.0577861
            ],
            [
              -79.0339971,
              43.0577716
            ],
            [
              -79.0339811,
              43.0577646
            ],
            [
              -79.0339651,
              43.057766
            ],
            [
              -79.0339471,
              43.0577753
            ],
            [
              -79.0339394,
              43.0577903
            ],
            [
              -79.0339292,
              43.0578053
            ],
            [
              -79.033917,
              43.057816
            ],
            [
              -79.0339049,
              43.0578249
            ],
            [
              -79.0338889,
              43.0578399
            ],
            [
              -79.0338831,
              43.0578511
            ],
            [
              -79.0338818,
              43.0578661
            ],
            [
              -79.0338889,
              43.0578806
            ],
            [
              -79.0339375,
              43.0579395
            ],
            [
              -79.0339606,
              43.0579559
            ],
            [
              -79.0339836,
              43.0579634
            ]
          ]
        ]
      }
    },
    {
      "type": "Feature",
      "properties": {
        "@id": "way/1446383452",
        "golf": "bunker"
      },
      "geometry": {
        "type": "Polygon",
        "coordinates": [
          [
            [
              -79.0334311,
              43.0578652
            ],
            [
              -79.0334548,
              43.0578647
            ],
            [
              -79.0334765,
              43.0578572
            ],
            [
              -79.0335002,
              43.057846
            ],
            [
              -79.0335149,
              43.0578343
            ],
            [
              -79.0335271,
              43.0578287
            ],
            [
              -79.0335438,
              43.0578221
            ],
            [
              -79.03357,
              43.0578142
            ],
            [
              -79.0335918,
              43.0578071
            ],
            [
              -79.0336007,
              43.0577969
            ],
            [
              -79.0336027,
              43.0577847
            ],
            [
              -79.0336001,
              43.0577739
            ],
            [
              -79.0335963,
              43.0577576
            ],
            [
              -79.0335943,
              43.0577515
            ],
            [
              -79.0335822,
              43.0577562
            ],
            [
              -79.0335751,
              43.0577604
            ],
            [
              -79.0335675,
              43.0577585
            ],
            [
              -79.0335623,
              43.0577533
            ],
            [
              -79.0335655,
              43.0577473
            ],
            [
              -79.0335694,
              43.0577431
            ],
            [
              -79.0335739,
              43.0577393
            ],
            [
              -79.03357,
              43.0577356
            ],
            [
              -79.0335642,
              43.0577314
            ],
            [
              -79.0335591,
              43.0577187
            ],
            [
              -79.033554,
              43.057714
            ],
            [
              -79.033538,
              43.0577145
            ],
            [
              -79.0335047,
              43.0577248
            ],
            [
              -79.0334656,
              43.0577393
            ],
            [
              -79.03344,
              43.0577618
            ],
            [
              -79.0334215,
              43.0577959
            ],
            [
              -79.0334093,
              43.0578202
            ],
            [
              -79.0334074,
              43.0578376
            ],
            [
              -79.0334125,
              43.0578516
            ],
            [
              -79.0334176,
              43.0578609
            ],
            [
              -79.0334311,
              43.0578652
            ]
          ]
        ]
      }
    },
    {
      "type": "Feature",
      "properties": {
        "@id": "way/1446383453",
        "golf": "bunker"
      },
      "geometry": {
        "type": "Polygon",
        "coordinates": [
          [
            [
              -79.0340393,
              43.0576617
            ],
            [
              -79.0340617,
              43.0576514
            ],
            [
              -79.0340822,
              43.0576397
            ],
            [
              -79.034095,
              43.0576242
            ],
            [
              -79.0340938,
              43.0576088
            ],
            [
              -79.0340829,
              43.0575962
            ],
            [
              -79.0340726,
              43.0575845
            ],
            [
              -79.0340701,
              43.0575737
            ],
            [
              -79.0340662,
              43.0575653
            ],
            [
              -79.0340515,
              43.0575639
            ],
            [
              -79.0340381,
              43.0575657
            ],
            [
              -79.0340252,
              43.0575629
            ],
            [
              -79.0340144,
              43.0575597
            ],
            [
              -79.03399,
              43.0575648
            ],
            [
              -79.0339721,
              43.0575793
            ],
            [
              -79.0339683,
              43.0576032
            ],
            [
              -79.0339759,
              43.0576247
            ],
            [
              -79.0339817,
              43.0576378
            ],
            [
              -79.0339971,
              43.0576518
            ],
            [
              -79.0340144,
              43.0576626
            ],
            [
              -79.0340393,
              43.0576617
            ]
          ]
        ]
      }
    },
    {
      "type": "Feature",
      "properties": {
        "@id": "way/1446383454",
        "golf": "bunker"
      },
      "geometry": {
        "type": "Polygon",
        "coordinates": [
          [
            [
              -79.0335009,
              43.0576663
            ],
            [
              -79.0335207,
              43.0576701
            ],
            [
              -79.0335438,
              43.0576682
            ],
            [
              -79.0335713,
              43.0576607
            ],
            [
              -79.0335931,
              43.0576532
            ],
            [
              -79.0336129,
              43.0576429
            ],
            [
              -79.0336225,
              43.0576336
            ],
            [
              -79.0336212,
              43.0576167
            ],
            [
              -79.0336091,
              43.0576004
            ],
            [
              -79.0336033,
              43.0575905
            ],
            [
              -79.0335943,
              43.0575915
            ],
            [
              -79.033586,
              43.0575943
            ],
            [
              -79.0335803,
              43.0575938
            ],
            [
              -79.0335783,
              43.0575882
            ],
            [
              -79.0335815,
              43.0575854
            ],
            [
              -79.0335886,
              43.0575817
            ],
            [
              -79.0335918,
              43.057577
            ],
            [
              -79.0335847,
              43.0575667
            ],
            [
              -79.0335803,
              43.0575583
            ],
            [
              -79.0335713,
              43.0575456
            ],
            [
              -79.033561,
              43.05754
            ],
            [
              -79.0335457,
              43.0575405
            ],
            [
              -79.0335246,
              43.057548
            ],
            [
              -79.0335066,
              43.0575597
            ],
            [
              -79.0334913,
              43.0575723
            ],
            [
              -79.033474,
              43.057591
            ],
            [
              -79.0334599,
              43.0576064
            ],
            [
              -79.033458,
              43.0576191
            ],
            [
              -79.033458,
              43.0576289
            ],
            [
              -79.0334688,
              43.0576448
            ],
            [
              -79.0334817,
              43.0576565
            ],
            [
              -79.0335009,
              43.0576663
            ]
          ]
        ]
      }
    },
    {
      "type": "Feature",
      "properties": {
        "@id": "way/1446384566",
        "golf": "tee"
      },
      "geometry": {
        "type": "Polygon",
        "coordinates": [
          [
            [
              -79.0365104,
              43.0541798
            ],
            [
              -79.03654,
              43.0541678
            ],
            [
              -79.0365598,
              43.0541366
            ],
            [
              -79.0365579,
              43.0541015
            ],
            [
              -79.0365424,
              43.0540731
            ],
            [
              -79.0365186,
              43.0540543
            ],
            [
              -79.0365104,
              43.0540487
            ],
            [
              -79.036489,
              43.0540448
            ],
            [
              -79.0364628,
              43.0540448
            ],
            [
              -79.036439,
              43.0540508
            ],
            [
              -79.0364123,
              43.0540703
            ],
            [
              -79.0363983,
              43.054099
            ],
            [
              -79.0363939,
              43.054121
            ],
            [
              -79.0363978,
              43.0541419
            ],
            [
              -79.0364085,
              43.0541603
            ],
            [
              -79.0364313,
              43.0541735
            ],
            [
              -79.0364521,
              43.054183
            ],
            [
              -79.0364837,
              43.0541852
            ],
            [
              -79.0365104,
              43.0541798
            ]
          ]
        ]
      }
    },
    {
      "type": "Feature",
      "properties": {
        "@id": "way/1446384567",
        "golf": "tee"
      },
      "geometry": {
        "type": "Polygon",
        "coordinates": [
          [
            [
              -79.0365564,
              43.0539199
            ],
            [
              -79.0365671,
              43.0538178
            ],
            [
              -79.0365632,
              43.0538068
            ],
            [
              -79.0365492,
              43.0537916
            ],
            [
              -79.0365259,
              43.0537841
            ],
            [
              -79.0364968,
              43.0537827
            ],
            [
              -79.036473,
              43.0537866
            ],
            [
              -79.0364565,
              43.0537934
            ],
            [
              -79.0364371,
              43.0538061
            ],
            [
              -79.0364201,
              43.0538281
            ],
            [
              -79.036389,
              43.0539384
            ],
            [
              -79.0363968,
              43.0539543
            ],
            [
              -79.0364216,
              43.0539703
            ],
            [
              -79.0364497,
              43.0539806
            ],
            [
              -79.0364783,
              43.0539823
            ],
            [
              -79.036507,
              43.0539763
            ],
            [
              -79.0365288,
              43.0539625
            ],
            [
              -79.0365419,
              43.0539476
            ],
            [
              -79.0365564,
              43.0539199
            ]
          ]
        ]
      }
    },
    {
      "type": "Feature",
      "properties": {
        "@id": "way/1446384568",
        "golf": "tee"
      },
      "geometry": {
        "type": "Polygon",
        "coordinates": [
          [
            [
              -79.036572,
              43.0536303
            ],
            [
              -79.036589,
              43.0535757
            ],
            [
              -79.0365938,
              43.0535274
            ],
            [
              -79.036586,
              43.053498
            ],
            [
              -79.0365657,
              43.0534817
            ],
            [
              -79.0365448,
              43.0534711
            ],
            [
              -79.0365215,
              43.0534675
            ],
            [
              -79.0364953,
              43.0534707
            ],
            [
              -79.0364686,
              43.0534774
            ],
            [
              -79.0364458,
              43.0534891
            ],
            [
              -79.0364157,
              43.0535186
            ],
            [
              -79.0364026,
              43.0535469
            ],
            [
              -79.0363963,
              43.0535835
            ],
            [
              -79.0364007,
              43.0536111
            ],
            [
              -79.0364109,
              43.053637
            ],
            [
              -79.0364259,
              43.0536551
            ],
            [
              -79.0364512,
              43.0536689
            ],
            [
              -79.0364841,
              43.0536774
            ],
            [
              -79.0365113,
              43.0536771
            ],
            [
              -79.0365361,
              43.0536686
            ],
            [
              -79.0365594,
              43.0536526
            ],
            [
              -79.036572,
              43.0536303
            ]
          ]
        ]
      }
    },
    {
      "type": "Feature",
      "properties": {
        "@id": "way/1446384569",
        "golf": "tee"
      },
      "geometry": {
        "type": "Polygon",
        "coordinates": [
          [
            [
              -79.0365254,
              43.053287
            ],
            [
              -79.0365521,
              43.0532707
            ],
            [
              -79.0365802,
              43.0532378
            ],
            [
              -79.0365822,
              43.0532147
            ],
            [
              -79.0365812,
              43.0531874
            ],
            [
              -79.0365691,
              43.0531622
            ],
            [
              -79.0365501,
              43.0531516
            ],
            [
              -79.0365254,
              43.0531502
            ],
            [
              -79.0364919,
              43.0531551
            ],
            [
              -79.0364633,
              43.0531672
            ],
            [
              -79.0364453,
              43.0531824
            ],
            [
              -79.0364347,
              43.0531984
            ],
            [
              -79.0364288,
              43.0532175
            ],
            [
              -79.0364274,
              43.0532324
            ],
            [
              -79.0364293,
              43.0532491
            ],
            [
              -79.0364371,
              43.0532679
            ],
            [
              -79.0364507,
              43.0532803
            ],
            [
              -79.0364701,
              43.0532885
            ],
            [
              -79.0364977,
              43.0532927
            ],
            [
              -79.0365254,
              43.053287
            ]
          ]
        ]
      }
    },
    {
      "type": "Feature",
      "properties": {
        "@id": "way/1446384570",
        "golf": "tee"
      },
      "geometry": {
        "type": "Polygon",
        "coordinates": [
          [
            [
              -79.0385989,
              43.0535788
            ],
            [
              -79.0386162,
              43.0535669
            ],
            [
              -79.0386345,
              43.053549
            ],
            [
              -79.0386468,
              43.053534
            ],
            [
              -79.0386557,
              43.0535168
            ],
            [
              -79.0386574,
              43.0535001
            ],
            [
              -79.0386535,
              43.0534845
            ],
            [
              -79.0386443,
              43.0534727
            ],
            [
              -79.0386332,
              43.0534647
            ],
            [
              -79.0386195,
              43.0534615
            ],
            [
              -79.0386017,
              43.0534615
            ],
            [
              -79.0385844,
              43.0534661
            ],
            [
              -79.0385702,
              43.0534767
            ],
            [
              -79.0385565,
              43.0534914
            ],
            [
              -79.0385284,
              43.0535287
            ],
            [
              -79.0385222,
              43.0535435
            ],
            [
              -79.0385239,
              43.0535572
            ],
            [
              -79.0385295,
              43.053568
            ],
            [
              -79.0385406,
              43.0535783
            ],
            [
              -79.0385504,
              43.0535845
            ],
            [
              -79.038564,
              43.0535859
            ],
            [
              -79.0385844,
              43.0535843
            ],
            [
              -79.0385989,
              43.0535788
            ]
          ]
        ]
      }
    },
    {
      "type": "Feature",
      "properties": {
        "@id": "way/1446384571",
        "golf": "tee"
      },
      "geometry": {
        "type": "Polygon",
        "coordinates": [
          [
            [
              -79.038173,
              43.0536633
            ],
            [
              -79.0381702,
              43.0536802
            ],
            [
              -79.0381775,
              43.0537058
            ],
            [
              -79.0381858,
              43.053716
            ],
            [
              -79.0382012,
              43.0537248
            ],
            [
              -79.038221,
              43.0537284
            ],
            [
              -79.0382405,
              43.0537284
            ],
            [
              -79.0382697,
              43.0537238
            ],
            [
              -79.0382898,
              43.0537128
            ],
            [
              -79.0383149,
              43.0536944
            ],
            [
              -79.0383324,
              43.0536751
            ],
            [
              -79.0383478,
              43.0536535
            ],
            [
              -79.0383653,
              43.0536286
            ],
            [
              -79.0383795,
              43.0536046
            ],
            [
              -79.038384,
              43.0535851
            ],
            [
              -79.0383776,
              43.0535684
            ],
            [
              -79.0383653,
              43.0535529
            ],
            [
              -79.03835,
              43.0535443
            ],
            [
              -79.0383232,
              43.053537
            ],
            [
              -79.0382909,
              43.053539
            ],
            [
              -79.0382639,
              43.0535541
            ],
            [
              -79.0382355,
              43.0535757
            ],
            [
              -79.0381942,
              43.0536264
            ],
            [
              -79.038173,
              43.0536633
            ]
          ]
        ]
      }
    },
    {
      "type": "Feature",
      "properties": {
        "@id": "way/1446384572",
        "golf": "tee"
      },
      "geometry": {
        "type": "Polygon",
        "coordinates": [
          [
            [
              -79.0380056,
              43.0537809
            ],
            [
              -79.037908,
              43.0538753
            ],
            [
              -79.0378916,
              43.053896
            ],
            [
              -79.0378899,
              43.0539179
            ],
            [
              -79.0378987,
              43.053938
            ],
            [
              -79.0379173,
              43.0539522
            ],
            [
              -79.0379448,
              43.0539627
            ],
            [
              -79.0379832,
              43.0539624
            ],
            [
              -79.0380276,
              43.0539509
            ],
            [
              -79.0380652,
              43.0539284
            ],
            [
              -79.0380968,
              43.0538997
            ],
            [
              -79.0381222,
              43.0538642
            ],
            [
              -79.0381332,
              43.0538361
            ],
            [
              -79.0381328,
              43.0538151
            ],
            [
              -79.0381184,
              43.0537951
            ],
            [
              -79.0380964,
              43.0537756
            ],
            [
              -79.038074,
              43.0537648
            ],
            [
              -79.0380495,
              43.0537636
            ],
            [
              -79.038031,
              43.0537664
            ],
            [
              -79.0380056,
              43.0537809
            ]
          ]
        ]
      }
    },
    {
      "type": "Feature",
      "properties": {
        "@id": "way/1446384573",
        "golf": "tee"
      },
      "geometry": {
        "type": "Polygon",
        "coordinates": [
          [
            [
              -79.0377386,
              43.0541621
            ],
            [
              -79.0377661,
              43.0541479
            ],
            [
              -79.0377872,
              43.0541223
            ],
            [
              -79.0377919,
              43.054101
            ],
            [
              -79.0377843,
              43.0540766
            ],
            [
              -79.0377695,
              43.0540661
            ],
            [
              -79.0377522,
              43.0540593
            ],
            [
              -79.0377348,
              43.0540568
            ],
            [
              -79.0377103,
              43.0540614
            ],
            [
              -79.0376939,
              43.0540707
            ],
            [
              -79.0376719,
              43.0540898
            ],
            [
              -79.0376596,
              43.0541093
            ],
            [
              -79.037655,
              43.0541226
            ],
            [
              -79.0376546,
              43.0541346
            ],
            [
              -79.037663,
              43.0541497
            ],
            [
              -79.0376799,
              43.0541602
            ],
            [
              -79.0377091,
              43.0541655
            ],
            [
              -79.0377386,
              43.0541621
            ]
          ]
        ]
      }
    },
    {
      "type": "Feature",
      "properties": {
        "@id": "way/1446384574",
        "golf": "green"
      },
      "geometry": {
        "type": "Polygon",
        "coordinates": [
          [
            [
              -79.0359162,
              43.0567585
            ],
            [
              -79.035957,
              43.0567354
            ],
            [
              -79.0360163,
              43.056705
            ],
            [
              -79.0360541,
              43.0566684
            ],
            [
              -79.0360803,
              43.0566251
            ],
            [
              -79.0360903,
              43.0565896
            ],
            [
              -79.0360818,
              43.0565514
            ],
            [
              -79.0360649,
              43.0565187
            ],
            [
              -79.0360348,
              43.056494
            ],
            [
              -79.0360025,
              43.0564827
            ],
            [
              -79.0359701,
              43.0564782
            ],
            [
              -79.0359347,
              43.0564788
            ],
            [
              -79.03589,
              43.0564855
            ],
            [
              -79.0358446,
              43.0564956
            ],
            [
              -79.0358161,
              43.0565041
            ],
            [
              -79.035796,
              43.0565182
            ],
            [
              -79.0357729,
              43.0565379
            ],
            [
              -79.0357475,
              43.0565559
            ],
            [
              -79.035719,
              43.0565722
            ],
            [
              -79.0356813,
              43.0565868
            ],
            [
              -79.0356451,
              43.0566076
            ],
            [
              -79.0356258,
              43.0566341
            ],
            [
              -79.0356266,
              43.0566741
            ],
            [
              -79.0356412,
              43.056705
            ],
            [
              -79.0356613,
              43.0567315
            ],
            [
              -79.0356913,
              43.0567529
            ],
            [
              -79.0357437,
              43.0567697
            ],
            [
              -79.0358007,
              43.0567771
            ],
            [
              -79.0358438,
              43.0567748
            ],
            [
              -79.0358708,
              43.056772
            ],
            [
              -79.0359162,
              43.0567585
            ]
          ]
        ]
      }
    },
    {
      "type": "Feature",
      "properties": {
        "@id": "way/1446384575",
        "golf": "fairway"
      },
      "geometry": {
        "type": "Polygon",
        "coordinates": [
          [
            [
              -79.0359732,
              43.0563274
            ],
            [
              -79.035947,
              43.0563493
            ],
            [
              -79.0359324,
              43.0563718
            ],
            [
              -79.0359147,
              43.0564056
            ],
            [
              -79.0359008,
              43.0564337
            ],
            [
              -79.0358754,
              43.0564613
            ],
            [
              -79.0358307,
              43.0564833
            ],
            [
              -79.0357806,
              43.0565092
            ],
            [
              -79.0357475,
              43.0565395
            ],
            [
              -79.0357028,
              43.0565649
            ],
            [
              -79.035652,
              43.0565801
            ],
            [
              -79.035612,
              43.0565964
            ],
            [
              -79.0355958,
              43.0566105
            ],
            [
              -79.0355942,
              43.0566363
            ],
            [
              -79.0356066,
              43.0566651
            ],
            [
              -79.0356181,
              43.0566938
            ],
            [
              -79.0356335,
              43.0567208
            ],
            [
              -79.0356582,
              43.0567483
            ],
            [
              -79.0356921,
              43.0567652
            ],
            [
              -79.035736,
              43.0567804
            ],
            [
              -79.0357937,
              43.0567861
            ],
            [
              -79.0358608,
              43.0567894
            ],
            [
              -79.0359208,
              43.0567939
            ],
            [
              -79.0359701,
              43.0567979
            ],
            [
              -79.0360302,
              43.0568018
            ],
            [
              -79.0360972,
              43.0568018
            ],
            [
              -79.0361427,
              43.0567934
            ],
            [
              -79.0361712,
              43.0567816
            ],
            [
              -79.0361958,
              43.056763
            ],
            [
              -79.0362366,
              43.056723
            ],
            [
              -79.0362605,
              43.0566741
            ],
            [
              -79.0362913,
              43.0566054
            ],
            [
              -79.0363399,
              43.0565204
            ],
            [
              -79.0363807,
              43.0564439
            ],
            [
              -79.03642,
              43.0563769
            ],
            [
              -79.0364361,
              43.0563262
            ],
            [
              -79.0364431,
              43.0562598
            ],
            [
              -79.0364377,
              43.0562379
            ],
            [
              -79.0364123,
              43.0561889
            ],
            [
              -79.0363599,
              43.0561005
            ],
            [
              -79.0363607,
              43.0560673
            ],
            [
              -79.0363668,
              43.0560454
            ],
            [
              -79.0363884,
              43.0560212
            ],
            [
              -79.0364238,
              43.0560099
            ],
            [
              -79.0364723,
              43.0560133
            ],
            [
              -79.0365332,
              43.0560173
            ],
            [
              -79.036574,
              43.0560178
            ],
            [
              -79.0366164,
              43.0560105
            ],
            [
              -79.036668,
              43.0559784
            ],
            [
              -79.0367026,
              43.0559418
            ],
            [
              -79.0367242,
              43.0558951
            ],
            [
              -79.0367481,
              43.055845
            ],
            [
              -79.0367889,
              43.0557319
            ],
            [
              -79.0368575,
              43.0556531
            ],
            [
              -79.0369175,
              43.0555839
            ],
            [
              -79.0369946,
              43.0555146
            ],
            [
              -79.0370963,
              43.0554375
            ],
            [
              -79.0371633,
              43.0553818
            ],
            [
              -79.0372172,
              43.0553289
            ],
            [
              -79.0372287,
              43.0552901
            ],
            [
              -79.0372449,
              43.0552265
            ],
            [
              -79.0372465,
              43.0551601
            ],
            [
              -79.0372465,
              43.0551122
            ],
            [
              -79.0372364,
              43.0550627
            ],
            [
              -79.0372411,
              43.0550295
            ],
            [
              -79.0372734,
              43.0549721
            ],
            [
              -79.0372957,
              43.0549321
            ],
            [
              -79.0373011,
              43.0548933
            ],
            [
              -79.0373019,
              43.0548432
            ],
            [
              -79.0372842,
              43.0547807
            ],
            [
              -79.0372827,
              43.0547385
            ],
            [
              -79.037305,
              43.0547143
            ],
            [
              -79.0373373,
              43.054689
            ],
            [
              -79.0373859,
              43.0546766
            ],
            [
              -79.0374367,
              43.0546828
            ],
            [
              -79.0375099,
              43.0547064
            ],
            [
              -79.0376208,
              43.054734
            ],
            [
              -79.0376917,
              43.0547318
            ],
            [
              -79.0377386,
              43.0547132
            ],
            [
              -79.0377995,
              43.0546727
            ],
            [
              -79.037838,
              43.0546338
            ],
            [
              -79.037865,
              43.0545939
            ],
            [
              -79.0378734,
              43.0545578
            ],
            [
              -79.0378788,
              43.0545151
            ],
            [
              -79.0378742,
              43.0544768
            ],
            [
              -79.0378526,
              43.054443
            ],
            [
              -79.0377741,
              43.0543896
            ],
            [
              -79.0377132,
              43.0543547
            ],
            [
              -79.0376539,
              43.0543288
            ],
            [
              -79.0375985,
              43.0543096
            ],
            [
              -79.0375461,
              43.0543046
            ],
            [
              -79.0375122,
              43.0543057
            ],
            [
              -79.0374652,
              43.0543153
            ],
            [
              -79.0373913,
              43.0543614
            ],
            [
              -79.0372703,
              43.054447
            ],
            [
              -79.0371594,
              43.0545201
            ],
            [
              -79.0371009,
              43.0545629
            ],
            [
              -79.0370285,
              43.0546079
            ],
            [
              -79.0369892,
              43.0546423
            ],
            [
              -79.0369376,
              43.0547216
            ],
            [
              -79.0368128,
              43.0548708
            ],
            [
              -79.0366919,
              43.0550261
            ],
            [
              -79.0365948,
              43.0551454
            ],
            [
              -79.0365471,
              43.0552332
            ],
            [
              -79.0364901,
              43.0553694
            ],
            [
              -79.0364315,
              43.0554657
            ],
            [
              -79.0363452,
              43.0555574
            ],
            [
              -79.0362582,
              43.0556047
            ],
            [
              -79.0362151,
              43.0556295
            ],
            [
              -79.0361912,
              43.0556599
            ],
            [
              -79.0361542,
              43.0557116
            ],
            [
              -79.0361049,
              43.0558017
            ],
            [
              -79.0360749,
              43.0558889
            ],
            [
              -79.0360641,
              43.0559497
            ],
            [
              -79.0360687,
              43.0559959
            ],
            [
              -79.036078,
              43.0560493
            ],
            [
              -79.0361026,
              43.0561214
            ],
            [
              -79.0361172,
              43.0561675
            ],
            [
              -79.0361234,
              43.0561985
            ],
            [
              -79.0361134,
              43.0562244
            ],
            [
              -79.0360918,
              43.0562525
            ],
            [
              -79.0360641,
              43.0562733
            ],
            [
              -79.0359732,
              43.0563274
            ]
          ]
        ]
      }
    },
    {
      "type": "Feature",
      "properties": {
        "@id": "way/1446385311",
        "golf": "bunker"
      },
      "geometry": {
        "type": "Polygon",
        "coordinates": [
          [
            [
              -79.0373521,
              43.0553256
            ],
            [
              -79.0373739,
              43.0553187
            ],
            [
              -79.0373907,
              43.0553059
            ],
            [
              -79.0374053,
              43.0552841
            ],
            [
              -79.0374168,
              43.0552653
            ],
            [
              -79.0374181,
              43.0552505
            ],
            [
              -79.0374181,
              43.0552299
            ],
            [
              -79.0374176,
              43.0552186
            ],
            [
              -79.0374117,
              43.0552112
            ],
            [
              -79.0374045,
              43.0552003
            ],
            [
              -79.0373949,
              43.0551898
            ],
            [
              -79.0373806,
              43.0551819
            ],
            [
              -79.037363,
              43.055176
            ],
            [
              -79.0373489,
              43.0551747
            ],
            [
              -79.0373287,
              43.0551795
            ],
            [
              -79.0373133,
              43.0551863
            ],
            [
              -79.0373047,
              43.0551939
            ],
            [
              -79.0372997,
              43.0552038
            ],
            [
              -79.0372991,
              43.0552101
            ],
            [
              -79.0373018,
              43.0552151
            ],
            [
              -79.0373069,
              43.0552159
            ],
            [
              -79.0373175,
              43.0552143
            ],
            [
              -79.0373271,
              43.0552157
            ],
            [
              -79.0373324,
              43.0552202
            ],
            [
              -79.0373345,
              43.0552266
            ],
            [
              -79.0373305,
              43.0552328
            ],
            [
              -79.0373164,
              43.0552382
            ],
            [
              -79.0373045,
              43.0552451
            ],
            [
              -79.0372976,
              43.0552546
            ],
            [
              -79.0372853,
              43.0552674
            ],
            [
              -79.0372866,
              43.0552742
            ],
            [
              -79.0372914,
              43.0552781
            ],
            [
              -79.037297,
              43.0552756
            ],
            [
              -79.037305,
              43.0552758
            ],
            [
              -79.0373135,
              43.0552783
            ],
            [
              -79.0373167,
              43.055281
            ],
            [
              -79.0373242,
              43.0552793
            ],
            [
              -79.0373316,
              43.0552797
            ],
            [
              -79.0373359,
              43.055282
            ],
            [
              -79.0373361,
              43.0552872
            ],
            [
              -79.0373164,
              43.0553081
            ],
            [
              -79.0373138,
              43.0553131
            ],
            [
              -79.0373159,
              43.0553195
            ],
            [
              -79.0373244,
              43.0553246
            ],
            [
              -79.0373361,
              43.0553259
            ],
            [
              -79.0373521,
              43.0553256
            ]
          ]
        ]
      }
    },
    {
      "type": "Feature",
      "properties": {
        "@id": "way/1446385312",
        "golf": "bunker"
      },
      "geometry": {
        "type": "Polygon",
        "coordinates": [
          [
            [
              -79.0373936,
              43.0550819
            ],
            [
              -79.0374122,
              43.0550704
            ],
            [
              -79.037421,
              43.0550559
            ],
            [
              -79.0374258,
              43.0550389
            ],
            [
              -79.0374248,
              43.0550212
            ],
            [
              -79.0374186,
              43.0550049
            ],
            [
              -79.0374032,
              43.0549892
            ],
            [
              -79.0373851,
              43.05498
            ],
            [
              -79.0373633,
              43.0549761
            ],
            [
              -79.0373428,
              43.0549775
            ],
            [
              -79.0373218,
              43.0549822
            ],
            [
              -79.0373114,
              43.0549859
            ],
            [
              -79.0373037,
              43.0549956
            ],
            [
              -79.0373031,
              43.0549993
            ],
            [
              -79.0373053,
              43.0550041
            ],
            [
              -79.0373117,
              43.0550053
            ],
            [
              -79.0373172,
              43.0550053
            ],
            [
              -79.0373279,
              43.0550059
            ],
            [
              -79.0373348,
              43.0550109
            ],
            [
              -79.0373369,
              43.0550183
            ],
            [
              -79.0373327,
              43.0550246
            ],
            [
              -79.0373191,
              43.0550329
            ],
            [
              -79.0373013,
              43.0550426
            ],
            [
              -79.0372962,
              43.0550446
            ],
            [
              -79.0372904,
              43.0550448
            ],
            [
              -79.0372834,
              43.0550438
            ],
            [
              -79.0372779,
              43.0550477
            ],
            [
              -79.0372779,
              43.0550516
            ],
            [
              -79.0372789,
              43.0550547
            ],
            [
              -79.0372813,
              43.0550574
            ],
            [
              -79.0372909,
              43.0550578
            ],
            [
              -79.0372968,
              43.0550597
            ],
            [
              -79.0373002,
              43.055064
            ],
            [
              -79.0373015,
              43.0550679
            ],
            [
              -79.0373029,
              43.0550716
            ],
            [
              -79.0373042,
              43.0550741
            ],
            [
              -79.0373069,
              43.0550774
            ],
            [
              -79.0373148,
              43.0550792
            ],
            [
              -79.037326,
              43.0550778
            ],
            [
              -79.0373476,
              43.0550782
            ],
            [
              -79.0373646,
              43.05508
            ],
            [
              -79.0373705,
              43.0550823
            ],
            [
              -79.0373803,
              43.0550841
            ],
            [
              -79.0373936,
              43.0550819
            ]
          ]
        ]
      }
    },
    {
      "type": "Feature",
      "properties": {
        "@id": "way/1446385313",
        "golf": "bunker"
      },
      "geometry": {
        "type": "Polygon",
        "coordinates": [
          [
            [
              -79.0373614,
              43.0548702
            ],
            [
              -79.0373753,
              43.0548702
            ],
            [
              -79.0373963,
              43.0548667
            ],
            [
              -79.0374221,
              43.0548577
            ],
            [
              -79.0374463,
              43.0548462
            ],
            [
              -79.0374633,
              43.0548357
            ],
            [
              -79.0374742,
              43.0548223
            ],
            [
              -79.0374801,
              43.0548093
            ],
            [
              -79.0374804,
              43.0547976
            ],
            [
              -79.0374782,
              43.0547831
            ],
            [
              -79.0374711,
              43.0547652
            ],
            [
              -79.0374604,
              43.0547465
            ],
            [
              -79.0374514,
              43.0547335
            ],
            [
              -79.0374397,
              43.0547237
            ],
            [
              -79.0374301,
              43.0547175
            ],
            [
              -79.0374205,
              43.0547134
            ],
            [
              -79.0374106,
              43.0547127
            ],
            [
              -79.0373957,
              43.0547123
            ],
            [
              -79.037379,
              43.054716
            ],
            [
              -79.0373561,
              43.054723
            ],
            [
              -79.0373364,
              43.0547315
            ],
            [
              -79.0373236,
              43.0547395
            ],
            [
              -79.0373204,
              43.0547467
            ],
            [
              -79.0373199,
              43.0547537
            ],
            [
              -79.0373252,
              43.0547621
            ],
            [
              -79.0373353,
              43.0547654
            ],
            [
              -79.0373462,
              43.0547671
            ],
            [
              -79.037354,
              43.0547706
            ],
            [
              -79.037354,
              43.0547759
            ],
            [
              -79.0373558,
              43.0547799
            ],
            [
              -79.037359,
              43.0547836
            ],
            [
              -79.0373702,
              43.0547823
            ],
            [
              -79.0373803,
              43.0547807
            ],
            [
              -79.0373894,
              43.0547836
            ],
            [
              -79.0373949,
              43.0547912
            ],
            [
              -79.0373949,
              43.0547992
            ],
            [
              -79.0373883,
              43.0548068
            ],
            [
              -79.0373782,
              43.054814
            ],
            [
              -79.0373665,
              43.0548212
            ],
            [
              -79.0373665,
              43.0548258
            ],
            [
              -79.0373657,
              43.0548352
            ],
            [
              -79.0373627,
              43.0548418
            ],
            [
              -79.0373569,
              43.0548464
            ],
            [
              -79.0373513,
              43.0548534
            ],
            [
              -79.0373513,
              43.0548585
            ],
            [
              -79.0373529,
              43.0548643
            ],
            [
              -79.0373558,
              43.0548682
            ],
            [
              -79.0373614,
              43.0548702
            ]
          ]
        ]
      }
    }
  ]
}
