{
  "type": "FeatureCollection",
  "generator": "overpass-turbo",
  "copyright": "The data included in this document is from www.openstreetmap.org. The data is made available under ODbL.",
  "timestamp": "2026-08-06T19:52:51Z",
  "features": [
    {
      "type": "Feature",
      "properties": {
        "@id": "way/895416120",
        "golf": "tee",
        "landuse": "grass"
      },
      "geometry": {
        "type": "Polygon",
        "coordinates": [
          [
            [
              -80.2873233,
              43.3287617
            ],
            [
              -80.2873395,
              43.328751
            ],
            [
              -80.2873356,
              43.3287325
            ],
            [
              -80.2873256,
              43.3287129
            ],
            [
              -80.2873256,
              43.3286972
            ],
            [
              -80.2873264,
              43.3286759
            ],
            [
              -80.2873117,
              43.3286558
            ],
            [
              -80.2872894,
              43.3286479
            ],
            [
              -80.2872393,
              43.3286518
            ],
            [
              -80.28717,
              43.3286602
            ],
            [
              -80.2871323,
              43.3286675
            ],
            [
              -80.2871138,
              43.3286804
            ],
            [
              -80.287103,
              43.3286933
            ],
            [
              -80.2871107,
              43.3287135
            ],
            [
              -80.2871361,
              43.3287213
            ],
            [
              -80.2871831,
              43.3287314
            ],
            [
              -80.2872417,
              43.3287493
            ],
            [
              -80.2872802,
              43.3287605
            ],
            [
              -80.2873002,
              43.3287661
            ],
            [
              -80.2873233,
              43.3287617
            ]
          ]
        ]
      }
    },
    {
      "type": "Feature",
      "properties": {
        "@id": "way/895416121",
        "golf": "tee",
        "landuse": "grass"
      },
      "geometry": {
        "type": "Polygon",
        "coordinates": [
          [
            [
              -80.2876738,
              43.3286675
            ],
            [
              -80.287643,
              43.3286731
            ],
            [
              -80.2876037,
              43.328681
            ],
            [
              -80.2875744,
              43.3286877
            ],
            [
              -80.2875297,
              43.3286972
            ],
            [
              -80.2875043,
              43.3286995
            ],
            [
              -80.2874797,
              43.3286883
            ],
            [
              -80.2874774,
              43.3286625
            ],
            [
              -80.2874881,
              43.3286446
            ],
            [
              -80.2875166,
              43.3286317
            ],
            [
              -80.2875544,
              43.3286221
            ],
            [
              -80.2875991,
              43.3286132
            ],
            [
              -80.2876491,
              43.3286081
            ],
            [
              -80.2876707,
              43.3286132
            ],
            [
              -80.2876869,
              43.3286328
            ],
            [
              -80.2876876,
              43.3286524
            ],
            [
              -80.2876738,
              43.3286675
            ]
          ]
        ]
      }
    },
    {
      "type": "Feature",
      "properties": {
        "@id": "way/895416122",
        "golf": "tee",
        "landuse": "grass"
      },
      "geometry": {
        "type": "Polygon",
        "coordinates": [
          [
            [
              -80.2878586,
              43.3286434
            ],
            [
              -80.2878401,
              43.3286546
            ],
            [
              -80.2878147,
              43.3286642
            ],
            [
              -80.2877754,
              43.3286619
            ],
            [
              -80.2877523,
              43.3286518
            ],
            [
              -80.2877423,
              43.3286328
            ],
            [
              -80.2877423,
              43.3286104
            ],
            [
              -80.2877485,
              43.3285924
            ],
            [
              -80.2877793,
              43.3285796
            ],
            [
              -80.2878209,
              43.3285712
            ],
            [
              -80.2878532,
              43.3285768
            ],
            [
              -80.2878764,
              43.3285913
            ],
            [
              -80.2878833,
              43.3286182
            ],
            [
              -80.2878748,
              43.3286311
            ],
            [
              -80.2878586,
              43.3286434
            ]
          ]
        ]
      }
    },
    {
      "type": "Feature",
      "properties": {
        "@id": "way/895416123",
        "golf": "tee",
        "landuse": "grass"
      },
      "geometry": {
        "type": "Polygon",
        "coordinates": [
          [
            [
              -80.2884225,
              43.3285353
            ],
            [
              -80.2884032,
              43.3285499
            ],
            [
              -80.2883801,
              43.3285627
            ],
            [
              -80.2883524,
              43.32857
            ],
            [
              -80.288327,
              43.3285712
            ],
            [
              -80.2883054,
              43.3285571
            ],
            [
              -80.2882931,
              43.328542
            ],
            [
              -80.2882946,
              43.328519
            ],
            [
              -80.2883115,
              43.3284972
            ],
            [
              -80.2883439,
              43.328477
            ],
            [
              -80.2883809,
              43.328463
            ],
            [
              -80.2884225,
              43.3284608
            ],
            [
              -80.2884494,
              43.3284742
            ],
            [
              -80.288454,
              43.3284977
            ],
            [
              -80.2884479,
              43.3285157
            ],
            [
              -80.2884363,
              43.3285263
            ],
            [
              -80.2884225,
              43.3285353
            ]
          ]
        ]
      }
    },
    {
      "type": "Feature",
      "properties": {
        "@id": "way/895416124",
        "golf": "fairway",
        "landuse": "grass"
      },
      "geometry": {
        "type": "Polygon",
        "coordinates": [
          [
            [
              -80.2908715,
              43.328226
            ],
            [
              -80.2908755,
              43.3282641
            ],
            [
              -80.2908259,
              43.328307
            ],
            [
              -80.2907561,
              43.3283587
            ],
            [
              -80.290681,
              43.3284016
            ],
            [
              -80.2906046,
              43.328426
            ],
            [
              -80.2905054,
              43.3284387
            ],
            [
              -80.290386,
              43.3284563
            ],
            [
              -80.2902747,
              43.3284807
            ],
            [
              -80.2901687,
              43.3285138
            ],
            [
              -80.2900521,
              43.3285519
            ],
            [
              -80.2899636,
              43.3285694
            ],
            [
              -80.2898656,
              43.3285733
            ],
            [
              -80.2898066,
              43.3285733
            ],
            [
              -80.2897423,
              43.3285782
            ],
            [
              -80.2896846,
              43.3285919
            ],
            [
              -80.289631,
              43.3286016
            ],
            [
              -80.2895639,
              43.3285889
            ],
            [
              -80.2895129,
              43.3285675
            ],
            [
              -80.2894459,
              43.3285441
            ],
            [
              -80.2893949,
              43.3285489
            ],
            [
              -80.2893533,
              43.3285597
            ],
            [
              -80.2893158,
              43.3285626
            ],
            [
              -80.2892528,
              43.3285694
            ],
            [
              -80.2891857,
              43.3285743
            ],
            [
              -80.289124,
              43.328586
            ],
            [
              -80.2890637,
              43.328587
            ],
            [
              -80.2890006,
              43.3285694
            ],
            [
              -80.2889711,
              43.3285226
            ],
            [
              -80.2889859,
              43.3284826
            ],
            [
              -80.2890342,
              43.3284524
            ],
            [
              -80.2890932,
              43.3284338
            ],
            [
              -80.2891602,
              43.3284358
            ],
            [
              -80.2892326,
              43.3284192
            ],
            [
              -80.289285,
              43.3284046
            ],
            [
              -80.2893252,
              43.3283987
            ],
            [
              -80.2893842,
              43.3284065
            ],
            [
              -80.2894472,
              43.3284085
            ],
            [
              -80.2895143,
              43.3283899
            ],
            [
              -80.289588,
              43.3283714
            ],
            [
              -80.2896658,
              43.3283616
            ],
            [
              -80.2897248,
              43.3283548
            ],
            [
              -80.2898013,
              43.3283304
            ],
            [
              -80.2898898,
              43.3283021
            ],
            [
              -80.2899515,
              43.328268
            ],
            [
              -80.2900011,
              43.3282485
            ],
            [
              -80.2900735,
              43.3282387
            ],
            [
              -80.2901446,
              43.3282485
            ],
            [
              -80.2902063,
              43.3282777
            ],
            [
              -80.2902801,
              43.3282963
            ],
            [
              -80.2903645,
              43.3283031
            ],
            [
              -80.2904691,
              43.3282904
            ],
            [
              -80.2905684,
              43.3282641
            ],
            [
              -80.2906421,
              43.328227
            ],
            [
              -80.2906918,
              43.328188
            ],
            [
              -80.2907521,
              43.3281656
            ],
            [
              -80.2907883,
              43.3281587
            ],
            [
              -80.2908393,
              43.3281802
            ],
            [
              -80.2908581,
              43.3281919
            ],
            [
              -80.2908715,
              43.328226
            ]
          ]
        ]
      }
    },
    {
      "type": "Feature",
      "properties": {
        "@id": "way/895416125",
        "golf": "green",
        "landuse": "grass"
      },
      "geometry": {
        "type": "Polygon",
        "coordinates": [
          [
            [
              -80.2915613,
              43.3281183
            ],
            [
              -80.2915421,
              43.3281395
            ],
            [
              -80.2915313,
              43.3281614
            ],
            [
              -80.2915059,
              43.3281872
            ],
            [
              -80.2914697,
              43.3281995
            ],
            [
              -80.2914311,
              43.3282001
            ],
            [
              -80.2913888,
              43.3281692
            ],
            [
              -80.2913626,
              43.3281384
            ],
            [
              -80.2913225,
              43.3281183
            ],
            [
              -80.2912694,
              43.3280981
            ],
            [
              -80.2912386,
              43.3280796
            ],
            [
              -80.2912355,
              43.3280325
            ],
            [
              -80.2912617,
              43.328014
            ],
            [
              -80.2912656,
              43.3280126
            ],
            [
              -80.291301,
              43.328
            ],
            [
              -80.2913549,
              43.3280107
            ],
            [
              -80.291405,
              43.328028
            ],
            [
              -80.2914404,
              43.3280297
            ],
            [
              -80.2914997,
              43.3280236
            ],
            [
              -80.2915397,
              43.3280236
            ],
            [
              -80.2915721,
              43.3280314
            ],
            [
              -80.2915944,
              43.328051
            ],
            [
              -80.2915998,
              43.3280785
            ],
            [
              -80.291586,
              43.3280958
            ],
            [
              -80.2915729,
              43.3281082
            ],
            [
              -80.2915613,
              43.3281183
            ]
          ]
        ]
      }
    },
    {
      "type": "Feature",
      "properties": {
        "@id": "way/895416127",
        "golf": "bunker",
        "natural": "sand"
      },
      "geometry": {
        "type": "Polygon",
        "coordinates": [
          [
            [
              -80.291266,
              43.3281826
            ],
            [
              -80.2912523,
              43.3281871
            ],
            [
              -80.2912421,
              43.328189
            ],
            [
              -80.291224,
              43.3281816
            ],
            [
              -80.2912138,
              43.3281691
            ],
            [
              -80.2912151,
              43.3281559
            ],
            [
              -80.2912297,
              43.3281469
            ],
            [
              -80.2912434,
              43.3281433
            ],
            [
              -80.291262,
              43.3281498
            ],
            [
              -80.2912726,
              43.3281575
            ],
            [
              -80.2912744,
              43.3281678
            ],
            [
              -80.2912726,
              43.3281746
            ],
            [
              -80.291266,
              43.3281826
            ]
          ]
        ]
      }
    },
    {
      "type": "Feature",
      "properties": {
        "@id": "way/895416128",
        "golf": "bunker",
        "natural": "sand"
      },
      "geometry": {
        "type": "Polygon",
        "coordinates": [
          [
            [
              -80.2911523,
              43.3282643
            ],
            [
              -80.2911426,
              43.3282724
            ],
            [
              -80.2911297,
              43.3282734
            ],
            [
              -80.2911178,
              43.3282721
            ],
            [
              -80.2911045,
              43.328264
            ],
            [
              -80.2911001,
              43.328256
            ],
            [
              -80.2910992,
              43.3282466
            ],
            [
              -80.2911067,
              43.328237
            ],
            [
              -80.2911174,
              43.3282318
            ],
            [
              -80.2911315,
              43.3282302
            ],
            [
              -80.2911505,
              43.3282383
            ],
            [
              -80.2911563,
              43.3282463
            ],
            [
              -80.2911581,
              43.3282553
            ],
            [
              -80.2911523,
              43.3282643
            ]
          ]
        ]
      }
    },
    {
      "type": "Feature",
      "properties": {
        "@id": "way/895416129",
        "golf": "bunker",
        "natural": "sand"
      },
      "geometry": {
        "type": "Polygon",
        "coordinates": [
          [
            [
              -80.2910583,
              43.328257
            ],
            [
              -80.2910541,
              43.3282646
            ],
            [
              -80.2910433,
              43.3282707
            ],
            [
              -80.2910306,
              43.3282733
            ],
            [
              -80.2910152,
              43.3282716
            ],
            [
              -80.2910029,
              43.3282618
            ],
            [
              -80.2909994,
              43.3282514
            ],
            [
              -80.2910002,
              43.328243
            ],
            [
              -80.2910082,
              43.328236
            ],
            [
              -80.2910221,
              43.3282307
            ],
            [
              -80.2910371,
              43.3282298
            ],
            [
              -80.2910502,
              43.3282357
            ],
            [
              -80.2910541,
              43.3282427
            ],
            [
              -80.2910579,
              43.32825
            ],
            [
              -80.2910583,
              43.328257
            ]
          ]
        ]
      }
    },
    {
      "type": "Feature",
      "properties": {
        "@id": "way/895416130",
        "golf": "bunker",
        "natural": "sand"
      },
      "geometry": {
        "type": "Polygon",
        "coordinates": [
          [
            [
              -80.2910672,
              43.3283416
            ],
            [
              -80.2910672,
              43.32835
            ],
            [
              -80.2910618,
              43.3283565
            ],
            [
              -80.2910514,
              43.3283612
            ],
            [
              -80.2910394,
              43.3283618
            ],
            [
              -80.2910271,
              43.3283554
            ],
            [
              -80.2910217,
              43.3283461
            ],
            [
              -80.291019,
              43.328338
            ],
            [
              -80.2910225,
              43.3283296
            ],
            [
              -80.2910364,
              43.3283254
            ],
            [
              -80.2910506,
              43.3283251
            ],
            [
              -80.2910602,
              43.3283304
            ],
            [
              -80.2910645,
              43.3283338
            ],
            [
              -80.2910672,
              43.3283416
            ]
          ]
        ]
      }
    },
    {
      "type": "Feature",
      "properties": {
        "@id": "way/895416131",
        "golf": "bunker",
        "natural": "sand"
      },
      "geometry": {
        "type": "Polygon",
        "coordinates": [
          [
            [
              -80.2914736,
              43.3279609
            ],
            [
              -80.2914753,
              43.3279668
            ],
            [
              -80.2914762,
              43.3279745
            ],
            [
              -80.2914698,
              43.3279806
            ],
            [
              -80.2914567,
              43.3279857
            ],
            [
              -80.2914409,
              43.3279876
            ],
            [
              -80.2914263,
              43.3279864
            ],
            [
              -80.2914129,
              43.3279819
            ],
            [
              -80.2914041,
              43.3279747
            ],
            [
              -80.2914041,
              43.3279668
            ],
            [
              -80.2914085,
              43.3279596
            ],
            [
              -80.2914205,
              43.3279545
            ],
            [
              -80.2914371,
              43.3279498
            ],
            [
              -80.2914532,
              43.3279484
            ],
            [
              -80.2914646,
              43.3279503
            ],
            [
              -80.291471,
              43.3279532
            ],
            [
              -80.2914736,
              43.3279609
            ]
          ]
        ]
      }
    },
    {
      "type": "Feature",
      "properties": {
        "@id": "way/895416132",
        "golf": "bunker",
        "natural": "sand"
      },
      "geometry": {
        "type": "Polygon",
        "coordinates": [
          [
            [
              -80.2916883,
              43.3281307
            ],
            [
              -80.2916901,
              43.3281359
            ],
            [
              -80.2916883,
              43.3281423
            ],
            [
              -80.2916814,
              43.3281457
            ],
            [
              -80.2916769,
              43.328151
            ],
            [
              -80.2916756,
              43.3281555
            ],
            [
              -80.2916781,
              43.328163
            ],
            [
              -80.2916822,
              43.328171
            ],
            [
              -80.2916837,
              43.3281767
            ],
            [
              -80.2916825,
              43.3281845
            ],
            [
              -80.2916751,
              43.3281895
            ],
            [
              -80.2916621,
              43.3281922
            ],
            [
              -80.2916484,
              43.3281915
            ],
            [
              -80.2916321,
              43.3281865
            ],
            [
              -80.2916184,
              43.3281773
            ],
            [
              -80.2916126,
              43.328171
            ],
            [
              -80.2916133,
              43.3281628
            ],
            [
              -80.291622,
              43.3281575
            ],
            [
              -80.2916273,
              43.3281516
            ],
            [
              -80.2916299,
              43.3281451
            ],
            [
              -80.2916299,
              43.3281386
            ],
            [
              -80.2916306,
              43.328132
            ],
            [
              -80.2916365,
              43.3281261
            ],
            [
              -80.2916494,
              43.3281229
            ],
            [
              -80.2916662,
              43.3281207
            ],
            [
              -80.2916781,
              43.3281231
            ],
            [
              -80.2916853,
              43.3281264
            ],
            [
              -80.2916883,
              43.3281307
            ]
          ]
        ]
      }
    },
    {
      "type": "Feature",
      "properties": {
        "@id": "way/895416133",
        "golf": "tee",
        "landuse": "grass"
      },
      "geometry": {
        "type": "Polygon",
        "coordinates": [
          [
            [
              -80.2884411,
              43.3286963
            ],
            [
              -80.288471,
              43.328691
            ],
            [
              -80.2884961,
              43.3286898
            ],
            [
              -80.2885209,
              43.3286968
            ],
            [
              -80.2885333,
              43.3287159
            ],
            [
              -80.2885343,
              43.3287354
            ],
            [
              -80.2885229,
              43.3287544
            ],
            [
              -80.2884964,
              43.3287702
            ],
            [
              -80.288478,
              43.3287746
            ],
            [
              -80.2884525,
              43.3287785
            ],
            [
              -80.28842,
              43.3287719
            ],
            [
              -80.2883865,
              43.3287627
            ],
            [
              -80.288359,
              43.3287556
            ],
            [
              -80.2883254,
              43.3287485
            ],
            [
              -80.2882939,
              43.3287437
            ],
            [
              -80.2882711,
              43.3287293
            ],
            [
              -80.2882718,
              43.3287146
            ],
            [
              -80.2882839,
              43.3286976
            ],
            [
              -80.2883,
              43.328691
            ],
            [
              -80.2883244,
              43.3286895
            ],
            [
              -80.2883663,
              43.3286963
            ],
            [
              -80.2883935,
              43.3286978
            ],
            [
              -80.288419,
              43.3286968
            ],
            [
              -80.2884411,
              43.3286963
            ]
          ]
        ]
      }
    },
    {
      "type": "Feature",
      "properties": {
        "@id": "way/895416134",
        "golf": "tee",
        "landuse": "grass"
      },
      "geometry": {
        "type": "Polygon",
        "coordinates": [
          [
            [
              -80.2919341,
              43.3281625
            ],
            [
              -80.2919411,
              43.3281804
            ],
            [
              -80.291951,
              43.3281974
            ],
            [
              -80.2919539,
              43.3282139
            ],
            [
              -80.2919399,
              43.3282271
            ],
            [
              -80.2919137,
              43.328233
            ],
            [
              -80.2918868,
              43.328233
            ],
            [
              -80.2918769,
              43.3282186
            ],
            [
              -80.2918617,
              43.3281914
            ],
            [
              -80.2918524,
              43.3281647
            ],
            [
              -80.2918518,
              43.3281464
            ],
            [
              -80.2918605,
              43.328126
            ],
            [
              -80.2918792,
              43.3281171
            ],
            [
              -80.291909,
              43.3281226
            ],
            [
              -80.2919253,
              43.3281434
            ],
            [
              -80.2919341,
              43.3281625
            ]
          ]
        ]
      }
    },
    {
      "type": "Feature",
      "properties": {
        "@id": "way/895416135",
        "golf": "tee",
        "landuse": "grass"
      },
      "geometry": {
        "type": "Polygon",
        "coordinates": [
          [
            [
              -80.2918057,
              43.3283724
            ],
            [
              -80.291807,
              43.328388
            ],
            [
              -80.2918104,
              43.328406
            ],
            [
              -80.2918171,
              43.3284285
            ],
            [
              -80.2918265,
              43.3284465
            ],
            [
              -80.2918526,
              43.3284641
            ],
            [
              -80.2918708,
              43.3284787
            ],
            [
              -80.2918748,
              43.3284933
            ],
            [
              -80.2918654,
              43.3285016
            ],
            [
              -80.2918372,
              43.328507
            ],
            [
              -80.2918037,
              43.328506
            ],
            [
              -80.2917715,
              43.3284909
            ],
            [
              -80.2917433,
              43.3284709
            ],
            [
              -80.2917393,
              43.3284504
            ],
            [
              -80.2917467,
              43.3284207
            ],
            [
              -80.291744,
              43.3283831
            ],
            [
              -80.2917319,
              43.3283602
            ],
            [
              -80.2917252,
              43.3283358
            ],
            [
              -80.2917266,
              43.3283085
            ],
            [
              -80.2917413,
              43.3282807
            ],
            [
              -80.2917574,
              43.328266
            ],
            [
              -80.2917849,
              43.3282612
            ],
            [
              -80.2918104,
              43.3282699
            ],
            [
              -80.2918198,
              43.328287
            ],
            [
              -80.2918171,
              43.3283207
            ],
            [
              -80.2918117,
              43.3283475
            ],
            [
              -80.2918057,
              43.3283724
            ]
          ]
        ]
      }
    },
    {
      "type": "Feature",
      "properties": {
        "@id": "way/895416136",
        "golf": "tee",
        "landuse": "grass"
      },
      "geometry": {
        "type": "Polygon",
        "coordinates": [
          [
            [
              -80.2920188,
              43.3283871
            ],
            [
              -80.2920269,
              43.3284071
            ],
            [
              -80.2920369,
              43.3284301
            ],
            [
              -80.2920403,
              43.3284501
            ],
            [
              -80.2920282,
              43.3284676
            ],
            [
              -80.2920094,
              43.3284808
            ],
            [
              -80.2919873,
              43.3284823
            ],
            [
              -80.2919565,
              43.3284759
            ],
            [
              -80.2919383,
              43.3284403
            ],
            [
              -80.2919256,
              43.3284052
            ],
            [
              -80.2919109,
              43.3283632
            ],
            [
              -80.2919062,
              43.3283359
            ],
            [
              -80.2919142,
              43.3283101
            ],
            [
              -80.2919357,
              43.328295
            ],
            [
              -80.2919658,
              43.328295
            ],
            [
              -80.2919906,
              43.3283115
            ],
            [
              -80.2920014,
              43.328333
            ],
            [
              -80.2920088,
              43.3283584
            ],
            [
              -80.2920188,
              43.3283871
            ]
          ]
        ]
      }
    },
    {
      "type": "Feature",
      "properties": {
        "@id": "way/895416137",
        "golf": "tee",
        "landuse": "grass"
      },
      "geometry": {
        "type": "Polygon",
        "coordinates": [
          [
            [
              -80.2920981,
              43.3286565
            ],
            [
              -80.2921012,
              43.3286656
            ],
            [
              -80.2921003,
              43.3286781
            ],
            [
              -80.2920901,
              43.3286884
            ],
            [
              -80.2920751,
              43.3286939
            ],
            [
              -80.2920556,
              43.3287058
            ],
            [
              -80.2920472,
              43.3287151
            ],
            [
              -80.2920397,
              43.3287283
            ],
            [
              -80.2920277,
              43.3287354
            ],
            [
              -80.2920114,
              43.328737
            ],
            [
              -80.2919879,
              43.3287319
            ],
            [
              -80.2919755,
              43.328719
            ],
            [
              -80.2919742,
              43.3287019
            ],
            [
              -80.2919813,
              43.3286887
            ],
            [
              -80.2919901,
              43.328671
            ],
            [
              -80.2919981,
              43.3286527
            ],
            [
              -80.2920087,
              43.3286369
            ],
            [
              -80.292018,
              43.3286279
            ],
            [
              -80.2920335,
              43.3286215
            ],
            [
              -80.2920525,
              43.3286199
            ],
            [
              -80.2920715,
              43.3286266
            ],
            [
              -80.2920852,
              43.3286369
            ],
            [
              -80.2920923,
              43.328645
            ],
            [
              -80.2920981,
              43.3286565
            ]
          ]
        ]
      }
    },
    {
      "type": "Feature",
      "properties": {
        "@id": "way/895416138",
        "golf": "tee",
        "landuse": "grass"
      },
      "geometry": {
        "type": "Polygon",
        "coordinates": [
          [
            [
              -80.292015,
              43.3290554
            ],
            [
              -80.292017,
              43.3290802
            ],
            [
              -80.292017,
              43.3291007
            ],
            [
              -80.2920042,
              43.3291134
            ],
            [
              -80.2919882,
              43.3291256
            ],
            [
              -80.2919734,
              43.3291324
            ],
            [
              -80.2919439,
              43.3291368
            ],
            [
              -80.2919224,
              43.3291232
            ],
            [
              -80.2919164,
              43.3290963
            ],
            [
              -80.2919265,
              43.3290802
            ],
            [
              -80.2919312,
              43.3290602
            ],
            [
              -80.2919513,
              43.3290315
            ],
            [
              -80.2919667,
              43.3290139
            ],
            [
              -80.2919814,
              43.3290037
            ],
            [
              -80.2920029,
              43.3290022
            ],
            [
              -80.292019,
              43.3290139
            ],
            [
              -80.2920244,
              43.3290271
            ],
            [
              -80.2920217,
              43.3290427
            ],
            [
              -80.292015,
              43.3290554
            ]
          ]
        ]
      }
    },
    {
      "type": "Feature",
      "properties": {
        "@id": "way/895416139",
        "golf": "fairway",
        "landuse": "grass"
      },
      "geometry": {
        "type": "Polygon",
        "coordinates": [
          [
            [
              -80.2926651,
              43.3305856
            ],
            [
              -80.2926332,
              43.3305521
            ],
            [
              -80.292612,
              43.3305019
            ],
            [
              -80.2926173,
              43.3304543
            ],
            [
              -80.2925855,
              43.3304118
            ],
            [
              -80.2925801,
              43.3303436
            ],
            [
              -80.2926085,
              43.3302445
            ],
            [
              -80.2926191,
              43.3301865
            ],
            [
              -80.2926085,
              43.3301389
            ],
            [
              -80.2925377,
              43.3300861
            ],
            [
              -80.2924651,
              43.3300295
            ],
            [
              -80.2924297,
              43.329978
            ],
            [
              -80.2924156,
              43.3299201
            ],
            [
              -80.2924262,
              43.3298737
            ],
            [
              -80.2924191,
              43.3298403
            ],
            [
              -80.2923979,
              43.3298171
            ],
            [
              -80.292382,
              43.3297836
            ],
            [
              -80.2923996,
              43.3297309
            ],
            [
              -80.2923996,
              43.3296871
            ],
            [
              -80.2923625,
              43.3296343
            ],
            [
              -80.2922846,
              43.3295944
            ],
            [
              -80.2922121,
              43.3295815
            ],
            [
              -80.2921395,
              43.329606
            ],
            [
              -80.2921024,
              43.3296395
            ],
            [
              -80.2920776,
              43.3296871
            ],
            [
              -80.2920687,
              43.329754
            ],
            [
              -80.2920811,
              43.3298158
            ],
            [
              -80.2920988,
              43.3298776
            ],
            [
              -80.2921289,
              43.3299342
            ],
            [
              -80.2921537,
              43.3299896
            ],
            [
              -80.2921767,
              43.3300694
            ],
            [
              -80.2921944,
              43.330126
            ],
            [
              -80.2922085,
              43.3301968
            ],
            [
              -80.2922191,
              43.3302561
            ],
            [
              -80.2922492,
              43.3303114
            ],
            [
              -80.2922864,
              43.3303539
            ],
            [
              -80.2923182,
              43.3303938
            ],
            [
              -80.2923236,
              43.3304298
            ],
            [
              -80.2923218,
              43.3304723
            ],
            [
              -80.2923236,
              43.3305083
            ],
            [
              -80.2923324,
              43.3305457
            ],
            [
              -80.2923501,
              43.3305882
            ],
            [
              -80.292382,
              43.3306229
            ],
            [
              -80.2924156,
              43.3306499
            ],
            [
              -80.2924377,
              43.3306903
            ],
            [
              -80.2924412,
              43.3307344
            ],
            [
              -80.2924529,
              43.3307761
            ],
            [
              -80.2924716,
              43.33081
            ],
            [
              -80.2924751,
              43.330833
            ],
            [
              -80.2924798,
              43.3308627
            ],
            [
              -80.2924985,
              43.3309077
            ],
            [
              -80.2925206,
              43.3309349
            ],
            [
              -80.292544,
              43.3309586
            ],
            [
              -80.2925697,
              43.3309841
            ],
            [
              -80.2925848,
              43.3310028
            ],
            [
              -80.2925954,
              43.3310266
            ],
            [
              -80.2925965,
              43.3310495
            ],
            [
              -80.2925977,
              43.331086
            ],
            [
              -80.2925977,
              43.3311158
            ],
            [
              -80.292607,
              43.3311489
            ],
            [
              -80.2926327,
              43.3311913
            ],
            [
              -80.2926432,
              43.3312185
            ],
            [
              -80.2926421,
              43.3312516
            ],
            [
              -80.2926304,
              43.3312805
            ],
            [
              -80.2926199,
              43.3313034
            ],
            [
              -80.2926175,
              43.3313349
            ],
            [
              -80.2926269,
              43.3313629
            ],
            [
              -80.2926444,
              43.3313918
            ],
            [
              -80.2926561,
              43.3314121
            ],
            [
              -80.2926619,
              43.3314393
            ],
            [
              -80.2926561,
              43.3314699
            ],
            [
              -80.2926444,
              43.3314988
            ],
            [
              -80.292635,
              43.3315344
            ],
            [
              -80.2926502,
              43.3315633
            ],
            [
              -80.2926701,
              43.3315913
            ],
            [
              -80.2926724,
              43.3316244
            ],
            [
              -80.2926888,
              43.3316754
            ],
            [
              -80.2927074,
              43.3316983
            ],
            [
              -80.2927238,
              43.3317221
            ],
            [
              -80.2927226,
              43.3317535
            ],
            [
              -80.2927179,
              43.3317883
            ],
            [
              -80.2927086,
              43.3318308
            ],
            [
              -80.2927179,
              43.3318741
            ],
            [
              -80.2927261,
              43.3319072
            ],
            [
              -80.2927156,
              43.3319514
            ],
            [
              -80.2927074,
              43.3319794
            ],
            [
              -80.2927074,
              43.3320066
            ],
            [
              -80.2927214,
              43.3320576
            ],
            [
              -80.2927355,
              43.3320864
            ],
            [
              -80.2927436,
              43.3321306
            ],
            [
              -80.2927355,
              43.3321722
            ],
            [
              -80.2927273,
              43.3322223
            ],
            [
              -80.2927249,
              43.3322597
            ],
            [
              -80.2927436,
              43.3322987
            ],
            [
              -80.2927646,
              43.3323242
            ],
            [
              -80.2927927,
              43.3323573
            ],
            [
              -80.2928277,
              43.3323964
            ],
            [
              -80.2928417,
              43.3324304
            ],
            [
              -80.292858,
              43.3324677
            ],
            [
              -80.2928744,
              43.3324966
            ],
            [
              -80.2929001,
              43.3325178
            ],
            [
              -80.2929223,
              43.3325408
            ],
            [
              -80.2929514,
              43.3325577
            ],
            [
              -80.2929736,
              43.3325875
            ],
            [
              -80.2930133,
              43.3326138
            ],
            [
              -80.2930565,
              43.3326172
            ],
            [
              -80.2931126,
              43.3326095
            ],
            [
              -80.2931452,
              43.3325866
            ],
            [
              -80.2931674,
              43.3325509
            ],
            [
              -80.2931756,
              43.3325085
            ],
            [
              -80.2931534,
              43.332449
            ],
            [
              -80.2931417,
              43.3323794
            ],
            [
              -80.2931523,
              43.3323157
            ],
            [
              -80.2931721,
              43.3322563
            ],
            [
              -80.2931873,
              43.3322104
            ],
            [
              -80.2932036,
              43.3321552
            ],
            [
              -80.2932176,
              43.3321111
            ],
            [
              -80.2931908,
              43.332066
            ],
            [
              -80.2931674,
              43.3320278
            ],
            [
              -80.2931254,
              43.3319718
            ],
            [
              -80.293067,
              43.3319098
            ],
            [
              -80.2930297,
              43.331869
            ],
            [
              -80.2930028,
              43.3318198
            ],
            [
              -80.29299,
              43.3317731
            ],
            [
              -80.2929631,
              43.3317255
            ],
            [
              -80.2929514,
              43.3316728
            ],
            [
              -80.2929526,
              43.331599
            ],
            [
              -80.2929608,
              43.3315582
            ],
            [
              -80.2929748,
              43.3315191
            ],
            [
              -80.2929876,
              43.3314877
            ],
            [
              -80.2929853,
              43.3314605
            ],
            [
              -80.2929444,
              43.3314113
            ],
            [
              -80.2929234,
              43.3313654
            ],
            [
              -80.2929094,
              43.331317
            ],
            [
              -80.2929001,
              43.3312822
            ],
            [
              -80.2929024,
              43.3312482
            ],
            [
              -80.2929117,
              43.331216
            ],
            [
              -80.2929047,
              43.3311879
            ],
            [
              -80.2928896,
              43.331154
            ],
            [
              -80.2928756,
              43.3311225
            ],
            [
              -80.2928604,
              43.3310852
            ],
            [
              -80.2928627,
              43.3310521
            ],
            [
              -80.292844,
              43.3310113
            ],
            [
              -80.2928277,
              43.3309816
            ],
            [
              -80.2928148,
              43.3309569
            ],
            [
              -80.2928067,
              43.3309153
            ],
            [
              -80.2928043,
              43.3308822
            ],
            [
              -80.2927892,
              43.3308499
            ],
            [
              -80.292767,
              43.3308253
            ],
            [
              -80.2927506,
              43.330793
            ],
            [
              -80.2927203,
              43.3307276
            ],
            [
              -80.2927074,
              43.3307005
            ],
            [
              -80.2927016,
              43.3306657
            ],
            [
              -80.2926911,
              43.3306266
            ],
            [
              -80.2926651,
              43.3305856
            ]
          ]
        ]
      }
    },
    {
      "type": "Feature",
      "properties": {
        "@id": "way/895418156",
        "golf": "green",
        "landuse": "grass"
      },
      "geometry": {
        "type": "Polygon",
        "coordinates": [
          [
            [
              -80.2935636,
              43.332974
            ],
            [
              -80.293555,
              43.3329984
            ],
            [
              -80.2935463,
              43.3330176
            ],
            [
              -80.2935336,
              43.3330294
            ],
            [
              -80.293523,
              43.3330368
            ],
            [
              -80.2935047,
              43.3330483
            ],
            [
              -80.2934925,
              43.3330594
            ],
            [
              -80.2934798,
              43.3330734
            ],
            [
              -80.2934615,
              43.3330864
            ],
            [
              -80.2934401,
              43.3330952
            ],
            [
              -80.2934096,
              43.3330971
            ],
            [
              -80.2933792,
              43.3330934
            ],
            [
              -80.2933522,
              43.3330853
            ],
            [
              -80.2933278,
              43.3330731
            ],
            [
              -80.2933126,
              43.3330561
            ],
            [
              -80.293307,
              43.3330413
            ],
            [
              -80.2933085,
              43.3330254
            ],
            [
              -80.2933172,
              43.3330132
            ],
            [
              -80.2933329,
              43.3329936
            ],
            [
              -80.2933593,
              43.3329825
            ],
            [
              -80.2933817,
              43.3329729
            ],
            [
              -80.2933949,
              43.3329636
            ],
            [
              -80.2934015,
              43.3329485
            ],
            [
              -80.2934091,
              43.3329304
            ],
            [
              -80.2934122,
              43.3329197
            ],
            [
              -80.2934254,
              43.3329123
            ],
            [
              -80.2934488,
              43.3329034
            ],
            [
              -80.2934681,
              43.3328993
            ],
            [
              -80.2934996,
              43.332903
            ],
            [
              -80.293524,
              43.3329115
            ],
            [
              -80.2935474,
              43.3329234
            ],
            [
              -80.2935616,
              43.3329356
            ],
            [
              -80.2935662,
              43.3329496
            ],
            [
              -80.2935677,
              43.3329588
            ],
            [
              -80.2935636,
              43.332974
            ]
          ]
        ]
      }
    },
    {
      "type": "Feature",
      "properties": {
        "@id": "way/895418157",
        "golf": "bunker",
        "natural": "sand"
      },
      "geometry": {
        "type": "Polygon",
        "coordinates": [
          [
            [
              -80.2933257,
              43.3328695
            ],
            [
              -80.2933356,
              43.3328649
            ],
            [
              -80.293347,
              43.3328651
            ],
            [
              -80.2933581,
              43.3328695
            ],
            [
              -80.2933669,
              43.332877
            ],
            [
              -80.2933671,
              43.3328872
            ],
            [
              -80.2933596,
              43.332895
            ],
            [
              -80.2933502,
              43.3328986
            ],
            [
              -80.2933403,
              43.3328999
            ],
            [
              -80.2933272,
              43.3328997
            ],
            [
              -80.2933178,
              43.3329018
            ],
            [
              -80.2933079,
              43.3329063
            ],
            [
              -80.2932986,
              43.3329099
            ],
            [
              -80.2932863,
              43.3329082
            ],
            [
              -80.2932796,
              43.3328995
            ],
            [
              -80.2932764,
              43.3328893
            ],
            [
              -80.2932737,
              43.3328793
            ],
            [
              -80.2932691,
              43.3328742
            ],
            [
              -80.2932571,
              43.3328715
            ],
            [
              -80.2932428,
              43.3328664
            ],
            [
              -80.2932364,
              43.3328579
            ],
            [
              -80.2932367,
              43.3328464
            ],
            [
              -80.2932437,
              43.3328383
            ],
            [
              -80.2932559,
              43.3328337
            ],
            [
              -80.2932705,
              43.3328364
            ],
            [
              -80.2932831,
              43.3328428
            ],
            [
              -80.2932921,
              43.3328536
            ],
            [
              -80.2933003,
              43.332864
            ],
            [
              -80.2933105,
              43.3328683
            ],
            [
              -80.2933184,
              43.3328695
            ],
            [
              -80.2933257,
              43.3328695
            ]
          ]
        ]
      }
    },
    {
      "type": "Feature",
      "properties": {
        "@id": "way/895418158",
        "golf": "bunker",
        "natural": "sand"
      },
      "geometry": {
        "type": "Polygon",
        "coordinates": [
          [
            [
              -80.2935617,
              43.3330737
            ],
            [
              -80.2935644,
              43.3330801
            ],
            [
              -80.293566,
              43.3330925
            ],
            [
              -80.2935593,
              43.3331008
            ],
            [
              -80.2935493,
              43.3331083
            ],
            [
              -80.2935375,
              43.3331096
            ],
            [
              -80.2935231,
              43.3331052
            ],
            [
              -80.2935178,
              43.3330966
            ],
            [
              -80.2935181,
              43.3330825
            ],
            [
              -80.2935275,
              43.3330715
            ],
            [
              -80.2935422,
              43.3330652
            ],
            [
              -80.293557,
              43.3330674
            ],
            [
              -80.2935617,
              43.3330737
            ]
          ]
        ]
      }
    },
    {
      "type": "Feature",
      "properties": {
        "@id": "way/895418159",
        "golf": "fairway",
        "landuse": "grass"
      },
      "geometry": {
        "type": "Polygon",
        "coordinates": [
          [
            [
              -80.2935724,
              43.3330036
            ],
            [
              -80.2935578,
              43.3330265
            ],
            [
              -80.293537,
              43.3330428
            ],
            [
              -80.2935108,
              43.3330607
            ],
            [
              -80.2934916,
              43.3330798
            ],
            [
              -80.2934669,
              43.3330966
            ],
            [
              -80.2934423,
              43.3331061
            ],
            [
              -80.2934061,
              43.3331072
            ],
            [
              -80.2933652,
              43.333101
            ],
            [
              -80.2933321,
              43.3330887
            ],
            [
              -80.2933059,
              43.3330714
            ],
            [
              -80.2932959,
              43.3330534
            ],
            [
              -80.293289,
              43.3330338
            ],
            [
              -80.2932967,
              43.3330086
            ],
            [
              -80.2933182,
              43.3329901
            ],
            [
              -80.2933483,
              43.3329733
            ],
            [
              -80.2933698,
              43.3329621
            ],
            [
              -80.2933876,
              43.332933
            ],
            [
              -80.2933976,
              43.3329156
            ],
            [
              -80.293396,
              43.3328887
            ],
            [
              -80.293396,
              43.3328719
            ],
            [
              -80.2933822,
              43.332854
            ],
            [
              -80.293356,
              43.3328411
            ],
            [
              -80.293319,
              43.3328265
            ],
            [
              -80.2932859,
              43.3328125
            ],
            [
              -80.2932751,
              43.3327963
            ],
            [
              -80.2932674,
              43.3327817
            ],
            [
              -80.2932666,
              43.3327576
            ],
            [
              -80.2932813,
              43.332738
            ],
            [
              -80.2933044,
              43.3327268
            ],
            [
              -80.2933429,
              43.3327223
            ],
            [
              -80.2933976,
              43.3327358
            ],
            [
              -80.2934215,
              43.3327548
            ],
            [
              -80.2934623,
              43.3327879
            ],
            [
              -80.2934846,
              43.3328142
            ],
            [
              -80.2935062,
              43.3328422
            ],
            [
              -80.29352,
              43.3328585
            ],
            [
              -80.2935197,
              43.3328725
            ],
            [
              -80.2935204,
              43.3328856
            ],
            [
              -80.2935251,
              43.3328921
            ],
            [
              -80.2935401,
              43.3329005
            ],
            [
              -80.293557,
              43.3329097
            ],
            [
              -80.2935705,
              43.3329262
            ],
            [
              -80.2935797,
              43.3329388
            ],
            [
              -80.2935821,
              43.332952
            ],
            [
              -80.2935832,
              43.3329722
            ],
            [
              -80.2935801,
              43.3329828
            ],
            [
              -80.2935724,
              43.3330036
            ]
          ]
        ]
      }
    },
    {
      "type": "Feature",
      "properties": {
        "@id": "way/895418160",
        "golf": "tee",
        "landuse": "grass"
      },
      "geometry": {
        "type": "Polygon",
        "coordinates": [
          [
            [
              -80.2925656,
              43.3326551
            ],
            [
              -80.2925722,
              43.332674
            ],
            [
              -80.2925839,
              43.332691
            ],
            [
              -80.2925976,
              43.332708
            ],
            [
              -80.2926048,
              43.3327254
            ],
            [
              -80.2926022,
              43.3327435
            ],
            [
              -80.2925855,
              43.3327568
            ],
            [
              -80.292557,
              43.3327653
            ],
            [
              -80.2925214,
              43.3327619
            ],
            [
              -80.2924787,
              43.3327427
            ],
            [
              -80.2924589,
              43.3327109
            ],
            [
              -80.2924457,
              43.3326784
            ],
            [
              -80.2924406,
              43.3326525
            ],
            [
              -80.292436,
              43.33262
            ],
            [
              -80.2924198,
              43.3325904
            ],
            [
              -80.2924213,
              43.3325638
            ],
            [
              -80.2924447,
              43.3325476
            ],
            [
              -80.2924726,
              43.3325442
            ],
            [
              -80.2925128,
              43.3325553
            ],
            [
              -80.2925341,
              43.3325686
            ],
            [
              -80.2925524,
              43.3325919
            ],
            [
              -80.292558,
              43.3326085
            ],
            [
              -80.2925595,
              43.3326315
            ],
            [
              -80.2925656,
              43.3326551
            ]
          ]
        ]
      }
    },
    {
      "type": "Feature",
      "properties": {
        "@id": "way/895418161",
        "golf": "tee",
        "landuse": "grass"
      },
      "geometry": {
        "type": "Polygon",
        "coordinates": [
          [
            [
              -80.2925821,
              43.3328967
            ],
            [
              -80.2925768,
              43.3329362
            ],
            [
              -80.2925756,
              43.3329527
            ],
            [
              -80.2925529,
              43.3329655
            ],
            [
              -80.2925202,
              43.3329625
            ],
            [
              -80.2924968,
              43.3329498
            ],
            [
              -80.2924887,
              43.332923
            ],
            [
              -80.2924869,
              43.3328937
            ],
            [
              -80.2925009,
              43.3328695
            ],
            [
              -80.2925108,
              43.332853
            ],
            [
              -80.2925231,
              43.3328351
            ],
            [
              -80.2925453,
              43.3328271
            ],
            [
              -80.2925797,
              43.3328385
            ],
            [
              -80.2925885,
              43.3328581
            ],
            [
              -80.2925873,
              43.3328801
            ],
            [
              -80.2925821,
              43.3328967
            ]
          ]
        ]
      }
    },
    {
      "type": "Feature",
      "properties": {
        "@id": "way/895418162",
        "golf": "tee",
        "landuse": "grass"
      },
      "geometry": {
        "type": "Polygon",
        "coordinates": [
          [
            [
              -80.292817,
              43.3329598
            ],
            [
              -80.2927932,
              43.3329602
            ],
            [
              -80.2927693,
              43.3329639
            ],
            [
              -80.2927489,
              43.3329698
            ],
            [
              -80.2927332,
              43.3329809
            ],
            [
              -80.2927195,
              43.3329883
            ],
            [
              -80.2927002,
              43.3329924
            ],
            [
              -80.2926793,
              43.3329905
            ],
            [
              -80.2926549,
              43.3329802
            ],
            [
              -80.2926412,
              43.3329643
            ],
            [
              -80.2926356,
              43.3329454
            ],
            [
              -80.2926356,
              43.3329229
            ],
            [
              -80.2926402,
              43.3328966
            ],
            [
              -80.2926514,
              43.3328877
            ],
            [
              -80.2926839,
              43.3328796
            ],
            [
              -80.2927312,
              43.3328822
            ],
            [
              -80.2927733,
              43.3328855
            ],
            [
              -80.2928008,
              43.3328903
            ],
            [
              -80.2928308,
              43.3328996
            ],
            [
              -80.292846,
              43.3329103
            ],
            [
              -80.2928546,
              43.3329177
            ],
            [
              -80.2928582,
              43.3329317
            ],
            [
              -80.2928521,
              43.3329465
            ],
            [
              -80.2928419,
              43.3329539
            ],
            [
              -80.292817,
              43.3329598
            ]
          ]
        ]
      }
    },
    {
      "type": "Feature",
      "properties": {
        "@id": "way/895418163",
        "golf": "tee",
        "landuse": "grass"
      },
      "geometry": {
        "type": "Polygon",
        "coordinates": [
          [
            [
              -80.2929939,
              43.3330239
            ],
            [
              -80.2930014,
              43.3330348
            ],
            [
              -80.293004,
              43.3330516
            ],
            [
              -80.2930009,
              43.3330699
            ],
            [
              -80.2929899,
              43.333087
            ],
            [
              -80.2929744,
              43.333095
            ],
            [
              -80.2929439,
              43.3331018
            ],
            [
              -80.2929133,
              43.3330953
            ],
            [
              -80.2928886,
              43.3330834
            ],
            [
              -80.2928651,
              43.333067
            ],
            [
              -80.2928505,
              43.3330493
            ],
            [
              -80.2928443,
              43.3330326
            ],
            [
              -80.292839,
              43.3330136
            ],
            [
              -80.2928479,
              43.3329959
            ],
            [
              -80.2928691,
              43.3329756
            ],
            [
              -80.2928925,
              43.3329669
            ],
            [
              -80.2929275,
              43.3329689
            ],
            [
              -80.2929505,
              43.3329772
            ],
            [
              -80.2929757,
              43.332993
            ],
            [
              -80.2929863,
              43.3330097
            ],
            [
              -80.2929939,
              43.3330239
            ]
          ]
        ]
      }
    },
    {
      "type": "Feature",
      "properties": {
        "@id": "way/895419527",
        "golf": "green",
        "landuse": "grass"
      },
      "geometry": {
        "type": "Polygon",
        "coordinates": [
          [
            [
              -80.292896,
              43.333663
            ],
            [
              -80.2929072,
              43.3336712
            ],
            [
              -80.292925,
              43.3336889
            ],
            [
              -80.2929311,
              43.3337074
            ],
            [
              -80.2929387,
              43.333727
            ],
            [
              -80.2929408,
              43.3337418
            ],
            [
              -80.2929326,
              43.3337528
            ],
            [
              -80.292925,
              43.3337636
            ],
            [
              -80.2929161,
              43.333776
            ],
            [
              -80.29291,
              43.3337845
            ],
            [
              -80.2928938,
              43.3337952
            ],
            [
              -80.2928777,
              43.3337996
            ],
            [
              -80.2928643,
              43.333803
            ],
            [
              -80.2928475,
              43.3338074
            ],
            [
              -80.2928328,
              43.3338127
            ],
            [
              -80.29282,
              43.333821
            ],
            [
              -80.292806,
              43.3338313
            ],
            [
              -80.2927925,
              43.3338381
            ],
            [
              -80.2927818,
              43.333843
            ],
            [
              -80.2927597,
              43.3338484
            ],
            [
              -80.2927382,
              43.3338474
            ],
            [
              -80.2927161,
              43.333842
            ],
            [
              -80.2926993,
              43.3338381
            ],
            [
              -80.2926826,
              43.3338288
            ],
            [
              -80.2926665,
              43.3338152
            ],
            [
              -80.2926571,
              43.3338006
            ],
            [
              -80.2926537,
              43.3337825
            ],
            [
              -80.2926591,
              43.3337684
            ],
            [
              -80.2926651,
              43.3337581
            ],
            [
              -80.2926846,
              43.3337464
            ],
            [
              -80.2927094,
              43.3337357
            ],
            [
              -80.2927308,
              43.333725
            ],
            [
              -80.292745,
              43.3337121
            ],
            [
              -80.2927534,
              43.3336989
            ],
            [
              -80.2927628,
              43.3336872
            ],
            [
              -80.2927749,
              43.3336733
            ],
            [
              -80.2927893,
              43.3336606
            ],
            [
              -80.2928148,
              43.3336526
            ],
            [
              -80.2928453,
              43.3336511
            ],
            [
              -80.2928698,
              43.3336524
            ],
            [
              -80.292896,
              43.333663
            ]
          ]
        ]
      }
    },
    {
      "type": "Feature",
      "properties": {
        "@id": "way/895419528",
        "golf": "bunker",
        "natural": "sand"
      },
      "geometry": {
        "type": "Polygon",
        "coordinates": [
          [
            [
              -80.2927569,
              43.3335499
            ],
            [
              -80.2927509,
              43.3335635
            ],
            [
              -80.2927509,
              43.3335781
            ],
            [
              -80.2927596,
              43.3335869
            ],
            [
              -80.2927683,
              43.3335952
            ],
            [
              -80.2927703,
              43.3336103
            ],
            [
              -80.2927643,
              43.3336225
            ],
            [
              -80.2927556,
              43.3336323
            ],
            [
              -80.2927421,
              43.3336401
            ],
            [
              -80.292724,
              43.3336474
            ],
            [
              -80.292712,
              43.3336542
            ],
            [
              -80.2927021,
              43.3336608
            ],
            [
              -80.2926974,
              43.3336697
            ],
            [
              -80.2926893,
              43.3336821
            ],
            [
              -80.2926859,
              43.3336879
            ],
            [
              -80.2926759,
              43.3336919
            ],
            [
              -80.2926652,
              43.3336911
            ],
            [
              -80.2926539,
              43.3336812
            ],
            [
              -80.2926528,
              43.3336737
            ],
            [
              -80.2926605,
              43.3336582
            ],
            [
              -80.2926755,
              43.3336448
            ],
            [
              -80.292692,
              43.3336238
            ],
            [
              -80.2927059,
              43.3336019
            ],
            [
              -80.2927101,
              43.3335874
            ],
            [
              -80.2927148,
              43.333572
            ],
            [
              -80.2927159,
              43.3335605
            ],
            [
              -80.2927136,
              43.3335524
            ],
            [
              -80.2927148,
              43.3335372
            ],
            [
              -80.2927225,
              43.3335302
            ],
            [
              -80.292739,
              43.3335285
            ],
            [
              -80.2927471,
              43.3335378
            ],
            [
              -80.2927521,
              43.3335431
            ],
            [
              -80.2927569,
              43.3335499
            ]
          ]
        ]
      }
    },
    {
      "type": "Feature",
      "properties": {
        "@id": "way/895419530",
        "golf": "water_hazard",
        "natural": "water"
      },
      "geometry": {
        "type": "Polygon",
        "coordinates": [
          [
            [
              -80.2924857,
              43.333836
            ],
            [
              -80.2925122,
              43.3339029
            ],
            [
              -80.2925281,
              43.3339338
            ],
            [
              -80.2925051,
              43.333966
            ],
            [
              -80.2924573,
              43.3339711
            ],
            [
              -80.2923936,
              43.3339287
            ],
            [
              -80.2923529,
              43.3338759
            ],
            [
              -80.292291,
              43.3338064
            ],
            [
              -80.2922414,
              43.3337446
            ],
            [
              -80.2922273,
              43.333706
            ],
            [
              -80.2922538,
              43.3336493
            ],
            [
              -80.2923034,
              43.3336017
            ],
            [
              -80.2922822,
              43.3335399
            ],
            [
              -80.292245,
              43.3334794
            ],
            [
              -80.2921937,
              43.3334292
            ],
            [
              -80.2921406,
              43.3333237
            ],
            [
              -80.292145,
              43.3332324
            ],
            [
              -80.292145,
              43.333168
            ],
            [
              -80.2921785,
              43.3330997
            ],
            [
              -80.2922187,
              43.3330568
            ],
            [
              -80.292275,
              43.3330315
            ],
            [
              -80.2922831,
              43.3329944
            ],
            [
              -80.292308,
              43.3329494
            ],
            [
              -80.292385,
              43.3329495
            ],
            [
              -80.2924494,
              43.3329768
            ],
            [
              -80.292499,
              43.3330022
            ],
            [
              -80.2925728,
              43.3330237
            ],
            [
              -80.2926519,
              43.3330559
            ],
            [
              -80.2927243,
              43.3330754
            ],
            [
              -80.2927646,
              43.3330949
            ],
            [
              -80.2928021,
              43.3331271
            ],
            [
              -80.2928316,
              43.3331671
            ],
            [
              -80.292837,
              43.3332217
            ],
            [
              -80.292837,
              43.3332636
            ],
            [
              -80.2928088,
              43.3333085
            ],
            [
              -80.2927605,
              43.3333456
            ],
            [
              -80.2927042,
              43.3333543
            ],
            [
              -80.292668,
              43.3333807
            ],
            [
              -80.2926439,
              43.3334129
            ],
            [
              -80.2926385,
              43.3334597
            ],
            [
              -80.2926546,
              43.3334997
            ],
            [
              -80.2926693,
              43.3335485
            ],
            [
              -80.2926439,
              43.3336041
            ],
            [
              -80.292613,
              43.3336499
            ],
            [
              -80.2925728,
              43.3337163
            ],
            [
              -80.2925258,
              43.3337797
            ],
            [
              -80.292503,
              43.3338118
            ],
            [
              -80.2924857,
              43.333836
            ]
          ]
        ]
      }
    },
    {
      "type": "Feature",
      "properties": {
        "@id": "way/895579830",
        "golf": "tee",
        "landuse": "grass"
      },
      "geometry": {
        "type": "Polygon",
        "coordinates": [
          [
            [
              -80.2941744,
              43.3340779
            ],
            [
              -80.294139,
              43.3339983
            ],
            [
              -80.2938956,
              43.3340588
            ],
            [
              -80.2938632,
              43.3340779
            ],
            [
              -80.2938493,
              43.334107
            ],
            [
              -80.2938648,
              43.3341384
            ],
            [
              -80.2939017,
              43.3341428
            ],
            [
              -80.2939911,
              43.3341294
            ],
            [
              -80.2940943,
              43.3341036
            ],
            [
              -80.2941482,
              43.3340879
            ],
            [
              -80.2941744,
              43.3340779
            ]
          ]
        ]
      }
    },
    {
      "type": "Feature",
      "properties": {
        "@id": "way/895579831",
        "golf": "tee",
        "landuse": "grass"
      },
      "geometry": {
        "type": "Polygon",
        "coordinates": [
          [
            [
              -80.2936029,
              43.334168
            ],
            [
              -80.2936098,
              43.3341814
            ],
            [
              -80.2936006,
              43.3341976
            ],
            [
              -80.2935859,
              43.3342094
            ],
            [
              -80.2935466,
              43.3342189
            ],
            [
              -80.2935004,
              43.3342279
            ],
            [
              -80.2934488,
              43.3342397
            ],
            [
              -80.2934126,
              43.3342447
            ],
            [
              -80.293388,
              43.3342369
            ],
            [
              -80.2933772,
              43.3342195
            ],
            [
              -80.2933803,
              43.3342032
            ],
            [
              -80.2933895,
              43.3341892
            ],
            [
              -80.2934118,
              43.3341786
            ],
            [
              -80.2934496,
              43.3341685
            ],
            [
              -80.2934796,
              43.334159
            ],
            [
              -80.2935189,
              43.3341495
            ],
            [
              -80.2935513,
              43.3341416
            ],
            [
              -80.2935744,
              43.3341399
            ],
            [
              -80.2935929,
              43.3341506
            ],
            [
              -80.2936029,
              43.334168
            ]
          ]
        ]
      }
    },
    {
      "type": "Feature",
      "properties": {
        "@id": "way/895579832",
        "golf": "tee",
        "landuse": "grass"
      },
      "geometry": {
        "type": "Polygon",
        "coordinates": [
          [
            [
              -80.2931407,
              43.3343112
            ],
            [
              -80.2931069,
              43.334323
            ],
            [
              -80.2930637,
              43.3343392
            ],
            [
              -80.2930206,
              43.3343538
            ],
            [
              -80.2929751,
              43.3343678
            ],
            [
              -80.2929374,
              43.3343689
            ],
            [
              -80.2929204,
              43.3343577
            ],
            [
              -80.2929074,
              43.3343364
            ],
            [
              -80.2929151,
              43.3343168
            ],
            [
              -80.2929366,
              43.3343023
            ],
            [
              -80.2929705,
              43.3342922
            ],
            [
              -80.2930237,
              43.3342737
            ],
            [
              -80.2930683,
              43.3342602
            ],
            [
              -80.2930999,
              43.3342524
            ],
            [
              -80.2931246,
              43.3342513
            ],
            [
              -80.2931546,
              43.3342658
            ],
            [
              -80.2931654,
              43.3342776
            ],
            [
              -80.2931623,
              43.3342916
            ],
            [
              -80.2931577,
              43.3343011
            ],
            [
              -80.2931407,
              43.3343112
            ]
          ]
        ]
      }
    },
    {
      "type": "Feature",
      "properties": {
        "@id": "way/895579833",
        "golf": "fairway",
        "landuse": "grass"
      },
      "geometry": {
        "type": "Polygon",
        "coordinates": [
          [
            [
              -80.2923289,
              43.3345568
            ],
            [
              -80.2923434,
              43.3345403
            ],
            [
              -80.2923545,
              43.3345067
            ],
            [
              -80.2923347,
              43.3344851
            ],
            [
              -80.2923038,
              43.3344744
            ],
            [
              -80.2922623,
              43.3344689
            ],
            [
              -80.292201,
              43.3344604
            ],
            [
              -80.2921321,
              43.3344545
            ],
            [
              -80.2920726,
              43.3344549
            ],
            [
              -80.2920411,
              43.3344575
            ],
            [
              -80.2920148,
              43.3344749
            ],
            [
              -80.2920008,
              43.3345008
            ],
            [
              -80.2920148,
              43.334533
            ],
            [
              -80.2920487,
              43.3345598
            ],
            [
              -80.2920808,
              43.334578
            ],
            [
              -80.2921129,
              43.3345908
            ],
            [
              -80.2921654,
              43.3345988
            ],
            [
              -80.2922238,
              43.3345955
            ],
            [
              -80.2922641,
              43.3345912
            ],
            [
              -80.292309,
              43.3345759
            ],
            [
              -80.2923289,
              43.3345568
            ]
          ]
        ]
      }
    },
    {
      "type": "Feature",
      "properties": {
        "@id": "way/895579834",
        "golf": "green",
        "landuse": "grass"
      },
      "geometry": {
        "type": "Polygon",
        "coordinates": [
          [
            [
              -80.2915238,
              43.3340022
            ],
            [
              -80.2914812,
              43.3339895
            ],
            [
              -80.2914444,
              43.3339678
            ],
            [
              -80.2914111,
              43.3339449
            ],
            [
              -80.2913901,
              43.3339224
            ],
            [
              -80.2913843,
              43.3338965
            ],
            [
              -80.291386,
              43.3338757
            ],
            [
              -80.2913925,
              43.3338451
            ],
            [
              -80.2913948,
              43.3338124
            ],
            [
              -80.2914053,
              43.3337908
            ],
            [
              -80.2914234,
              43.3337657
            ],
            [
              -80.2914415,
              43.3337521
            ],
            [
              -80.2914648,
              43.3337457
            ],
            [
              -80.2914923,
              43.33375
            ],
            [
              -80.291518,
              43.3337619
            ],
            [
              -80.2915296,
              43.3337784
            ],
            [
              -80.2915302,
              43.3338073
            ],
            [
              -80.2915302,
              43.3338366
            ],
            [
              -80.2915384,
              43.333854
            ],
            [
              -80.2915559,
              43.3338748
            ],
            [
              -80.291588,
              43.3338965
            ],
            [
              -80.2916096,
              43.333919
            ],
            [
              -80.291616,
              43.3339398
            ],
            [
              -80.2916079,
              43.3339699
            ],
            [
              -80.2915944,
              43.333989
            ],
            [
              -80.2915635,
              43.3340009
            ],
            [
              -80.2915238,
              43.3340022
            ]
          ]
        ]
      }
    },
    {
      "type": "Feature",
      "properties": {
        "@id": "way/895579835",
        "golf": "fairway",
        "landuse": "grass"
      },
      "geometry": {
        "type": "Polygon",
        "coordinates": [
          [
            [
              -80.291616,
              43.3339398
            ],
            [
              -80.2916242,
              43.3339547
            ],
            [
              -80.2916353,
              43.3339789
            ],
            [
              -80.2916516,
              43.3339963
            ],
            [
              -80.2916832,
              43.3340205
            ],
            [
              -80.2917094,
              43.334029
            ],
            [
              -80.2917369,
              43.3340417
            ],
            [
              -80.2917591,
              43.3340515
            ],
            [
              -80.2917684,
              43.3340684
            ],
            [
              -80.2917666,
              43.3340867
            ],
            [
              -80.2917521,
              43.3341033
            ],
            [
              -80.2917328,
              43.3341101
            ],
            [
              -80.2917129,
              43.3341143
            ],
            [
              -80.2916867,
              43.3341096
            ],
            [
              -80.2916534,
              43.334088
            ],
            [
              -80.291619,
              43.3340689
            ],
            [
              -80.2915728,
              43.3340349
            ],
            [
              -80.2915524,
              43.3340188
            ],
            [
              -80.2915396,
              43.3340077
            ],
            [
              -80.2915238,
              43.3340022
            ],
            [
              -80.2915635,
              43.3340009
            ],
            [
              -80.2915944,
              43.333989
            ],
            [
              -80.2916079,
              43.3339699
            ],
            [
              -80.291616,
              43.3339398
            ]
          ]
        ]
      }
    },
    {
      "type": "Feature",
      "properties": {
        "@id": "way/895579836",
        "golf": "bunker",
        "natural": "sand"
      },
      "geometry": {
        "type": "Polygon",
        "coordinates": [
          [
            [
              -80.2915814,
              43.3341245
            ],
            [
              -80.2915951,
              43.3341248
            ],
            [
              -80.2916088,
              43.3341325
            ],
            [
              -80.2916137,
              43.3341435
            ],
            [
              -80.2916124,
              43.3341573
            ],
            [
              -80.2916013,
              43.3341618
            ],
            [
              -80.2915845,
              43.3341676
            ],
            [
              -80.2915686,
              43.3341702
            ],
            [
              -80.2915531,
              43.3341634
            ],
            [
              -80.2915478,
              43.3341522
            ],
            [
              -80.2915478,
              43.3341425
            ],
            [
              -80.2915602,
              43.3341361
            ],
            [
              -80.2915734,
              43.3341296
            ],
            [
              -80.2915814,
              43.3341245
            ]
          ]
        ]
      }
    },
    {
      "type": "Feature",
      "properties": {
        "@id": "way/895579837",
        "golf": "bunker",
        "natural": "sand"
      },
      "geometry": {
        "type": "Polygon",
        "coordinates": [
          [
            [
              -80.2919242,
              43.3346345
            ],
            [
              -80.2919357,
              43.3346255
            ],
            [
              -80.2919543,
              43.3346274
            ],
            [
              -80.2919693,
              43.3346338
            ],
            [
              -80.2919755,
              43.3346428
            ],
            [
              -80.2919693,
              43.3346557
            ],
            [
              -80.2919578,
              43.3346615
            ],
            [
              -80.2919401,
              43.3346647
            ],
            [
              -80.2919251,
              43.334657
            ],
            [
              -80.2919189,
              43.3346448
            ],
            [
              -80.2919242,
              43.3346345
            ]
          ]
        ]
      }
    },
    {
      "type": "Feature",
      "properties": {
        "@id": "way/895579838",
        "golf": "bunker",
        "natural": "sand"
      },
      "geometry": {
        "type": "Polygon",
        "coordinates": [
          [
            [
              -80.2918819,
              43.3345549
            ],
            [
              -80.291893,
              43.3345518
            ],
            [
              -80.2919038,
              43.3345572
            ],
            [
              -80.2919115,
              43.334563
            ],
            [
              -80.2919134,
              43.3345737
            ],
            [
              -80.291908,
              43.3345832
            ],
            [
              -80.2918938,
              43.3345891
            ],
            [
              -80.2918765,
              43.3345888
            ],
            [
              -80.291868,
              43.334579
            ],
            [
              -80.2918703,
              43.3345672
            ],
            [
              -80.2918738,
              43.3345591
            ],
            [
              -80.2918819,
              43.3345549
            ]
          ]
        ]
      }
    },
    {
      "type": "Feature",
      "properties": {
        "@id": "way/895579839",
        "golf": "cartpath",
        "golf_cart": "designated",
        "highway": "service"
      },
      "geometry": {
        "type": "LineString",
        "coordinates": [
          [
            -80.2936529,
            43.3340507
          ],
          [
            -80.2936206,
            43.3340643
          ],
          [
            -80.2935583,
            43.3340794
          ],
          [
            -80.2934932,
            43.3341
          ],
          [
            -80.29343,
            43.3341196
          ],
          [
            -80.2933592,
            43.3341476
          ],
          [
            -80.2933061,
            43.3341682
          ],
          [
            -80.2932499,
            43.334184
          ],
          [
            -80.293142,
            43.3342081
          ],
          [
            -80.2929995,
            43.3342383
          ],
          [
            -80.292892,
            43.3342638
          ],
          [
            -80.2928305,
            43.3342811
          ],
          [
            -80.2928071,
            43.334295
          ],
          [
            -80.2927721,
            43.3343304
          ],
          [
            -80.2927239,
            43.3343803
          ],
          [
            -80.2926597,
            43.3344366
          ],
          [
            -80.2926124,
            43.3344758
          ],
          [
            -80.2925814,
            43.3344929
          ],
          [
            -80.2925478,
            43.3345003
          ],
          [
            -80.2925177,
            43.3345003
          ],
          [
            -80.2924832,
            43.3344874
          ],
          [
            -80.2924447,
            43.3344659
          ],
          [
            -80.2923846,
            43.3344279
          ],
          [
            -80.2923279,
            43.3343915
          ],
          [
            -80.2922802,
            43.3343542
          ],
          [
            -80.2922647,
            43.3343387
          ],
          [
            -80.2922346,
            43.3342979
          ],
          [
            -80.2922103,
            43.3342615
          ],
          [
            -80.2921957,
            43.3342454
          ],
          [
            -80.2921824,
            43.3342184
          ],
          [
            -80.2921598,
            43.3341698
          ],
          [
            -80.2921514,
            43.3341589
          ],
          [
            -80.2921258,
            43.3341386
          ],
          [
            -80.2920868,
            43.3341083
          ],
          [
            -80.2920377,
            43.3340662
          ],
          [
            -80.2920068,
            43.3340305
          ],
          [
            -80.29199,
            43.3340157
          ],
          [
            -80.2919674,
            43.3340038
          ],
          [
            -80.2919271,
            43.3339893
          ],
          [
            -80.2918926,
            43.3339703
          ],
          [
            -80.2918789,
            43.3339536
          ],
          [
            -80.2918586,
            43.333923
          ],
          [
            -80.2918484,
            43.3338989
          ],
          [
            -80.2918387,
            43.3338828
          ],
          [
            -80.2918201,
            43.3338696
          ],
          [
            -80.2917856,
            43.3338538
          ],
          [
            -80.291748,
            43.333829
          ],
          [
            -80.2917325,
            43.3338113
          ],
          [
            -80.2917303,
            43.333793
          ],
          [
            -80.2917342,
            43.3337734
          ],
          [
            -80.2917457,
            43.3337621
          ],
          [
            -80.2917661,
            43.333755
          ],
          [
            -80.2917957,
            43.333757
          ],
          [
            -80.2918276,
            43.3337711
          ],
          [
            -80.2918515,
            43.3337821
          ],
          [
            -80.2918816,
            43.3337946
          ],
          [
            -80.2919063,
            43.3337988
          ],
          [
            -80.2919355,
            43.3337952
          ],
          [
            -80.2919709,
            43.3337792
          ],
          [
            -80.2919908,
            43.3337615
          ],
          [
            -80.2919988,
            43.3337431
          ],
          [
            -80.2920103,
            43.3337183
          ],
          [
            -80.2920249,
            43.3337023
          ],
          [
            -80.2920528,
            43.3336794
          ],
          [
            -80.2920749,
            43.3336595
          ],
          [
            -80.2920957,
            43.3336373
          ],
          [
            -80.2921165,
            43.3336086
          ],
          [
            -80.292128,
            43.3335771
          ],
          [
            -80.2921337,
            43.333552
          ],
          [
            -80.2921382,
            43.3335175
          ],
          [
            -80.2921368,
            43.333487
          ],
          [
            -80.2921311,
            43.3334529
          ]
        ]
      }
    },
    {
      "type": "Feature",
      "properties": {
        "@id": "way/895636892",
        "golf": "bunker",
        "natural": "sand"
      },
      "geometry": {
        "type": "Polygon",
        "coordinates": [
          [
            [
              -80.2919654,
              43.3340938
            ],
            [
              -80.2919714,
              43.3341065
            ],
            [
              -80.2919761,
              43.3341153
            ],
            [
              -80.29197,
              43.3341255
            ],
            [
              -80.291956,
              43.3341285
            ],
            [
              -80.2919419,
              43.3341211
            ],
            [
              -80.2919271,
              43.3340997
            ],
            [
              -80.2919137,
              43.3340807
            ],
            [
              -80.291911,
              43.3340631
            ],
            [
              -80.2919258,
              43.3340543
            ],
            [
              -80.2919426,
              43.3340582
            ],
            [
              -80.291958,
              43.3340694
            ],
            [
              -80.2919633,
              43.3340826
            ],
            [
              -80.2919654,
              43.3340938
            ]
          ]
        ]
      }
    },
    {
      "type": "Feature",
      "properties": {
        "@id": "way/895636893",
        "golf": "tee",
        "landuse": "grass"
      },
      "geometry": {
        "type": "Polygon",
        "coordinates": [
          [
            [
              -80.2921165,
              43.3330779
            ],
            [
              -80.2920917,
              43.3331391
            ],
            [
              -80.2920838,
              43.3331925
            ],
            [
              -80.2920732,
              43.333235
            ],
            [
              -80.2920687,
              43.3332613
            ],
            [
              -80.2920643,
              43.3332684
            ],
            [
              -80.2920546,
              43.3332697
            ],
            [
              -80.2920395,
              43.3332562
            ],
            [
              -80.2920112,
              43.3332163
            ],
            [
              -80.2919971,
              43.3331828
            ],
            [
              -80.2919935,
              43.3331404
            ],
            [
              -80.2919962,
              43.3330966
            ],
            [
              -80.2920033,
              43.3330747
            ],
            [
              -80.2920307,
              43.333058
            ],
            [
              -80.2920678,
              43.3330541
            ],
            [
              -80.292105,
              43.3330612
            ],
            [
              -80.2921165,
              43.3330779
            ]
          ]
        ]
      }
    },
    {
      "type": "Feature",
      "properties": {
        "@id": "way/895636894",
        "golf": "tee",
        "landuse": "grass"
      },
      "geometry": {
        "type": "Polygon",
        "coordinates": [
          [
            [
              -80.2921528,
              43.332973
            ],
            [
              -80.2921519,
              43.3329962
            ],
            [
              -80.2921484,
              43.3330123
            ],
            [
              -80.2921369,
              43.3330277
            ],
            [
              -80.2921192,
              43.3330355
            ],
            [
              -80.2920829,
              43.3330322
            ],
            [
              -80.2920218,
              43.3330239
            ],
            [
              -80.2919679,
              43.3330149
            ],
            [
              -80.2919334,
              43.3330033
            ],
            [
              -80.2919059,
              43.3329788
            ],
            [
              -80.2919086,
              43.3329537
            ],
            [
              -80.2919192,
              43.3329351
            ],
            [
              -80.2919484,
              43.3329209
            ],
            [
              -80.2919909,
              43.3329061
            ],
            [
              -80.2920289,
              43.3329042
            ],
            [
              -80.2920732,
              43.3329048
            ],
            [
              -80.2921015,
              43.3329029
            ],
            [
              -80.2921342,
              43.3329112
            ],
            [
              -80.2921484,
              43.332926
            ],
            [
              -80.2921563,
              43.3329479
            ],
            [
              -80.2921528,
              43.332973
            ]
          ]
        ]
      }
    },
    {
      "type": "Feature",
      "properties": {
        "@id": "way/895636895",
        "golf": "tee",
        "landuse": "grass"
      },
      "geometry": {
        "type": "Polygon",
        "coordinates": [
          [
            [
              -80.2921873,
              43.332816
            ],
            [
              -80.2921864,
              43.3328359
            ],
            [
              -80.2921793,
              43.3328559
            ],
            [
              -80.2921581,
              43.3328662
            ],
            [
              -80.292136,
              43.3328681
            ],
            [
              -80.2920953,
              43.3328578
            ],
            [
              -80.2920696,
              43.3328379
            ],
            [
              -80.2920608,
              43.3328186
            ],
            [
              -80.2920643,
              43.3327928
            ],
            [
              -80.2920909,
              43.3327716
            ],
            [
              -80.2921289,
              43.3327703
            ],
            [
              -80.2921581,
              43.3327793
            ],
            [
              -80.2921802,
              43.3327941
            ],
            [
              -80.2921873,
              43.332816
            ]
          ]
        ]
      }
    },
    {
      "type": "Feature",
      "properties": {
        "@id": "way/895636896",
        "golf": "tee",
        "landuse": "grass"
      },
      "geometry": {
        "type": "Polygon",
        "coordinates": [
          [
            [
              -80.2922636,
              43.3322383
            ],
            [
              -80.2922628,
              43.3322574
            ],
            [
              -80.2922482,
              43.3322725
            ],
            [
              -80.2922266,
              43.3322775
            ],
            [
              -80.2922012,
              43.3322703
            ],
            [
              -80.2921842,
              43.3322518
            ],
            [
              -80.2921896,
              43.3322288
            ],
            [
              -80.2922104,
              43.3322181
            ],
            [
              -80.2922412,
              43.3322165
            ],
            [
              -80.2922597,
              43.3322254
            ],
            [
              -80.2922636,
              43.3322383
            ]
          ]
        ]
      }
    },
    {
      "type": "Feature",
      "properties": {
        "@id": "way/895636897",
        "golf": "green",
        "landuse": "grass"
      },
      "geometry": {
        "type": "Polygon",
        "coordinates": [
          [
            [
              -80.2922264,
              43.3316127
            ],
            [
              -80.2922186,
              43.3316295
            ],
            [
              -80.2922048,
              43.3316508
            ],
            [
              -80.2921894,
              43.331667
            ],
            [
              -80.2921917,
              43.3316883
            ],
            [
              -80.2922048,
              43.3317029
            ],
            [
              -80.2922179,
              43.3317214
            ],
            [
              -80.2922325,
              43.3317371
            ],
            [
              -80.2922441,
              43.3317567
            ],
            [
              -80.2922441,
              43.3317718
            ],
            [
              -80.2922418,
              43.3317886
            ],
            [
              -80.2922317,
              43.3318032
            ],
            [
              -80.2922125,
              43.3318138
            ],
            [
              -80.2921902,
              43.3318211
            ],
            [
              -80.2921678,
              43.3318267
            ],
            [
              -80.2921339,
              43.3318234
            ],
            [
              -80.2921085,
              43.3318172
            ],
            [
              -80.2920885,
              43.331806
            ],
            [
              -80.2920869,
              43.3318047
            ],
            [
              -80.2920646,
              43.3317864
            ],
            [
              -80.2920484,
              43.3317645
            ],
            [
              -80.2920361,
              43.3317444
            ],
            [
              -80.2920284,
              43.3317253
            ],
            [
              -80.2920292,
              43.3317018
            ],
            [
              -80.2920322,
              43.3316827
            ],
            [
              -80.2920284,
              43.3316648
            ],
            [
              -80.2920176,
              43.3316446
            ],
            [
              -80.2920068,
              43.331634
            ],
            [
              -80.2919945,
              43.3316239
            ],
            [
              -80.2919883,
              43.3316037
            ],
            [
              -80.2919953,
              43.3315819
            ],
            [
              -80.2920045,
              43.331569
            ],
            [
              -80.2920299,
              43.3315544
            ],
            [
              -80.2920654,
              43.3315443
            ],
            [
              -80.2921047,
              43.3315354
            ],
            [
              -80.2921332,
              43.3315376
            ],
            [
              -80.2921647,
              43.3315494
            ],
            [
              -80.292184,
              43.33156
            ],
            [
              -80.2922002,
              43.3315729
            ],
            [
              -80.2922133,
              43.3315875
            ],
            [
              -80.2922248,
              43.3316004
            ],
            [
              -80.2922264,
              43.3316127
            ]
          ]
        ]
      }
    },
    {
      "type": "Feature",
      "properties": {
        "@id": "way/895636898",
        "golf": "fairway",
        "landuse": "grass"
      },
      "geometry": {
        "type": "Polygon",
        "coordinates": [
          [
            [
              -80.2922418,
              43.3317886
            ],
            [
              -80.2922377,
              43.3318025
            ],
            [
              -80.2922354,
              43.3318301
            ],
            [
              -80.2922354,
              43.3318624
            ],
            [
              -80.2922307,
              43.3318755
            ],
            [
              -80.2922272,
              43.3318955
            ],
            [
              -80.2922348,
              43.3319133
            ],
            [
              -80.2922465,
              43.3319388
            ],
            [
              -80.2922577,
              43.3319583
            ],
            [
              -80.2922647,
              43.3319888
            ],
            [
              -80.2922553,
              43.3320177
            ],
            [
              -80.2922343,
              43.332033
            ],
            [
              -80.2921981,
              43.3320466
            ],
            [
              -80.2921643,
              43.33205
            ],
            [
              -80.2921129,
              43.3320372
            ],
            [
              -80.2920896,
              43.3320203
            ],
            [
              -80.2920755,
              43.3320016
            ],
            [
              -80.2920709,
              43.3319727
            ],
            [
              -80.2920767,
              43.3319404
            ],
            [
              -80.2920954,
              43.3319218
            ],
            [
              -80.2921129,
              43.3318988
            ],
            [
              -80.2921187,
              43.3318852
            ],
            [
              -80.2921246,
              43.3318632
            ],
            [
              -80.2921187,
              43.3318445
            ],
            [
              -80.2920966,
              43.3318266
            ],
            [
              -80.292079,
              43.3318139
            ],
            [
              -80.2920646,
              43.3317864
            ],
            [
              -80.2920869,
              43.3318047
            ],
            [
              -80.2921085,
              43.3318172
            ],
            [
              -80.2921339,
              43.3318234
            ],
            [
              -80.2921678,
              43.3318267
            ],
            [
              -80.2921902,
              43.3318211
            ],
            [
              -80.2922125,
              43.3318138
            ],
            [
              -80.2922317,
              43.3318032
            ],
            [
              -80.2922418,
              43.3317886
            ]
          ]
        ]
      }
    },
    {
      "type": "Feature",
      "properties": {
        "@id": "way/895636899",
        "golf": "bunker",
        "natural": "sand"
      },
      "geometry": {
        "type": "Polygon",
        "coordinates": [
          [
            [
              -80.2919982,
              43.3318006
            ],
            [
              -80.2920042,
              43.3318069
            ],
            [
              -80.2920136,
              43.3318085
            ],
            [
              -80.292026,
              43.3318124
            ],
            [
              -80.2920331,
              43.3318192
            ],
            [
              -80.2920365,
              43.3318277
            ],
            [
              -80.2920335,
              43.3318359
            ],
            [
              -80.2920271,
              43.3318449
            ],
            [
              -80.292014,
              43.3318517
            ],
            [
              -80.2920012,
              43.3318564
            ],
            [
              -80.2919899,
              43.331858
            ],
            [
              -80.2919787,
              43.3318553
            ],
            [
              -80.2919745,
              43.3318509
            ],
            [
              -80.2919734,
              43.3318432
            ],
            [
              -80.2919787,
              43.3318375
            ],
            [
              -80.2919805,
              43.331829
            ],
            [
              -80.2919753,
              43.3318214
            ],
            [
              -80.2919651,
              43.3318162
            ],
            [
              -80.2919509,
              43.3318069
            ],
            [
              -80.291946,
              43.3317987
            ],
            [
              -80.2919415,
              43.3317905
            ],
            [
              -80.2919407,
              43.3317801
            ],
            [
              -80.2919482,
              43.3317689
            ],
            [
              -80.2919572,
              43.3317616
            ],
            [
              -80.2919708,
              43.331758
            ],
            [
              -80.2919809,
              43.3317588
            ],
            [
              -80.2919892,
              43.3317607
            ],
            [
              -80.2919978,
              43.3317676
            ],
            [
              -80.2920004,
              43.3317728
            ],
            [
              -80.2920008,
              43.331782
            ],
            [
              -80.2919982,
              43.331787
            ],
            [
              -80.2919967,
              43.3317935
            ],
            [
              -80.2919982,
              43.3318006
            ]
          ]
        ]
      }
    },
    {
      "type": "Feature",
      "properties": {
        "@id": "way/895636900",
        "golf": "tee",
        "landuse": "grass"
      },
      "geometry": {
        "type": "Polygon",
        "coordinates": [
          [
            [
              -80.2922915,
              43.3312316
            ],
            [
              -80.2923083,
              43.3312677
            ],
            [
              -80.2923311,
              43.331303
            ],
            [
              -80.2923529,
              43.3313347
            ],
            [
              -80.2923648,
              43.3313629
            ],
            [
              -80.2923589,
              43.3313838
            ],
            [
              -80.292339,
              43.3313946
            ],
            [
              -80.2923024,
              43.3313939
            ],
            [
              -80.2922736,
              43.3313758
            ],
            [
              -80.2922568,
              43.3313463
            ],
            [
              -80.2922429,
              43.3313109
            ],
            [
              -80.2922251,
              43.3312756
            ],
            [
              -80.2922062,
              43.3312439
            ],
            [
              -80.2921805,
              43.3312136
            ],
            [
              -80.2921547,
              43.3311934
            ],
            [
              -80.2921478,
              43.3311682
            ],
            [
              -80.2921636,
              43.3311502
            ],
            [
              -80.2921963,
              43.3311329
            ],
            [
              -80.292231,
              43.3311372
            ],
            [
              -80.2922607,
              43.3311516
            ],
            [
              -80.2922746,
              43.3311776
            ],
            [
              -80.2922825,
              43.3312021
            ],
            [
              -80.2922915,
              43.3312316
            ]
          ]
        ]
      }
    },
    {
      "type": "Feature",
      "properties": {
        "@id": "way/895636901",
        "golf": "tee",
        "landuse": "grass"
      },
      "geometry": {
        "type": "Polygon",
        "coordinates": [
          [
            [
              -80.2919436,
              43.3309649
            ],
            [
              -80.2919594,
              43.330988
            ],
            [
              -80.2919822,
              43.3310096
            ],
            [
              -80.2920011,
              43.3310269
            ],
            [
              -80.29201,
              43.3310521
            ],
            [
              -80.2919931,
              43.3310651
            ],
            [
              -80.2919624,
              43.331073
            ],
            [
              -80.2919327,
              43.3310637
            ],
            [
              -80.2919069,
              43.3310392
            ],
            [
              -80.2918742,
              43.3310139
            ],
            [
              -80.2918613,
              43.3310024
            ],
            [
              -80.2918494,
              43.3309764
            ],
            [
              -80.2918435,
              43.3309548
            ],
            [
              -80.2918316,
              43.330926
            ],
            [
              -80.2918375,
              43.3309058
            ],
            [
              -80.2918574,
              43.330895
            ],
            [
              -80.291892,
              43.3308978
            ],
            [
              -80.2919059,
              43.3309101
            ],
            [
              -80.2919198,
              43.3309267
            ],
            [
              -80.2919297,
              43.330944
            ],
            [
              -80.2919436,
              43.3309649
            ]
          ]
        ]
      }
    },
    {
      "type": "Feature",
      "properties": {
        "@id": "way/895636902",
        "golf": "tee",
        "landuse": "grass"
      },
      "geometry": {
        "type": "Polygon",
        "coordinates": [
          [
            [
              -80.2916553,
              43.3304477
            ],
            [
              -80.2916781,
              43.3304701
            ],
            [
              -80.2917058,
              43.3304924
            ],
            [
              -80.2917395,
              43.3305148
            ],
            [
              -80.2917564,
              43.3305328
            ],
            [
              -80.2917544,
              43.3305458
            ],
            [
              -80.2917435,
              43.3305587
            ],
            [
              -80.2917326,
              43.3305681
            ],
            [
              -80.2917088,
              43.3305703
            ],
            [
              -80.2916672,
              43.3305631
            ],
            [
              -80.2916375,
              43.330545
            ],
            [
              -80.2916107,
              43.3305249
            ],
            [
              -80.2915899,
              43.3304953
            ],
            [
              -80.2915681,
              43.3304621
            ],
            [
              -80.2915512,
              43.3304326
            ],
            [
              -80.2915225,
              43.3304095
            ],
            [
              -80.2914937,
              43.3303893
            ],
            [
              -80.2914769,
              43.3303626
            ],
            [
              -80.2914809,
              43.3303389
            ],
            [
              -80.2914957,
              43.3303208
            ],
            [
              -80.2915215,
              43.3303187
            ],
            [
              -80.2915532,
              43.330328
            ],
            [
              -80.2915839,
              43.3303655
            ],
            [
              -80.2916147,
              43.330403
            ],
            [
              -80.2916394,
              43.3304283
            ],
            [
              -80.2916553,
              43.3304477
            ]
          ]
        ]
      }
    },
    {
      "type": "Feature",
      "properties": {
        "@id": "way/895636903",
        "golf": "fairway",
        "landuse": "grass"
      },
      "geometry": {
        "type": "Polygon",
        "coordinates": [
          [
            [
              -80.2908483,
              43.3295108
            ],
            [
              -80.290838,
              43.3295535
            ],
            [
              -80.2908242,
              43.3296012
            ],
            [
              -80.2908449,
              43.3296388
            ],
            [
              -80.290876,
              43.3296777
            ],
            [
              -80.2909122,
              43.3297079
            ],
            [
              -80.2909381,
              43.3297392
            ],
            [
              -80.290945,
              43.3297882
            ],
            [
              -80.2909277,
              43.3298409
            ],
            [
              -80.2909174,
              43.3298773
            ],
            [
              -80.2909329,
              43.3299162
            ],
            [
              -80.2909381,
              43.3299489
            ],
            [
              -80.2909294,
              43.3299853
            ],
            [
              -80.2908949,
              43.3300079
            ],
            [
              -80.2908328,
              43.3300229
            ],
            [
              -80.2907465,
              43.3300154
            ],
            [
              -80.2906533,
              43.3299903
            ],
            [
              -80.2905843,
              43.3299489
            ],
            [
              -80.2905343,
              43.3299012
            ],
            [
              -80.2905101,
              43.3298497
            ],
            [
              -80.2905205,
              43.3297869
            ],
            [
              -80.2905498,
              43.3297229
            ],
            [
              -80.2905429,
              43.3296765
            ],
            [
              -80.2905205,
              43.3296426
            ],
            [
              -80.2905067,
              43.3295974
            ],
            [
              -80.2905256,
              43.3295472
            ],
            [
              -80.2905326,
              43.3294907
            ],
            [
              -80.2905395,
              43.329448
            ],
            [
              -80.2905567,
              43.3294129
            ],
            [
              -80.2906154,
              43.3293853
            ],
            [
              -80.2906844,
              43.3293514
            ],
            [
              -80.290731,
              43.32933
            ],
            [
              -80.2907759,
              43.3293012
            ],
            [
              -80.2908225,
              43.3292874
            ],
            [
              -80.290857,
              43.3292861
            ],
            [
              -80.2909001,
              43.3292999
            ],
            [
              -80.2909312,
              43.3293162
            ],
            [
              -80.2909433,
              43.3293514
            ],
            [
              -80.2909398,
              43.3293915
            ],
            [
              -80.2909191,
              43.3294292
            ],
            [
              -80.2908846,
              43.3294669
            ],
            [
              -80.2908483,
              43.3295108
            ]
          ]
        ]
      }
    },
    {
      "type": "Feature",
      "properties": {
        "@id": "way/895636904",
        "golf": "green",
        "landuse": "grass"
      },
      "geometry": {
        "type": "Polygon",
        "coordinates": [
          [
            [
              -80.2915278,
              43.3290329
            ],
            [
              -80.2915444,
              43.3290561
            ],
            [
              -80.2915609,
              43.3290784
            ],
            [
              -80.2915848,
              43.3291165
            ],
            [
              -80.2915922,
              43.3291306
            ],
            [
              -80.2915967,
              43.3291505
            ],
            [
              -80.2915956,
              43.3291617
            ],
            [
              -80.2915842,
              43.3291724
            ],
            [
              -80.2915711,
              43.3291828
            ],
            [
              -80.2915535,
              43.3291861
            ],
            [
              -80.2915313,
              43.3291857
            ],
            [
              -80.2915142,
              43.3291815
            ],
            [
              -80.2914948,
              43.3291737
            ],
            [
              -80.2914823,
              43.3291621
            ],
            [
              -80.2914669,
              43.3291517
            ],
            [
              -80.2914573,
              43.3291426
            ],
            [
              -80.2914362,
              43.3291331
            ],
            [
              -80.2914123,
              43.3291252
            ],
            [
              -80.2913878,
              43.3291211
            ],
            [
              -80.2913656,
              43.3291161
            ],
            [
              -80.2913468,
              43.3291116
            ],
            [
              -80.2913258,
              43.3291054
            ],
            [
              -80.2913104,
              43.3290962
            ],
            [
              -80.2913006,
              43.329084
            ],
            [
              -80.2912963,
              43.3290639
            ],
            [
              -80.2913015,
              43.3290489
            ],
            [
              -80.2913101,
              43.3290344
            ],
            [
              -80.2913325,
              43.32902
            ],
            [
              -80.2913558,
              43.3290074
            ],
            [
              -80.2913886,
              43.3290005
            ],
            [
              -80.291418,
              43.3289936
            ],
            [
              -80.2914447,
              43.3289874
            ],
            [
              -80.291474,
              43.3289924
            ],
            [
              -80.2915017,
              43.3290043
            ],
            [
              -80.2915172,
              43.3290162
            ],
            [
              -80.2915278,
              43.3290329
            ]
          ]
        ]
      }
    },
    {
      "type": "Feature",
      "properties": {
        "@id": "way/895636905",
        "golf": "fairway",
        "landuse": "grass"
      },
      "geometry": {
        "type": "Polygon",
        "coordinates": [
          [
            [
              -80.2913886,
              43.3290005
            ],
            [
              -80.2913472,
              43.3289974
            ],
            [
              -80.2913187,
              43.3290012
            ],
            [
              -80.2912894,
              43.329003
            ],
            [
              -80.2912635,
              43.3290037
            ],
            [
              -80.2912273,
              43.3290118
            ],
            [
              -80.291204,
              43.3290256
            ],
            [
              -80.2911867,
              43.3290401
            ],
            [
              -80.2911626,
              43.3290507
            ],
            [
              -80.2911358,
              43.3290595
            ],
            [
              -80.2911082,
              43.3290683
            ],
            [
              -80.2910728,
              43.3290771
            ],
            [
              -80.2910444,
              43.3290909
            ],
            [
              -80.2910288,
              43.3291091
            ],
            [
              -80.2910185,
              43.3291323
            ],
            [
              -80.2910271,
              43.3291543
            ],
            [
              -80.291053,
              43.3291706
            ],
            [
              -80.2910832,
              43.3291775
            ],
            [
              -80.2911211,
              43.3291681
            ],
            [
              -80.2911539,
              43.3291505
            ],
            [
              -80.2911884,
              43.3291305
            ],
            [
              -80.2912178,
              43.3291148
            ],
            [
              -80.2912471,
              43.3291028
            ],
            [
              -80.2912652,
              43.329101
            ],
            [
              -80.2912911,
              43.329101
            ],
            [
              -80.2913092,
              43.3291035
            ],
            [
              -80.2913258,
              43.3291054
            ],
            [
              -80.2913104,
              43.3290962
            ],
            [
              -80.2913006,
              43.329084
            ],
            [
              -80.2912963,
              43.3290639
            ],
            [
              -80.2913015,
              43.3290489
            ],
            [
              -80.2913101,
              43.3290344
            ],
            [
              -80.2913325,
              43.32902
            ],
            [
              -80.2913558,
              43.3290074
            ],
            [
              -80.2913886,
              43.3290005
            ]
          ]
        ]
      }
    },
    {
      "type": "Feature",
      "properties": {
        "@id": "way/895636906",
        "golf": "bunker",
        "natural": "sand"
      },
      "geometry": {
        "type": "Polygon",
        "coordinates": [
          [
            [
              -80.2914165,
              43.3291778
            ],
            [
              -80.2914244,
              43.3291726
            ],
            [
              -80.2914289,
              43.3291661
            ],
            [
              -80.2914379,
              43.3291645
            ],
            [
              -80.2914533,
              43.3291716
            ],
            [
              -80.2914601,
              43.3291784
            ],
            [
              -80.2914619,
              43.3291855
            ],
            [
              -80.2914604,
              43.3291961
            ],
            [
              -80.2914586,
              43.3292024
            ],
            [
              -80.2914563,
              43.3292098
            ],
            [
              -80.2914488,
              43.3292134
            ],
            [
              -80.291436,
              43.329212
            ],
            [
              -80.2914266,
              43.3292076
            ],
            [
              -80.2914127,
              43.3292032
            ],
            [
              -80.2913947,
              43.3291991
            ],
            [
              -80.2913774,
              43.3291953
            ],
            [
              -80.2913617,
              43.329192
            ],
            [
              -80.2913429,
              43.3291893
            ],
            [
              -80.291329,
              43.3291879
            ],
            [
              -80.2913155,
              43.3291904
            ],
            [
              -80.291305,
              43.329191
            ],
            [
              -80.2912914,
              43.3291882
            ],
            [
              -80.2912817,
              43.3291808
            ],
            [
              -80.2912794,
              43.3291699
            ],
            [
              -80.2912809,
              43.3291584
            ],
            [
              -80.2912907,
              43.329147
            ],
            [
              -80.2913004,
              43.3291431
            ],
            [
              -80.2913083,
              43.3291399
            ],
            [
              -80.2913143,
              43.3291401
            ],
            [
              -80.2913215,
              43.3291404
            ],
            [
              -80.2913297,
              43.3291483
            ],
            [
              -80.2913376,
              43.3291593
            ],
            [
              -80.291347,
              43.3291675
            ],
            [
              -80.2913639,
              43.3291721
            ],
            [
              -80.2913748,
              43.3291675
            ],
            [
              -80.2913782,
              43.3291623
            ],
            [
              -80.2913748,
              43.3291568
            ],
            [
              -80.2913714,
              43.3291513
            ],
            [
              -80.2913726,
              43.3291461
            ],
            [
              -80.2913823,
              43.3291472
            ],
            [
              -80.2913902,
              43.3291513
            ],
            [
              -80.2913985,
              43.3291571
            ],
            [
              -80.2913988,
              43.3291636
            ],
            [
              -80.2914034,
              43.3291724
            ],
            [
              -80.2914079,
              43.3291773
            ],
            [
              -80.2914165,
              43.3291778
            ]
          ]
        ]
      }
    },
    {
      "type": "Feature",
      "properties": {
        "@id": "way/895636907",
        "golf": "bunker",
        "natural": "sand"
      },
      "geometry": {
        "type": "Polygon",
        "coordinates": [
          [
            [
              -80.2913701,
              43.3289209
            ],
            [
              -80.2913766,
              43.3289249
            ],
            [
              -80.2913874,
              43.3289257
            ],
            [
              -80.2913982,
              43.3289205
            ],
            [
              -80.2914045,
              43.3289139
            ],
            [
              -80.2914145,
              43.3289104
            ],
            [
              -80.2914256,
              43.3289116
            ],
            [
              -80.2914327,
              43.3289168
            ],
            [
              -80.2914375,
              43.328923
            ],
            [
              -80.2914392,
              43.3289327
            ],
            [
              -80.2914341,
              43.3289396
            ],
            [
              -80.2914258,
              43.3289477
            ],
            [
              -80.2914187,
              43.3289506
            ],
            [
              -80.2914065,
              43.3289516
            ],
            [
              -80.2913979,
              43.3289524
            ],
            [
              -80.2913826,
              43.3289547
            ],
            [
              -80.2913735,
              43.3289576
            ],
            [
              -80.2913618,
              43.3289578
            ],
            [
              -80.2913504,
              43.3289582
            ],
            [
              -80.2913373,
              43.3289595
            ],
            [
              -80.2913308,
              43.3289595
            ],
            [
              -80.2913222,
              43.3289563
            ],
            [
              -80.2913157,
              43.3289481
            ],
            [
              -80.2913146,
              43.3289448
            ],
            [
              -80.2913146,
              43.3289377
            ],
            [
              -80.2913188,
              43.3289334
            ],
            [
              -80.2913271,
              43.3289327
            ],
            [
              -80.291337,
              43.3289327
            ],
            [
              -80.2913405,
              43.328928
            ],
            [
              -80.291345,
              43.3289203
            ],
            [
              -80.2913484,
              43.328916
            ],
            [
              -80.2913567,
              43.3289141
            ],
            [
              -80.2913644,
              43.3289158
            ],
            [
              -80.2913701,
              43.3289209
            ]
          ]
        ]
      }
    },
    {
      "type": "Feature",
      "properties": {
        "@id": "way/895636908",
        "golf": "water_hazard",
        "natural": "water"
      },
      "geometry": {
        "type": "Polygon",
        "coordinates": [
          [
            [
              -80.2915448,
              43.3300876
            ],
            [
              -80.291516,
              43.3300477
            ],
            [
              -80.2914166,
              43.3300096
            ],
            [
              -80.2914035,
              43.3299583
            ],
            [
              -80.291414,
              43.3298974
            ],
            [
              -80.2914611,
              43.3298137
            ],
            [
              -80.2914506,
              43.3297775
            ],
            [
              -80.2914611,
              43.3297357
            ],
            [
              -80.2915029,
              43.32969
            ],
            [
              -80.2915657,
              43.3296615
            ],
            [
              -80.2916285,
              43.3296653
            ],
            [
              -80.2916599,
              43.3296462
            ],
            [
              -80.2916572,
              43.3296253
            ],
            [
              -80.2915762,
              43.329593
            ],
            [
              -80.2915082,
              43.329553
            ],
            [
              -80.2915186,
              43.3295092
            ],
            [
              -80.2915317,
              43.329456
            ],
            [
              -80.2915788,
              43.3294274
            ],
            [
              -80.2915997,
              43.3294027
            ],
            [
              -80.29161,
              43.3293641
            ],
            [
              -80.29161,
              43.329348
            ],
            [
              -80.2915995,
              43.3293175
            ],
            [
              -80.2915498,
              43.3293051
            ],
            [
              -80.2915158,
              43.3293023
            ],
            [
              -80.2914596,
              43.3292918
            ],
            [
              -80.291402,
              43.3292718
            ],
            [
              -80.2913471,
              43.3292585
            ],
            [
              -80.2912961,
              43.3292633
            ],
            [
              -80.2912425,
              43.3292728
            ],
            [
              -80.2912032,
              43.3292956
            ],
            [
              -80.291147,
              43.3293242
            ],
            [
              -80.2911039,
              43.3293546
            ],
            [
              -80.2910607,
              43.3293908
            ],
            [
              -80.2910267,
              43.3294212
            ],
            [
              -80.2909992,
              43.3294478
            ],
            [
              -80.2909979,
              43.3294773
            ],
            [
              -80.2910045,
              43.3295002
            ],
            [
              -80.291011,
              43.3295354
            ],
            [
              -80.2910202,
              43.3295677
            ],
            [
              -80.2910319,
              43.3296048
            ],
            [
              -80.2910411,
              43.3296343
            ],
            [
              -80.2910385,
              43.3296714
            ],
            [
              -80.2910372,
              43.3297009
            ],
            [
              -80.2910463,
              43.3297456
            ],
            [
              -80.2910581,
              43.3297779
            ],
            [
              -80.2910803,
              43.3298131
            ],
            [
              -80.2911091,
              43.3298322
            ],
            [
              -80.2911195,
              43.329855
            ],
            [
              -80.2911313,
              43.3298978
            ],
            [
              -80.2911431,
              43.3299321
            ],
            [
              -80.2911496,
              43.3299606
            ],
            [
              -80.2911627,
              43.3299891
            ],
            [
              -80.2911875,
              43.3300167
            ],
            [
              -80.2912333,
              43.3300291
            ],
            [
              -80.2912896,
              43.3300386
            ],
            [
              -80.2913432,
              43.3300519
            ],
            [
              -80.2913903,
              43.3300605
            ],
            [
              -80.2914151,
              43.3300643
            ],
            [
              -80.2914426,
              43.3300567
            ],
            [
              -80.2914543,
              43.330069
            ],
            [
              -80.2914556,
              43.3300843
            ],
            [
              -80.29147,
              43.3300947
            ],
            [
              -80.291504,
              43.3300976
            ],
            [
              -80.2915289,
              43.3300947
            ],
            [
              -80.2915448,
              43.3300876
            ]
          ]
        ]
      }
    },
    {
      "type": "Feature",
      "properties": {
        "@id": "way/895659580",
        "golf": "water_hazard",
        "natural": "water"
      },
      "geometry": {
        "type": "Polygon",
        "coordinates": [
          [
            [
              -80.2913362,
              43.3303358
            ],
            [
              -80.2913833,
              43.3303872
            ],
            [
              -80.2914434,
              43.3304329
            ],
            [
              -80.2914748,
              43.3304785
            ],
            [
              -80.2915036,
              43.3305337
            ],
            [
              -80.2915297,
              43.3305813
            ],
            [
              -80.2915062,
              43.3306308
            ],
            [
              -80.2914643,
              43.3306764
            ],
            [
              -80.2913963,
              43.3307088
            ],
            [
              -80.2913362,
              43.330743
            ],
            [
              -80.2912839,
              43.3307734
            ],
            [
              -80.2912499,
              43.3307925
            ],
            [
              -80.2912054,
              43.330821
            ],
            [
              -80.2911426,
              43.3308343
            ],
            [
              -80.2910511,
              43.3308362
            ],
            [
              -80.29097,
              43.3308248
            ],
            [
              -80.2908941,
              43.3307944
            ],
            [
              -80.2908366,
              43.3307392
            ],
            [
              -80.2908078,
              43.3306669
            ],
            [
              -80.2907921,
              43.3305794
            ],
            [
              -80.2907764,
              43.3304785
            ],
            [
              -80.2907686,
              43.3303891
            ],
            [
              -80.2906893,
              43.3303388
            ],
            [
              -80.2906065,
              43.3303001
            ],
            [
              -80.2905772,
              43.3302556
            ],
            [
              -80.2906078,
              43.3301864
            ],
            [
              -80.2906877,
              43.3301263
            ],
            [
              -80.2907391,
              43.3300999
            ],
            [
              -80.2907793,
              43.3300806
            ],
            [
              -80.2908462,
              43.3300878
            ],
            [
              -80.2908797,
              43.3301105
            ],
            [
              -80.2909022,
              43.3301396
            ],
            [
              -80.2908898,
              43.3301694
            ],
            [
              -80.2908856,
              43.3301876
            ],
            [
              -80.2908981,
              43.330196
            ],
            [
              -80.2909308,
              43.3302046
            ],
            [
              -80.2909778,
              43.3302008
            ],
            [
              -80.2910432,
              43.3301932
            ],
            [
              -80.2911217,
              43.3301855
            ],
            [
              -80.2911635,
              43.330197
            ],
            [
              -80.2912132,
              43.3302312
            ],
            [
              -80.2912656,
              43.3302731
            ],
            [
              -80.2912996,
              43.330294
            ],
            [
              -80.2913362,
              43.3303358
            ]
          ]
        ]
      }
    },
    {
      "type": "Feature",
      "properties": {
        "@id": "way/895659581",
        "golf": "tee",
        "landuse": "grass"
      },
      "geometry": {
        "type": "Polygon",
        "coordinates": [
          [
            [
              -80.2915667,
              43.3286285
            ],
            [
              -80.2915694,
              43.3286426
            ],
            [
              -80.2915687,
              43.328667
            ],
            [
              -80.2915553,
              43.3286787
            ],
            [
              -80.2915325,
              43.3286885
            ],
            [
              -80.2915137,
              43.3286953
            ],
            [
              -80.2914909,
              43.3286938
            ],
            [
              -80.2914675,
              43.3286831
            ],
            [
              -80.2914568,
              43.3286641
            ],
            [
              -80.2914628,
              43.3286416
            ],
            [
              -80.2914708,
              43.328626
            ],
            [
              -80.2914816,
              43.3285953
            ],
            [
              -80.2914896,
              43.3285792
            ],
            [
              -80.2915084,
              43.3285709
            ],
            [
              -80.2915386,
              43.3285777
            ],
            [
              -80.29155,
              43.3285885
            ],
            [
              -80.2915614,
              43.3286011
            ],
            [
              -80.2915667,
              43.3286285
            ]
          ]
        ]
      }
    },
    {
      "type": "Feature",
      "properties": {
        "@id": "way/895696997",
        "golf": "tee",
        "landuse": "grass"
      },
      "geometry": {
        "type": "Polygon",
        "coordinates": [
          [
            [
              -80.2914449,
              43.3286395
            ],
            [
              -80.2914372,
              43.3286639
            ],
            [
              -80.2914268,
              43.3286787
            ],
            [
              -80.2914241,
              43.3286905
            ],
            [
              -80.291411,
              43.3287031
            ],
            [
              -80.2913882,
              43.3287176
            ],
            [
              -80.2913651,
              43.3287269
            ],
            [
              -80.2913401,
              43.3287283
            ],
            [
              -80.2913155,
              43.3287213
            ],
            [
              -80.2912927,
              43.3287056
            ],
            [
              -80.2912827,
              43.3286871
            ],
            [
              -80.291292,
              43.3286664
            ],
            [
              -80.291312,
              43.3286417
            ],
            [
              -80.2913286,
              43.3286157
            ],
            [
              -80.2913463,
              43.3285938
            ],
            [
              -80.2913597,
              43.328586
            ],
            [
              -80.2913786,
              43.3285781
            ],
            [
              -80.2914079,
              43.3285764
            ],
            [
              -80.2914372,
              43.3285821
            ],
            [
              -80.2914487,
              43.3285919
            ],
            [
              -80.2914553,
              43.3286073
            ],
            [
              -80.2914556,
              43.3286258
            ],
            [
              -80.2914449,
              43.3286395
            ]
          ]
        ]
      }
    },
    {
      "type": "Feature",
      "properties": {
        "@id": "way/895696998",
        "golf": "tee",
        "landuse": "grass"
      },
      "geometry": {
        "type": "Polygon",
        "coordinates": [
          [
            [
              -80.2906564,
              43.3287787
            ],
            [
              -80.2906691,
              43.3287939
            ],
            [
              -80.2906767,
              43.3288072
            ],
            [
              -80.2906706,
              43.3288227
            ],
            [
              -80.2906564,
              43.3288408
            ],
            [
              -80.290632,
              43.3288504
            ],
            [
              -80.2905959,
              43.3288541
            ],
            [
              -80.2905665,
              43.3288482
            ],
            [
              -80.2905466,
              43.3288367
            ],
            [
              -80.2905365,
              43.3288183
            ],
            [
              -80.290535,
              43.3288013
            ],
            [
              -80.2905375,
              43.3287828
            ],
            [
              -80.2905517,
              43.3287565
            ],
            [
              -80.2905629,
              43.3287425
            ],
            [
              -80.2905898,
              43.3287388
            ],
            [
              -80.2906219,
              43.3287458
            ],
            [
              -80.2906432,
              43.3287591
            ],
            [
              -80.2906564,
              43.3287787
            ]
          ]
        ]
      }
    },
    {
      "type": "Feature",
      "properties": {
        "@id": "way/895696999",
        "building": "yes",
        "golf": "clubhouse"
      },
      "geometry": {
        "type": "Polygon",
        "coordinates": [
          [
            [
              -80.2897245,
              43.3289413
            ],
            [
              -80.2896991,
              43.3288584
            ],
            [
              -80.2895582,
              43.3288847
            ],
            [
              -80.289565,
              43.3289355
            ],
            [
              -80.2895703,
              43.3289696
            ],
            [
              -80.2897245,
              43.3289413
            ]
          ]
        ]
      }
    },
    {
      "type": "Feature",
      "properties": {
        "@id": "way/895697000",
        "golf": "fairway",
        "landuse": "grass"
      },
      "geometry": {
        "type": "Polygon",
        "coordinates": [
          [
            [
              -80.2897576,
              43.3292115
            ],
            [
              -80.2898347,
              43.3292239
            ],
            [
              -80.2898454,
              43.3292272
            ],
            [
              -80.2898963,
              43.3292295
            ],
            [
              -80.2899903,
              43.3291813
            ],
            [
              -80.2900534,
              43.3291409
            ],
            [
              -80.2900842,
              43.3291073
            ],
            [
              -80.2901351,
              43.3290647
            ],
            [
              -80.2901566,
              43.3290199
            ],
            [
              -80.2901536,
              43.3289695
            ],
            [
              -80.2901197,
              43.3289347
            ],
            [
              -80.2900673,
              43.3289134
            ],
            [
              -80.289998,
              43.3289179
            ],
            [
              -80.2899086,
              43.3289594
            ],
            [
              -80.2898439,
              43.3289975
            ],
            [
              -80.2897761,
              43.3290378
            ],
            [
              -80.2896991,
              43.3290591
            ],
            [
              -80.2896236,
              43.3290591
            ],
            [
              -80.2895389,
              43.3290479
            ],
            [
              -80.2894773,
              43.3290244
            ],
            [
              -80.2894357,
              43.3290221
            ],
            [
              -80.2893817,
              43.329039
            ],
            [
              -80.2893217,
              43.329049
            ],
            [
              -80.2892739,
              43.3290591
            ],
            [
              -80.2892154,
              43.3290591
            ],
            [
              -80.2891507,
              43.3290378
            ],
            [
              -80.289106,
              43.3290109
            ],
            [
              -80.2890582,
              43.3289885
            ],
            [
              -80.2890151,
              43.3289796
            ],
            [
              -80.2889504,
              43.3289796
            ],
            [
              -80.2888795,
              43.3289953
            ],
            [
              -80.2888241,
              43.3290087
            ],
            [
              -80.2887625,
              43.3290188
            ],
            [
              -80.2887224,
              43.3290233
            ],
            [
              -80.2886654,
              43.3290143
            ],
            [
              -80.2886146,
              43.3290009
            ],
            [
              -80.2885329,
              43.3290009
            ],
            [
              -80.2884682,
              43.3290087
            ],
            [
              -80.2884235,
              43.3290233
            ],
            [
              -80.288402,
              43.329039
            ],
            [
              -80.288385,
              43.3290591
            ],
            [
              -80.2883835,
              43.3290871
            ],
            [
              -80.2883897,
              43.3291185
            ],
            [
              -80.2884174,
              43.3291331
            ],
            [
              -80.2884574,
              43.3291521
            ],
            [
              -80.2885036,
              43.329151
            ],
            [
              -80.2885714,
              43.3291398
            ],
            [
              -80.2886469,
              43.3291398
            ],
            [
              -80.2887363,
              43.3291488
            ],
            [
              -80.2888349,
              43.3291689
            ],
            [
              -80.2889088,
              43.3291891
            ],
            [
              -80.2889627,
              43.3292014
            ],
            [
              -80.2890059,
              43.3292138
            ],
            [
              -80.2890921,
              43.3292351
            ],
            [
              -80.2891769,
              43.3292709
            ],
            [
              -80.2892431,
              43.3292922
            ],
            [
              -80.2892909,
              43.3293034
            ],
            [
              -80.2893586,
              43.3292877
            ],
            [
              -80.2894372,
              43.3292597
            ],
            [
              -80.289505,
              43.3292508
            ],
            [
              -80.2895682,
              43.3292474
            ],
            [
              -80.2896051,
              43.3292474
            ],
            [
              -80.2896606,
              43.3292395
            ],
            [
              -80.2897022,
              43.3292261
            ],
            [
              -80.2897576,
              43.3292115
            ]
          ]
        ]
      }
    },
    {
      "type": "Feature",
      "properties": {
        "@id": "way/895697001",
        "golf": "bunker",
        "natural": "sand"
      },
      "geometry": {
        "type": "Polygon",
        "coordinates": [
          [
            [
              -80.2883532,
              43.3291916
            ],
            [
              -80.2883353,
              43.3292156
            ],
            [
              -80.2883116,
              43.3292225
            ],
            [
              -80.2882875,
              43.3292244
            ],
            [
              -80.2882696,
              43.3292186
            ],
            [
              -80.2882374,
              43.3292088
            ],
            [
              -80.288228,
              43.3291805
            ],
            [
              -80.2882307,
              43.3291591
            ],
            [
              -80.2882535,
              43.3291444
            ],
            [
              -80.2882857,
              43.3291366
            ],
            [
              -80.2883232,
              43.3291415
            ],
            [
              -80.2883438,
              43.3291532
            ],
            [
              -80.2883532,
              43.3291675
            ],
            [
              -80.2883532,
              43.3291916
            ]
          ]
        ]
      }
    },
    {
      "type": "Feature",
      "properties": {
        "@id": "way/895697002",
        "golf": "bunker",
        "natural": "sand"
      },
      "geometry": {
        "type": "Polygon",
        "coordinates": [
          [
            [
              -80.2876029,
              43.3289262
            ],
            [
              -80.2875953,
              43.3289343
            ],
            [
              -80.2875749,
              43.3289398
            ],
            [
              -80.2875538,
              43.3289389
            ],
            [
              -80.2875387,
              43.3289317
            ],
            [
              -80.2875317,
              43.3289156
            ],
            [
              -80.2875352,
              43.3289037
            ],
            [
              -80.2875439,
              43.3288978
            ],
            [
              -80.2875556,
              43.3288918
            ],
            [
              -80.2875778,
              43.3288914
            ],
            [
              -80.2875947,
              43.3288973
            ],
            [
              -80.287604,
              43.3289067
            ],
            [
              -80.2876064,
              43.3289156
            ],
            [
              -80.2876029,
              43.3289262
            ]
          ]
        ]
      }
    },
    {
      "type": "Feature",
      "properties": {
        "@id": "way/895697003",
        "golf": "bunker",
        "natural": "sand"
      },
      "geometry": {
        "type": "Polygon",
        "coordinates": [
          [
            [
              -80.2874761,
              43.3289102
            ],
            [
              -80.2874743,
              43.3289153
            ],
            [
              -80.2874676,
              43.328917
            ],
            [
              -80.28746,
              43.3289174
            ],
            [
              -80.2874536,
              43.328914
            ],
            [
              -80.2874504,
              43.328907
            ],
            [
              -80.2874553,
              43.3289017
            ],
            [
              -80.2874618,
              43.3289004
            ],
            [
              -80.2874693,
              43.3289004
            ],
            [
              -80.2874758,
              43.3289042
            ],
            [
              -80.2874761,
              43.3289102
            ]
          ]
        ]
      }
    },
    {
      "type": "Feature",
      "properties": {
        "@id": "way/895697004",
        "golf": "bunker",
        "natural": "sand"
      },
      "geometry": {
        "type": "Polygon",
        "coordinates": [
          [
            [
              -80.2877736,
              43.3292096
            ],
            [
              -80.2877732,
              43.3292206
            ],
            [
              -80.2877776,
              43.3292252
            ],
            [
              -80.28779,
              43.3292308
            ],
            [
              -80.2878017,
              43.3292301
            ],
            [
              -80.2878108,
              43.3292272
            ],
            [
              -80.2878198,
              43.3292252
            ],
            [
              -80.2878275,
              43.3292238
            ],
            [
              -80.2878342,
              43.3292277
            ],
            [
              -80.2878369,
              43.3292335
            ],
            [
              -80.2878369,
              43.3292396
            ],
            [
              -80.2878322,
              43.329244
            ],
            [
              -80.2878265,
              43.3292474
            ],
            [
              -80.2878198,
              43.3292501
            ],
            [
              -80.2878124,
              43.3292535
            ],
            [
              -80.2878031,
              43.329255
            ],
            [
              -80.2877987,
              43.3292584
            ],
            [
              -80.2877994,
              43.3292662
            ],
            [
              -80.2878004,
              43.329273
            ],
            [
              -80.2878021,
              43.3292794
            ],
            [
              -80.2878051,
              43.3292845
            ],
            [
              -80.2878081,
              43.3292921
            ],
            [
              -80.2878064,
              43.3292984
            ],
            [
              -80.2877997,
              43.3293023
            ],
            [
              -80.287789,
              43.3293016
            ],
            [
              -80.2877772,
              43.3292984
            ],
            [
              -80.2877699,
              43.3292955
            ],
            [
              -80.2877658,
              43.3292903
            ],
            [
              -80.2877628,
              43.3292852
            ],
            [
              -80.2877648,
              43.3292789
            ],
            [
              -80.2877682,
              43.3292733
            ],
            [
              -80.2877665,
              43.3292672
            ],
            [
              -80.2877622,
              43.3292606
            ],
            [
              -80.2877521,
              43.3292552
            ],
            [
              -80.2877417,
              43.3292582
            ],
            [
              -80.28773,
              43.3292621
            ],
            [
              -80.2877199,
              43.3292655
            ],
            [
              -80.2877072,
              43.3292645
            ],
            [
              -80.2876985,
              43.3292643
            ],
            [
              -80.2876827,
              43.3292577
            ],
            [
              -80.287679,
              43.3292491
            ],
            [
              -80.2876797,
              43.3292396
            ],
            [
              -80.2876854,
              43.3292325
            ],
            [
              -80.2877132,
              43.3292267
            ],
            [
              -80.2877223,
              43.3292247
            ],
            [
              -80.2877293,
              43.3292191
            ],
            [
              -80.2877306,
              43.3292145
            ],
            [
              -80.287728,
              43.3292079
            ],
            [
              -80.2877162,
              43.3292047
            ],
            [
              -80.2877105,
              43.3292011
            ],
            [
              -80.2877058,
              43.329195
            ],
            [
              -80.2877088,
              43.3291899
            ],
            [
              -80.2877145,
              43.3291857
            ],
            [
              -80.2877249,
              43.3291821
            ],
            [
              -80.2877343,
              43.3291796
            ],
            [
              -80.2877451,
              43.3291777
            ],
            [
              -80.2877571,
              43.3291786
            ],
            [
              -80.2877669,
              43.3291806
            ],
            [
              -80.2877726,
              43.3291828
            ],
            [
              -80.2877766,
              43.3291879
            ],
            [
              -80.2877772,
              43.3291933
            ],
            [
              -80.2877722,
              43.3291989
            ],
            [
              -80.2877722,
              43.3292047
            ],
            [
              -80.2877736,
              43.3292096
            ]
          ]
        ]
      }
    },
    {
      "type": "Feature",
      "properties": {
        "@id": "way/895697005",
        "golf": "bunker",
        "natural": "sand"
      },
      "geometry": {
        "type": "Polygon",
        "coordinates": [
          [
            [
              -80.2874747,
              43.3293638
            ],
            [
              -80.2874665,
              43.3293697
            ],
            [
              -80.2874518,
              43.329373
            ],
            [
              -80.2874401,
              43.3293712
            ],
            [
              -80.287432,
              43.3293626
            ],
            [
              -80.2874259,
              43.3293475
            ],
            [
              -80.287432,
              43.329336
            ],
            [
              -80.2874462,
              43.3293305
            ],
            [
              -80.2874625,
              43.3293312
            ],
            [
              -80.2874736,
              43.3293364
            ],
            [
              -80.2874792,
              43.3293449
            ],
            [
              -80.2874787,
              43.3293527
            ],
            [
              -80.2874777,
              43.3293578
            ],
            [
              -80.2874747,
              43.3293638
            ]
          ]
        ]
      }
    },
    {
      "type": "Feature",
      "properties": {
        "@id": "way/895697006",
        "golf": "green",
        "landuse": "grass"
      },
      "geometry": {
        "type": "Polygon",
        "coordinates": [
          [
            [
              -80.2877291,
              43.3293809
            ],
            [
              -80.2877089,
              43.3294043
            ],
            [
              -80.2876875,
              43.3294179
            ],
            [
              -80.2876674,
              43.3294316
            ],
            [
              -80.2876452,
              43.3294423
            ],
            [
              -80.2876204,
              43.329455
            ],
            [
              -80.287599,
              43.3294765
            ],
            [
              -80.2875835,
              43.3294887
            ],
            [
              -80.2875534,
              43.3294955
            ],
            [
              -80.2875279,
              43.329496
            ],
            [
              -80.2875024,
              43.3294872
            ],
            [
              -80.2874883,
              43.3294794
            ],
            [
              -80.2874809,
              43.3294628
            ],
            [
              -80.2874789,
              43.3294501
            ],
            [
              -80.2874843,
              43.3294326
            ],
            [
              -80.2874903,
              43.3294155
            ],
            [
              -80.2875071,
              43.3293994
            ],
            [
              -80.2875172,
              43.3293872
            ],
            [
              -80.2875252,
              43.3293726
            ],
            [
              -80.2875286,
              43.3293584
            ],
            [
              -80.2875265,
              43.3293428
            ],
            [
              -80.2875185,
              43.3293267
            ],
            [
              -80.2874991,
              43.3293116
            ],
            [
              -80.287491,
              43.3292979
            ],
            [
              -80.287485,
              43.3292799
            ],
            [
              -80.287487,
              43.3292628
            ],
            [
              -80.2874897,
              43.3292492
            ],
            [
              -80.2875017,
              43.3292272
            ],
            [
              -80.2875131,
              43.329214
            ],
            [
              -80.2875259,
              43.3292023
            ],
            [
              -80.2875279,
              43.3291921
            ],
            [
              -80.2875319,
              43.3291716
            ],
            [
              -80.2875299,
              43.3291555
            ],
            [
              -80.2875279,
              43.3291321
            ],
            [
              -80.2875252,
              43.3291131
            ],
            [
              -80.2875259,
              43.3290965
            ],
            [
              -80.2875299,
              43.3290784
            ],
            [
              -80.2875359,
              43.3290628
            ],
            [
              -80.2875487,
              43.3290477
            ],
            [
              -80.2875581,
              43.3290389
            ],
            [
              -80.2875768,
              43.3290263
            ],
            [
              -80.2875929,
              43.3290097
            ],
            [
              -80.2876077,
              43.3289975
            ],
            [
              -80.2876318,
              43.3289872
            ],
            [
              -80.2876593,
              43.3289804
            ],
            [
              -80.2876841,
              43.3289794
            ],
            [
              -80.2877089,
              43.3289867
            ],
            [
              -80.2877337,
              43.3289985
            ],
            [
              -80.2877559,
              43.3290131
            ],
            [
              -80.28777,
              43.3290321
            ],
            [
              -80.28778,
              43.3290506
            ],
            [
              -80.287784,
              43.3290667
            ],
            [
              -80.2877814,
              43.3290897
            ],
            [
              -80.2877726,
              43.3291019
            ],
            [
              -80.2877559,
              43.329117
            ],
            [
              -80.2877337,
              43.3291311
            ],
            [
              -80.2877143,
              43.3291423
            ],
            [
              -80.2877002,
              43.3291521
            ],
            [
              -80.2876855,
              43.3291643
            ],
            [
              -80.2876714,
              43.329176
            ],
            [
              -80.2876553,
              43.3291877
            ],
            [
              -80.2876352,
              43.3292014
            ],
            [
              -80.2876218,
              43.3292116
            ],
            [
              -80.2876097,
              43.3292209
            ],
            [
              -80.2876003,
              43.3292297
            ],
            [
              -80.2875936,
              43.3292394
            ],
            [
              -80.287597,
              43.3292599
            ],
            [
              -80.2876104,
              43.3292731
            ],
            [
              -80.2876265,
              43.3292799
            ],
            [
              -80.2876446,
              43.3292867
            ],
            [
              -80.2876767,
              43.3292989
            ],
            [
              -80.2877042,
              43.3293111
            ],
            [
              -80.2877244,
              43.3293238
            ],
            [
              -80.2877364,
              43.3293355
            ],
            [
              -80.2877418,
              43.3293565
            ],
            [
              -80.2877398,
              43.3293706
            ],
            [
              -80.2877291,
              43.3293809
            ]
          ]
        ]
      }
    },
    {
      "type": "Feature",
      "properties": {
        "@id": "way/895697007",
        "golf": "fairway",
        "landuse": "grass"
      },
      "geometry": {
        "type": "Polygon",
        "coordinates": [
          [
            [
              -80.2877559,
              43.329117
            ],
            [
              -80.2877726,
              43.3291019
            ],
            [
              -80.2877993,
              43.3290894
            ],
            [
              -80.2878187,
              43.3290682
            ],
            [
              -80.2878391,
              43.3290425
            ],
            [
              -80.2878461,
              43.3290251
            ],
            [
              -80.2878355,
              43.3289993
            ],
            [
              -80.2878178,
              43.3289807
            ],
            [
              -80.2877931,
              43.328962
            ],
            [
              -80.287763,
              43.3289511
            ],
            [
              -80.2877426,
              43.3289498
            ],
            [
              -80.2877055,
              43.3289517
            ],
            [
              -80.2876727,
              43.3289543
            ],
            [
              -80.2876418,
              43.3289607
            ],
            [
              -80.2876134,
              43.3289755
            ],
            [
              -80.2875913,
              43.3289897
            ],
            [
              -80.2875763,
              43.3290038
            ],
            [
              -80.2875692,
              43.3290167
            ],
            [
              -80.2875581,
              43.3290389
            ],
            [
              -80.2875768,
              43.3290263
            ],
            [
              -80.2875929,
              43.3290097
            ],
            [
              -80.2876077,
              43.3289975
            ],
            [
              -80.2876318,
              43.3289872
            ],
            [
              -80.2876593,
              43.3289804
            ],
            [
              -80.2876841,
              43.3289794
            ],
            [
              -80.2877089,
              43.3289867
            ],
            [
              -80.2877337,
              43.3289985
            ],
            [
              -80.2877559,
              43.3290131
            ],
            [
              -80.28777,
              43.3290321
            ],
            [
              -80.28778,
              43.3290506
            ],
            [
              -80.287784,
              43.3290667
            ],
            [
              -80.2877814,
              43.3290897
            ],
            [
              -80.2877559,
              43.329117
            ]
          ]
        ]
      }
    },
    {
      "type": "Feature",
      "properties": {
        "@id": "way/895697008",
        "golf": "green",
        "landuse": "grass"
      },
      "geometry": {
        "type": "Polygon",
        "coordinates": [
          [
            [
              -80.2872609,
              43.3290329
            ],
            [
              -80.2872865,
              43.3290554
            ],
            [
              -80.2873007,
              43.329076
            ],
            [
              -80.2873033,
              43.329103
            ],
            [
              -80.2872971,
              43.3291249
            ],
            [
              -80.2872759,
              43.3291391
            ],
            [
              -80.2872441,
              43.3291494
            ],
            [
              -80.2872078,
              43.3291513
            ],
            [
              -80.2871768,
              43.329141
            ],
            [
              -80.2871587,
              43.3291055
            ],
            [
              -80.2871427,
              43.3290836
            ],
            [
              -80.2871192,
              43.3290677
            ],
            [
              -80.2870916,
              43.3290532
            ],
            [
              -80.2870774,
              43.3290459
            ],
            [
              -80.2870618,
              43.3290338
            ],
            [
              -80.2870567,
              43.3290175
            ],
            [
              -80.287071,
              43.3289798
            ],
            [
              -80.2870872,
              43.3289488
            ],
            [
              -80.2871065,
              43.3289126
            ],
            [
              -80.2871279,
              43.328897
            ],
            [
              -80.2871492,
              43.3288837
            ],
            [
              -80.2871777,
              43.3288815
            ],
            [
              -80.2872072,
              43.3288911
            ],
            [
              -80.2872376,
              43.3289015
            ],
            [
              -80.2872529,
              43.3289163
            ],
            [
              -80.287262,
              43.3289362
            ],
            [
              -80.287257,
              43.3289569
            ],
            [
              -80.2872488,
              43.3289806
            ],
            [
              -80.2872468,
              43.3290035
            ],
            [
              -80.2872549,
              43.3290168
            ],
            [
              -80.2872609,
              43.3290329
            ]
          ]
        ]
      }
    },
    {
      "type": "Feature",
      "properties": {
        "@id": "way/895697009",
        "golf": "tee",
        "landuse": "grass"
      },
      "geometry": {
        "type": "Polygon",
        "coordinates": [
          [
            [
              -80.2882927,
              43.3293308
            ],
            [
              -80.2883466,
              43.3293463
            ],
            [
              -80.2883974,
              43.3293585
            ],
            [
              -80.2884172,
              43.3293659
            ],
            [
              -80.2884253,
              43.3293785
            ],
            [
              -80.2884279,
              43.3293933
            ],
            [
              -80.2884253,
              43.3294073
            ],
            [
              -80.2884162,
              43.3294162
            ],
            [
              -80.288403,
              43.329424
            ],
            [
              -80.2883877,
              43.3294277
            ],
            [
              -80.2883603,
              43.3294251
            ],
            [
              -80.2883349,
              43.3294177
            ],
            [
              -80.2883095,
              43.3294092
            ],
            [
              -80.2882841,
              43.3293985
            ],
            [
              -80.2882571,
              43.3293852
            ],
            [
              -80.2882307,
              43.3293752
            ],
            [
              -80.2882027,
              43.3293659
            ],
            [
              -80.2881804,
              43.3293574
            ],
            [
              -80.2881687,
              43.3293486
            ],
            [
              -80.2881616,
              43.3293304
            ],
            [
              -80.2881687,
              43.3293164
            ],
            [
              -80.2881865,
              43.3293094
            ],
            [
              -80.2882032,
              43.3293042
            ],
            [
              -80.2882322,
              43.3293116
            ],
            [
              -80.2882586,
              43.329319
            ],
            [
              -80.2882927,
              43.3293308
            ]
          ]
        ]
      }
    },
    {
      "type": "Feature",
      "properties": {
        "@id": "way/895697010",
        "golf": "tee",
        "landuse": "grass"
      },
      "geometry": {
        "type": "Polygon",
        "coordinates": [
          [
            [
              -80.2886021,
              43.3294711
            ],
            [
              -80.2886229,
              43.3294885
            ],
            [
              -80.2886535,
              43.3295023
            ],
            [
              -80.2887023,
              43.3295216
            ],
            [
              -80.2887326,
              43.3295344
            ],
            [
              -80.2887606,
              43.3295446
            ],
            [
              -80.2887872,
              43.3295492
            ],
            [
              -80.2888102,
              43.3295567
            ],
            [
              -80.288828,
              43.3295709
            ],
            [
              -80.2888351,
              43.329586
            ],
            [
              -80.2888316,
              43.329601
            ],
            [
              -80.2888205,
              43.3296125
            ],
            [
              -80.2887959,
              43.3296176
            ],
            [
              -80.2887621,
              43.3296182
            ],
            [
              -80.2887384,
              43.3296189
            ],
            [
              -80.2887078,
              43.3296187
            ],
            [
              -80.288678,
              43.3296129
            ],
            [
              -80.2886564,
              43.3296076
            ],
            [
              -80.2886322,
              43.3295949
            ],
            [
              -80.2886039,
              43.3295762
            ],
            [
              -80.2885823,
              43.3295592
            ],
            [
              -80.2885639,
              43.3295482
            ],
            [
              -80.2885318,
              43.3295335
            ],
            [
              -80.2885058,
              43.3295182
            ],
            [
              -80.288486,
              43.3295076
            ],
            [
              -80.2884629,
              43.3294906
            ],
            [
              -80.2884565,
              43.3294762
            ],
            [
              -80.2884626,
              43.3294584
            ],
            [
              -80.2884784,
              43.3294456
            ],
            [
              -80.2884988,
              43.3294405
            ],
            [
              -80.2885274,
              43.329441
            ],
            [
              -80.2885613,
              43.3294484
            ],
            [
              -80.2885811,
              43.3294567
            ],
            [
              -80.2886021,
              43.3294711
            ]
          ]
        ]
      }
    },
    {
      "type": "Feature",
      "properties": {
        "@id": "way/895697011",
        "golf": "tee",
        "landuse": "grass"
      },
      "geometry": {
        "type": "Polygon",
        "coordinates": [
          [
            [
              -80.2890489,
              43.3296722
            ],
            [
              -80.289021,
              43.3296785
            ],
            [
              -80.288995,
              43.3296885
            ],
            [
              -80.2889747,
              43.3296986
            ],
            [
              -80.288959,
              43.3297032
            ],
            [
              -80.288947,
              43.3297056
            ],
            [
              -80.2889318,
              43.3297045
            ],
            [
              -80.2889122,
              43.329702
            ],
            [
              -80.2888891,
              43.3296903
            ],
            [
              -80.2888667,
              43.3296746
            ],
            [
              -80.288852,
              43.3296561
            ],
            [
              -80.2888507,
              43.3296328
            ],
            [
              -80.2888624,
              43.3296155
            ],
            [
              -80.2888873,
              43.3296055
            ],
            [
              -80.288917,
              43.3296051
            ],
            [
              -80.2889516,
              43.329606
            ],
            [
              -80.2889869,
              43.3296038
            ],
            [
              -80.2890156,
              43.3295938
            ],
            [
              -80.2890375,
              43.3295844
            ],
            [
              -80.2890515,
              43.3295759
            ],
            [
              -80.2890698,
              43.3295731
            ],
            [
              -80.2890995,
              43.3295761
            ],
            [
              -80.2891168,
              43.3295838
            ],
            [
              -80.2891264,
              43.3295959
            ],
            [
              -80.2891335,
              43.3296086
            ],
            [
              -80.2891323,
              43.3296254
            ],
            [
              -80.2891277,
              43.3296397
            ],
            [
              -80.2891211,
              43.3296496
            ],
            [
              -80.2891084,
              43.329657
            ],
            [
              -80.2890761,
              43.329667
            ],
            [
              -80.2890489,
              43.3296722
            ]
          ]
        ]
      }
    },
    {
      "type": "Feature",
      "properties": {
        "@id": "way/895697012",
        "golf": "tee",
        "landuse": "grass"
      },
      "geometry": {
        "type": "Polygon",
        "coordinates": [
          [
            [
              -80.2899314,
              43.3300391
            ],
            [
              -80.2899127,
              43.3300226
            ],
            [
              -80.2898771,
              43.3300145
            ],
            [
              -80.2898403,
              43.3300086
            ],
            [
              -80.2898029,
              43.3300043
            ],
            [
              -80.2897632,
              43.3299967
            ],
            [
              -80.2897195,
              43.3299924
            ],
            [
              -80.289692,
              43.3299971
            ],
            [
              -80.2896763,
              43.3300124
            ],
            [
              -80.2896798,
              43.3300319
            ],
            [
              -80.2896979,
              43.3300519
            ],
            [
              -80.2897358,
              43.3300616
            ],
            [
              -80.2897743,
              43.3300684
            ],
            [
              -80.2898105,
              43.3300757
            ],
            [
              -80.2898397,
              43.3300863
            ],
            [
              -80.2898607,
              43.3300935
            ],
            [
              -80.289894,
              43.330099
            ],
            [
              -80.2899232,
              43.3300918
            ],
            [
              -80.2899372,
              43.3300816
            ],
            [
              -80.2899413,
              43.3300684
            ],
            [
              -80.2899425,
              43.3300519
            ],
            [
              -80.2899314,
              43.3300391
            ]
          ]
        ]
      }
    },
    {
      "type": "Feature",
      "properties": {
        "@id": "way/895697013",
        "golf": "fairway",
        "landuse": "grass"
      },
      "geometry": {
        "type": "Polygon",
        "coordinates": [
          [
            [
              -80.2905561,
              43.3303376
            ],
            [
              -80.2905886,
              43.330362
            ],
            [
              -80.290617,
              43.3303887
            ],
            [
              -80.2906374,
              43.3304167
            ],
            [
              -80.2906455,
              43.3304737
            ],
            [
              -80.2906455,
              43.3305106
            ],
            [
              -80.2906516,
              43.3305543
            ],
            [
              -80.2906638,
              43.3305831
            ],
            [
              -80.290675,
              43.3306075
            ],
            [
              -80.2906821,
              43.3306371
            ],
            [
              -80.290675,
              43.3306681
            ],
            [
              -80.2906618,
              43.330691
            ],
            [
              -80.2906424,
              43.330708
            ],
            [
              -80.2906109,
              43.3307206
            ],
            [
              -80.2905804,
              43.3307265
            ],
            [
              -80.290551,
              43.3307221
            ],
            [
              -80.2905225,
              43.3307103
            ],
            [
              -80.2905012,
              43.330691
            ],
            [
              -80.2904808,
              43.3306644
            ],
            [
              -80.2904554,
              43.3306171
            ],
            [
              -80.2904127,
              43.3305639
            ],
            [
              -80.2903792,
              43.3305225
            ],
            [
              -80.2903304,
              43.3304825
            ],
            [
              -80.2902776,
              43.3304471
            ],
            [
              -80.2902278,
              43.3304323
            ],
            [
              -80.2901729,
              43.3304197
            ],
            [
              -80.2901312,
              43.3304064
            ],
            [
              -80.2900967,
              43.3303916
            ],
            [
              -80.2900641,
              43.3303716
            ],
            [
              -80.2900438,
              43.3303487
            ],
            [
              -80.2900113,
              43.3303347
            ],
            [
              -80.2899584,
              43.3303169
            ],
            [
              -80.2899178,
              43.3302896
            ],
            [
              -80.2898985,
              43.3302563
            ],
            [
              -80.2898944,
              43.3302216
            ],
            [
              -80.2898985,
              43.3301935
            ],
            [
              -80.2899168,
              43.3301661
            ],
            [
              -80.2899472,
              43.3301439
            ],
            [
              -80.2899849,
              43.3301277
            ],
            [
              -80.2900286,
              43.3301203
            ],
            [
              -80.2900672,
              43.3301195
            ],
            [
              -80.290119,
              43.3301292
            ],
            [
              -80.2901678,
              43.3301425
            ],
            [
              -80.2902298,
              43.330155
            ],
            [
              -80.2902979,
              43.3301661
            ],
            [
              -80.2903629,
              43.3301831
            ],
            [
              -80.2904127,
              43.3302075
            ],
            [
              -80.2904503,
              43.330226
            ],
            [
              -80.29049,
              43.3302534
            ],
            [
              -80.2905205,
              43.3302888
            ],
            [
              -80.2905398,
              43.3303118
            ],
            [
              -80.2905561,
              43.3303376
            ]
          ]
        ]
      }
    },
    {
      "type": "Feature",
      "properties": {
        "@id": "way/895697014",
        "golf": "fairway",
        "landuse": "grass"
      },
      "geometry": {
        "type": "Polygon",
        "coordinates": [
          [
            [
              -80.2912591,
              43.3310262
            ],
            [
              -80.2912825,
              43.3310525
            ],
            [
              -80.2913023,
              43.3310729
            ],
            [
              -80.2913467,
              43.3310916
            ],
            [
              -80.2913864,
              43.3311196
            ],
            [
              -80.2914086,
              43.331151
            ],
            [
              -80.291391,
              43.331191
            ],
            [
              -80.2913607,
              43.3312198
            ],
            [
              -80.2913175,
              43.3312377
            ],
            [
              -80.2912649,
              43.3312538
            ],
            [
              -80.2912218,
              43.3312589
            ],
            [
              -80.2911821,
              43.3312597
            ],
            [
              -80.2911575,
              43.3312445
            ],
            [
              -80.2911319,
              43.3312173
            ],
            [
              -80.2911003,
              43.3311969
            ],
            [
              -80.2910665,
              43.3311765
            ],
            [
              -80.2910209,
              43.3311502
            ],
            [
              -80.2909847,
              43.3311103
            ],
            [
              -80.2909707,
              43.3310831
            ],
            [
              -80.2909462,
              43.3310525
            ],
            [
              -80.2909147,
              43.3310186
            ],
            [
              -80.2908937,
              43.3309914
            ],
            [
              -80.290875,
              43.3309634
            ],
            [
              -80.2908773,
              43.3309268
            ],
            [
              -80.2909019,
              43.3308997
            ],
            [
              -80.290938,
              43.3308844
            ],
            [
              -80.2910011,
              43.3308861
            ],
            [
              -80.2910571,
              43.3308963
            ],
            [
              -80.2911108,
              43.3309133
            ],
            [
              -80.2911494,
              43.3309404
            ],
            [
              -80.2911902,
              43.3309685
            ],
            [
              -80.2912311,
              43.3309973
            ],
            [
              -80.2912591,
              43.3310262
            ]
          ]
        ]
      }
    },
    {
      "type": "Feature",
      "properties": {
        "@id": "way/895697015",
        "golf": "green",
        "landuse": "grass"
      },
      "geometry": {
        "type": "Polygon",
        "coordinates": [
          [
            [
              -80.2916393,
              43.3314501
            ],
            [
              -80.2916452,
              43.3314508
            ],
            [
              -80.2916678,
              43.3314535
            ],
            [
              -80.2916925,
              43.3314647
            ],
            [
              -80.2917086,
              43.3314798
            ],
            [
              -80.2917233,
              43.3314944
            ],
            [
              -80.2917394,
              43.3315084
            ],
            [
              -80.2917556,
              43.3315179
            ],
            [
              -80.2917787,
              43.3315291
            ],
            [
              -80.2918018,
              43.3315381
            ],
            [
              -80.2918219,
              43.3315471
            ],
            [
              -80.2918373,
              43.3315583
            ],
            [
              -80.2918388,
              43.331579
            ],
            [
              -80.291835,
              43.3315997
            ],
            [
              -80.291818,
              43.3316104
            ],
            [
              -80.2917964,
              43.3316182
            ],
            [
              -80.2917664,
              43.3316216
            ],
            [
              -80.2917271,
              43.3316283
            ],
            [
              -80.291694,
              43.3316333
            ],
            [
              -80.2916655,
              43.3316429
            ],
            [
              -80.2916409,
              43.3316473
            ],
            [
              -80.2916139,
              43.3316451
            ],
            [
              -80.2915831,
              43.3316378
            ],
            [
              -80.2915538,
              43.3316221
            ],
            [
              -80.2915307,
              43.3316143
            ],
            [
              -80.2914937,
              43.3316104
            ],
            [
              -80.2914722,
              43.3316042
            ],
            [
              -80.2914575,
              43.3315891
            ],
            [
              -80.2914514,
              43.3315745
            ],
            [
              -80.2914575,
              43.3315583
            ],
            [
              -80.2914645,
              43.3315454
            ],
            [
              -80.2914734,
              43.3315374
            ],
            [
              -80.2914783,
              43.331533
            ],
            [
              -80.2914853,
              43.3315224
            ],
            [
              -80.2914976,
              43.3315062
            ],
            [
              -80.2915099,
              43.331495
            ],
            [
              -80.2915184,
              43.3314865
            ],
            [
              -80.2915299,
              43.3314753
            ],
            [
              -80.2915438,
              43.3314641
            ],
            [
              -80.2915569,
              43.3314591
            ],
            [
              -80.2915769,
              43.3314546
            ],
            [
              -80.2916054,
              43.3314501
            ],
            [
              -80.2916393,
              43.3314501
            ]
          ]
        ]
      }
    },
    {
      "type": "Feature",
      "properties": {
        "@id": "way/895697016",
        "golf": "fairway",
        "landuse": "grass"
      },
      "geometry": {
        "type": "Polygon",
        "coordinates": [
          [
            [
              -80.2917556,
              43.3315179
            ],
            [
              -80.2917541,
              43.3315056
            ],
            [
              -80.2917333,
              43.3314815
            ],
            [
              -80.2917056,
              43.331458
            ],
            [
              -80.2916778,
              43.3314468
            ],
            [
              -80.2916493,
              43.331435
            ],
            [
              -80.291627,
              43.3314316
            ],
            [
              -80.2916,
              43.331421
            ],
            [
              -80.2915946,
              43.3314042
            ],
            [
              -80.2915885,
              43.3313812
            ],
            [
              -80.2915715,
              43.3313599
            ],
            [
              -80.2915515,
              43.3313381
            ],
            [
              -80.2915207,
              43.3313112
            ],
            [
              -80.2915007,
              43.3312988
            ],
            [
              -80.2914837,
              43.3312832
            ],
            [
              -80.2914598,
              43.3312708
            ],
            [
              -80.291426,
              43.3312647
            ],
            [
              -80.2913928,
              43.3312708
            ],
            [
              -80.291372,
              43.3312854
            ],
            [
              -80.2913528,
              43.3313045
            ],
            [
              -80.2913474,
              43.3313224
            ],
            [
              -80.291352,
              43.3313403
            ],
            [
              -80.2913697,
              43.3313655
            ],
            [
              -80.2913867,
              43.3313947
            ],
            [
              -80.2914059,
              43.3314199
            ],
            [
              -80.2914306,
              43.33144
            ],
            [
              -80.2914575,
              43.3314546
            ],
            [
              -80.2914714,
              43.3314664
            ],
            [
              -80.2914799,
              43.3314826
            ],
            [
              -80.2914783,
              43.3315022
            ],
            [
              -80.2914737,
              43.3315146
            ],
            [
              -80.2914745,
              43.3315241
            ],
            [
              -80.2914734,
              43.3315374
            ],
            [
              -80.2914783,
              43.331533
            ],
            [
              -80.2914853,
              43.3315224
            ],
            [
              -80.2914976,
              43.3315062
            ],
            [
              -80.2915099,
              43.331495
            ],
            [
              -80.2915184,
              43.3314865
            ],
            [
              -80.2915299,
              43.3314753
            ],
            [
              -80.2915438,
              43.3314641
            ],
            [
              -80.2915569,
              43.3314591
            ],
            [
              -80.2915769,
              43.3314546
            ],
            [
              -80.2916054,
              43.3314501
            ],
            [
              -80.2916452,
              43.3314508
            ],
            [
              -80.2916678,
              43.3314535
            ],
            [
              -80.2916925,
              43.3314647
            ],
            [
              -80.2917086,
              43.3314798
            ],
            [
              -80.2917233,
              43.3314944
            ],
            [
              -80.2917394,
              43.3315084
            ],
            [
              -80.2917556,
              43.3315179
            ]
          ]
        ]
      }
    },
    {
      "type": "Feature",
      "properties": {
        "@id": "way/895697017",
        "golf": "bunker",
        "natural": "sand"
      },
      "geometry": {
        "type": "Polygon",
        "coordinates": [
          [
            [
              -80.2917292,
              43.3313947
            ],
            [
              -80.2917533,
              43.3314008
            ],
            [
              -80.291762,
              43.3314079
            ],
            [
              -80.2917674,
              43.3314152
            ],
            [
              -80.2917734,
              43.331424
            ],
            [
              -80.2917734,
              43.3314328
            ],
            [
              -80.291768,
              43.3314406
            ],
            [
              -80.291759,
              43.3314459
            ],
            [
              -80.2917473,
              43.3314484
            ],
            [
              -80.2917359,
              43.3314474
            ],
            [
              -80.2917228,
              43.3314415
            ],
            [
              -80.2917117,
              43.331434
            ],
            [
              -80.291708,
              43.3314237
            ],
            [
              -80.2917027,
              43.3314176
            ],
            [
              -80.2916913,
              43.3314132
            ],
            [
              -80.2916829,
              43.3314081
            ],
            [
              -80.2916748,
              43.3314045
            ],
            [
              -80.2916705,
              43.3313979
            ],
            [
              -80.2916668,
              43.3313913
            ],
            [
              -80.2916591,
              43.3313879
            ],
            [
              -80.2916457,
              43.3313842
            ],
            [
              -80.2916393,
              43.3313806
            ],
            [
              -80.2916346,
              43.3313698
            ],
            [
              -80.2916376,
              43.3313611
            ],
            [
              -80.2916433,
              43.3313562
            ],
            [
              -80.2916541,
              43.3313535
            ],
            [
              -80.2916712,
              43.3313552
            ],
            [
              -80.2916866,
              43.3313613
            ],
            [
              -80.2916943,
              43.3313679
            ],
            [
              -80.2917003,
              43.3313771
            ],
            [
              -80.2917077,
              43.3313859
            ],
            [
              -80.2917167,
              43.3313915
            ],
            [
              -80.2917292,
              43.3313947
            ]
          ]
        ]
      }
    },
    {
      "type": "Feature",
      "properties": {
        "@id": "way/895697018",
        "golf": "water_hazard",
        "natural": "water"
      },
      "geometry": {
        "type": "Polygon",
        "coordinates": [
          [
            [
              -80.2903347,
              43.3297564
            ],
            [
              -80.2903291,
              43.3298049
            ],
            [
              -80.2903819,
              43.3298696
            ],
            [
              -80.2904152,
              43.3299565
            ],
            [
              -80.2904264,
              43.3300131
            ],
            [
              -80.290418,
              43.3300636
            ],
            [
              -80.2903708,
              43.3300818
            ],
            [
              -80.2902819,
              43.3300777
            ],
            [
              -80.2901263,
              43.3300191
            ],
            [
              -80.2899541,
              43.3299848
            ],
            [
              -80.289804,
              43.3299706
            ],
            [
              -80.2896901,
              43.3299625
            ],
            [
              -80.2895818,
              43.3299383
            ],
            [
              -80.2895179,
              43.329914
            ],
            [
              -80.2894623,
              43.3298959
            ],
            [
              -80.2894123,
              43.3299161
            ],
            [
              -80.2893762,
              43.3299666
            ],
            [
              -80.2894401,
              43.3300252
            ],
            [
              -80.289504,
              43.3300798
            ],
            [
              -80.289554,
              43.3301182
            ],
            [
              -80.2895929,
              43.3301646
            ],
            [
              -80.2895623,
              43.3302192
            ],
            [
              -80.2895024,
              43.3302783
            ],
            [
              -80.2894477,
              43.3303089
            ],
            [
              -80.2893908,
              43.3303411
            ],
            [
              -80.2893382,
              43.3303625
            ],
            [
              -80.2892877,
              43.330384
            ],
            [
              -80.2892582,
              43.3304223
            ],
            [
              -80.2892287,
              43.3304345
            ],
            [
              -80.2891719,
              43.3304452
            ],
            [
              -80.2891424,
              43.3304743
            ],
            [
              -80.2891024,
              43.3305157
            ],
            [
              -80.2890687,
              43.3305448
            ],
            [
              -80.2890076,
              43.3305524
            ],
            [
              -80.2889361,
              43.3305356
            ],
            [
              -80.288894,
              43.3304927
            ],
            [
              -80.2888371,
              43.3304406
            ],
            [
              -80.2888055,
              43.330387
            ],
            [
              -80.2887634,
              43.3303273
            ],
            [
              -80.2887129,
              43.3302492
            ],
            [
              -80.2886876,
              43.330168
            ],
            [
              -80.2886939,
              43.3300976
            ],
            [
              -80.288715,
              43.3300332
            ],
            [
              -80.2887403,
              43.3299781
            ],
            [
              -80.2887803,
              43.3299061
            ],
            [
              -80.2888413,
              43.3298617
            ],
            [
              -80.2889129,
              43.3298387
            ],
            [
              -80.2889929,
              43.3298234
            ],
            [
              -80.2890687,
              43.3298096
            ],
            [
              -80.2891171,
              43.3298219
            ],
            [
              -80.2891592,
              43.329828
            ],
            [
              -80.289195,
              43.3297928
            ],
            [
              -80.2891677,
              43.3297698
            ],
            [
              -80.2891487,
              43.3297361
            ],
            [
              -80.2891592,
              43.3297147
            ],
            [
              -80.2891971,
              43.3296963
            ],
            [
              -80.2892015,
              43.3296826
            ],
            [
              -80.2892001,
              43.3296683
            ],
            [
              -80.2891908,
              43.3296596
            ],
            [
              -80.2891929,
              43.3296427
            ],
            [
              -80.2891799,
              43.3296019
            ],
            [
              -80.2892133,
              43.3295645
            ],
            [
              -80.2892758,
              43.3295595
            ],
            [
              -80.2893522,
              43.3295423
            ],
            [
              -80.2893952,
              43.329512
            ],
            [
              -80.289423,
              43.3294797
            ],
            [
              -80.2894619,
              43.3294534
            ],
            [
              -80.289498,
              43.3294271
            ],
            [
              -80.2895786,
              43.329419
            ],
            [
              -80.2896369,
              43.3294049
            ],
            [
              -80.289737,
              43.3293817
            ],
            [
              -80.2898314,
              43.3293665
            ],
            [
              -80.2898842,
              43.3293675
            ],
            [
              -80.2900009,
              43.3293493
            ],
            [
              -80.2900717,
              43.3293089
            ],
            [
              -80.2901245,
              43.3292897
            ],
            [
              -80.2902065,
              43.3293129
            ],
            [
              -80.2902968,
              43.3293433
            ],
            [
              -80.290337,
              43.3293928
            ],
            [
              -80.2903551,
              43.3294453
            ],
            [
              -80.2903634,
              43.3295039
            ],
            [
              -80.2903704,
              43.3295969
            ],
            [
              -80.2903648,
              43.3296666
            ],
            [
              -80.2903551,
              43.3297141
            ],
            [
              -80.2903347,
              43.3297564
            ]
          ]
        ]
      }
    },
    {
      "type": "Feature",
      "properties": {
        "@id": "way/895697019",
        "golf": "water_hazard",
        "natural": "water"
      },
      "geometry": {
        "type": "Polygon",
        "coordinates": [
          [
            [
              -80.2915798,
              43.3318581
            ],
            [
              -80.291603,
              43.3318849
            ],
            [
              -80.2916167,
              43.3319209
            ],
            [
              -80.291624,
              43.3319515
            ],
            [
              -80.2916367,
              43.3319959
            ],
            [
              -80.2916504,
              43.332048
            ],
            [
              -80.2916388,
              43.332084
            ],
            [
              -80.2916082,
              43.3321085
            ],
            [
              -80.2915567,
              43.332123
            ],
            [
              -80.2915125,
              43.3321215
            ],
            [
              -80.2914661,
              43.332097
            ],
            [
              -80.2914503,
              43.3320541
            ],
            [
              -80.2914293,
              43.331999
            ],
            [
              -80.2914145,
              43.3319729
            ],
            [
              -80.2913988,
              43.3319515
            ],
            [
              -80.2913777,
              43.3319362
            ],
            [
              -80.2913356,
              43.3319308
            ],
            [
              -80.2913114,
              43.3319048
            ],
            [
              -80.291284,
              43.3318688
            ],
            [
              -80.2912608,
              43.3318412
            ],
            [
              -80.2912377,
              43.3318068
            ],
            [
              -80.2912156,
              43.3317677
            ],
            [
              -80.2912198,
              43.3317156
            ],
            [
              -80.2912482,
              43.3316751
            ],
            [
              -80.2912893,
              43.3316574
            ],
            [
              -80.2913387,
              43.3316582
            ],
            [
              -80.2913651,
              43.3316689
            ],
            [
              -80.2914261,
              43.3317126
            ],
            [
              -80.2914746,
              43.3317432
            ],
            [
              -80.2915219,
              43.3317838
            ],
            [
              -80.2915525,
              43.3318137
            ],
            [
              -80.2915672,
              43.3318305
            ],
            [
              -80.2915798,
              43.3318581
            ]
          ]
        ]
      }
    },
    {
      "type": "Feature",
      "properties": {
        "@id": "way/895697020",
        "golf": "water_hazard",
        "natural": "water"
      },
      "geometry": {
        "type": "Polygon",
        "coordinates": [
          [
            [
              -80.2910461,
              43.3318458
            ],
            [
              -80.2910661,
              43.3318864
            ],
            [
              -80.291105,
              43.3319346
            ],
            [
              -80.2911177,
              43.3319568
            ],
            [
              -80.2911366,
              43.3319752
            ],
            [
              -80.2911556,
              43.3319959
            ],
            [
              -80.291165,
              43.3320135
            ],
            [
              -80.2911735,
              43.3320327
            ],
            [
              -80.2911861,
              43.3320556
            ],
            [
              -80.2911987,
              43.3320778
            ],
            [
              -80.2912166,
              43.3321069
            ],
            [
              -80.2912114,
              43.3321268
            ],
            [
              -80.2911893,
              43.3321414
            ],
            [
              -80.2911577,
              43.3321536
            ],
            [
              -80.2911356,
              43.3321621
            ],
            [
              -80.2911187,
              43.332169
            ],
            [
              -80.2910745,
              43.3321827
            ],
            [
              -80.2910324,
              43.332182
            ],
            [
              -80.290984,
              43.3321559
            ],
            [
              -80.2909534,
              43.3321245
            ],
            [
              -80.2909208,
              43.3320641
            ],
            [
              -80.2909029,
              43.3320342
            ],
            [
              -80.2908829,
              43.3319837
            ],
            [
              -80.2908671,
              43.3319446
            ],
            [
              -80.2908482,
              43.3319055
            ],
            [
              -80.2908303,
              43.3318565
            ],
            [
              -80.290825,
              43.3318305
            ],
            [
              -80.2908261,
              43.3318106
            ],
            [
              -80.2908503,
              43.3317846
            ],
            [
              -80.2908692,
              43.3317715
            ],
            [
              -80.2909019,
              43.3317623
            ],
            [
              -80.2909366,
              43.3317555
            ],
            [
              -80.2909724,
              43.3317692
            ],
            [
              -80.291005,
              43.3317922
            ],
            [
              -80.2910282,
              43.3318121
            ],
            [
              -80.2910461,
              43.3318458
            ]
          ]
        ]
      }
    },
    {
      "type": "Feature",
      "properties": {
        "@id": "way/895697021",
        "golf": "tee",
        "landuse": "grass"
      },
      "geometry": {
        "type": "Polygon",
        "coordinates": [
          [
            [
              -80.2917325,
              43.3322201
            ],
            [
              -80.2917394,
              43.3322398
            ],
            [
              -80.291754,
              43.3322616
            ],
            [
              -80.2917589,
              43.3322828
            ],
            [
              -80.2917561,
              43.332303
            ],
            [
              -80.2917464,
              43.3323262
            ],
            [
              -80.2917186,
              43.3323373
            ],
            [
              -80.2916915,
              43.3323469
            ],
            [
              -80.2916672,
              43.33235
            ],
            [
              -80.2916394,
              43.33235
            ],
            [
              -80.2916075,
              43.3323348
            ],
            [
              -80.2915936,
              43.3323176
            ],
            [
              -80.2915908,
              43.3322995
            ],
            [
              -80.291595,
              43.3322772
            ],
            [
              -80.2915971,
              43.3322525
            ],
            [
              -80.2915894,
              43.3322297
            ],
            [
              -80.2915901,
              43.332209
            ],
            [
              -80.2915971,
              43.3321838
            ],
            [
              -80.2916158,
              43.3321656
            ],
            [
              -80.2916491,
              43.3321504
            ],
            [
              -80.2916755,
              43.3321499
            ],
            [
              -80.2917005,
              43.3321524
            ],
            [
              -80.2917242,
              43.332163
            ],
            [
              -80.2917311,
              43.3321747
            ],
            [
              -80.2917325,
              43.3321949
            ],
            [
              -80.2917325,
              43.3322201
            ]
          ]
        ]
      }
    },
    {
      "type": "Feature",
      "properties": {
        "@id": "way/895697022",
        "golf": "tee",
        "landuse": "grass"
      },
      "geometry": {
        "type": "Polygon",
        "coordinates": [
          [
            [
              -80.2914463,
              43.3321191
            ],
            [
              -80.2914679,
              43.3321358
            ],
            [
              -80.2914762,
              43.3321454
            ],
            [
              -80.2914859,
              43.332159
            ],
            [
              -80.2914859,
              43.3321726
            ],
            [
              -80.2914776,
              43.3321858
            ],
            [
              -80.2914595,
              43.3321923
            ],
            [
              -80.291438,
              43.3321959
            ],
            [
              -80.2914179,
              43.3321888
            ],
            [
              -80.2914019,
              43.3321752
            ],
            [
              -80.2913894,
              43.332159
            ],
            [
              -80.2913699,
              43.3321292
            ],
            [
              -80.2913491,
              43.3321009
            ],
            [
              -80.2913359,
              43.3320817
            ],
            [
              -80.2913213,
              43.332058
            ],
            [
              -80.2913109,
              43.3320297
            ],
            [
              -80.291306,
              43.3320019
            ],
            [
              -80.2913165,
              43.3319807
            ],
            [
              -80.2913331,
              43.3319716
            ],
            [
              -80.291363,
              43.3319731
            ],
            [
              -80.2913873,
              43.3319872
            ],
            [
              -80.2913984,
              43.3319983
            ],
            [
              -80.2914081,
              43.3320251
            ],
            [
              -80.2914109,
              43.3320443
            ],
            [
              -80.2914179,
              43.3320671
            ],
            [
              -80.2914262,
              43.3320868
            ],
            [
              -80.2914373,
              43.3321044
            ],
            [
              -80.2914463,
              43.3321191
            ]
          ]
        ]
      }
    },
    {
      "type": "Feature",
      "properties": {
        "@id": "way/895697023",
        "golf": "tee",
        "landuse": "grass"
      },
      "geometry": {
        "type": "Polygon",
        "coordinates": [
          [
            [
              -80.2908081,
              43.331369
            ],
            [
              -80.2908376,
              43.3313866
            ],
            [
              -80.2908829,
              43.331408
            ],
            [
              -80.2909029,
              43.3314371
            ],
            [
              -80.2908934,
              43.331467
            ],
            [
              -80.2908744,
              43.3314808
            ],
            [
              -80.2908481,
              43.3314915
            ],
            [
              -80.2908028,
              43.3314892
            ],
            [
              -80.2907671,
              43.3314616
            ],
            [
              -80.2907407,
              43.3314279
            ],
            [
              -80.2907176,
              43.3314072
            ],
            [
              -80.2906923,
              43.3313881
            ],
            [
              -80.2906765,
              43.3313644
            ],
            [
              -80.2906839,
              43.3313422
            ],
            [
              -80.2907018,
              43.3313299
            ],
            [
              -80.2907376,
              43.3313253
            ],
            [
              -80.2907765,
              43.3313475
            ],
            [
              -80.2908081,
              43.331369
            ]
          ]
        ]
      }
    },
    {
      "type": "Feature",
      "properties": {
        "@id": "way/895697024",
        "golf": "fairway",
        "landuse": "grass"
      },
      "geometry": {
        "type": "Polygon",
        "coordinates": [
          [
            [
              -80.2901101,
              43.3309298
            ],
            [
              -80.2902059,
              43.3309402
            ],
            [
              -80.2902617,
              43.3309611
            ],
            [
              -80.2902904,
              43.330982
            ],
            [
              -80.2903,
              43.3310052
            ],
            [
              -80.2903191,
              43.33104
            ],
            [
              -80.2903574,
              43.3310644
            ],
            [
              -80.2904037,
              43.3310876
            ],
            [
              -80.2904723,
              43.3311062
            ],
            [
              -80.2905425,
              43.3311259
            ],
            [
              -80.2905745,
              43.3311584
            ],
            [
              -80.2906032,
              43.3311944
            ],
            [
              -80.2906112,
              43.3312478
            ],
            [
              -80.2905968,
              43.3312884
            ],
            [
              -80.2905633,
              43.3313267
            ],
            [
              -80.290525,
              43.3313546
            ],
            [
              -80.2904867,
              43.3313627
            ],
            [
              -80.2904324,
              43.331365
            ],
            [
              -80.2903622,
              43.3313464
            ],
            [
              -80.290308,
              43.3313197
            ],
            [
              -80.2902378,
              43.3312733
            ],
            [
              -80.2902011,
              43.3312385
            ],
            [
              -80.2901723,
              43.3311944
            ],
            [
              -80.290142,
              43.3311584
            ],
            [
              -80.2900958,
              43.3311433
            ],
            [
              -80.2900399,
              43.3311259
            ],
            [
              -80.2900112,
              43.3311062
            ],
            [
              -80.2899681,
              43.331076
            ],
            [
              -80.289925,
              43.3310598
            ],
            [
              -80.2898787,
              43.331047
            ],
            [
              -80.28985,
              43.3310284
            ],
            [
              -80.2898117,
              43.3309971
            ],
            [
              -80.2897766,
              43.3309797
            ],
            [
              -80.2897319,
              43.3309657
            ],
            [
              -80.289708,
              43.3309425
            ],
            [
              -80.2896873,
              43.3309205
            ],
            [
              -80.2896506,
              43.3309054
            ],
            [
              -80.2896075,
              43.3308868
            ],
            [
              -80.2895867,
              43.3308682
            ],
            [
              -80.2895612,
              43.330845
            ],
            [
              -80.2895261,
              43.3308357
            ],
            [
              -80.2894814,
              43.3308253
            ],
            [
              -80.2894495,
              43.330809
            ],
            [
              -80.2894256,
              43.3307916
            ],
            [
              -80.2893921,
              43.3307812
            ],
            [
              -80.2893506,
              43.3307719
            ],
            [
              -80.2893107,
              43.3307545
            ],
            [
              -80.2892836,
              43.3307371
            ],
            [
              -80.2892437,
              43.3307243
            ],
            [
              -80.289199,
              43.3307162
            ],
            [
              -80.2891527,
              43.3307057
            ],
            [
              -80.2891096,
              43.330693
            ],
            [
              -80.2890937,
              43.3306779
            ],
            [
              -80.2890857,
              43.3306442
            ],
            [
              -80.2891065,
              43.3306024
            ],
            [
              -80.2891479,
              43.3305641
            ],
            [
              -80.2891926,
              43.3305467
            ],
            [
              -80.2892517,
              43.3305444
            ],
            [
              -80.2892979,
              43.3305549
            ],
            [
              -80.2893362,
              43.3305862
            ],
            [
              -80.2893538,
              43.3306071
            ],
            [
              -80.289408,
              43.330628
            ],
            [
              -80.2894623,
              43.3306338
            ],
            [
              -80.2895229,
              43.3306431
            ],
            [
              -80.2895405,
              43.3306454
            ],
            [
              -80.2895692,
              43.3306512
            ],
            [
              -80.2895804,
              43.3306779
            ],
            [
              -80.2895851,
              43.3307208
            ],
            [
              -80.2896027,
              43.3307464
            ],
            [
              -80.2896458,
              43.3307777
            ],
            [
              -80.2897032,
              43.330809
            ],
            [
              -80.2897942,
              43.330823
            ],
            [
              -80.2898516,
              43.3308323
            ],
            [
              -80.289917,
              43.3308462
            ],
            [
              -80.2899713,
              43.330859
            ],
            [
              -80.2900255,
              43.3308857
            ],
            [
              -80.2901101,
              43.3309298
            ]
          ]
        ]
      }
    },
    {
      "type": "Feature",
      "properties": {
        "@id": "way/895698518",
        "golf": "fairway",
        "landuse": "grass"
      },
      "geometry": {
        "type": "Polygon",
        "coordinates": [
          [
            [
              -80.2882627,
              43.3298633
            ],
            [
              -80.2883085,
              43.3298946
            ],
            [
              -80.288346,
              43.329934
            ],
            [
              -80.2883946,
              43.3299653
            ],
            [
              -80.2884599,
              43.3299835
            ],
            [
              -80.2885308,
              43.3300148
            ],
            [
              -80.2885836,
              43.3300724
            ],
            [
              -80.2886086,
              43.3301179
            ],
            [
              -80.2886197,
              43.3301533
            ],
            [
              -80.2886225,
              43.3301907
            ],
            [
              -80.2886225,
              43.330223
            ],
            [
              -80.2886044,
              43.3302553
            ],
            [
              -80.2885669,
              43.3302705
            ],
            [
              -80.2884933,
              43.3302755
            ],
            [
              -80.2884363,
              43.3302523
            ],
            [
              -80.2883627,
              43.3302058
            ],
            [
              -80.288328,
              43.3301816
            ],
            [
              -80.2883071,
              43.3301573
            ],
            [
              -80.2882974,
              43.330131
            ],
            [
              -80.2882405,
              43.3301017
            ],
            [
              -80.2881779,
              43.3300714
            ],
            [
              -80.2881335,
              43.3300613
            ],
            [
              -80.2880738,
              43.330033
            ],
            [
              -80.288046,
              43.3300078
            ],
            [
              -80.2880376,
              43.3299764
            ],
            [
              -80.2879918,
              43.3299522
            ],
            [
              -80.2879501,
              43.3299289
            ],
            [
              -80.2879126,
              43.3298986
            ],
            [
              -80.2878737,
              43.3298633
            ],
            [
              -80.287864,
              43.329839
            ],
            [
              -80.2878334,
              43.3298229
            ],
            [
              -80.2877848,
              43.3297946
            ],
            [
              -80.2877362,
              43.3297511
            ],
            [
              -80.2877168,
              43.3297168
            ],
            [
              -80.2877112,
              43.3296773
            ],
            [
              -80.2877265,
              43.3296248
            ],
            [
              -80.2877557,
              43.3295834
            ],
            [
              -80.2878015,
              43.3295551
            ],
            [
              -80.2878529,
              43.329546
            ],
            [
              -80.2879251,
              43.3295652
            ],
            [
              -80.2879765,
              43.3295904
            ],
            [
              -80.2879876,
              43.3296329
            ],
            [
              -80.2880071,
              43.3296592
            ],
            [
              -80.2880376,
              43.3296955
            ],
            [
              -80.2880696,
              43.3297269
            ],
            [
              -80.2881168,
              43.3297552
            ],
            [
              -80.2881752,
              43.3297925
            ],
            [
              -80.2882043,
              43.3298158
            ],
            [
              -80.2882627,
              43.3298633
            ]
          ]
        ]
      }
    },
    {
      "type": "Feature",
      "properties": {
        "@id": "way/895698519",
        "golf": "bunker",
        "natural": "sand"
      },
      "geometry": {
        "type": "Polygon",
        "coordinates": [
          [
            [
              -80.287629,
              43.329502
            ],
            [
              -80.2876419,
              43.329499
            ],
            [
              -80.2876533,
              43.3294916
            ],
            [
              -80.2876593,
              43.329477
            ],
            [
              -80.2876808,
              43.3294726
            ],
            [
              -80.2876987,
              43.329478
            ],
            [
              -80.2877014,
              43.3294853
            ],
            [
              -80.2877051,
              43.3294976
            ],
            [
              -80.2877042,
              43.329508
            ],
            [
              -80.2876991,
              43.329519
            ],
            [
              -80.2876927,
              43.329526
            ],
            [
              -80.287679,
              43.3295283
            ],
            [
              -80.2876611,
              43.3295273
            ],
            [
              -80.2876442,
              43.3295246
            ],
            [
              -80.2876322,
              43.3295173
            ],
            [
              -80.2876254,
              43.329511
            ],
            [
              -80.287629,
              43.329502
            ]
          ]
        ]
      }
    },
    {
      "type": "Feature",
      "properties": {
        "@id": "way/895698520",
        "golf": "fairway",
        "landuse": "grass"
      },
      "geometry": {
        "type": "Polygon",
        "coordinates": [
          [
            [
              -80.2875071,
              43.3293994
            ],
            [
              -80.2874764,
              43.3294118
            ],
            [
              -80.2874322,
              43.3294562
            ],
            [
              -80.2874058,
              43.3294861
            ],
            [
              -80.2874185,
              43.3295213
            ],
            [
              -80.2874553,
              43.3295458
            ],
            [
              -80.2875101,
              43.3295527
            ],
            [
              -80.2875564,
              43.3295428
            ],
            [
              -80.2875785,
              43.329529
            ],
            [
              -80.2875953,
              43.3295114
            ],
            [
              -80.2876027,
              43.3294938
            ],
            [
              -80.2876174,
              43.3294823
            ],
            [
              -80.2876452,
              43.3294423
            ],
            [
              -80.2876204,
              43.329455
            ],
            [
              -80.287599,
              43.3294765
            ],
            [
              -80.2875835,
              43.3294887
            ],
            [
              -80.2875534,
              43.3294955
            ],
            [
              -80.2875279,
              43.329496
            ],
            [
              -80.2875024,
              43.3294872
            ],
            [
              -80.2874883,
              43.3294794
            ],
            [
              -80.2874809,
              43.3294628
            ],
            [
              -80.2874789,
              43.3294501
            ],
            [
              -80.2874843,
              43.3294326
            ],
            [
              -80.2874903,
              43.3294155
            ],
            [
              -80.2875071,
              43.3293994
            ]
          ]
        ]
      }
    },
    {
      "type": "Feature",
      "properties": {
        "@id": "way/895698521",
        "building": "yes",
        "golf": "clubhouse"
      },
      "geometry": {
        "type": "Polygon",
        "coordinates": [
          [
            [
              -80.2869876,
              43.3295313
            ],
            [
              -80.2871837,
              43.3293286
            ],
            [
              -80.2869434,
              43.3292003
            ],
            [
              -80.286929,
              43.3291926
            ],
            [
              -80.286731,
              43.3293993
            ],
            [
              -80.2869876,
              43.3295313
            ]
          ]
        ]
      }
    },
    {
      "type": "Feature",
      "properties": {
        "@id": "way/895698523",
        "golf": "tee",
        "landuse": "grass"
      },
      "geometry": {
        "type": "Polygon",
        "coordinates": [
          [
            [
              -80.2905502,
              43.3353057
            ],
            [
              -80.2905183,
              43.3352684
            ],
            [
              -80.2905083,
              43.3352555
            ],
            [
              -80.2904945,
              43.3352441
            ],
            [
              -80.2904858,
              43.3352301
            ],
            [
              -80.2904766,
              43.3352168
            ],
            [
              -80.2904419,
              43.3352087
            ],
            [
              -80.2904232,
              43.335215
            ],
            [
              -80.2904072,
              43.3352239
            ],
            [
              -80.2904018,
              43.3352429
            ],
            [
              -80.2904016,
              43.3352623
            ],
            [
              -80.2904336,
              43.3352987
            ],
            [
              -80.29046,
              43.3353168
            ],
            [
              -80.2905072,
              43.33533
            ],
            [
              -80.2905447,
              43.3353249
            ],
            [
              -80.2905502,
              43.3353057
            ]
          ]
        ]
      }
    },
    {
      "type": "Feature",
      "properties": {
        "@id": "way/895698524",
        "golf": "fairway",
        "landuse": "grass"
      },
      "geometry": {
        "type": "Polygon",
        "coordinates": [
          [
            [
              -80.2895721,
              43.3338072
            ],
            [
              -80.2896037,
              43.3338547
            ],
            [
              -80.2896353,
              43.3339113
            ],
            [
              -80.2896395,
              43.3339848
            ],
            [
              -80.2896437,
              43.3340461
            ],
            [
              -80.2896711,
              43.3341227
            ],
            [
              -80.2897237,
              43.3341855
            ],
            [
              -80.28977,
              43.3342284
            ],
            [
              -80.2898037,
              43.3342728
            ],
            [
              -80.2898037,
              43.3343264
            ],
            [
              -80.2897574,
              43.3343631
            ],
            [
              -80.2896816,
              43.3343738
            ],
            [
              -80.2895911,
              43.3343432
            ],
            [
              -80.2895321,
              43.3342896
            ],
            [
              -80.2894711,
              43.3342253
            ],
            [
              -80.28945,
              43.334138
            ],
            [
              -80.2894437,
              43.3340691
            ],
            [
              -80.2894816,
              43.3339879
            ],
            [
              -80.2894605,
              43.3339175
            ],
            [
              -80.2894416,
              43.3338654
            ],
            [
              -80.2894016,
              43.3338164
            ],
            [
              -80.2893468,
              43.3337628
            ],
            [
              -80.2892753,
              43.3336908
            ],
            [
              -80.2892058,
              43.3336296
            ],
            [
              -80.2891805,
              43.3335392
            ],
            [
              -80.2892121,
              43.3334687
            ],
            [
              -80.2892879,
              43.3334259
            ],
            [
              -80.289389,
              43.3334259
            ],
            [
              -80.2894626,
              43.3334534
            ],
            [
              -80.2894984,
              43.3335055
            ],
            [
              -80.2895174,
              43.3335606
            ],
            [
              -80.2895195,
              43.3336188
            ],
            [
              -80.2895195,
              43.3336908
            ],
            [
              -80.2895448,
              43.3337168
            ],
            [
              -80.28957,
              43.3337689
            ],
            [
              -80.2895721,
              43.3338072
            ]
          ]
        ]
      }
    },
    {
      "type": "Feature",
      "properties": {
        "@id": "way/895749053",
        "golf": "tee",
        "landuse": "grass"
      },
      "geometry": {
        "type": "Polygon",
        "coordinates": [
          [
            [
              -80.2870435,
              43.3296166
            ],
            [
              -80.2870212,
              43.3296449
            ],
            [
              -80.2869865,
              43.3296742
            ],
            [
              -80.2869518,
              43.3296934
            ],
            [
              -80.2869184,
              43.3296934
            ],
            [
              -80.286899,
              43.3296812
            ],
            [
              -80.2868907,
              43.3296641
            ],
            [
              -80.2868907,
              43.3296378
            ],
            [
              -80.2869143,
              43.3296176
            ],
            [
              -80.2869587,
              43.3295903
            ],
            [
              -80.2869754,
              43.3295852
            ],
            [
              -80.2870004,
              43.3295842
            ],
            [
              -80.2870226,
              43.3295913
            ],
            [
              -80.2870379,
              43.3296004
            ],
            [
              -80.2870435,
              43.3296166
            ]
          ]
        ]
      }
    },
    {
      "type": "Feature",
      "properties": {
        "@id": "way/895749054",
        "golf": "tee",
        "landuse": "grass"
      },
      "geometry": {
        "type": "Polygon",
        "coordinates": [
          [
            [
              -80.2870956,
              43.3297383
            ],
            [
              -80.2871254,
              43.3297216
            ],
            [
              -80.2871567,
              43.329707
            ],
            [
              -80.2871949,
              43.32971
            ],
            [
              -80.2872108,
              43.3297186
            ],
            [
              -80.2872282,
              43.3297388
            ],
            [
              -80.2872352,
              43.3297575
            ],
            [
              -80.2872324,
              43.3297762
            ],
            [
              -80.2872254,
              43.3297924
            ],
            [
              -80.2872074,
              43.329806
            ],
            [
              -80.2871831,
              43.3298192
            ],
            [
              -80.2871581,
              43.3298247
            ],
            [
              -80.2871171,
              43.3298227
            ],
            [
              -80.2870935,
              43.3298146
            ],
            [
              -80.2870782,
              43.3297989
            ],
            [
              -80.2870685,
              43.3297777
            ],
            [
              -80.2870692,
              43.3297595
            ],
            [
              -80.2870956,
              43.3297383
            ]
          ]
        ]
      }
    },
    {
      "type": "Feature",
      "properties": {
        "@id": "way/895749055",
        "golf": "tee",
        "landuse": "grass"
      },
      "geometry": {
        "type": "Polygon",
        "coordinates": [
          [
            [
              -80.2874796,
              43.3299232
            ],
            [
              -80.2875033,
              43.3299404
            ],
            [
              -80.2875269,
              43.3299505
            ],
            [
              -80.2875477,
              43.3299672
            ],
            [
              -80.2875553,
              43.3299839
            ],
            [
              -80.2875602,
              43.3299955
            ],
            [
              -80.2875526,
              43.3300162
            ],
            [
              -80.2875394,
              43.3300293
            ],
            [
              -80.2875171,
              43.3300339
            ],
            [
              -80.2874824,
              43.3300344
            ],
            [
              -80.2874498,
              43.3300197
            ],
            [
              -80.2874331,
              43.3300036
            ],
            [
              -80.2874199,
              43.3299894
            ],
            [
              -80.2873991,
              43.3299722
            ],
            [
              -80.2873685,
              43.329954
            ],
            [
              -80.2873421,
              43.3299384
            ],
            [
              -80.2873359,
              43.3299227
            ],
            [
              -80.2873428,
              43.3299061
            ],
            [
              -80.2873609,
              43.3298899
            ],
            [
              -80.2873762,
              43.3298843
            ],
            [
              -80.2874102,
              43.3298788
            ],
            [
              -80.2874303,
              43.3298823
            ],
            [
              -80.2874574,
              43.3298975
            ],
            [
              -80.2874796,
              43.3299232
            ]
          ]
        ]
      }
    },
    {
      "type": "Feature",
      "properties": {
        "@id": "way/895749056",
        "golf": "tee",
        "landuse": "grass"
      },
      "geometry": {
        "type": "Polygon",
        "coordinates": [
          [
            [
              -80.2878563,
              43.3302439
            ],
            [
              -80.2878948,
              43.3302812
            ],
            [
              -80.2879241,
              43.3303112
            ],
            [
              -80.2879296,
              43.3303432
            ],
            [
              -80.2879214,
              43.3303632
            ],
            [
              -80.287904,
              43.3303759
            ],
            [
              -80.2878875,
              43.3303845
            ],
            [
              -80.2878637,
              43.3303865
            ],
            [
              -80.2878233,
              43.3303599
            ],
            [
              -80.2878004,
              43.3303325
            ],
            [
              -80.2877812,
              43.3303065
            ],
            [
              -80.2877354,
              43.3302712
            ],
            [
              -80.2877115,
              43.3302485
            ],
            [
              -80.2877014,
              43.3302192
            ],
            [
              -80.287706,
              43.3301965
            ],
            [
              -80.2877225,
              43.3301732
            ],
            [
              -80.2877647,
              43.3301712
            ],
            [
              -80.2878004,
              43.3301899
            ],
            [
              -80.2878334,
              43.3302165
            ],
            [
              -80.2878563,
              43.3302439
            ]
          ]
        ]
      }
    },
    {
      "type": "Feature",
      "properties": {
        "@id": "way/895749057",
        "golf": "fairway",
        "landuse": "grass"
      },
      "geometry": {
        "type": "Polygon",
        "coordinates": [
          [
            [
              -80.2886465,
              43.3307604
            ],
            [
              -80.288609,
              43.3307241
            ],
            [
              -80.2885562,
              43.3306968
            ],
            [
              -80.2884867,
              43.3306533
            ],
            [
              -80.2884367,
              43.3306109
            ],
            [
              -80.2884159,
              43.3305806
            ],
            [
              -80.2883895,
              43.3305048
            ],
            [
              -80.2883742,
              43.3304543
            ],
            [
              -80.2883103,
              43.3304058
            ],
            [
              -80.2882311,
              43.3303916
            ],
            [
              -80.288145,
              43.3304048
            ],
            [
              -80.2881075,
              43.3304391
            ],
            [
              -80.2881047,
              43.3304927
            ],
            [
              -80.2881339,
              43.3305604
            ],
            [
              -80.2882131,
              43.3306129
            ],
            [
              -80.2882964,
              43.3306725
            ],
            [
              -80.2883686,
              43.3307251
            ],
            [
              -80.288427,
              43.3307675
            ],
            [
              -80.2884589,
              43.330815
            ],
            [
              -80.2885048,
              43.3308423
            ],
            [
              -80.2885534,
              43.3308625
            ],
            [
              -80.2886062,
              43.3308958
            ],
            [
              -80.2886631,
              43.3309353
            ],
            [
              -80.2887076,
              43.3309747
            ],
            [
              -80.2887312,
              43.3310242
            ],
            [
              -80.2887673,
              43.3310828
            ],
            [
              -80.288827,
              43.3311323
            ],
            [
              -80.288859,
              43.3311606
            ],
            [
              -80.2889382,
              43.3312091
            ],
            [
              -80.2890035,
              43.3312313
            ],
            [
              -80.2890632,
              43.3312465
            ],
            [
              -80.2891576,
              43.3312535
            ],
            [
              -80.2892396,
              43.3312283
            ],
            [
              -80.2892827,
              43.3311727
            ],
            [
              -80.2892827,
              43.3311404
            ],
            [
              -80.2892799,
              43.331104
            ],
            [
              -80.2892465,
              43.3310727
            ],
            [
              -80.2891618,
              43.3310393
            ],
            [
              -80.2890604,
              43.331009
            ],
            [
              -80.2889382,
              43.3309545
            ],
            [
              -80.2888104,
              43.3308655
            ],
            [
              -80.2887006,
              43.3307938
            ],
            [
              -80.2886465,
              43.3307604
            ]
          ]
        ]
      }
    },
    {
      "type": "Feature",
      "properties": {
        "@id": "way/895749058",
        "golf": "water_hazard",
        "natural": "water"
      },
      "geometry": {
        "type": "Polygon",
        "coordinates": [
          [
            [
              -80.2891056,
              43.3314325
            ],
            [
              -80.2891359,
              43.3313709
            ],
            [
              -80.2891726,
              43.3313199
            ],
            [
              -80.2892365,
              43.3312746
            ],
            [
              -80.2893146,
              43.3312468
            ],
            [
              -80.289471,
              43.3312665
            ],
            [
              -80.2895699,
              43.3312978
            ],
            [
              -80.2896832,
              43.3313477
            ],
            [
              -80.2898013,
              43.3314046
            ],
            [
              -80.2898476,
              43.3314568
            ],
            [
              -80.2898683,
              43.3314986
            ],
            [
              -80.2898843,
              43.3315601
            ],
            [
              -80.2898811,
              43.3316112
            ],
            [
              -80.2898348,
              43.3316437
            ],
            [
              -80.2897854,
              43.3316576
            ],
            [
              -80.2896896,
              43.3316576
            ],
            [
              -80.2896386,
              43.3316472
            ],
            [
              -80.2895875,
              43.3316275
            ],
            [
              -80.2895205,
              43.3316205
            ],
            [
              -80.2894694,
              43.3316472
            ],
            [
              -80.2894088,
              43.3316611
            ],
            [
              -80.2893721,
              43.3316611
            ],
            [
              -80.2893067,
              43.3316646
            ],
            [
              -80.2892428,
              43.3316565
            ],
            [
              -80.2891886,
              43.3316437
            ],
            [
              -80.2891535,
              43.3316019
            ],
            [
              -80.2891072,
              43.3315764
            ],
            [
              -80.2890561,
              43.3315741
            ],
            [
              -80.2889812,
              43.3315485
            ],
            [
              -80.2889221,
              43.331494
            ],
            [
              -80.2888854,
              43.331458
            ],
            [
              -80.2888423,
              43.3314267
            ],
            [
              -80.2887929,
              43.3313721
            ],
            [
              -80.2888088,
              43.331348
            ],
            [
              -80.2888312,
              43.3313315
            ],
            [
              -80.2888754,
              43.3313176
            ],
            [
              -80.2889189,
              43.3313176
            ],
            [
              -80.2889891,
              43.3313733
            ],
            [
              -80.289029,
              43.3314209
            ],
            [
              -80.2890386,
              43.3314417
            ],
            [
              -80.2890753,
              43.3314487
            ],
            [
              -80.2891056,
              43.3314325
            ]
          ]
        ]
      }
    },
    {
      "type": "Feature",
      "properties": {
        "@id": "way/895749059",
        "golf": "fairway",
        "landuse": "grass"
      },
      "geometry": {
        "type": "Polygon",
        "coordinates": [
          [
            [
              -80.2906724,
              43.3319409
            ],
            [
              -80.2906836,
              43.3319746
            ],
            [
              -80.2906932,
              43.3320083
            ],
            [
              -80.2907219,
              43.3320431
            ],
            [
              -80.290749,
              43.3320675
            ],
            [
              -80.2907618,
              43.3321209
            ],
            [
              -80.2907889,
              43.3321731
            ],
            [
              -80.2908176,
              43.3322079
            ],
            [
              -80.2908336,
              43.3322392
            ],
            [
              -80.2908288,
              43.3322752
            ],
            [
              -80.2908081,
              43.3323066
            ],
            [
              -80.290773,
              43.3323263
            ],
            [
              -80.2907235,
              43.3323414
            ],
            [
              -80.2906501,
              43.3323367
            ],
            [
              -80.2906022,
              43.3323216
            ],
            [
              -80.2905831,
              43.3322787
            ],
            [
              -80.2905767,
              43.3322288
            ],
            [
              -80.2905687,
              43.3321731
            ],
            [
              -80.2905543,
              43.3321371
            ],
            [
              -80.2905049,
              43.3320895
            ],
            [
              -80.2904315,
              43.3320361
            ],
            [
              -80.290374,
              43.3320013
            ],
            [
              -80.2903182,
              43.33197
            ],
            [
              -80.2902145,
              43.3319328
            ],
            [
              -80.2901522,
              43.3319108
            ],
            [
              -80.2901171,
              43.3318829
            ],
            [
              -80.2900948,
              43.3318446
            ],
            [
              -80.2900645,
              43.331797
            ],
            [
              -80.290015,
              43.3317285
            ],
            [
              -80.2899815,
              43.3316856
            ],
            [
              -80.2899671,
              43.3316566
            ],
            [
              -80.2899432,
              43.3316194
            ],
            [
              -80.2899576,
              43.331551
            ],
            [
              -80.2900054,
              43.3314906
            ],
            [
              -80.2900836,
              43.3314697
            ],
            [
              -80.2901299,
              43.3314686
            ],
            [
              -80.2902129,
              43.3315103
            ],
            [
              -80.2902544,
              43.3315452
            ],
            [
              -80.2902719,
              43.3315719
            ],
            [
              -80.2903006,
              43.3316171
            ],
            [
              -80.290357,
              43.3316781
            ],
            [
              -80.2903808,
              43.3317188
            ],
            [
              -80.2904422,
              43.3317601
            ],
            [
              -80.2904954,
              43.3317854
            ],
            [
              -80.290582,
              43.3318394
            ],
            [
              -80.2906283,
              43.33188
            ],
            [
              -80.2906515,
              43.3319075
            ],
            [
              -80.2906724,
              43.3319409
            ]
          ]
        ]
      }
    },
    {
      "type": "Feature",
      "properties": {
        "@id": "way/895749060",
        "golf": "green",
        "landuse": "grass"
      },
      "geometry": {
        "type": "Polygon",
        "coordinates": [
          [
            [
              -80.2907029,
              43.3326796
            ],
            [
              -80.2907467,
              43.3326912
            ],
            [
              -80.2907884,
              43.3326978
            ],
            [
              -80.2908224,
              43.3326938
            ],
            [
              -80.290871,
              43.3326993
            ],
            [
              -80.2908939,
              43.3327125
            ],
            [
              -80.2909106,
              43.3327311
            ],
            [
              -80.2909085,
              43.3327574
            ],
            [
              -80.2908953,
              43.3327827
            ],
            [
              -80.2908766,
              43.3328014
            ],
            [
              -80.2908592,
              43.3328105
            ],
            [
              -80.2908356,
              43.332818
            ],
            [
              -80.2908217,
              43.3328221
            ],
            [
              -80.2907939,
              43.3328261
            ],
            [
              -80.2907696,
              43.3328307
            ],
            [
              -80.2907509,
              43.3328297
            ],
            [
              -80.2907161,
              43.3328251
            ],
            [
              -80.2906821,
              43.3328196
            ],
            [
              -80.2906557,
              43.3328201
            ],
            [
              -80.2906293,
              43.3328145
            ],
            [
              -80.2906092,
              43.3328084
            ],
            [
              -80.290589,
              43.3327963
            ],
            [
              -80.2905731,
              43.3327801
            ],
            [
              -80.2905612,
              43.332763
            ],
            [
              -80.2905557,
              43.3327433
            ],
            [
              -80.2905522,
              43.3327231
            ],
            [
              -80.2905522,
              43.3327003
            ],
            [
              -80.2905675,
              43.3326776
            ],
            [
              -80.2905821,
              43.3326619
            ],
            [
              -80.2906071,
              43.3326528
            ],
            [
              -80.2906349,
              43.3326498
            ],
            [
              -80.2906661,
              43.3326538
            ],
            [
              -80.2906918,
              43.332667
            ],
            [
              -80.2907029,
              43.3326796
            ]
          ]
        ]
      }
    },
    {
      "type": "Feature",
      "properties": {
        "@id": "way/895749061",
        "golf": "bunker",
        "natural": "sand"
      },
      "geometry": {
        "type": "Polygon",
        "coordinates": [
          [
            [
              -80.2907002,
              43.332863
            ],
            [
              -80.2907085,
              43.3328721
            ],
            [
              -80.290721,
              43.3328827
            ],
            [
              -80.2907279,
              43.3328883
            ],
            [
              -80.2907261,
              43.3329005
            ],
            [
              -80.2907168,
              43.3329034
            ],
            [
              -80.2907057,
              43.3329024
            ],
            [
              -80.2906932,
              43.3329049
            ],
            [
              -80.2906828,
              43.3329125
            ],
            [
              -80.2906717,
              43.3329191
            ],
            [
              -80.2906592,
              43.3329186
            ],
            [
              -80.2906502,
              43.332914
            ],
            [
              -80.2906439,
              43.3329044
            ],
            [
              -80.2906439,
              43.3328943
            ],
            [
              -80.2906564,
              43.3328867
            ],
            [
              -80.2906578,
              43.3328716
            ],
            [
              -80.2906627,
              43.3328605
            ],
            [
              -80.2906724,
              43.332858
            ],
            [
              -80.2906918,
              43.3328595
            ],
            [
              -80.2907002,
              43.332863
            ]
          ]
        ]
      }
    },
    {
      "type": "Feature",
      "properties": {
        "@id": "way/895749062",
        "golf": "fairway",
        "landuse": "grass"
      },
      "geometry": {
        "type": "Polygon",
        "coordinates": [
          [
            [
              -80.2907884,
              43.3326978
            ],
            [
              -80.2907695,
              43.3326782
            ],
            [
              -80.2907737,
              43.332665
            ],
            [
              -80.2907955,
              43.3326434
            ],
            [
              -80.2908184,
              43.3326232
            ],
            [
              -80.2908396,
              43.332603
            ],
            [
              -80.2908444,
              43.3325854
            ],
            [
              -80.2908402,
              43.3325673
            ],
            [
              -80.2908257,
              43.3325383
            ],
            [
              -80.2908172,
              43.3325238
            ],
            [
              -80.2908245,
              43.3325014
            ],
            [
              -80.2908341,
              43.3324662
            ],
            [
              -80.2908366,
              43.3324424
            ],
            [
              -80.2908154,
              43.3324191
            ],
            [
              -80.2907864,
              43.3324042
            ],
            [
              -80.2907562,
              43.3324024
            ],
            [
              -80.2907235,
              43.3324046
            ],
            [
              -80.2907042,
              43.3324196
            ],
            [
              -80.2906896,
              43.3324336
            ],
            [
              -80.290686,
              43.3324534
            ],
            [
              -80.29068,
              43.3324811
            ],
            [
              -80.2906661,
              43.3324921
            ],
            [
              -80.2906389,
              43.3324939
            ],
            [
              -80.2905989,
              43.3324899
            ],
            [
              -80.2905748,
              43.332497
            ],
            [
              -80.290556,
              43.3325097
            ],
            [
              -80.2905445,
              43.3325374
            ],
            [
              -80.2905451,
              43.3325475
            ],
            [
              -80.2905469,
              43.33257
            ],
            [
              -80.2905627,
              43.3325849
            ],
            [
              -80.2905681,
              43.3325968
            ],
            [
              -80.2905778,
              43.3326135
            ],
            [
              -80.2905856,
              43.3326245
            ],
            [
              -80.290579,
              43.332639
            ],
            [
              -80.2905627,
              43.3326535
            ],
            [
              -80.2905675,
              43.3326776
            ],
            [
              -80.2905821,
              43.3326619
            ],
            [
              -80.2906071,
              43.3326528
            ],
            [
              -80.2906349,
              43.3326498
            ],
            [
              -80.2906661,
              43.3326538
            ],
            [
              -80.2906918,
              43.332667
            ],
            [
              -80.2907029,
              43.3326796
            ],
            [
              -80.2907467,
              43.3326912
            ],
            [
              -80.2907884,
              43.3326978
            ]
          ]
        ]
      }
    },
    {
      "type": "Feature",
      "properties": {
        "@id": "way/895749063",
        "golf": "tee",
        "landuse": "grass"
      },
      "geometry": {
        "type": "Polygon",
        "coordinates": [
          [
            [
              -80.2915248,
              43.3322455
            ],
            [
              -80.2915436,
              43.3322561
            ],
            [
              -80.2915484,
              43.3322754
            ],
            [
              -80.2915406,
              43.3322944
            ],
            [
              -80.2915218,
              43.3323036
            ],
            [
              -80.2914934,
              43.3323216
            ],
            [
              -80.2914674,
              43.3323383
            ],
            [
              -80.2914426,
              43.3323586
            ],
            [
              -80.2914094,
              43.3323753
            ],
            [
              -80.2913749,
              43.3323828
            ],
            [
              -80.2913392,
              43.3323863
            ],
            [
              -80.2913017,
              43.3323784
            ],
            [
              -80.2912745,
              43.3323608
            ],
            [
              -80.2912528,
              43.3323432
            ],
            [
              -80.2912213,
              43.3323181
            ],
            [
              -80.2911929,
              43.3322922
            ],
            [
              -80.2911687,
              43.3322666
            ],
            [
              -80.2911554,
              43.332246
            ],
            [
              -80.2911475,
              43.3322253
            ],
            [
              -80.2911481,
              43.3322064
            ],
            [
              -80.2911596,
              43.3321791
            ],
            [
              -80.2911989,
              43.3321611
            ],
            [
              -80.2912346,
              43.3321655
            ],
            [
              -80.2912673,
              43.3321681
            ],
            [
              -80.291289,
              43.3321774
            ],
            [
              -80.2913029,
              43.3321853
            ],
            [
              -80.2913253,
              43.3321985
            ],
            [
              -80.2913465,
              43.3322121
            ],
            [
              -80.2913682,
              43.3322231
            ],
            [
              -80.291387,
              43.3322306
            ],
            [
              -80.2914124,
              43.3322394
            ],
            [
              -80.2914329,
              43.3322407
            ],
            [
              -80.2914607,
              43.3322372
            ],
            [
              -80.2914777,
              43.3322345
            ],
            [
              -80.2914958,
              43.3322345
            ],
            [
              -80.2915115,
              43.3322385
            ],
            [
              -80.2915248,
              43.3322455
            ]
          ]
        ]
      }
    },
    {
      "type": "Feature",
      "properties": {
        "@id": "way/895749064",
        "golf": "tee",
        "landuse": "grass"
      },
      "geometry": {
        "type": "Polygon",
        "coordinates": [
          [
            [
              -80.2915406,
              43.3325733
            ],
            [
              -80.2915237,
              43.3325593
            ],
            [
              -80.2915058,
              43.3325446
            ],
            [
              -80.2914847,
              43.3325273
            ],
            [
              -80.2914806,
              43.3325126
            ],
            [
              -80.2914902,
              43.332494
            ],
            [
              -80.2915104,
              43.3324843
            ],
            [
              -80.2915356,
              43.3324766
            ],
            [
              -80.2915704,
              43.3324776
            ],
            [
              -80.291597,
              43.332491
            ],
            [
              -80.2916167,
              43.3325123
            ],
            [
              -80.2916245,
              43.3325346
            ],
            [
              -80.2916259,
              43.332552
            ],
            [
              -80.291619,
              43.3325686
            ],
            [
              -80.2916062,
              43.3325813
            ],
            [
              -80.2915805,
              43.3325856
            ],
            [
              -80.2915599,
              43.3325836
            ],
            [
              -80.2915406,
              43.3325733
            ]
          ]
        ]
      }
    },
    {
      "type": "Feature",
      "properties": {
        "@id": "way/895749065",
        "golf": "green",
        "landuse": "grass"
      },
      "geometry": {
        "type": "Polygon",
        "coordinates": [
          [
            [
              -80.2912718,
              43.3330887
            ],
            [
              -80.2912747,
              43.3330902
            ],
            [
              -80.2912984,
              43.3331024
            ],
            [
              -80.2913089,
              43.3331154
            ],
            [
              -80.2913121,
              43.333131
            ],
            [
              -80.2913135,
              43.3331494
            ],
            [
              -80.2913094,
              43.3331654
            ],
            [
              -80.2913007,
              43.3331814
            ],
            [
              -80.2912984,
              43.3332
            ],
            [
              -80.2912952,
              43.3332144
            ],
            [
              -80.2913025,
              43.3332374
            ],
            [
              -80.2913144,
              43.3332577
            ],
            [
              -80.2913259,
              43.3332724
            ],
            [
              -80.2913327,
              43.333284
            ],
            [
              -80.2913291,
              43.3333014
            ],
            [
              -80.2913226,
              43.3333147
            ],
            [
              -80.2913048,
              43.3333314
            ],
            [
              -80.2912837,
              43.3333384
            ],
            [
              -80.2912585,
              43.333339
            ],
            [
              -80.291237,
              43.333336
            ],
            [
              -80.2912191,
              43.3333304
            ],
            [
              -80.2911962,
              43.33332
            ],
            [
              -80.2911714,
              43.333312
            ],
            [
              -80.2911549,
              43.3333074
            ],
            [
              -80.2911352,
              43.333307
            ],
            [
              -80.2911137,
              43.3333014
            ],
            [
              -80.2910926,
              43.3332894
            ],
            [
              -80.2910821,
              43.3332764
            ],
            [
              -80.291077,
              43.3332597
            ],
            [
              -80.2910798,
              43.33324
            ],
            [
              -80.2911013,
              43.3332187
            ],
            [
              -80.2911229,
              43.3331984
            ],
            [
              -80.2911339,
              43.3331794
            ],
            [
              -80.2911348,
              43.3331604
            ],
            [
              -80.2911416,
              43.3331374
            ],
            [
              -80.2911494,
              43.3331194
            ],
            [
              -80.2911609,
              43.333106
            ],
            [
              -80.2911733,
              43.3330937
            ],
            [
              -80.2911911,
              43.333083
            ],
            [
              -80.2912182,
              43.3330824
            ],
            [
              -80.2912489,
              43.333082
            ],
            [
              -80.2912718,
              43.3330887
            ]
          ]
        ]
      }
    },
    {
      "type": "Feature",
      "properties": {
        "@id": "way/895749066",
        "golf": "fairway",
        "landuse": "grass"
      },
      "geometry": {
        "type": "Polygon",
        "coordinates": [
          [
            [
              -80.2911416,
              43.3331374
            ],
            [
              -80.2911409,
              43.3331048
            ],
            [
              -80.2911529,
              43.3330741
            ],
            [
              -80.2911519,
              43.3330521
            ],
            [
              -80.2911409,
              43.3330441
            ],
            [
              -80.2911006,
              43.3330395
            ],
            [
              -80.2910924,
              43.3330281
            ],
            [
              -80.2910988,
              43.3330055
            ],
            [
              -80.2911153,
              43.3329928
            ],
            [
              -80.2911382,
              43.3329888
            ],
            [
              -80.2911547,
              43.3329595
            ],
            [
              -80.2911794,
              43.3329288
            ],
            [
              -80.2912078,
              43.3329035
            ],
            [
              -80.2912491,
              43.3328888
            ],
            [
              -80.2912958,
              43.3328688
            ],
            [
              -80.2913417,
              43.3328588
            ],
            [
              -80.2913866,
              43.3328595
            ],
            [
              -80.2914113,
              43.3328721
            ],
            [
              -80.2914195,
              43.3328988
            ],
            [
              -80.2914141,
              43.3329161
            ],
            [
              -80.2913939,
              43.3329368
            ],
            [
              -80.2913517,
              43.3329575
            ],
            [
              -80.2913105,
              43.3329681
            ],
            [
              -80.2912885,
              43.3329815
            ],
            [
              -80.2912821,
              43.3329968
            ],
            [
              -80.2912885,
              43.3330135
            ],
            [
              -80.2913004,
              43.3330355
            ],
            [
              -80.2913242,
              43.3330555
            ],
            [
              -80.2913389,
              43.3330715
            ],
            [
              -80.2913545,
              43.3330974
            ],
            [
              -80.2913517,
              43.3331168
            ],
            [
              -80.2913444,
              43.3331421
            ],
            [
              -80.2913094,
              43.3331654
            ],
            [
              -80.2913135,
              43.3331494
            ],
            [
              -80.2913121,
              43.333131
            ],
            [
              -80.2913089,
              43.3331154
            ],
            [
              -80.2912984,
              43.3331024
            ],
            [
              -80.2912747,
              43.3330902
            ],
            [
              -80.2912489,
              43.333082
            ],
            [
              -80.2912182,
              43.3330824
            ],
            [
              -80.2911942,
              43.3330856
            ],
            [
              -80.2911733,
              43.3330937
            ],
            [
              -80.2911609,
              43.333106
            ],
            [
              -80.2911494,
              43.3331194
            ],
            [
              -80.2911416,
              43.3331374
            ]
          ]
        ]
      }
    },
    {
      "type": "Feature",
      "properties": {
        "@id": "way/895749067",
        "golf": "bunker",
        "natural": "sand"
      },
      "geometry": {
        "type": "Polygon",
        "coordinates": [
          [
            [
              -80.2914273,
              43.3330492
            ],
            [
              -80.2914142,
              43.333045
            ],
            [
              -80.2914094,
              43.3330351
            ],
            [
              -80.2914131,
              43.3330247
            ],
            [
              -80.2914237,
              43.3330163
            ],
            [
              -80.2914379,
              43.3330102
            ],
            [
              -80.29145,
              43.3330121
            ],
            [
              -80.2914605,
              43.333019
            ],
            [
              -80.2914621,
              43.333029
            ],
            [
              -80.2914584,
              43.3330416
            ],
            [
              -80.2914505,
              43.3330466
            ],
            [
              -80.2914405,
              43.3330504
            ],
            [
              -80.2914273,
              43.3330492
            ]
          ]
        ]
      }
    },
    {
      "type": "Feature",
      "properties": {
        "@id": "way/895749068",
        "golf": "bunker",
        "natural": "sand"
      },
      "geometry": {
        "type": "Polygon",
        "coordinates": [
          [
            [
              -80.2913547,
              43.3331861
            ],
            [
              -80.2913515,
              43.3331762
            ],
            [
              -80.291355,
              43.3331662
            ],
            [
              -80.2913644,
              43.3331605
            ],
            [
              -80.2913808,
              43.3331609
            ],
            [
              -80.2913926,
              43.3331664
            ],
            [
              -80.291396,
              43.3331725
            ],
            [
              -80.2913971,
              43.3331798
            ],
            [
              -80.2913937,
              43.3331873
            ],
            [
              -80.2913876,
              43.3331913
            ],
            [
              -80.2913797,
              43.3331955
            ],
            [
              -80.2913715,
              43.3331959
            ],
            [
              -80.2913626,
              43.3331945
            ],
            [
              -80.2913573,
              43.3331909
            ],
            [
              -80.2913547,
              43.3331861
            ]
          ]
        ]
      }
    },
    {
      "type": "Feature",
      "properties": {
        "@id": "way/895749069",
        "golf": "bunker",
        "natural": "sand"
      },
      "geometry": {
        "type": "Polygon",
        "coordinates": [
          [
            [
              -80.2910999,
              43.3331027
            ],
            [
              -80.2910965,
              43.3331067
            ],
            [
              -80.2910955,
              43.3331141
            ],
            [
              -80.2910965,
              43.3331205
            ],
            [
              -80.2911007,
              43.3331293
            ],
            [
              -80.2911042,
              43.3331346
            ],
            [
              -80.2911031,
              43.3331419
            ],
            [
              -80.291097,
              43.3331461
            ],
            [
              -80.291091,
              43.3331486
            ],
            [
              -80.2910823,
              43.3331467
            ],
            [
              -80.2910752,
              43.3331427
            ],
            [
              -80.2910655,
              43.3331406
            ],
            [
              -80.2910555,
              43.3331434
            ],
            [
              -80.2910436,
              43.333149
            ],
            [
              -80.2910363,
              43.3331534
            ],
            [
              -80.2910284,
              43.3331576
            ],
            [
              -80.291017,
              43.3331595
            ],
            [
              -80.2910062,
              43.3331568
            ],
            [
              -80.2909981,
              43.3331513
            ],
            [
              -80.2909934,
              43.333145
            ],
            [
              -80.2909918,
              43.3331383
            ],
            [
              -80.2909952,
              43.3331293
            ],
            [
              -80.2910047,
              43.3331228
            ],
            [
              -80.2910199,
              43.3331201
            ],
            [
              -80.2910391,
              43.3331199
            ],
            [
              -80.2910502,
              43.3331182
            ],
            [
              -80.2910576,
              43.333113
            ],
            [
              -80.291061,
              43.3331082
            ],
            [
              -80.2910589,
              43.3330996
            ],
            [
              -80.291056,
              43.3330923
            ],
            [
              -80.2910544,
              43.3330856
            ],
            [
              -80.2910568,
              43.333077
            ],
            [
              -80.2910628,
              43.3330724
            ],
            [
              -80.2910747,
              43.333069
            ],
            [
              -80.2910965,
              43.3330663
            ],
            [
              -80.2911076,
              43.3330661
            ],
            [
              -80.2911189,
              43.3330718
            ],
            [
              -80.2911228,
              43.3330785
            ],
            [
              -80.2911226,
              43.3330873
            ],
            [
              -80.2911165,
              43.3330939
            ],
            [
              -80.2911068,
              43.3330983
            ],
            [
              -80.2910999,
              43.3331027
            ]
          ]
        ]
      }
    },
    {
      "type": "Feature",
      "properties": {
        "@id": "way/895749070",
        "golf": "water_hazard",
        "natural": "water"
      },
      "geometry": {
        "type": "Polygon",
        "coordinates": [
          [
            [
              -80.2919548,
              43.3331128
            ],
            [
              -80.29195,
              43.333163
            ],
            [
              -80.2919512,
              43.3332114
            ],
            [
              -80.2919282,
              43.3332509
            ],
            [
              -80.2919488,
              43.333287
            ],
            [
              -80.2919778,
              43.3333292
            ],
            [
              -80.2919875,
              43.3333644
            ],
            [
              -80.2919851,
              43.3334321
            ],
            [
              -80.2919887,
              43.3334691
            ],
            [
              -80.2919355,
              43.3335869
            ],
            [
              -80.2918871,
              43.3336089
            ],
            [
              -80.2918545,
              43.3336116
            ],
            [
              -80.2917589,
              43.3335641
            ],
            [
              -80.2917081,
              43.3335306
            ],
            [
              -80.2916876,
              43.3335087
            ],
            [
              -80.2916259,
              43.3334867
            ],
            [
              -80.2915751,
              43.3334726
            ],
            [
              -80.291534,
              43.333455
            ],
            [
              -80.2915231,
              43.3334418
            ],
            [
              -80.2914711,
              43.333411
            ],
            [
              -80.2914941,
              43.3333433
            ],
            [
              -80.2915231,
              43.3332562
            ],
            [
              -80.2915437,
              43.3332017
            ],
            [
              -80.2915836,
              43.3331507
            ],
            [
              -80.2916114,
              43.3331436
            ],
            [
              -80.2916852,
              43.3331683
            ],
            [
              -80.2917335,
              43.3331577
            ],
            [
              -80.2917988,
              43.3331331
            ],
            [
              -80.2918375,
              43.333119
            ],
            [
              -80.2918786,
              43.3330988
            ],
            [
              -80.2919185,
              43.3330996
            ],
            [
              -80.2919548,
              43.3331128
            ]
          ]
        ]
      }
    },
    {
      "type": "Feature",
      "properties": {
        "@id": "way/895749071",
        "golf": "water_hazard",
        "natural": "water"
      },
      "geometry": {
        "type": "Polygon",
        "coordinates": [
          [
            [
              -80.2907542,
              43.3334248
            ],
            [
              -80.2907957,
              43.3334167
            ],
            [
              -80.2908819,
              43.3334167
            ],
            [
              -80.2908595,
              43.3333656
            ],
            [
              -80.2909457,
              43.3333563
            ],
            [
              -80.2910063,
              43.3333796
            ],
            [
              -80.2910845,
              43.3334248
            ],
            [
              -80.291126,
              43.333455
            ],
            [
              -80.2911627,
              43.3335374
            ],
            [
              -80.2911866,
              43.3336163
            ],
            [
              -80.2912138,
              43.3336709
            ],
            [
              -80.2912042,
              43.3337266
            ],
            [
              -80.2911786,
              43.3337649
            ],
            [
              -80.2911802,
              43.3338009
            ],
            [
              -80.2911994,
              43.333845
            ],
            [
              -80.2911675,
              43.3338693
            ],
            [
              -80.291043,
              43.3338705
            ],
            [
              -80.290992,
              43.3338485
            ],
            [
              -80.2908962,
              43.333802
            ],
            [
              -80.2908276,
              43.3337394
            ],
            [
              -80.2907893,
              43.3337092
            ],
            [
              -80.2907207,
              43.333708
            ],
            [
              -80.2906648,
              43.3336778
            ],
            [
              -80.2906361,
              43.3336349
            ],
            [
              -80.2906457,
              43.3335664
            ],
            [
              -80.2906553,
              43.333513
            ],
            [
              -80.2906872,
              43.3334585
            ],
            [
              -80.2907079,
              43.3334318
            ],
            [
              -80.2907542,
              43.3334248
            ]
          ]
        ]
      }
    },
    {
      "type": "Feature",
      "properties": {
        "@id": "way/895749072",
        "golf": "tee",
        "landuse": "grass"
      },
      "geometry": {
        "type": "Polygon",
        "coordinates": [
          [
            [
              -80.2905216,
              43.3333743
            ],
            [
              -80.2905307,
              43.3333915
            ],
            [
              -80.2905397,
              43.3334132
            ],
            [
              -80.2905411,
              43.333435
            ],
            [
              -80.2905307,
              43.3334496
            ],
            [
              -80.2905105,
              43.3334547
            ],
            [
              -80.2904772,
              43.3334486
            ],
            [
              -80.2904515,
              43.3334183
            ],
            [
              -80.2904459,
              43.3333895
            ],
            [
              -80.290448,
              43.3333607
            ],
            [
              -80.290457,
              43.3333476
            ],
            [
              -80.2904806,
              43.3333425
            ],
            [
              -80.2905056,
              43.333345
            ],
            [
              -80.2905188,
              43.3333582
            ],
            [
              -80.2905216,
              43.3333743
            ]
          ]
        ]
      }
    },
    {
      "type": "Feature",
      "properties": {
        "@id": "way/895749073",
        "golf": "tee",
        "landuse": "grass"
      },
      "geometry": {
        "type": "Polygon",
        "coordinates": [
          [
            [
              -80.2905209,
              43.333199
            ],
            [
              -80.2905334,
              43.3332268
            ],
            [
              -80.2905487,
              43.3332475
            ],
            [
              -80.2905675,
              43.3332667
            ],
            [
              -80.2905758,
              43.333291
            ],
            [
              -80.2905619,
              43.3333112
            ],
            [
              -80.2905313,
              43.3333228
            ],
            [
              -80.2904779,
              43.3333218
            ],
            [
              -80.2904397,
              43.3332986
            ],
            [
              -80.2904202,
              43.3332708
            ],
            [
              -80.2904063,
              43.3332445
            ],
            [
              -80.2904098,
              43.3332182
            ],
            [
              -80.2904133,
              43.333192
            ],
            [
              -80.2904049,
              43.3331632
            ],
            [
              -80.2903785,
              43.3331339
            ],
            [
              -80.2903522,
              43.3331066
            ],
            [
              -80.2903487,
              43.3330899
            ],
            [
              -80.2903758,
              43.3330647
            ],
            [
              -80.2904112,
              43.3330566
            ],
            [
              -80.2904487,
              43.3330561
            ],
            [
              -80.2904758,
              43.3330788
            ],
            [
              -80.2904904,
              43.3331076
            ],
            [
              -80.2905008,
              43.3331313
            ],
            [
              -80.2905126,
              43.3331667
            ],
            [
              -80.2905209,
              43.333199
            ]
          ]
        ]
      }
    },
    {
      "type": "Feature",
      "properties": {
        "@id": "way/895749074",
        "golf": "tee",
        "landuse": "grass"
      },
      "geometry": {
        "type": "Polygon",
        "coordinates": [
          [
            [
              -80.2901382,
              43.3327404
            ],
            [
              -80.2901056,
              43.3327045
            ],
            [
              -80.2900709,
              43.3326777
            ],
            [
              -80.2900277,
              43.332647
            ],
            [
              -80.290014,
              43.3326256
            ],
            [
              -80.2900193,
              43.3326026
            ],
            [
              -80.2900414,
              43.3325835
            ],
            [
              -80.290074,
              43.3325819
            ],
            [
              -80.2901056,
              43.3325927
            ],
            [
              -80.2901351,
              43.3326233
            ],
            [
              -80.2901582,
              43.3326501
            ],
            [
              -80.2901877,
              43.3326715
            ],
            [
              -80.2902109,
              43.3326853
            ],
            [
              -80.2902214,
              43.3327068
            ],
            [
              -80.2902235,
              43.3327274
            ],
            [
              -80.2902056,
              43.332745
            ],
            [
              -80.2901698,
              43.3327535
            ],
            [
              -80.2901382,
              43.3327404
            ]
          ]
        ]
      }
    },
    {
      "type": "Feature",
      "properties": {
        "@id": "way/895749075",
        "golf": "fairway",
        "landuse": "grass"
      },
      "geometry": {
        "type": "Polygon",
        "coordinates": [
          [
            [
              -80.2895791,
              43.3321539
            ],
            [
              -80.2896507,
              43.3321922
            ],
            [
              -80.2897159,
              43.3322274
            ],
            [
              -80.2897433,
              43.332258
            ],
            [
              -80.2897665,
              43.332281
            ],
            [
              -80.2897938,
              43.3323254
            ],
            [
              -80.2898107,
              43.3323576
            ],
            [
              -80.289836,
              43.3323821
            ],
            [
              -80.2898717,
              43.3324066
            ],
            [
              -80.2898766,
              43.332451
            ],
            [
              -80.2898702,
              43.3324801
            ],
            [
              -80.2898513,
              43.3325023
            ],
            [
              -80.2898113,
              43.3325192
            ],
            [
              -80.2897544,
              43.3325268
            ],
            [
              -80.2897123,
              43.3325283
            ],
            [
              -80.2896418,
              43.3325153
            ],
            [
              -80.2896113,
              43.3325031
            ],
            [
              -80.2895797,
              43.3324778
            ],
            [
              -80.2895407,
              43.3324533
            ],
            [
              -80.2895334,
              43.3324219
            ],
            [
              -80.2895323,
              43.3323852
            ],
            [
              -80.2895228,
              43.332353
            ],
            [
              -80.2894902,
              43.3323224
            ],
            [
              -80.2894428,
              43.332304
            ],
            [
              -80.2893933,
              43.3322864
            ],
            [
              -80.2893344,
              43.3322695
            ],
            [
              -80.2892891,
              43.3322611
            ],
            [
              -80.2892491,
              43.3322496
            ],
            [
              -80.2892175,
              43.3322274
            ],
            [
              -80.2891944,
              43.3322021
            ],
            [
              -80.2891702,
              43.3321631
            ],
            [
              -80.2891396,
              43.3321256
            ],
            [
              -80.2891102,
              43.3321034
            ],
            [
              -80.2890438,
              43.3320597
            ],
            [
              -80.2889838,
              43.3320321
            ],
            [
              -80.288928,
              43.3319992
            ],
            [
              -80.2888796,
              43.3319747
            ],
            [
              -80.2888301,
              43.3319326
            ],
            [
              -80.288808,
              43.331892
            ],
            [
              -80.2888028,
              43.3318553
            ],
            [
              -80.2888038,
              43.3318315
            ],
            [
              -80.2887912,
              43.331807
            ],
            [
              -80.2887617,
              43.3317925
            ],
            [
              -80.2887438,
              43.331768
            ],
            [
              -80.2887385,
              43.3317381
            ],
            [
              -80.2887207,
              43.3317128
            ],
            [
              -80.2886933,
              43.3316868
            ],
            [
              -80.2886606,
              43.3316592
            ],
            [
              -80.2886312,
              43.3316301
            ],
            [
              -80.2886091,
              43.3315911
            ],
            [
              -80.2885975,
              43.3315658
            ],
            [
              -80.288568,
              43.3315283
            ],
            [
              -80.2885238,
              43.3314915
            ],
            [
              -80.2884848,
              43.3314617
            ],
            [
              -80.2884522,
              43.3314364
            ],
            [
              -80.2884343,
              43.3314081
            ],
            [
              -80.2884259,
              43.3313813
            ],
            [
              -80.2884238,
              43.3313445
            ],
            [
              -80.2884311,
              43.3313123
            ],
            [
              -80.2884438,
              43.3312871
            ],
            [
              -80.2884775,
              43.331271
            ],
            [
              -80.2885206,
              43.3312702
            ],
            [
              -80.2885785,
              43.3312809
            ],
            [
              -80.2886112,
              43.331297
            ],
            [
              -80.2886375,
              43.3313292
            ],
            [
              -80.2886691,
              43.3313636
            ],
            [
              -80.2886838,
              43.3314019
            ],
            [
              -80.2887038,
              43.331441
            ],
            [
              -80.2887501,
              43.3314816
            ],
            [
              -80.2887986,
              43.3315206
            ],
            [
              -80.2888691,
              43.3315689
            ],
            [
              -80.2889354,
              43.331614
            ],
            [
              -80.2889817,
              43.3316462
            ],
            [
              -80.2890259,
              43.3316654
            ],
            [
              -80.2890775,
              43.3316922
            ],
            [
              -80.2891291,
              43.3317197
            ],
            [
              -80.2891775,
              43.3317649
            ],
            [
              -80.2892249,
              43.3318154
            ],
            [
              -80.2892691,
              43.3318644
            ],
            [
              -80.2893039,
              43.3319004
            ],
            [
              -80.2893481,
              43.3319249
            ],
            [
              -80.2893955,
              43.3319441
            ],
            [
              -80.2894597,
              43.3319985
            ],
            [
              -80.2894891,
              43.3320475
            ],
            [
              -80.2895113,
              43.3320857
            ],
            [
              -80.2895407,
              43.332121
            ],
            [
              -80.2895791,
              43.3321539
            ]
          ]
        ]
      }
    },
    {
      "type": "Feature",
      "properties": {
        "@id": "way/895749076",
        "golf": "green",
        "landuse": "grass"
      },
      "geometry": {
        "type": "Polygon",
        "coordinates": [
          [
            [
              -80.2880353,
              43.3307915
            ],
            [
              -80.2880658,
              43.3307986
            ],
            [
              -80.2880832,
              43.3308072
            ],
            [
              -80.2880922,
              43.3308173
            ],
            [
              -80.2880971,
              43.3308233
            ],
            [
              -80.2880985,
              43.330838
            ],
            [
              -80.2880992,
              43.3308521
            ],
            [
              -80.2880999,
              43.3308622
            ],
            [
              -80.288111,
              43.3308779
            ],
            [
              -80.2881221,
              43.33089
            ],
            [
              -80.2881346,
              43.3309026
            ],
            [
              -80.2881471,
              43.3309213
            ],
            [
              -80.2881532,
              43.3309325
            ],
            [
              -80.2881573,
              43.3309436
            ],
            [
              -80.2881556,
              43.3309567
            ],
            [
              -80.28815,
              43.3309691
            ],
            [
              -80.2881438,
              43.3309779
            ],
            [
              -80.2881327,
              43.3309868
            ],
            [
              -80.2881164,
              43.3309933
            ],
            [
              -80.2881011,
              43.3309951
            ],
            [
              -80.2880882,
              43.3309976
            ],
            [
              -80.2880764,
              43.3309976
            ],
            [
              -80.2880615,
              43.3309954
            ],
            [
              -80.2880493,
              43.3309913
            ],
            [
              -80.2880393,
              43.330988
            ],
            [
              -80.2880229,
              43.3309787
            ],
            [
              -80.2880118,
              43.3309681
            ],
            [
              -80.2880038,
              43.3309585
            ],
            [
              -80.2879972,
              43.3309469
            ],
            [
              -80.287991,
              43.330936
            ],
            [
              -80.2879816,
              43.3309241
            ],
            [
              -80.2879667,
              43.33091
            ],
            [
              -80.2879566,
              43.3308986
            ],
            [
              -80.2879445,
              43.330888
            ],
            [
              -80.2879326,
              43.3308771
            ],
            [
              -80.2879212,
              43.3308643
            ],
            [
              -80.2879028,
              43.3308473
            ],
            [
              -80.2878875,
              43.3308365
            ],
            [
              -80.2878726,
              43.3308236
            ],
            [
              -80.2878549,
              43.3308122
            ],
            [
              -80.2878458,
              43.3307981
            ],
            [
              -80.2878431,
              43.3307852
            ],
            [
              -80.2878465,
              43.330771
            ],
            [
              -80.2878531,
              43.3307599
            ],
            [
              -80.2878646,
              43.3307529
            ],
            [
              -80.2878816,
              43.3307481
            ],
            [
              -80.2879024,
              43.330746
            ],
            [
              -80.2879219,
              43.3307483
            ],
            [
              -80.287942,
              43.3307546
            ],
            [
              -80.2879632,
              43.3307632
            ],
            [
              -80.2879781,
              43.3307693
            ],
            [
              -80.2879955,
              43.3307769
            ],
            [
              -80.2880125,
              43.3307832
            ],
            [
              -80.2880353,
              43.3307915
            ]
          ]
        ]
      }
    },
    {
      "type": "Feature",
      "properties": {
        "@id": "way/895749077",
        "golf": "fairway",
        "landuse": "grass"
      },
      "geometry": {
        "type": "Polygon",
        "coordinates": [
          [
            [
              -80.2881573,
              43.3309436
            ],
            [
              -80.2881789,
              43.3309567
            ],
            [
              -80.2881998,
              43.3309759
            ],
            [
              -80.2882359,
              43.3310093
            ],
            [
              -80.2882532,
              43.3310209
            ],
            [
              -80.2882633,
              43.3310285
            ],
            [
              -80.2882723,
              43.3310418
            ],
            [
              -80.2882744,
              43.3310522
            ],
            [
              -80.2882751,
              43.3310603
            ],
            [
              -80.288273,
              43.3310694
            ],
            [
              -80.2882723,
              43.3310807
            ],
            [
              -80.2882782,
              43.3310939
            ],
            [
              -80.2882883,
              43.331103
            ],
            [
              -80.2882998,
              43.3311161
            ],
            [
              -80.2883085,
              43.3311275
            ],
            [
              -80.2883168,
              43.331134
            ],
            [
              -80.2883289,
              43.3311434
            ],
            [
              -80.2883425,
              43.3311558
            ],
            [
              -80.2883494,
              43.3311654
            ],
            [
              -80.2883522,
              43.3311747
            ],
            [
              -80.2883546,
              43.3311833
            ],
            [
              -80.2883519,
              43.3311957
            ],
            [
              -80.2883439,
              43.3312038
            ],
            [
              -80.2883314,
              43.3312083
            ],
            [
              -80.2883178,
              43.3312088
            ],
            [
              -80.2883071,
              43.3312065
            ],
            [
              -80.2882904,
              43.3311985
            ],
            [
              -80.2882775,
              43.3311861
            ],
            [
              -80.2882661,
              43.3311729
            ],
            [
              -80.2882491,
              43.3311553
            ],
            [
              -80.2882348,
              43.3311452
            ],
            [
              -80.2882202,
              43.3311371
            ],
            [
              -80.2882015,
              43.3311267
            ],
            [
              -80.2881876,
              43.3311133
            ],
            [
              -80.2881845,
              43.3311073
            ],
            [
              -80.2881807,
              43.3310969
            ],
            [
              -80.2881789,
              43.3310893
            ],
            [
              -80.2881727,
              43.3310795
            ],
            [
              -80.2881671,
              43.3310729
            ],
            [
              -80.2881543,
              43.3310595
            ],
            [
              -80.2881404,
              43.3310509
            ],
            [
              -80.288123,
              43.3310376
            ],
            [
              -80.2881102,
              43.3310328
            ],
            [
              -80.2880845,
              43.3310201
            ],
            [
              -80.2880709,
              43.3310153
            ],
            [
              -80.2880501,
              43.3310093
            ],
            [
              -80.2880275,
              43.3310019
            ],
            [
              -80.2880133,
              43.3309954
            ],
            [
              -80.2880038,
              43.3309585
            ],
            [
              -80.2880118,
              43.3309681
            ],
            [
              -80.2880229,
              43.3309787
            ],
            [
              -80.2880393,
              43.330988
            ],
            [
              -80.2880493,
              43.3309913
            ],
            [
              -80.2880615,
              43.3309954
            ],
            [
              -80.2880764,
              43.3309976
            ],
            [
              -80.2880882,
              43.3309976
            ],
            [
              -80.2881011,
              43.3309951
            ],
            [
              -80.2881164,
              43.3309933
            ],
            [
              -80.2881327,
              43.3309868
            ],
            [
              -80.2881438,
              43.3309779
            ],
            [
              -80.28815,
              43.3309691
            ],
            [
              -80.2881556,
              43.3309567
            ],
            [
              -80.2881573,
              43.3309436
            ]
          ]
        ]
      }
    },
    {
      "type": "Feature",
      "properties": {
        "@id": "way/895749078",
        "golf": "bunker",
        "natural": "sand"
      },
      "geometry": {
        "type": "Polygon",
        "coordinates": [
          [
            [
              -80.2882178,
              43.3308729
            ],
            [
              -80.2882278,
              43.3308812
            ],
            [
              -80.2882383,
              43.3308919
            ],
            [
              -80.2882438,
              43.3309022
            ],
            [
              -80.2882476,
              43.330909
            ],
            [
              -80.2882452,
              43.3309242
            ],
            [
              -80.2882462,
              43.3309343
            ],
            [
              -80.2882511,
              43.3309409
            ],
            [
              -80.2882633,
              43.3309469
            ],
            [
              -80.2882754,
              43.330951
            ],
            [
              -80.288282,
              43.3309565
            ],
            [
              -80.2882792,
              43.3309638
            ],
            [
              -80.2882723,
              43.3309686
            ],
            [
              -80.288264,
              43.3309742
            ],
            [
              -80.2882459,
              43.3309729
            ],
            [
              -80.2882261,
              43.3309689
            ],
            [
              -80.2882126,
              43.3309606
            ],
            [
              -80.2882094,
              43.3309462
            ],
            [
              -80.2882094,
              43.3309368
            ],
            [
              -80.2882042,
              43.3309272
            ],
            [
              -80.2881969,
              43.3309166
            ],
            [
              -80.2881893,
              43.3309095
            ],
            [
              -80.288181,
              43.3309032
            ],
            [
              -80.2881789,
              43.3308987
            ],
            [
              -80.288181,
              43.3308883
            ],
            [
              -80.2881827,
              43.3308777
            ],
            [
              -80.2881778,
              43.3308679
            ],
            [
              -80.2881685,
              43.3308578
            ],
            [
              -80.2881584,
              43.3308519
            ],
            [
              -80.2881476,
              43.3308434
            ],
            [
              -80.288148,
              43.3308353
            ],
            [
              -80.2881514,
              43.3308287
            ],
            [
              -80.2881608,
              43.3308272
            ],
            [
              -80.2881758,
              43.3308282
            ],
            [
              -80.2881903,
              43.3308333
            ],
            [
              -80.2882014,
              43.3308428
            ],
            [
              -80.288207,
              43.3308494
            ],
            [
              -80.2882098,
              43.3308585
            ],
            [
              -80.2882101,
              43.3308674
            ],
            [
              -80.2882178,
              43.3308729
            ]
          ]
        ]
      }
    },
    {
      "type": "Feature",
      "properties": {
        "@id": "way/895749079",
        "golf": "bunker",
        "natural": "sand"
      },
      "geometry": {
        "type": "Polygon",
        "coordinates": [
          [
            [
              -80.2883858,
              43.33108
            ],
            [
              -80.2883982,
              43.3310833
            ],
            [
              -80.2884032,
              43.3310881
            ],
            [
              -80.2884048,
              43.3310921
            ],
            [
              -80.2884058,
              43.3310976
            ],
            [
              -80.2884064,
              43.3311018
            ],
            [
              -80.2884078,
              43.3311088
            ],
            [
              -80.2884124,
              43.3311141
            ],
            [
              -80.2884174,
              43.3311166
            ],
            [
              -80.2884241,
              43.3311196
            ],
            [
              -80.288433,
              43.3311235
            ],
            [
              -80.2884394,
              43.331124
            ],
            [
              -80.288453,
              43.3311246
            ],
            [
              -80.2884626,
              43.331125
            ],
            [
              -80.2884717,
              43.3311278
            ],
            [
              -80.2884791,
              43.3311331
            ],
            [
              -80.2884827,
              43.3311415
            ],
            [
              -80.2884837,
              43.3311468
            ],
            [
              -80.288482,
              43.3311526
            ],
            [
              -80.2884779,
              43.331158
            ],
            [
              -80.2884708,
              43.3311598
            ],
            [
              -80.288463,
              43.3311606
            ],
            [
              -80.2884527,
              43.3311583
            ],
            [
              -80.2884403,
              43.331153
            ],
            [
              -80.2884298,
              43.3311473
            ],
            [
              -80.2884204,
              43.3311433
            ],
            [
              -80.2884124,
              43.3311411
            ],
            [
              -80.2883998,
              43.3311395
            ],
            [
              -80.2883922,
              43.3311396
            ],
            [
              -80.2883815,
              43.3311381
            ],
            [
              -80.2883744,
              43.3311305
            ],
            [
              -80.2883714,
              43.3311238
            ],
            [
              -80.2883682,
              43.3311188
            ],
            [
              -80.2883643,
              43.331114
            ],
            [
              -80.2883604,
              43.3311096
            ],
            [
              -80.2883505,
              43.3311068
            ],
            [
              -80.2883414,
              43.3311043
            ],
            [
              -80.2883338,
              43.3311011
            ],
            [
              -80.2883315,
              43.3310966
            ],
            [
              -80.2883304,
              43.331093
            ],
            [
              -80.2883315,
              43.3310866
            ],
            [
              -80.288335,
              43.3310818
            ],
            [
              -80.2883366,
              43.3310756
            ],
            [
              -80.2883347,
              43.3310668
            ],
            [
              -80.2883345,
              43.3310628
            ],
            [
              -80.288334,
              43.331056
            ],
            [
              -80.2883395,
              43.3310508
            ],
            [
              -80.2883482,
              43.3310468
            ],
            [
              -80.2883592,
              43.3310451
            ],
            [
              -80.2883686,
              43.3310446
            ],
            [
              -80.2883748,
              43.3310473
            ],
            [
              -80.2883783,
              43.3310513
            ],
            [
              -80.2883787,
              43.3310566
            ],
            [
              -80.2883776,
              43.3310641
            ],
            [
              -80.2883778,
              43.3310703
            ],
            [
              -80.2883803,
              43.3310765
            ],
            [
              -80.2883858,
              43.33108
            ]
          ]
        ]
      }
    },
    {
      "type": "Feature",
      "properties": {
        "@id": "way/895749080",
        "golf": "tee",
        "landuse": "grass"
      },
      "geometry": {
        "type": "Polygon",
        "coordinates": [
          [
            [
              -80.2876751,
              43.3309028
            ],
            [
              -80.2876824,
              43.3309195
            ],
            [
              -80.2876902,
              43.3309385
            ],
            [
              -80.287692,
              43.3309555
            ],
            [
              -80.2876861,
              43.3309708
            ],
            [
              -80.2876751,
              43.3309802
            ],
            [
              -80.2876595,
              43.3309825
            ],
            [
              -80.2876412,
              43.3309848
            ],
            [
              -80.2876173,
              43.3309782
            ],
            [
              -80.2876031,
              43.3309665
            ],
            [
              -80.2875981,
              43.3309505
            ],
            [
              -80.2875972,
              43.3309325
            ],
            [
              -80.2876008,
              43.3309155
            ],
            [
              -80.2876073,
              43.3309025
            ],
            [
              -80.2876155,
              43.3308962
            ],
            [
              -80.2876247,
              43.3308912
            ],
            [
              -80.287643,
              43.3308872
            ],
            [
              -80.287659,
              43.3308895
            ],
            [
              -80.2876714,
              43.3308945
            ],
            [
              -80.2876751,
              43.3309028
            ]
          ]
        ]
      }
    },
    {
      "type": "Feature",
      "properties": {
        "@id": "way/895749081",
        "golf": "fairway",
        "landuse": "grass"
      },
      "geometry": {
        "type": "Polygon",
        "coordinates": [
          [
            [
              -80.2877271,
              43.331035
            ],
            [
              -80.287741,
              43.3310601
            ],
            [
              -80.2877525,
              43.3310825
            ],
            [
              -80.2877742,
              43.331108
            ],
            [
              -80.2877911,
              43.3311203
            ],
            [
              -80.2878129,
              43.33113
            ],
            [
              -80.2878274,
              43.3311432
            ],
            [
              -80.287848,
              43.3311599
            ],
            [
              -80.2878564,
              43.3311784
            ],
            [
              -80.2878758,
              43.3311995
            ],
            [
              -80.2878915,
              43.3312162
            ],
            [
              -80.2879072,
              43.3312355
            ],
            [
              -80.2879163,
              43.3312461
            ],
            [
              -80.2879175,
              43.3312659
            ],
            [
              -80.2879084,
              43.3312795
            ],
            [
              -80.2878933,
              43.3312901
            ],
            [
              -80.2878649,
              43.3312914
            ],
            [
              -80.2878359,
              43.3312817
            ],
            [
              -80.2878214,
              43.3312615
            ],
            [
              -80.2878105,
              43.3312439
            ],
            [
              -80.2877893,
              43.3312272
            ],
            [
              -80.2877664,
              43.3312158
            ],
            [
              -80.2877398,
              43.3312017
            ],
            [
              -80.287715,
              43.3311815
            ],
            [
              -80.287698,
              43.3311581
            ],
            [
              -80.2876865,
              43.3311449
            ],
            [
              -80.2876648,
              43.33113
            ],
            [
              -80.2876466,
              43.3311186
            ],
            [
              -80.2876164,
              43.3310948
            ],
            [
              -80.2876007,
              43.3310675
            ],
            [
              -80.2876025,
              43.3310495
            ],
            [
              -80.2876188,
              43.331035
            ],
            [
              -80.2876388,
              43.3310244
            ],
            [
              -80.2876678,
              43.3310183
            ],
            [
              -80.287695,
              43.3310165
            ],
            [
              -80.287715,
              43.3310209
            ],
            [
              -80.2877271,
              43.331035
            ]
          ]
        ]
      }
    },
    {
      "type": "Feature",
      "properties": {
        "@id": "way/895749082",
        "golf": "tee",
        "landuse": "grass"
      },
      "geometry": {
        "type": "Polygon",
        "coordinates": [
          [
            [
              -80.287895,
              43.3313635
            ],
            [
              -80.2878895,
              43.3313475
            ],
            [
              -80.2878914,
              43.3313262
            ],
            [
              -80.2879106,
              43.3313128
            ],
            [
              -80.2879409,
              43.3313055
            ],
            [
              -80.2879674,
              43.3313148
            ],
            [
              -80.2879931,
              43.3313235
            ],
            [
              -80.2880023,
              43.3313408
            ],
            [
              -80.2879995,
              43.3313581
            ],
            [
              -80.2879894,
              43.3313775
            ],
            [
              -80.2879693,
              43.3313875
            ],
            [
              -80.2879454,
              43.3313921
            ],
            [
              -80.2879234,
              43.3313895
            ],
            [
              -80.2879024,
              43.3313775
            ],
            [
              -80.287895,
              43.3313635
            ]
          ]
        ]
      }
    },
    {
      "type": "Feature",
      "properties": {
        "@id": "way/895749083",
        "golf": "green",
        "landuse": "grass"
      },
      "geometry": {
        "type": "Polygon",
        "coordinates": [
          [
            [
              -80.2880748,
              43.3321001
            ],
            [
              -80.2880629,
              43.3321117
            ],
            [
              -80.2880525,
              43.3321315
            ],
            [
              -80.2880429,
              43.3321669
            ],
            [
              -80.2880293,
              43.3321854
            ],
            [
              -80.288007,
              43.3322029
            ],
            [
              -80.2879871,
              43.3322139
            ],
            [
              -80.2879488,
              43.3322203
            ],
            [
              -80.2879081,
              43.3322145
            ],
            [
              -80.2878706,
              43.3321976
            ],
            [
              -80.2878451,
              43.3321762
            ],
            [
              -80.2878243,
              43.3321425
            ],
            [
              -80.2878291,
              43.3321216
            ],
            [
              -80.2878331,
              43.3321083
            ],
            [
              -80.287849,
              43.3320885
            ],
            [
              -80.2878554,
              43.3320758
            ],
            [
              -80.2878594,
              43.3320624
            ],
            [
              -80.287865,
              43.3320456
            ],
            [
              -80.2878754,
              43.3320346
            ],
            [
              -80.2878889,
              43.332023
            ],
            [
              -80.2879081,
              43.3320142
            ],
            [
              -80.2879264,
              43.3319939
            ],
            [
              -80.2879424,
              43.3319771
            ],
            [
              -80.2879528,
              43.3319568
            ],
            [
              -80.2879655,
              43.3319388
            ],
            [
              -80.2879783,
              43.3319307
            ],
            [
              -80.2879966,
              43.3319266
            ],
            [
              -80.2880238,
              43.3319249
            ],
            [
              -80.2880557,
              43.3319394
            ],
            [
              -80.2880748,
              43.3319591
            ],
            [
              -80.2880892,
              43.3319748
            ],
            [
              -80.2881051,
              43.3319922
            ],
            [
              -80.2881195,
              43.3320108
            ],
            [
              -80.2881267,
              43.3320305
            ],
            [
              -80.2881227,
              43.3320491
            ],
            [
              -80.2881147,
              43.3320688
            ],
            [
              -80.2880972,
              43.3320839
            ],
            [
              -80.2880748,
              43.3321001
            ]
          ]
        ]
      }
    },
    {
      "type": "Feature",
      "properties": {
        "@id": "way/895749084",
        "golf": "bunker",
        "natural": "sand"
      },
      "geometry": {
        "type": "Polygon",
        "coordinates": [
          [
            [
              -80.287862,
              43.3319926
            ],
            [
              -80.2878522,
              43.3320007
            ],
            [
              -80.287846,
              43.3320077
            ],
            [
              -80.2878418,
              43.3320161
            ],
            [
              -80.2878387,
              43.3320292
            ],
            [
              -80.2878331,
              43.3320396
            ],
            [
              -80.2878227,
              43.3320451
            ],
            [
              -80.2878133,
              43.3320464
            ],
            [
              -80.2877998,
              43.3320429
            ],
            [
              -80.2877932,
              43.3320338
            ],
            [
              -80.2877939,
              43.3320262
            ],
            [
              -80.2878015,
              43.332009
            ],
            [
              -80.2878133,
              43.3319911
            ],
            [
              -80.2878297,
              43.3319744
            ],
            [
              -80.2878401,
              43.3319653
            ],
            [
              -80.2878522,
              43.331958
            ],
            [
              -80.2878647,
              43.3319443
            ],
            [
              -80.2878783,
              43.3319368
            ],
            [
              -80.287887,
              43.3319327
            ],
            [
              -80.2879005,
              43.3319322
            ],
            [
              -80.2879102,
              43.3319373
            ],
            [
              -80.2879137,
              43.3319441
            ],
            [
              -80.2879144,
              43.3319524
            ],
            [
              -80.2879099,
              43.3319605
            ],
            [
              -80.2879005,
              43.3319704
            ],
            [
              -80.2878943,
              43.3319744
            ],
            [
              -80.2878863,
              43.3319779
            ],
            [
              -80.2878741,
              43.3319832
            ],
            [
              -80.287862,
              43.3319926
            ]
          ]
        ]
      }
    },
    {
      "type": "Feature",
      "properties": {
        "@id": "way/895749085",
        "golf": "bunker",
        "natural": "sand"
      },
      "geometry": {
        "type": "Polygon",
        "coordinates": [
          [
            [
              -80.288143,
              43.3321258
            ],
            [
              -80.2881327,
              43.332123
            ],
            [
              -80.2881273,
              43.332121
            ],
            [
              -80.2881164,
              43.3321221
            ],
            [
              -80.2881086,
              43.3321267
            ],
            [
              -80.2881031,
              43.3321338
            ],
            [
              -80.2881064,
              43.332143
            ],
            [
              -80.2881125,
              43.3321507
            ],
            [
              -80.2881207,
              43.3321588
            ],
            [
              -80.2881255,
              43.3321643
            ],
            [
              -80.2881276,
              43.3321727
            ],
            [
              -80.2881185,
              43.3321817
            ],
            [
              -80.2881119,
              43.3321859
            ],
            [
              -80.2881004,
              43.3321863
            ],
            [
              -80.2880877,
              43.3321828
            ],
            [
              -80.288078,
              43.3321784
            ],
            [
              -80.2880699,
              43.332172
            ],
            [
              -80.2880687,
              43.3321632
            ],
            [
              -80.2880708,
              43.3321531
            ],
            [
              -80.2880753,
              43.3321408
            ],
            [
              -80.2880817,
              43.3321289
            ],
            [
              -80.2880865,
              43.3321223
            ],
            [
              -80.2880931,
              43.3321151
            ],
            [
              -80.2881025,
              43.3321102
            ],
            [
              -80.2881161,
              43.3321043
            ],
            [
              -80.2881306,
              43.332101
            ],
            [
              -80.288143,
              43.3321038
            ],
            [
              -80.288156,
              43.3321085
            ],
            [
              -80.2881578,
              43.3321151
            ],
            [
              -80.2881587,
              43.3321212
            ],
            [
              -80.288153,
              43.3321245
            ],
            [
              -80.288143,
              43.3321258
            ]
          ]
        ]
      }
    },
    {
      "type": "Feature",
      "properties": {
        "@id": "way/895749086",
        "golf": "tee",
        "landuse": "grass"
      },
      "geometry": {
        "type": "Polygon",
        "coordinates": [
          [
            [
              -80.2885649,
              43.3321128
            ],
            [
              -80.2885994,
              43.332126
            ],
            [
              -80.2886314,
              43.3321436
            ],
            [
              -80.2886604,
              43.3321572
            ],
            [
              -80.2886882,
              43.3321761
            ],
            [
              -80.288713,
              43.3321946
            ],
            [
              -80.2887221,
              43.3322126
            ],
            [
              -80.2887245,
              43.3322324
            ],
            [
              -80.2887203,
              43.3322478
            ],
            [
              -80.2887118,
              43.3322619
            ],
            [
              -80.2887021,
              43.3322702
            ],
            [
              -80.2886882,
              43.3322764
            ],
            [
              -80.2886665,
              43.3322782
            ],
            [
              -80.2886453,
              43.3322764
            ],
            [
              -80.288626,
              43.3322654
            ],
            [
              -80.2886096,
              43.3322553
            ],
            [
              -80.2885933,
              43.3322417
            ],
            [
              -80.2885764,
              43.3322254
            ],
            [
              -80.2885625,
              43.33221
            ],
            [
              -80.2885504,
              43.3321968
            ],
            [
              -80.2885365,
              43.3321884
            ],
            [
              -80.2885201,
              43.3321766
            ],
            [
              -80.2885026,
              43.3321664
            ],
            [
              -80.2884821,
              43.3321515
            ],
            [
              -80.2884645,
              43.3321383
            ],
            [
              -80.2884573,
              43.3321255
            ],
            [
              -80.2884573,
              43.3321093
            ],
            [
              -80.2884645,
              43.3320961
            ],
            [
              -80.2884857,
              43.3320908
            ],
            [
              -80.2885068,
              43.3320899
            ],
            [
              -80.2885431,
              43.3321
            ],
            [
              -80.2885649,
              43.3321128
            ]
          ]
        ]
      }
    },
    {
      "type": "Feature",
      "properties": {
        "@id": "way/895749087",
        "golf": "tee",
        "landuse": "grass"
      },
      "geometry": {
        "type": "Polygon",
        "coordinates": [
          [
            [
              -80.2888116,
              43.3323164
            ],
            [
              -80.2888473,
              43.3323309
            ],
            [
              -80.2888799,
              43.3323406
            ],
            [
              -80.2889107,
              43.3323503
            ],
            [
              -80.2889319,
              43.3323661
            ],
            [
              -80.2889416,
              43.3323868
            ],
            [
              -80.2889343,
              43.3324075
            ],
            [
              -80.2889222,
              43.3324163
            ],
            [
              -80.288898,
              43.3324211
            ],
            [
              -80.2888726,
              43.3324193
            ],
            [
              -80.2888346,
              43.3324044
            ],
            [
              -80.288794,
              43.3323872
            ],
            [
              -80.2887632,
              43.3323714
            ],
            [
              -80.2887445,
              43.3323622
            ],
            [
              -80.2887306,
              43.3323454
            ],
            [
              -80.2887336,
              43.3323296
            ],
            [
              -80.2887517,
              43.3323151
            ],
            [
              -80.288782,
              43.3323098
            ],
            [
              -80.2888116,
              43.3323164
            ]
          ]
        ]
      }
    },
    {
      "type": "Feature",
      "properties": {
        "@id": "way/895749088",
        "golf": "fairway",
        "landuse": "grass"
      },
      "geometry": {
        "type": "Polygon",
        "coordinates": [
          [
            [
              -80.2899748,
              43.3331146
            ],
            [
              -80.2899107,
              43.3330573
            ],
            [
              -80.2898153,
              43.3330039
            ],
            [
              -80.2897787,
              43.3329586
            ],
            [
              -80.2897365,
              43.3328973
            ],
            [
              -80.2896687,
              43.3328613
            ],
            [
              -80.2895936,
              43.332852
            ],
            [
              -80.2895147,
              43.332864
            ],
            [
              -80.2894909,
              43.3329026
            ],
            [
              -80.2895019,
              43.33296
            ],
            [
              -80.2895111,
              43.3330279
            ],
            [
              -80.2895477,
              43.3330946
            ],
            [
              -80.2896082,
              43.3331359
            ],
            [
              -80.2896724,
              43.3331719
            ],
            [
              -80.2897145,
              43.3332119
            ],
            [
              -80.2897494,
              43.3332679
            ],
            [
              -80.2897714,
              43.3333053
            ],
            [
              -80.2898025,
              43.3333186
            ],
            [
              -80.28983,
              43.3333479
            ],
            [
              -80.2898465,
              43.3333773
            ],
            [
              -80.2898447,
              43.3333986
            ],
            [
              -80.2898355,
              43.3334319
            ],
            [
              -80.2898318,
              43.3334692
            ],
            [
              -80.2898245,
              43.3335132
            ],
            [
              -80.289841,
              43.3335706
            ],
            [
              -80.2898923,
              43.3336052
            ],
            [
              -80.2899473,
              43.3336319
            ],
            [
              -80.2899913,
              43.3336626
            ],
            [
              -80.2900246,
              43.3336879
            ],
            [
              -80.2900794,
              43.3337431
            ],
            [
              -80.2900994,
              43.3337683
            ],
            [
              -80.2901331,
              43.3337829
            ],
            [
              -80.2901805,
              43.3337928
            ],
            [
              -80.2902205,
              43.333786
            ],
            [
              -80.2902584,
              43.3337645
            ],
            [
              -80.2902636,
              43.3337339
            ],
            [
              -80.2902594,
              43.3336987
            ],
            [
              -80.2902384,
              43.3336742
            ],
            [
              -80.2902141,
              43.3336474
            ],
            [
              -80.290172,
              43.3336068
            ],
            [
              -80.290152,
              43.3335846
            ],
            [
              -80.2901373,
              43.3335447
            ],
            [
              -80.2901447,
              43.3335164
            ],
            [
              -80.2901541,
              43.3334735
            ],
            [
              -80.290171,
              43.3334268
            ],
            [
              -80.2901783,
              43.3333962
            ],
            [
              -80.2901783,
              43.3333778
            ],
            [
              -80.2901699,
              43.3333663
            ],
            [
              -80.2901131,
              43.333315
            ],
            [
              -80.2900899,
              43.3332936
            ],
            [
              -80.2900562,
              43.3332431
            ],
            [
              -80.2900362,
              43.3332239
            ],
            [
              -80.2900173,
              43.3331979
            ],
            [
              -80.289991,
              43.3331611
            ],
            [
              -80.2899748,
              43.3331146
            ]
          ]
        ]
      }
    },
    {
      "type": "Feature",
      "properties": {
        "@id": "way/895749089",
        "golf": "green",
        "landuse": "grass"
      },
      "geometry": {
        "type": "Polygon",
        "coordinates": [
          [
            [
              -80.2906231,
              43.3343014
            ],
            [
              -80.2905989,
              43.3342957
            ],
            [
              -80.2905699,
              43.3342913
            ],
            [
              -80.2905445,
              43.3342895
            ],
            [
              -80.2905209,
              43.3342948
            ],
            [
              -80.2904889,
              43.3342979
            ],
            [
              -80.2904623,
              43.3342975
            ],
            [
              -80.2904321,
              43.3342887
            ],
            [
              -80.2904097,
              43.3342755
            ],
            [
              -80.2903873,
              43.3342548
            ],
            [
              -80.2903782,
              43.3342337
            ],
            [
              -80.2903746,
              43.3342113
            ],
            [
              -80.2903843,
              43.3341897
            ],
            [
              -80.2903976,
              43.3341686
            ],
            [
              -80.290426,
              43.3341563
            ],
            [
              -80.2904544,
              43.3341497
            ],
            [
              -80.2904835,
              43.3341497
            ],
            [
              -80.2904949,
              43.3341528
            ],
            [
              -80.2905167,
              43.3341567
            ],
            [
              -80.2905324,
              43.3341594
            ],
            [
              -80.2905488,
              43.334166
            ],
            [
              -80.2905621,
              43.3341704
            ],
            [
              -80.2905741,
              43.33418
            ],
            [
              -80.2905887,
              43.3341915
            ],
            [
              -80.2905989,
              43.3341937
            ],
            [
              -80.2906201,
              43.3341998
            ],
            [
              -80.2906346,
              43.3342025
            ],
            [
              -80.2906679,
              43.3342139
            ],
            [
              -80.2906775,
              43.3342209
            ],
            [
              -80.2906896,
              43.3342372
            ],
            [
              -80.2906969,
              43.3342544
            ],
            [
              -80.2906914,
              43.3342706
            ],
            [
              -80.2906812,
              43.3342851
            ],
            [
              -80.2906709,
              43.3342917
            ],
            [
              -80.2906528,
              43.3342997
            ],
            [
              -80.2906231,
              43.3343014
            ]
          ]
        ]
      }
    },
    {
      "type": "Feature",
      "properties": {
        "@id": "way/895749090",
        "golf": "fairway",
        "landuse": "grass"
      },
      "geometry": {
        "type": "Polygon",
        "coordinates": [
          [
            [
              -80.2905741,
              43.33418
            ],
            [
              -80.2905699,
              43.3341659
            ],
            [
              -80.2905497,
              43.3341502
            ],
            [
              -80.2905261,
              43.3341421
            ],
            [
              -80.2904858,
              43.334123
            ],
            [
              -80.2904511,
              43.3341108
            ],
            [
              -80.2904205,
              43.3340901
            ],
            [
              -80.2903948,
              43.3340684
            ],
            [
              -80.2903698,
              43.3340452
            ],
            [
              -80.2903608,
              43.3340189
            ],
            [
              -80.2903601,
              43.3339992
            ],
            [
              -80.2903629,
              43.33398
            ],
            [
              -80.2903775,
              43.3339689
            ],
            [
              -80.2903969,
              43.3339588
            ],
            [
              -80.2904233,
              43.3339461
            ],
            [
              -80.2904323,
              43.333934
            ],
            [
              -80.2904344,
              43.3339173
            ],
            [
              -80.2904233,
              43.3339062
            ],
            [
              -80.2903969,
              43.3338946
            ],
            [
              -80.2903622,
              43.3338961
            ],
            [
              -80.2903282,
              43.3339027
            ],
            [
              -80.2903025,
              43.3339138
            ],
            [
              -80.2902879,
              43.3339285
            ],
            [
              -80.2902788,
              43.3339628
            ],
            [
              -80.2902886,
              43.3339956
            ],
            [
              -80.2903011,
              43.3340285
            ],
            [
              -80.2903129,
              43.3340522
            ],
            [
              -80.2903282,
              43.3340856
            ],
            [
              -80.2903295,
              43.3341012
            ],
            [
              -80.2903295,
              43.3341235
            ],
            [
              -80.2903323,
              43.3341381
            ],
            [
              -80.2903434,
              43.3341538
            ],
            [
              -80.2903566,
              43.3341644
            ],
            [
              -80.2903643,
              43.3341795
            ],
            [
              -80.2903684,
              43.3341947
            ],
            [
              -80.2903746,
              43.3342113
            ],
            [
              -80.2903843,
              43.3341897
            ],
            [
              -80.2903976,
              43.3341686
            ],
            [
              -80.290426,
              43.3341563
            ],
            [
              -80.2904544,
              43.3341497
            ],
            [
              -80.2904835,
              43.3341497
            ],
            [
              -80.2904949,
              43.3341528
            ],
            [
              -80.2905167,
              43.3341567
            ],
            [
              -80.2905324,
              43.3341594
            ],
            [
              -80.2905488,
              43.334166
            ],
            [
              -80.2905621,
              43.3341704
            ],
            [
              -80.2905741,
              43.33418
            ]
          ]
        ]
      }
    },
    {
      "type": "Feature",
      "properties": {
        "@id": "way/895749091",
        "golf": "bunker",
        "natural": "sand"
      },
      "geometry": {
        "type": "Polygon",
        "coordinates": [
          [
            [
              -80.2904518,
              43.3340088
            ],
            [
              -80.2904546,
              43.3340174
            ],
            [
              -80.2904622,
              43.3340237
            ],
            [
              -80.290474,
              43.3340239
            ],
            [
              -80.2904813,
              43.3340166
            ],
            [
              -80.2904924,
              43.3340133
            ],
            [
              -80.2905042,
              43.3340133
            ],
            [
              -80.290515,
              43.3340169
            ],
            [
              -80.2905219,
              43.3340275
            ],
            [
              -80.290523,
              43.3340356
            ],
            [
              -80.2905167,
              43.3340436
            ],
            [
              -80.2905046,
              43.3340452
            ],
            [
              -80.290491,
              43.3340474
            ],
            [
              -80.2904841,
              43.3340535
            ],
            [
              -80.2904716,
              43.3340631
            ],
            [
              -80.2904591,
              43.3340661
            ],
            [
              -80.2904434,
              43.3340643
            ],
            [
              -80.2904299,
              43.3340616
            ],
            [
              -80.2904237,
              43.334056
            ],
            [
              -80.2904271,
              43.3340472
            ],
            [
              -80.2904302,
              43.3340401
            ],
            [
              -80.2904275,
              43.3340333
            ],
            [
              -80.2904164,
              43.334027
            ],
            [
              -80.290407,
              43.3340209
            ],
            [
              -80.2904046,
              43.3340128
            ],
            [
              -80.290407,
              43.3340032
            ],
            [
              -80.2904129,
              43.3339936
            ],
            [
              -80.2904247,
              43.3339868
            ],
            [
              -80.2904337,
              43.3339858
            ],
            [
              -80.2904431,
              43.3339886
            ],
            [
              -80.2904476,
              43.3339951
            ],
            [
              -80.2904511,
              43.3340027
            ],
            [
              -80.2904518,
              43.3340088
            ]
          ]
        ]
      }
    },
    {
      "type": "Feature",
      "properties": {
        "@id": "way/895751722",
        "golf": "bunker",
        "natural": "sand"
      },
      "geometry": {
        "type": "Polygon",
        "coordinates": [
          [
            [
              -80.2905638,
              43.3343628
            ],
            [
              -80.2905557,
              43.3343615
            ],
            [
              -80.2905454,
              43.3343581
            ],
            [
              -80.2905404,
              43.3343548
            ],
            [
              -80.2905346,
              43.3343546
            ],
            [
              -80.2905258,
              43.3343562
            ],
            [
              -80.2905202,
              43.3343609
            ],
            [
              -80.2905126,
              43.3343635
            ],
            [
              -80.2905063,
              43.3343638
            ],
            [
              -80.2904961,
              43.33436
            ],
            [
              -80.290489,
              43.3343554
            ],
            [
              -80.2904872,
              43.3343477
            ],
            [
              -80.2904912,
              43.334341
            ],
            [
              -80.2905032,
              43.3343336
            ],
            [
              -80.2905176,
              43.3343284
            ],
            [
              -80.2905327,
              43.334326
            ],
            [
              -80.2905553,
              43.334329
            ],
            [
              -80.2905659,
              43.3343319
            ],
            [
              -80.2905749,
              43.3343374
            ],
            [
              -80.2905789,
              43.3343427
            ],
            [
              -80.2905814,
              43.3343496
            ],
            [
              -80.2905793,
              43.3343553
            ],
            [
              -80.290576,
              43.33436
            ],
            [
              -80.2905699,
              43.334362
            ],
            [
              -80.2905638,
              43.3343628
            ]
          ]
        ]
      }
    },
    {
      "type": "Feature",
      "properties": {
        "@id": "way/895751723",
        "golf": "tee",
        "landuse": "grass"
      },
      "geometry": {
        "type": "Polygon",
        "coordinates": [
          [
            [
              -80.2903739,
              43.3350757
            ],
            [
              -80.2903799,
              43.335096
            ],
            [
              -80.2903855,
              43.3351131
            ],
            [
              -80.2903847,
              43.3351329
            ],
            [
              -80.2903831,
              43.3351442
            ],
            [
              -80.2903827,
              43.3351598
            ],
            [
              -80.2903787,
              43.3351703
            ],
            [
              -80.2903747,
              43.335179
            ],
            [
              -80.2903635,
              43.335183
            ],
            [
              -80.2903468,
              43.3351839
            ],
            [
              -80.290326,
              43.3351804
            ],
            [
              -80.2903177,
              43.3351752
            ],
            [
              -80.2903117,
              43.3351659
            ],
            [
              -80.2903033,
              43.3351506
            ],
            [
              -80.2903045,
              43.3351334
            ],
            [
              -80.2903033,
              43.3351195
            ],
            [
              -80.2902953,
              43.3351062
            ],
            [
              -80.2902857,
              43.335094
            ],
            [
              -80.2902794,
              43.3350798
            ],
            [
              -80.2902742,
              43.3350632
            ],
            [
              -80.2902774,
              43.3350516
            ],
            [
              -80.2902818,
              43.335038
            ],
            [
              -80.2902925,
              43.3350287
            ],
            [
              -80.2903081,
              43.3350269
            ],
            [
              -80.2903344,
              43.3350272
            ],
            [
              -80.2903468,
              43.3350316
            ],
            [
              -80.2903583,
              43.3350429
            ],
            [
              -80.2903671,
              43.335056
            ],
            [
              -80.2903739,
              43.3350757
            ]
          ]
        ]
      }
    },
    {
      "type": "Feature",
      "properties": {
        "@id": "way/895751724",
        "golf": "tee",
        "landuse": "grass"
      },
      "geometry": {
        "type": "Polygon",
        "coordinates": [
          [
            [
              -80.2901715,
              43.3348557
            ],
            [
              -80.2901812,
              43.3348749
            ],
            [
              -80.2901826,
              43.3348896
            ],
            [
              -80.2901757,
              43.3349017
            ],
            [
              -80.2901652,
              43.3349133
            ],
            [
              -80.2901527,
              43.3349204
            ],
            [
              -80.2901312,
              43.33493
            ],
            [
              -80.2901118,
              43.334931
            ],
            [
              -80.2900951,
              43.3349305
            ],
            [
              -80.2900749,
              43.3349184
            ],
            [
              -80.2900638,
              43.3349063
            ],
            [
              -80.2900583,
              43.3348921
            ],
            [
              -80.2900617,
              43.3348759
            ],
            [
              -80.2900742,
              43.3348517
            ],
            [
              -80.2900895,
              43.3348431
            ],
            [
              -80.2901118,
              43.3348355
            ],
            [
              -80.290134,
              43.3348355
            ],
            [
              -80.2901652,
              43.3348426
            ],
            [
              -80.2901715,
              43.3348557
            ]
          ]
        ]
      }
    },
    {
      "type": "Feature",
      "properties": {
        "@id": "way/895751725",
        "golf": "green",
        "landuse": "grass"
      },
      "geometry": {
        "type": "Polygon",
        "coordinates": [
          [
            [
              -80.2889873,
              43.3329785
            ],
            [
              -80.2890165,
              43.332987
            ],
            [
              -80.2890422,
              43.3329951
            ],
            [
              -80.289072,
              43.3330083
            ],
            [
              -80.2891012,
              43.3330244
            ],
            [
              -80.2891172,
              43.3330477
            ],
            [
              -80.2891206,
              43.3330714
            ],
            [
              -80.2891158,
              43.3330866
            ],
            [
              -80.2891047,
              43.3331073
            ],
            [
              -80.2890873,
              43.3331174
            ],
            [
              -80.2890678,
              43.3331234
            ],
            [
              -80.2890442,
              43.3331255
            ],
            [
              -80.2890144,
              43.3331224
            ],
            [
              -80.2889817,
              43.3331149
            ],
            [
              -80.2889526,
              43.3331088
            ],
            [
              -80.2889241,
              43.3331017
            ],
            [
              -80.2888935,
              43.3330931
            ],
            [
              -80.288863,
              43.3330825
            ],
            [
              -80.28884,
              43.3330709
            ],
            [
              -80.2888178,
              43.3330603
            ],
            [
              -80.2887998,
              43.3330497
            ],
            [
              -80.2887831,
              43.3330345
            ],
            [
              -80.2887741,
              43.3330093
            ],
            [
              -80.2887796,
              43.3329875
            ],
            [
              -80.2887824,
              43.3329663
            ],
            [
              -80.2887928,
              43.3329512
            ],
            [
              -80.2888088,
              43.3329365
            ],
            [
              -80.2888317,
              43.3329294
            ],
            [
              -80.2888595,
              43.3329284
            ],
            [
              -80.2888921,
              43.332935
            ],
            [
              -80.2889241,
              43.3329456
            ],
            [
              -80.2889449,
              43.3329562
            ],
            [
              -80.2889609,
              43.3329658
            ],
            [
              -80.2889873,
              43.3329785
            ]
          ]
        ]
      }
    },
    {
      "type": "Feature",
      "properties": {
        "@id": "way/895751726",
        "golf": "bunker",
        "natural": "sand"
      },
      "geometry": {
        "type": "Polygon",
        "coordinates": [
          [
            [
              -80.2891074,
              43.332985
            ],
            [
              -80.2890991,
              43.3329798
            ],
            [
              -80.289092,
              43.3329744
            ],
            [
              -80.2890876,
              43.3329692
            ],
            [
              -80.2890859,
              43.3329638
            ],
            [
              -80.289088,
              43.3329589
            ],
            [
              -80.2890927,
              43.3329542
            ],
            [
              -80.289097,
              43.3329517
            ],
            [
              -80.2891071,
              43.3329504
            ],
            [
              -80.2891185,
              43.3329522
            ],
            [
              -80.2891274,
              43.3329543
            ],
            [
              -80.2891324,
              43.3329596
            ],
            [
              -80.2891364,
              43.3329662
            ],
            [
              -80.2891371,
              43.3329728
            ],
            [
              -80.2891376,
              43.3329783
            ],
            [
              -80.2891333,
              43.3329842
            ],
            [
              -80.2891267,
              43.3329865
            ],
            [
              -80.2891163,
              43.3329868
            ],
            [
              -80.2891074,
              43.332985
            ]
          ]
        ]
      }
    },
    {
      "type": "Feature",
      "properties": {
        "@id": "way/895751727",
        "golf": "bunker",
        "natural": "sand"
      },
      "geometry": {
        "type": "Polygon",
        "coordinates": [
          [
            [
              -80.2888605,
              43.3328857
            ],
            [
              -80.2888494,
              43.3328854
            ],
            [
              -80.2888416,
              43.3328855
            ],
            [
              -80.2888322,
              43.332885
            ],
            [
              -80.2888253,
              43.3328822
            ],
            [
              -80.2888199,
              43.3328728
            ],
            [
              -80.2888216,
              43.3328653
            ],
            [
              -80.2888239,
              43.33286
            ],
            [
              -80.2888275,
              43.3328561
            ],
            [
              -80.2888367,
              43.3328504
            ],
            [
              -80.2888452,
              43.332848
            ],
            [
              -80.2888563,
              43.332848
            ],
            [
              -80.2888668,
              43.3328504
            ],
            [
              -80.2888819,
              43.3328611
            ],
            [
              -80.2888843,
              43.3328663
            ],
            [
              -80.288886,
              43.332874
            ],
            [
              -80.2888843,
              43.3328812
            ],
            [
              -80.2888756,
              43.3328852
            ],
            [
              -80.2888678,
              43.3328859
            ],
            [
              -80.2888605,
              43.3328857
            ]
          ]
        ]
      }
    },
    {
      "type": "Feature",
      "properties": {
        "@id": "way/895751728",
        "golf": "bunker",
        "natural": "sand"
      },
      "geometry": {
        "type": "Polygon",
        "coordinates": [
          [
            [
              -80.2886932,
              43.3330064
            ],
            [
              -80.2886932,
              43.3330008
            ],
            [
              -80.2886961,
              43.3329955
            ],
            [
              -80.2887042,
              43.33299
            ],
            [
              -80.288715,
              43.3329884
            ],
            [
              -80.2887283,
              43.3329904
            ],
            [
              -80.2887379,
              43.3329945
            ],
            [
              -80.2887425,
              43.3330015
            ],
            [
              -80.2887443,
              43.3330094
            ],
            [
              -80.2887423,
              43.3330156
            ],
            [
              -80.2887308,
              43.3330226
            ],
            [
              -80.2887226,
              43.3330231
            ],
            [
              -80.2887124,
              43.3330221
            ],
            [
              -80.2887032,
              43.3330198
            ],
            [
              -80.2886959,
              43.3330131
            ],
            [
              -80.2886932,
              43.3330064
            ]
          ]
        ]
      }
    },
    {
      "type": "Feature",
      "properties": {
        "@id": "way/895751729",
        "golf": "bunker",
        "natural": "sand"
      },
      "geometry": {
        "type": "Polygon",
        "coordinates": [
          [
            [
              -80.2890629,
              43.3331869
            ],
            [
              -80.2890608,
              43.3331905
            ],
            [
              -80.2890594,
              43.3331953
            ],
            [
              -80.2890598,
              43.3332014
            ],
            [
              -80.2890611,
              43.3332059
            ],
            [
              -80.2890641,
              43.3332111
            ],
            [
              -80.2890639,
              43.3332156
            ],
            [
              -80.2890614,
              43.3332181
            ],
            [
              -80.2890578,
              43.3332208
            ],
            [
              -80.2890535,
              43.3332213
            ],
            [
              -80.2890474,
              43.3332202
            ],
            [
              -80.289042,
              43.333218
            ],
            [
              -80.289037,
              43.3332138
            ],
            [
              -80.2890333,
              43.3332097
            ],
            [
              -80.2890323,
              43.3332055
            ],
            [
              -80.2890315,
              43.3332009
            ],
            [
              -80.2890312,
              43.3331925
            ],
            [
              -80.2890286,
              43.3331848
            ],
            [
              -80.2890242,
              43.3331786
            ],
            [
              -80.2890206,
              43.3331749
            ],
            [
              -80.289015,
              43.3331726
            ],
            [
              -80.2890119,
              43.3331691
            ],
            [
              -80.2890107,
              43.3331632
            ],
            [
              -80.2890138,
              43.3331574
            ],
            [
              -80.2890208,
              43.3331543
            ],
            [
              -80.2890303,
              43.3331521
            ],
            [
              -80.2890379,
              43.3331522
            ],
            [
              -80.2890448,
              43.3331538
            ],
            [
              -80.289054,
              43.3331571
            ],
            [
              -80.2890608,
              43.3331605
            ],
            [
              -80.289066,
              43.3331648
            ],
            [
              -80.2890687,
              43.3331701
            ],
            [
              -80.2890679,
              43.3331755
            ],
            [
              -80.2890662,
              43.3331809
            ],
            [
              -80.2890629,
              43.3331869
            ]
          ]
        ]
      }
    },
    {
      "type": "Feature",
      "properties": {
        "@id": "way/895751730",
        "golf": "fairway",
        "landuse": "grass"
      },
      "geometry": {
        "type": "Polygon",
        "coordinates": [
          [
            [
              -80.2891206,
              43.3330714
            ],
            [
              -80.2891288,
              43.3330877
            ],
            [
              -80.2891296,
              43.3331109
            ],
            [
              -80.2891376,
              43.3331254
            ],
            [
              -80.2891527,
              43.3331417
            ],
            [
              -80.2891719,
              43.3331533
            ],
            [
              -80.2891886,
              43.3331701
            ],
            [
              -80.289195,
              43.3331858
            ],
            [
              -80.2891958,
              43.3332078
            ],
            [
              -80.2891982,
              43.3332264
            ],
            [
              -80.2892094,
              43.3332461
            ],
            [
              -80.289223,
              43.3332665
            ],
            [
              -80.2892389,
              43.3332844
            ],
            [
              -80.2892517,
              43.3333082
            ],
            [
              -80.2892437,
              43.3333262
            ],
            [
              -80.2892214,
              43.3333413
            ],
            [
              -80.2891902,
              43.3333523
            ],
            [
              -80.2891559,
              43.3333541
            ],
            [
              -80.2891296,
              43.3333465
            ],
            [
              -80.2891057,
              43.3333338
            ],
            [
              -80.2890913,
              43.3333181
            ],
            [
              -80.2890873,
              43.3332978
            ],
            [
              -80.2890841,
              43.333274
            ],
            [
              -80.2890865,
              43.3332566
            ],
            [
              -80.2890929,
              43.333238
            ],
            [
              -80.2890977,
              43.3332119
            ],
            [
              -80.2890977,
              43.3331777
            ],
            [
              -80.2890913,
              43.3331637
            ],
            [
              -80.2890762,
              43.3331521
            ],
            [
              -80.2890522,
              43.3331388
            ],
            [
              -80.2890144,
              43.3331224
            ],
            [
              -80.2890442,
              43.3331255
            ],
            [
              -80.2890678,
              43.3331234
            ],
            [
              -80.2890873,
              43.3331174
            ],
            [
              -80.2891047,
              43.3331073
            ],
            [
              -80.2891158,
              43.3330866
            ],
            [
              -80.2891206,
              43.3330714
            ]
          ]
        ]
      }
    },
    {
      "type": "Feature",
      "properties": {
        "@id": "way/895751731",
        "golf": "fairway",
        "landuse": "grass"
      },
      "geometry": {
        "type": "Polygon",
        "coordinates": [
          [
            [
              -80.2881051,
              43.3319922
            ],
            [
              -80.2880951,
              43.3319621
            ],
            [
              -80.2880831,
              43.3319447
            ],
            [
              -80.2880679,
              43.3319047
            ],
            [
              -80.288044,
              43.3318884
            ],
            [
              -80.2880153,
              43.3318727
            ],
            [
              -80.2880057,
              43.3318542
            ],
            [
              -80.2880073,
              43.3318333
            ],
            [
              -80.2880265,
              43.331813
            ],
            [
              -80.2880488,
              43.3317892
            ],
            [
              -80.2880464,
              43.3317549
            ],
            [
              -80.2880392,
              43.3317288
            ],
            [
              -80.2880209,
              43.3317155
            ],
            [
              -80.2879842,
              43.3316975
            ],
            [
              -80.2879539,
              43.331701
            ],
            [
              -80.2879339,
              43.3317166
            ],
            [
              -80.2879156,
              43.3317381
            ],
            [
              -80.2879044,
              43.331763
            ],
            [
              -80.2878972,
              43.3317857
            ],
            [
              -80.2878972,
              43.3318066
            ],
            [
              -80.2879179,
              43.3318327
            ],
            [
              -80.2879339,
              43.3318646
            ],
            [
              -80.2879467,
              43.3318988
            ],
            [
              -80.2879419,
              43.3319331
            ],
            [
              -80.2879315,
              43.3319592
            ],
            [
              -80.2879264,
              43.3319939
            ],
            [
              -80.2879424,
              43.3319771
            ],
            [
              -80.2879528,
              43.3319568
            ],
            [
              -80.2879655,
              43.3319388
            ],
            [
              -80.2879783,
              43.3319307
            ],
            [
              -80.2879966,
              43.3319266
            ],
            [
              -80.2880238,
              43.3319249
            ],
            [
              -80.2880557,
              43.3319394
            ],
            [
              -80.2880748,
              43.3319591
            ],
            [
              -80.2881051,
              43.3319922
            ]
          ]
        ]
      }
    },
    {
      "type": "Feature",
      "properties": {
        "@id": "way/895751732",
        "golf": "water_hazard",
        "natural": "water"
      },
      "geometry": {
        "type": "Polygon",
        "coordinates": [
          [
            [
              -80.2879158,
              43.3327964
            ],
            [
              -80.2879543,
              43.332887
            ],
            [
              -80.2880056,
              43.332939
            ],
            [
              -80.2880698,
              43.332975
            ],
            [
              -80.2881871,
              43.3330204
            ],
            [
              -80.2882842,
              43.3330204
            ],
            [
              -80.288418,
              43.333027
            ],
            [
              -80.2885097,
              43.333035
            ],
            [
              -80.2885867,
              43.333035
            ],
            [
              -80.2886783,
              43.3330617
            ],
            [
              -80.2887131,
              43.3330737
            ],
            [
              -80.288748,
              43.333095
            ],
            [
              -80.2887865,
              43.3331204
            ],
            [
              -80.2888359,
              43.3331363
            ],
            [
              -80.2888946,
              43.3331483
            ],
            [
              -80.2889368,
              43.3331737
            ],
            [
              -80.2889789,
              43.3332137
            ],
            [
              -80.2890082,
              43.3332497
            ],
            [
              -80.2890266,
              43.3332817
            ],
            [
              -80.2890211,
              43.333323
            ],
            [
              -80.2889899,
              43.333343
            ],
            [
              -80.2889623,
              43.3333744
            ],
            [
              -80.2889373,
              43.3333961
            ],
            [
              -80.2889068,
              43.3334158
            ],
            [
              -80.28887,
              43.3334304
            ],
            [
              -80.2888172,
              43.3334451
            ],
            [
              -80.2887602,
              43.3334643
            ],
            [
              -80.2886998,
              43.3334703
            ],
            [
              -80.288631,
              43.3334769
            ],
            [
              -80.2885699,
              43.333489
            ],
            [
              -80.288515,
              43.3334981
            ],
            [
              -80.2884539,
              43.3335012
            ],
            [
              -80.2884164,
              43.3335007
            ],
            [
              -80.2883706,
              43.3334946
            ],
            [
              -80.288324,
              43.333486
            ],
            [
              -80.2882747,
              43.3334709
            ],
            [
              -80.2882178,
              43.3334496
            ],
            [
              -80.2881837,
              43.3334314
            ],
            [
              -80.2881414,
              43.3334143
            ],
            [
              -80.2880865,
              43.3333865
            ],
            [
              -80.2880275,
              43.3333542
            ],
            [
              -80.28799,
              43.3333208
            ],
            [
              -80.2879684,
              43.3333046
            ],
            [
              -80.2879622,
              43.3332935
            ],
            [
              -80.2879268,
              43.333287
            ],
            [
              -80.2878969,
              43.3332966
            ],
            [
              -80.2878524,
              43.3333051
            ],
            [
              -80.2877969,
              43.3333183
            ],
            [
              -80.2877371,
              43.3333319
            ],
            [
              -80.2877024,
              43.3333385
            ],
            [
              -80.2876406,
              43.3333506
            ],
            [
              -80.2875892,
              43.3333526
            ],
            [
              -80.2875573,
              43.3333617
            ],
            [
              -80.2875114,
              43.3333511
            ],
            [
              -80.2874739,
              43.3333274
            ],
            [
              -80.2874496,
              43.3332865
            ],
            [
              -80.2874225,
              43.3332415
            ],
            [
              -80.2873892,
              43.3331905
            ],
            [
              -80.2873711,
              43.3331738
            ],
            [
              -80.2873503,
              43.3331531
            ],
            [
              -80.2873357,
              43.3331142
            ],
            [
              -80.287335,
              43.3330758
            ],
            [
              -80.2873204,
              43.3330409
            ],
            [
              -80.2873093,
              43.3330111
            ],
            [
              -80.2872815,
              43.3329793
            ],
            [
              -80.2872683,
              43.3329525
            ],
            [
              -80.2872607,
              43.3329263
            ],
            [
              -80.2872474,
              43.3329071
            ],
            [
              -80.2872218,
              43.3328954
            ],
            [
              -80.2871989,
              43.3328586
            ],
            [
              -80.2871711,
              43.3328333
            ],
            [
              -80.2871628,
              43.3327919
            ],
            [
              -80.2871544,
              43.3327671
            ],
            [
              -80.2871475,
              43.3327449
            ],
            [
              -80.2871287,
              43.3327227
            ],
            [
              -80.2871204,
              43.3326939
            ],
            [
              -80.2871232,
              43.3326646
            ],
            [
              -80.2871308,
              43.3326302
            ],
            [
              -80.2871426,
              43.3326065
            ],
            [
              -80.2871537,
              43.3325746
            ],
            [
              -80.2871733,
              43.3325465
            ],
            [
              -80.2871787,
              43.3325302
            ],
            [
              -80.2871732,
              43.3324994
            ],
            [
              -80.2871461,
              43.3324832
            ],
            [
              -80.2871093,
              43.3324453
            ],
            [
              -80.2871155,
              43.3324039
            ],
            [
              -80.2871072,
              43.3323675
            ],
            [
              -80.2871273,
              43.3323468
            ],
            [
              -80.287178,
              43.3323367
            ],
            [
              -80.287251,
              43.3323306
            ],
            [
              -80.2872989,
              43.3323347
            ],
            [
              -80.2873281,
              43.3323498
            ],
            [
              -80.2873399,
              43.3323821
            ],
            [
              -80.287351,
              43.332414
            ],
            [
              -80.2873767,
              43.3324372
            ],
            [
              -80.2874135,
              43.3324761
            ],
            [
              -80.2874572,
              43.3325135
            ],
            [
              -80.2875184,
              43.3325645
            ],
            [
              -80.2875705,
              43.3325832
            ],
            [
              -80.2876135,
              43.3325857
            ],
            [
              -80.2876913,
              43.3325903
            ],
            [
              -80.2877649,
              43.3325964
            ],
            [
              -80.2878267,
              43.3326044
            ],
            [
              -80.2878643,
              43.332606
            ],
            [
              -80.2878844,
              43.3326236
            ],
            [
              -80.2878997,
              43.3326514
            ],
            [
              -80.2879031,
              43.3326762
            ],
            [
              -80.2879101,
              43.3327247
            ],
            [
              -80.2879136,
              43.3327676
            ],
            [
              -80.2879158,
              43.3327964
            ]
          ]
        ]
      }
    },
    {
      "type": "Feature",
      "properties": {
        "@id": "way/895751733",
        "golf": "tee",
        "landuse": "grass"
      },
      "geometry": {
        "type": "Polygon",
        "coordinates": [
          [
            [
              -80.2883571,
              43.3327154
            ],
            [
              -80.2883498,
              43.3327234
            ],
            [
              -80.2883383,
              43.3327367
            ],
            [
              -80.2883236,
              43.3327414
            ],
            [
              -80.2883021,
              43.3327434
            ],
            [
              -80.2882815,
              43.3327394
            ],
            [
              -80.2882609,
              43.3327281
            ],
            [
              -80.2882416,
              43.3327081
            ],
            [
              -80.2882329,
              43.3326904
            ],
            [
              -80.2882306,
              43.3326768
            ],
            [
              -80.288232,
              43.3326551
            ],
            [
              -80.2882416,
              43.3326478
            ],
            [
              -80.2882622,
              43.3326394
            ],
            [
              -80.2882851,
              43.3326374
            ],
            [
              -80.2883016,
              43.3326364
            ],
            [
              -80.2883223,
              43.3326371
            ],
            [
              -80.2883355,
              43.3326438
            ],
            [
              -80.2883424,
              43.3326494
            ],
            [
              -80.2883511,
              43.3326624
            ],
            [
              -80.2883575,
              43.3326768
            ],
            [
              -80.2883626,
              43.3326934
            ],
            [
              -80.2883621,
              43.3327057
            ],
            [
              -80.2883571,
              43.3327154
            ]
          ]
        ]
      }
    },
    {
      "type": "Feature",
      "properties": {
        "@id": "way/895751734",
        "golf": "tee",
        "landuse": "grass"
      },
      "geometry": {
        "type": "Polygon",
        "coordinates": [
          [
            [
              -80.2883607,
              43.3329
            ],
            [
              -80.2883899,
              43.3329015
            ],
            [
              -80.2884162,
              43.3329063
            ],
            [
              -80.288436,
              43.3329137
            ],
            [
              -80.2884485,
              43.3329281
            ],
            [
              -80.2884524,
              43.3329435
            ],
            [
              -80.2884461,
              43.3329581
            ],
            [
              -80.2884315,
              43.332972
            ],
            [
              -80.2884117,
              43.3329862
            ],
            [
              -80.2883881,
              43.332995
            ],
            [
              -80.2883728,
              43.3330013
            ],
            [
              -80.2883503,
              43.3330056
            ],
            [
              -80.2883308,
              43.3330061
            ],
            [
              -80.2883065,
              43.3330059
            ],
            [
              -80.2882902,
              43.3330041
            ],
            [
              -80.2882645,
              43.332998
            ],
            [
              -80.2882464,
              43.3329864
            ],
            [
              -80.2882336,
              43.3329723
            ],
            [
              -80.2882252,
              43.3329564
            ],
            [
              -80.2882239,
              43.3329404
            ],
            [
              -80.2882266,
              43.3329258
            ],
            [
              -80.2882315,
              43.3329122
            ],
            [
              -80.2882457,
              43.3328993
            ],
            [
              -80.2882718,
              43.3328935
            ],
            [
              -80.2883093,
              43.3328942
            ],
            [
              -80.2883332,
              43.3328967
            ],
            [
              -80.2883607,
              43.3329
            ]
          ]
        ]
      }
    },
    {
      "type": "Feature",
      "properties": {
        "@id": "way/895751735",
        "golf": "tee",
        "landuse": "grass"
      },
      "geometry": {
        "type": "Polygon",
        "coordinates": [
          [
            [
              -80.2887717,
              43.3335982
            ],
            [
              -80.2887864,
              43.3336199
            ],
            [
              -80.2887974,
              43.3336336
            ],
            [
              -80.2888088,
              43.3336526
            ],
            [
              -80.2888212,
              43.3336796
            ],
            [
              -80.2888239,
              43.3336966
            ],
            [
              -80.2888203,
              43.3337166
            ],
            [
              -80.2888084,
              43.3337246
            ],
            [
              -80.2887855,
              43.3337256
            ],
            [
              -80.2887653,
              43.3337209
            ],
            [
              -80.2887465,
              43.3337082
            ],
            [
              -80.2887309,
              43.3336902
            ],
            [
              -80.2887199,
              43.3336739
            ],
            [
              -80.2887016,
              43.3336512
            ],
            [
              -80.2886897,
              43.3336349
            ],
            [
              -80.2886755,
              43.3336239
            ],
            [
              -80.2886622,
              43.3336056
            ],
            [
              -80.2886581,
              43.3335962
            ],
            [
              -80.2886558,
              43.3335822
            ],
            [
              -80.2886686,
              43.3335653
            ],
            [
              -80.2886924,
              43.3335583
            ],
            [
              -80.2887218,
              43.3335639
            ],
            [
              -80.2887479,
              43.3335699
            ],
            [
              -80.2887639,
              43.3335839
            ],
            [
              -80.2887717,
              43.3335982
            ]
          ]
        ]
      }
    },
    {
      "type": "Feature",
      "properties": {
        "@id": "way/895751736",
        "golf": "fairway",
        "landuse": "grass"
      },
      "geometry": {
        "type": "Polygon",
        "coordinates": [
          [
            [
              -80.2891611,
              43.3343244
            ],
            [
              -80.2891224,
              43.3342716
            ],
            [
              -80.289103,
              43.3342197
            ],
            [
              -80.2890922,
              43.3341775
            ],
            [
              -80.2890837,
              43.3341318
            ],
            [
              -80.289091,
              43.3340851
            ],
            [
              -80.2890994,
              43.3340394
            ],
            [
              -80.289103,
              43.334006
            ],
            [
              -80.2890897,
              43.3339637
            ],
            [
              -80.289068,
              43.3339233
            ],
            [
              -80.2890547,
              43.333896
            ],
            [
              -80.2890486,
              43.3338503
            ],
            [
              -80.2890571,
              43.3338169
            ],
            [
              -80.2890426,
              43.3337887
            ],
            [
              -80.289016,
              43.3337685
            ],
            [
              -80.2889712,
              43.3337562
            ],
            [
              -80.2889156,
              43.3337535
            ],
            [
              -80.2888805,
              43.3337658
            ],
            [
              -80.2888479,
              43.3337878
            ],
            [
              -80.2888358,
              43.3338142
            ],
            [
              -80.2888491,
              43.3338564
            ],
            [
              -80.28886,
              43.3338934
            ],
            [
              -80.2888636,
              43.3339462
            ],
            [
              -80.2888491,
              43.3340077
            ],
            [
              -80.2888225,
              43.3340491
            ],
            [
              -80.2888164,
              43.3340728
            ],
            [
              -80.2887959,
              43.3341282
            ],
            [
              -80.2887898,
              43.3341634
            ],
            [
              -80.2887995,
              43.3342179
            ],
            [
              -80.2888031,
              43.3342452
            ],
            [
              -80.2888164,
              43.3343006
            ],
            [
              -80.2888249,
              43.3343455
            ],
            [
              -80.2888394,
              43.3343956
            ],
            [
              -80.2888757,
              43.334437
            ],
            [
              -80.2889084,
              43.334466
            ],
            [
              -80.2889398,
              43.3344941
            ],
            [
              -80.2889773,
              43.3345372
            ],
            [
              -80.2890087,
              43.3345865
            ],
            [
              -80.2890148,
              43.3346305
            ],
            [
              -80.2890232,
              43.3346639
            ],
            [
              -80.2890293,
              43.3347079
            ],
            [
              -80.2890353,
              43.3347439
            ],
            [
              -80.2890486,
              43.3347809
            ],
            [
              -80.2890728,
              43.3348002
            ],
            [
              -80.289103,
              43.3348134
            ],
            [
              -80.2891381,
              43.3348231
            ],
            [
              -80.2891901,
              43.3348196
            ],
            [
              -80.2892131,
              43.3348064
            ],
            [
              -80.2892276,
              43.3347923
            ],
            [
              -80.2892397,
              43.3347668
            ],
            [
              -80.2892361,
              43.3347395
            ],
            [
              -80.2892276,
              43.3347193
            ],
            [
              -80.2892119,
              43.334692
            ],
            [
              -80.289207,
              43.334663
            ],
            [
              -80.289207,
              43.3346366
            ],
            [
              -80.2892155,
              43.334612
            ],
            [
              -80.289224,
              43.33459
            ],
            [
              -80.2892264,
              43.3345742
            ],
            [
              -80.2892119,
              43.3345575
            ],
            [
              -80.2892083,
              43.3345496
            ],
            [
              -80.2892216,
              43.3345249
            ],
            [
              -80.2892324,
              43.3345065
            ],
            [
              -80.2892433,
              43.3344801
            ],
            [
              -80.2892457,
              43.334444
            ],
            [
              -80.2892445,
              43.3344071
            ],
            [
              -80.2892336,
              43.3343842
            ],
            [
              -80.289195,
              43.3343499
            ],
            [
              -80.2891611,
              43.3343244
            ]
          ]
        ]
      }
    },
    {
      "type": "Feature",
      "properties": {
        "@id": "way/895751737",
        "golf": "green",
        "landuse": "grass"
      },
      "geometry": {
        "type": "Polygon",
        "coordinates": [
          [
            [
              -80.2890371,
              43.3352253
            ],
            [
              -80.2890239,
              43.3352081
            ],
            [
              -80.2890128,
              43.335194
            ],
            [
              -80.2890059,
              43.3351794
            ],
            [
              -80.2889989,
              43.3351662
            ],
            [
              -80.2889989,
              43.3351445
            ],
            [
              -80.2890073,
              43.3351278
            ],
            [
              -80.289018,
              43.3351169
            ],
            [
              -80.2890212,
              43.3351137
            ],
            [
              -80.2890482,
              43.3351
            ],
            [
              -80.2890712,
              43.3350899
            ],
            [
              -80.2891024,
              43.3350874
            ],
            [
              -80.2891059,
              43.3350882
            ],
            [
              -80.2891365,
              43.335095
            ],
            [
              -80.2891698,
              43.3351076
            ],
            [
              -80.2891816,
              43.3351202
            ],
            [
              -80.2892073,
              43.3351298
            ],
            [
              -80.2892281,
              43.3351379
            ],
            [
              -80.2892448,
              43.335146
            ],
            [
              -80.289258,
              43.3351571
            ],
            [
              -80.2892656,
              43.3351698
            ],
            [
              -80.2892754,
              43.33519
            ],
            [
              -80.2892795,
              43.3352066
            ],
            [
              -80.2892795,
              43.3352193
            ],
            [
              -80.2892788,
              43.3352354
            ],
            [
              -80.2892719,
              43.3352501
            ],
            [
              -80.2892594,
              43.3352612
            ],
            [
              -80.2892469,
              43.3352673
            ],
            [
              -80.2892288,
              43.3352708
            ],
            [
              -80.2891955,
              43.3352688
            ],
            [
              -80.2891608,
              43.3352652
            ],
            [
              -80.2891101,
              43.3352602
            ],
            [
              -80.2890837,
              43.3352541
            ],
            [
              -80.2890545,
              43.33524
            ],
            [
              -80.2890371,
              43.3352253
            ]
          ]
        ]
      }
    },
    {
      "type": "Feature",
      "properties": {
        "@id": "way/895751738",
        "golf": "fairway",
        "landuse": "grass"
      },
      "geometry": {
        "type": "Polygon",
        "coordinates": [
          [
            [
              -80.2892073,
              43.3351298
            ],
            [
              -80.2892022,
              43.335119
            ],
            [
              -80.2891915,
              43.3351059
            ],
            [
              -80.2891751,
              43.335097
            ],
            [
              -80.2891563,
              43.3350813
            ],
            [
              -80.2891436,
              43.3350685
            ],
            [
              -80.2891392,
              43.3350592
            ],
            [
              -80.2891436,
              43.3350436
            ],
            [
              -80.2891524,
              43.335025
            ],
            [
              -80.2891683,
              43.3350073
            ],
            [
              -80.2891815,
              43.3350009
            ],
            [
              -80.2892038,
              43.3349925
            ],
            [
              -80.2892178,
              43.3349852
            ],
            [
              -80.2892293,
              43.3349768
            ],
            [
              -80.2892353,
              43.3349641
            ],
            [
              -80.2892301,
              43.3349464
            ],
            [
              -80.2892214,
              43.3349374
            ],
            [
              -80.2892074,
              43.3349304
            ],
            [
              -80.2891835,
              43.3349252
            ],
            [
              -80.2891571,
              43.3349263
            ],
            [
              -80.2891304,
              43.3349307
            ],
            [
              -80.2891129,
              43.3349391
            ],
            [
              -80.2890977,
              43.3349574
            ],
            [
              -80.2890917,
              43.3349742
            ],
            [
              -80.2890921,
              43.3349939
            ],
            [
              -80.2890929,
              43.3350082
            ],
            [
              -80.2890921,
              43.335023
            ],
            [
              -80.2890861,
              43.3350499
            ],
            [
              -80.2890794,
              43.3350613
            ],
            [
              -80.2890662,
              43.3350787
            ],
            [
              -80.289047,
              43.3350833
            ],
            [
              -80.2890259,
              43.3350909
            ],
            [
              -80.2890083,
              43.3351019
            ],
            [
              -80.2890073,
              43.3351278
            ],
            [
              -80.289018,
              43.3351169
            ],
            [
              -80.2890482,
              43.3351
            ],
            [
              -80.2890712,
              43.3350899
            ],
            [
              -80.2891059,
              43.3350882
            ],
            [
              -80.2891365,
              43.335095
            ],
            [
              -80.2891698,
              43.3351076
            ],
            [
              -80.2891816,
              43.3351202
            ],
            [
              -80.2892073,
              43.3351298
            ]
          ]
        ]
      }
    },
    {
      "type": "Feature",
      "properties": {
        "@id": "way/895751739",
        "golf": "bunker",
        "natural": "sand"
      },
      "geometry": {
        "type": "Polygon",
        "coordinates": [
          [
            [
              -80.2892139,
              43.3350539
            ],
            [
              -80.2892118,
              43.3350609
            ],
            [
              -80.2892134,
              43.3350685
            ],
            [
              -80.2892164,
              43.3350747
            ],
            [
              -80.2892221,
              43.3350784
            ],
            [
              -80.2892299,
              43.3350834
            ],
            [
              -80.2892352,
              43.3350899
            ],
            [
              -80.2892381,
              43.3350934
            ],
            [
              -80.2892391,
              43.3350989
            ],
            [
              -80.2892359,
              43.3351032
            ],
            [
              -80.2892304,
              43.3351055
            ],
            [
              -80.289221,
              43.3351074
            ],
            [
              -80.28921,
              43.3351042
            ],
            [
              -80.2891997,
              43.3351
            ],
            [
              -80.2891921,
              43.3350937
            ],
            [
              -80.2891873,
              43.335087
            ],
            [
              -80.2891829,
              43.3350787
            ],
            [
              -80.2891788,
              43.3350724
            ],
            [
              -80.2891767,
              43.3350655
            ],
            [
              -80.2891767,
              43.3350607
            ],
            [
              -80.2891783,
              43.3350549
            ],
            [
              -80.2891829,
              43.3350495
            ],
            [
              -80.2891877,
              43.3350434
            ],
            [
              -80.2891935,
              43.3350325
            ],
            [
              -80.289199,
              43.3350254
            ],
            [
              -80.2892052,
              43.3350167
            ],
            [
              -80.2892116,
              43.335012
            ],
            [
              -80.289223,
              43.3350089
            ],
            [
              -80.2892304,
              43.3350089
            ],
            [
              -80.2892407,
              43.335012
            ],
            [
              -80.289242,
              43.335016
            ],
            [
              -80.289242,
              43.3350217
            ],
            [
              -80.2892398,
              43.3350267
            ],
            [
              -80.2892326,
              43.3350315
            ],
            [
              -80.2892239,
              43.3350365
            ],
            [
              -80.2892182,
              43.3350424
            ],
            [
              -80.2892162,
              43.3350474
            ],
            [
              -80.2892139,
              43.3350539
            ]
          ]
        ]
      }
    },
    {
      "type": "Feature",
      "properties": {
        "@id": "way/895756257",
        "golf": "tee",
        "landuse": "grass"
      },
      "geometry": {
        "type": "Polygon",
        "coordinates": [
          [
            [
              -80.288499,
              43.3355367
            ],
            [
              -80.2884884,
              43.33552
            ],
            [
              -80.2884829,
              43.3355067
            ],
            [
              -80.288482,
              43.3354877
            ],
            [
              -80.288488,
              43.3354753
            ],
            [
              -80.2885058,
              43.3354637
            ],
            [
              -80.2885278,
              43.3354607
            ],
            [
              -80.288553,
              43.335468
            ],
            [
              -80.2885631,
              43.3354843
            ],
            [
              -80.2885718,
              43.335497
            ],
            [
              -80.2885746,
              43.3355157
            ],
            [
              -80.288575,
              43.3355323
            ],
            [
              -80.2885819,
              43.335545
            ],
            [
              -80.2885897,
              43.3355597
            ],
            [
              -80.2885915,
              43.3355727
            ],
            [
              -80.2885833,
              43.335592
            ],
            [
              -80.2885645,
              43.335598
            ],
            [
              -80.2885425,
              43.335596
            ],
            [
              -80.2885228,
              43.335591
            ],
            [
              -80.2885095,
              43.3355807
            ],
            [
              -80.2885035,
              43.3355663
            ],
            [
              -80.288499,
              43.3355537
            ],
            [
              -80.288499,
              43.3355367
            ]
          ]
        ]
      }
    },
    {
      "type": "Feature",
      "properties": {
        "@id": "way/895756258",
        "golf": "tee",
        "landuse": "grass"
      },
      "geometry": {
        "type": "Polygon",
        "coordinates": [
          [
            [
              -80.2885269,
              43.335266
            ],
            [
              -80.2885342,
              43.3352814
            ],
            [
              -80.2885443,
              43.3353054
            ],
            [
              -80.2885507,
              43.3353203
            ],
            [
              -80.2885562,
              43.3353397
            ],
            [
              -80.2885581,
              43.335356
            ],
            [
              -80.2885604,
              43.3353763
            ],
            [
              -80.2885594,
              43.335389
            ],
            [
              -80.2885594,
              43.3354033
            ],
            [
              -80.2885553,
              43.335411
            ],
            [
              -80.2885451,
              43.3354205
            ],
            [
              -80.2885267,
              43.3354257
            ],
            [
              -80.2885099,
              43.3354292
            ],
            [
              -80.2884892,
              43.335428
            ],
            [
              -80.2884701,
              43.335421
            ],
            [
              -80.2884597,
              43.3354094
            ],
            [
              -80.2884477,
              43.3353909
            ],
            [
              -80.2884461,
              43.3353723
            ],
            [
              -80.2884429,
              43.3353485
            ],
            [
              -80.2884342,
              43.3353288
            ],
            [
              -80.2884142,
              43.3352986
            ],
            [
              -80.288403,
              43.3352835
            ],
            [
              -80.288403,
              43.3352609
            ],
            [
              -80.2884158,
              43.3352406
            ],
            [
              -80.2884493,
              43.3352237
            ],
            [
              -80.2884788,
              43.3352237
            ],
            [
              -80.2885036,
              43.3352249
            ],
            [
              -80.2885211,
              43.3352382
            ],
            [
              -80.2885251,
              43.3352493
            ],
            [
              -80.2885269,
              43.335266
            ]
          ]
        ]
      }
    },
    {
      "type": "Feature",
      "properties": {
        "@id": "way/895756259",
        "golf": "tee",
        "landuse": "grass"
      },
      "geometry": {
        "type": "Polygon",
        "coordinates": [
          [
            [
              -80.2885015,
              43.3349931
            ],
            [
              -80.2884797,
              43.3349966
            ],
            [
              -80.2884597,
              43.3349914
            ],
            [
              -80.288441,
              43.3349733
            ],
            [
              -80.2884337,
              43.3349487
            ],
            [
              -80.2884337,
              43.3349223
            ],
            [
              -80.2884295,
              43.3348977
            ],
            [
              -80.2884253,
              43.3348717
            ],
            [
              -80.2884132,
              43.3348555
            ],
            [
              -80.2884005,
              43.3348304
            ],
            [
              -80.2883975,
              43.3348071
            ],
            [
              -80.2884083,
              43.3347882
            ],
            [
              -80.2884307,
              43.3347794
            ],
            [
              -80.2884507,
              43.3347803
            ],
            [
              -80.2884682,
              43.334786
            ],
            [
              -80.2884791,
              43.3347921
            ],
            [
              -80.2884839,
              43.3348067
            ],
            [
              -80.2884845,
              43.3348317
            ],
            [
              -80.2884882,
              43.3348568
            ],
            [
              -80.2884924,
              43.3348819
            ],
            [
              -80.2884936,
              43.3348959
            ],
            [
              -80.2884978,
              43.3349118
            ],
            [
              -80.2885033,
              43.3349302
            ],
            [
              -80.2885166,
              43.3349615
            ],
            [
              -80.2885166,
              43.3349738
            ],
            [
              -80.2885148,
              43.3349865
            ],
            [
              -80.2885015,
              43.3349931
            ]
          ]
        ]
      }
    },
    {
      "type": "Feature",
      "properties": {
        "@id": "way/895756260",
        "golf": "green",
        "landuse": "grass"
      },
      "geometry": {
        "type": "Polygon",
        "coordinates": [
          [
            [
              -80.2883543,
              43.3340562
            ],
            [
              -80.288358,
              43.3340673
            ],
            [
              -80.2883507,
              43.3340842
            ],
            [
              -80.288338,
              43.3340968
            ],
            [
              -80.2883201,
              43.3341068
            ],
            [
              -80.2883049,
              43.3341152
            ],
            [
              -80.2882938,
              43.3341221
            ],
            [
              -80.2882791,
              43.3341228
            ],
            [
              -80.2882485,
              43.3341183
            ],
            [
              -80.2882296,
              43.3341121
            ],
            [
              -80.288208,
              43.3341056
            ],
            [
              -80.2881949,
              43.3341026
            ],
            [
              -80.2881691,
              43.3340903
            ],
            [
              -80.2881591,
              43.3340807
            ],
            [
              -80.2881512,
              43.3340708
            ],
            [
              -80.2881448,
              43.3340597
            ],
            [
              -80.2881391,
              43.3340467
            ],
            [
              -80.2881312,
              43.3340329
            ],
            [
              -80.2881185,
              43.3340222
            ],
            [
              -80.2881054,
              43.3340122
            ],
            [
              -80.2880912,
              43.3339973
            ],
            [
              -80.2880759,
              43.3339865
            ],
            [
              -80.2880691,
              43.3339762
            ],
            [
              -80.2880617,
              43.3339689
            ],
            [
              -80.2880612,
              43.3339529
            ],
            [
              -80.2880743,
              43.3339379
            ],
            [
              -80.2880854,
              43.3339345
            ],
            [
              -80.2881048,
              43.3339276
            ],
            [
              -80.288148,
              43.3339169
            ],
            [
              -80.2881759,
              43.3339069
            ],
            [
              -80.2881943,
              43.3339042
            ],
            [
              -80.2882212,
              43.3339023
            ],
            [
              -80.2882406,
              43.3339019
            ],
            [
              -80.2882643,
              43.3339061
            ],
            [
              -80.2882817,
              43.3339111
            ],
            [
              -80.2882917,
              43.3339161
            ],
            [
              -80.2883038,
              43.333923
            ],
            [
              -80.2883143,
              43.3339291
            ],
            [
              -80.2883222,
              43.333941
            ],
            [
              -80.2883275,
              43.3339502
            ],
            [
              -80.2883301,
              43.333967
            ],
            [
              -80.2883291,
              43.3339846
            ],
            [
              -80.2883275,
              43.3339969
            ],
            [
              -80.2883291,
              43.3340107
            ],
            [
              -80.2883333,
              43.3340218
            ],
            [
              -80.2883375,
              43.3340329
            ],
            [
              -80.2883475,
              43.334044
            ],
            [
              -80.2883543,
              43.3340562
            ]
          ]
        ]
      }
    },
    {
      "type": "Feature",
      "properties": {
        "@id": "way/895756261",
        "golf": "fairway",
        "landuse": "grass"
      },
      "geometry": {
        "type": "Polygon",
        "coordinates": [
          [
            [
              -80.288358,
              43.3340673
            ],
            [
              -80.2883651,
              43.3340779
            ],
            [
              -80.288366,
              43.3340926
            ],
            [
              -80.2883628,
              43.3341049
            ],
            [
              -80.2883605,
              43.3341176
            ],
            [
              -80.2883692,
              43.3341322
            ],
            [
              -80.2883811,
              43.3341436
            ],
            [
              -80.2884008,
              43.3341486
            ],
            [
              -80.2884091,
              43.3341519
            ],
            [
              -80.2884242,
              43.3341662
            ],
            [
              -80.2884256,
              43.3341809
            ],
            [
              -80.2884205,
              43.3341942
            ],
            [
              -80.2884022,
              43.3342085
            ],
            [
              -80.2883857,
              43.3342199
            ],
            [
              -80.2883651,
              43.3342292
            ],
            [
              -80.288349,
              43.3342379
            ],
            [
              -80.2883266,
              43.3342439
            ],
            [
              -80.2883014,
              43.3342472
            ],
            [
              -80.2882762,
              43.3342442
            ],
            [
              -80.288262,
              43.3342342
            ],
            [
              -80.2882491,
              43.3342182
            ],
            [
              -80.2882432,
              43.3342022
            ],
            [
              -80.2882445,
              43.3341869
            ],
            [
              -80.2882482,
              43.3341746
            ],
            [
              -80.2882496,
              43.3341636
            ],
            [
              -80.2882519,
              43.3341532
            ],
            [
              -80.2882519,
              43.3341449
            ],
            [
              -80.2882505,
              43.3341369
            ],
            [
              -80.2882468,
              43.3341279
            ],
            [
              -80.288208,
              43.3341056
            ],
            [
              -80.2882296,
              43.3341121
            ],
            [
              -80.2882485,
              43.3341183
            ],
            [
              -80.2882791,
              43.3341228
            ],
            [
              -80.2882938,
              43.3341221
            ],
            [
              -80.2883049,
              43.3341152
            ],
            [
              -80.2883201,
              43.3341068
            ],
            [
              -80.288338,
              43.3340968
            ],
            [
              -80.2883507,
              43.3340842
            ],
            [
              -80.288358,
              43.3340673
            ]
          ]
        ]
      }
    },
    {
      "type": "Feature",
      "properties": {
        "@id": "way/895756262",
        "golf": "bunker",
        "natural": "sand"
      },
      "geometry": {
        "type": "Polygon",
        "coordinates": [
          [
            [
              -80.2880432,
              43.334071
            ],
            [
              -80.2880389,
              43.3340591
            ],
            [
              -80.2880438,
              43.3340525
            ],
            [
              -80.2880592,
              43.3340461
            ],
            [
              -80.2880758,
              43.3340453
            ],
            [
              -80.2880834,
              43.3340496
            ],
            [
              -80.2880921,
              43.3340582
            ],
            [
              -80.2880933,
              43.3340677
            ],
            [
              -80.2880888,
              43.3340767
            ],
            [
              -80.2880822,
              43.3340837
            ],
            [
              -80.2880689,
              43.3340851
            ],
            [
              -80.2880583,
              43.3340844
            ],
            [
              -80.2880504,
              43.3340791
            ],
            [
              -80.2880432,
              43.334071
            ]
          ]
        ]
      }
    },
    {
      "type": "Feature",
      "properties": {
        "@id": "way/895756263",
        "golf": "bunker",
        "natural": "sand"
      },
      "geometry": {
        "type": "Polygon",
        "coordinates": [
          [
            [
              -80.2884076,
              43.3339977
            ],
            [
              -80.2884086,
              43.3340076
            ],
            [
              -80.2884142,
              43.3340166
            ],
            [
              -80.2884184,
              43.3340245
            ],
            [
              -80.2884265,
              43.3340338
            ],
            [
              -80.2884334,
              43.3340423
            ],
            [
              -80.2884381,
              43.3340501
            ],
            [
              -80.2884381,
              43.3340557
            ],
            [
              -80.288436,
              43.3340605
            ],
            [
              -80.2884321,
              43.3340637
            ],
            [
              -80.2884258,
              43.3340668
            ],
            [
              -80.2884181,
              43.3340677
            ],
            [
              -80.2884057,
              43.3340641
            ],
            [
              -80.2883936,
              43.3340509
            ],
            [
              -80.288385,
              43.3340444
            ],
            [
              -80.2883768,
              43.3340396
            ],
            [
              -80.2883718,
              43.3340325
            ],
            [
              -80.2883694,
              43.3340249
            ],
            [
              -80.2883694,
              43.3340176
            ],
            [
              -80.2883697,
              43.334008
            ],
            [
              -80.2883676,
              43.3340011
            ],
            [
              -80.288365,
              43.3339946
            ],
            [
              -80.2883647,
              43.3339873
            ],
            [
              -80.2883686,
              43.333982
            ],
            [
              -80.2883744,
              43.3339774
            ],
            [
              -80.2883857,
              43.3339745
            ],
            [
              -80.2883992,
              43.3339781
            ],
            [
              -80.2884055,
              43.3339854
            ],
            [
              -80.2884073,
              43.33399
            ],
            [
              -80.2884076,
              43.3339977
            ]
          ]
        ]
      }
    },
    {
      "type": "Feature",
      "properties": {
        "@id": "way/895756264",
        "golf": "bunker",
        "natural": "sand"
      },
      "geometry": {
        "type": "Polygon",
        "coordinates": [
          [
            [
              -80.2883336,
              43.3339092
            ],
            [
              -80.2883339,
              43.3338998
            ],
            [
              -80.2883378,
              43.3338937
            ],
            [
              -80.2883465,
              43.333888
            ],
            [
              -80.2883552,
              43.3338836
            ],
            [
              -80.28836,
              43.3338759
            ],
            [
              -80.2883684,
              43.3338685
            ],
            [
              -80.2883802,
              43.3338606
            ],
            [
              -80.2883921,
              43.3338581
            ],
            [
              -80.2884076,
              43.3338616
            ],
            [
              -80.2884168,
              43.3338688
            ],
            [
              -80.2884189,
              43.3338807
            ],
            [
              -80.2884205,
              43.3338914
            ],
            [
              -80.2884155,
              43.3339062
            ],
            [
              -80.2884073,
              43.3339159
            ],
            [
              -80.2883957,
              43.3339207
            ],
            [
              -80.2883855,
              43.3339251
            ],
            [
              -80.2883729,
              43.3339263
            ],
            [
              -80.2883592,
              43.3339265
            ],
            [
              -80.2883486,
              43.3339236
            ],
            [
              -80.2883407,
              43.3339188
            ],
            [
              -80.2883336,
              43.3339092
            ]
          ]
        ]
      }
    },
    {
      "type": "Feature",
      "properties": {
        "@id": "way/895756265",
        "golf": "tee",
        "landuse": "grass"
      },
      "geometry": {
        "type": "Polygon",
        "coordinates": [
          [
            [
              -80.2877928,
              43.3338577
            ],
            [
              -80.2877853,
              43.3338512
            ],
            [
              -80.2877811,
              43.3338406
            ],
            [
              -80.2877816,
              43.3338302
            ],
            [
              -80.2877832,
              43.3338222
            ],
            [
              -80.2877896,
              43.3338144
            ],
            [
              -80.2878011,
              43.3338071
            ],
            [
              -80.2878277,
              43.3337994
            ],
            [
              -80.2878499,
              43.3337886
            ],
            [
              -80.2878794,
              43.3337779
            ],
            [
              -80.2878998,
              43.3337727
            ],
            [
              -80.287912,
              43.3337754
            ],
            [
              -80.2879207,
              43.3337796
            ],
            [
              -80.2879241,
              43.3337856
            ],
            [
              -80.2879253,
              43.3337927
            ],
            [
              -80.2879243,
              43.3338009
            ],
            [
              -80.2879172,
              43.3338094
            ],
            [
              -80.2879069,
              43.3338179
            ],
            [
              -80.2878907,
              43.3338272
            ],
            [
              -80.2878744,
              43.3338371
            ],
            [
              -80.2878565,
              43.3338489
            ],
            [
              -80.2878451,
              43.3338561
            ],
            [
              -80.2878274,
              43.3338606
            ],
            [
              -80.28781,
              43.3338614
            ],
            [
              -80.2877928,
              43.3338577
            ]
          ]
        ]
      }
    },
    {
      "type": "Feature",
      "properties": {
        "@id": "way/895756266",
        "golf": "tee",
        "landuse": "grass"
      },
      "geometry": {
        "type": "Polygon",
        "coordinates": [
          [
            [
              -80.2878628,
              43.3337043
            ],
            [
              -80.2878571,
              43.3337154
            ],
            [
              -80.2878463,
              43.3337248
            ],
            [
              -80.2878328,
              43.3337306
            ],
            [
              -80.2878136,
              43.3337353
            ],
            [
              -80.2877978,
              43.3337373
            ],
            [
              -80.2877813,
              43.3337371
            ],
            [
              -80.2877615,
              43.3337309
            ],
            [
              -80.2877447,
              43.3337212
            ],
            [
              -80.2877315,
              43.3337139
            ],
            [
              -80.2877239,
              43.3337009
            ],
            [
              -80.2877215,
              43.3336909
            ],
            [
              -80.2877239,
              43.3336783
            ],
            [
              -80.2877278,
              43.3336666
            ],
            [
              -80.2877447,
              43.3336592
            ],
            [
              -80.287761,
              43.3336523
            ],
            [
              -80.2877847,
              43.3336513
            ],
            [
              -80.2878055,
              43.3336555
            ],
            [
              -80.287826,
              43.333659
            ],
            [
              -80.2878386,
              43.3336637
            ],
            [
              -80.2878481,
              43.3336695
            ],
            [
              -80.2878571,
              43.3336766
            ],
            [
              -80.2878615,
              43.3336846
            ],
            [
              -80.2878639,
              43.3336932
            ],
            [
              -80.2878628,
              43.3337043
            ]
          ]
        ]
      }
    },
    {
      "type": "Feature",
      "properties": {
        "@id": "way/895756267",
        "golf": "tee",
        "landuse": "grass"
      },
      "geometry": {
        "type": "Polygon",
        "coordinates": [
          [
            [
              -80.2877304,
              43.3334512
            ],
            [
              -80.2877469,
              43.3334501
            ],
            [
              -80.2877759,
              43.3334537
            ],
            [
              -80.2877862,
              43.333461
            ],
            [
              -80.2877959,
              43.3334708
            ],
            [
              -80.2878038,
              43.3334823
            ],
            [
              -80.2878075,
              43.3334941
            ],
            [
              -80.2878077,
              43.3335066
            ],
            [
              -80.2877977,
              43.3335156
            ],
            [
              -80.2877869,
              43.3335202
            ],
            [
              -80.2877688,
              43.333523
            ],
            [
              -80.2877472,
              43.3335232
            ],
            [
              -80.2877254,
              43.3335228
            ],
            [
              -80.287709,
              43.3335242
            ],
            [
              -80.2876946,
              43.3335249
            ],
            [
              -80.2876764,
              43.3335242
            ],
            [
              -80.2876617,
              43.3335209
            ],
            [
              -80.2876456,
              43.3335154
            ],
            [
              -80.287638,
              43.3335075
            ],
            [
              -80.2876317,
              43.333498
            ],
            [
              -80.2876309,
              43.3334882
            ],
            [
              -80.2876335,
              43.3334779
            ],
            [
              -80.2876411,
              43.3334702
            ],
            [
              -80.2876519,
              43.3334633
            ],
            [
              -80.2876619,
              43.3334595
            ],
            [
              -80.2876819,
              43.333457
            ],
            [
              -80.2877019,
              43.3334539
            ],
            [
              -80.2877304,
              43.3334512
            ]
          ]
        ]
      }
    },
    {
      "type": "Feature",
      "properties": {
        "@id": "way/895756268",
        "golf": "tee",
        "landuse": "grass"
      },
      "geometry": {
        "type": "Polygon",
        "coordinates": [
          [
            [
              -80.2876443,
              43.3334535
            ],
            [
              -80.2876317,
              43.3334566
            ],
            [
              -80.2876172,
              43.3334579
            ],
            [
              -80.2876046,
              43.3334545
            ],
            [
              -80.2875922,
              43.3334466
            ],
            [
              -80.287589,
              43.333438
            ],
            [
              -80.2875911,
              43.3334262
            ],
            [
              -80.2876014,
              43.3334187
            ],
            [
              -80.2876261,
              43.3334112
            ],
            [
              -80.2876514,
              43.3334068
            ],
            [
              -80.2876806,
              43.3334022
            ],
            [
              -80.2877046,
              43.3333973
            ],
            [
              -80.2877327,
              43.3333919
            ],
            [
              -80.2877596,
              43.3333886
            ],
            [
              -80.2877761,
              43.3333902
            ],
            [
              -80.2877914,
              43.3333929
            ],
            [
              -80.2878006,
              43.3333969
            ],
            [
              -80.2878048,
              43.3334032
            ],
            [
              -80.2878062,
              43.333412
            ],
            [
              -80.2878027,
              43.3334206
            ],
            [
              -80.2877893,
              43.3334298
            ],
            [
              -80.2877748,
              43.3334342
            ],
            [
              -80.2877501,
              43.3334377
            ],
            [
              -80.2877264,
              43.3334407
            ],
            [
              -80.2877019,
              43.333444
            ],
            [
              -80.2876693,
              43.3334495
            ],
            [
              -80.2876443,
              43.3334535
            ]
          ]
        ]
      }
    },
    {
      "type": "Feature",
      "properties": {
        "@id": "way/895756269",
        "golf": "tee",
        "landuse": "grass"
      },
      "geometry": {
        "type": "Polygon",
        "coordinates": [
          [
            [
              -80.2875603,
              43.3323911
            ],
            [
              -80.2875384,
              43.3323813
            ],
            [
              -80.2875205,
              43.3323665
            ],
            [
              -80.2875125,
              43.3323432
            ],
            [
              -80.2875073,
              43.3323189
            ],
            [
              -80.2875085,
              43.3323023
            ],
            [
              -80.2875268,
              43.3322893
            ],
            [
              -80.2875528,
              43.332282
            ],
            [
              -80.2875755,
              43.3322826
            ],
            [
              -80.2875939,
              43.3322899
            ],
            [
              -80.2876042,
              43.3323032
            ],
            [
              -80.2876126,
              43.3323165
            ],
            [
              -80.287619,
              43.3323331
            ],
            [
              -80.287623,
              43.3323485
            ],
            [
              -80.2876214,
              43.3323665
            ],
            [
              -80.2876154,
              43.3323804
            ],
            [
              -80.2876026,
              43.3323882
            ],
            [
              -80.2875823,
              43.3323926
            ],
            [
              -80.2875603,
              43.3323911
            ]
          ]
        ]
      }
    },
    {
      "type": "Feature",
      "properties": {
        "@id": "way/895756270",
        "golf": "fairway",
        "landuse": "grass"
      },
      "geometry": {
        "type": "Polygon",
        "coordinates": [
          [
            [
              -80.2874904,
              43.3316499
            ],
            [
              -80.2874848,
              43.3316883
            ],
            [
              -80.2874946,
              43.3317338
            ],
            [
              -80.2875307,
              43.3317934
            ],
            [
              -80.2875474,
              43.3318268
            ],
            [
              -80.2875654,
              43.3318793
            ],
            [
              -80.2875696,
              43.3319278
            ],
            [
              -80.2875515,
              43.3319834
            ],
            [
              -80.287521,
              43.3320289
            ],
            [
              -80.2874848,
              43.3320652
            ],
            [
              -80.2874557,
              43.3320935
            ],
            [
              -80.2874182,
              43.3321178
            ],
            [
              -80.2873848,
              43.332136
            ],
            [
              -80.2873168,
              43.3321218
            ],
            [
              -80.2872612,
              43.3320996
            ],
            [
              -80.2872306,
              43.3320733
            ],
            [
              -80.287207,
              43.3320379
            ],
            [
              -80.2872042,
              43.3319894
            ],
            [
              -80.2872251,
              43.3319409
            ],
            [
              -80.2872598,
              43.3319046
            ],
            [
              -80.2872723,
              43.3318631
            ],
            [
              -80.2872681,
              43.3318025
            ],
            [
              -80.2872418,
              43.3317581
            ],
            [
              -80.2872362,
              43.3317096
            ],
            [
              -80.2872376,
              43.3316772
            ],
            [
              -80.2872181,
              43.331653
            ],
            [
              -80.287182,
              43.3316146
            ],
            [
              -80.2871792,
              43.3315752
            ],
            [
              -80.2871612,
              43.3315398
            ],
            [
              -80.2871348,
              43.3314994
            ],
            [
              -80.2870903,
              43.3314468
            ],
            [
              -80.2870501,
              43.3313994
            ],
            [
              -80.2870126,
              43.3313367
            ],
            [
              -80.2869959,
              43.3312993
            ],
            [
              -80.2870084,
              43.3312518
            ],
            [
              -80.2870167,
              43.3312074
            ],
            [
              -80.2870264,
              43.3311639
            ],
            [
              -80.287032,
              43.3311175
            ],
            [
              -80.2870264,
              43.3310821
            ],
            [
              -80.2870278,
              43.3310144
            ],
            [
              -80.2870084,
              43.330974
            ],
            [
              -80.2869848,
              43.3309396
            ],
            [
              -80.2869639,
              43.3309083
            ],
            [
              -80.2869111,
              43.3308628
            ],
            [
              -80.2868806,
              43.3308275
            ],
            [
              -80.286832,
              43.330785
            ],
            [
              -80.2868084,
              43.3307547
            ],
            [
              -80.2867931,
              43.3307092
            ],
            [
              -80.2867986,
              43.3306799
            ],
            [
              -80.2868056,
              43.3306516
            ],
            [
              -80.2868,
              43.3306132
            ],
            [
              -80.2867847,
              43.3305819
            ],
            [
              -80.286775,
              43.3305496
            ],
            [
              -80.2867722,
              43.3305223
            ],
            [
              -80.2867695,
              43.3304809
            ],
            [
              -80.2867722,
              43.3304374
            ],
            [
              -80.2867722,
              43.3304122
            ],
            [
              -80.2867625,
              43.3303778
            ],
            [
              -80.2867486,
              43.3303354
            ],
            [
              -80.2867472,
              43.330297
            ],
            [
              -80.2867472,
              43.3302626
            ],
            [
              -80.2867695,
              43.3302242
            ],
            [
              -80.286775,
              43.3301868
            ],
            [
              -80.2868,
              43.3301454
            ],
            [
              -80.2868389,
              43.3301111
            ],
            [
              -80.2868764,
              43.3300919
            ],
            [
              -80.2869306,
              43.3300929
            ],
            [
              -80.2870001,
              43.33011
            ],
            [
              -80.2870501,
              43.3301262
            ],
            [
              -80.2870765,
              43.3301616
            ],
            [
              -80.2871001,
              43.330202
            ],
            [
              -80.2871195,
              43.3302444
            ],
            [
              -80.2871362,
              43.3302758
            ],
            [
              -80.2871348,
              43.3303253
            ],
            [
              -80.2871334,
              43.3303798
            ],
            [
              -80.2871251,
              43.3304071
            ],
            [
              -80.2871153,
              43.3304516
            ],
            [
              -80.2871042,
              43.330489
            ],
            [
              -80.2871001,
              43.3305425
            ],
            [
              -80.2871112,
              43.3306042
            ],
            [
              -80.2871334,
              43.3306476
            ],
            [
              -80.287164,
              43.3306971
            ],
            [
              -80.2871792,
              43.3307365
            ],
            [
              -80.2871779,
              43.3307709
            ],
            [
              -80.2871862,
              43.3308244
            ],
            [
              -80.2872112,
              43.3308952
            ],
            [
              -80.2872251,
              43.3309507
            ],
            [
              -80.2872348,
              43.3310023
            ],
            [
              -80.287232,
              43.3310518
            ],
            [
              -80.2872306,
              43.3310902
            ],
            [
              -80.2872279,
              43.3311265
            ],
            [
              -80.2872293,
              43.3311639
            ],
            [
              -80.2872431,
              43.3312094
            ],
            [
              -80.2872681,
              43.3312559
            ],
            [
              -80.2872945,
              43.3312953
            ],
            [
              -80.2873168,
              43.3313256
            ],
            [
              -80.2873348,
              43.3313519
            ],
            [
              -80.2873529,
              43.331368
            ],
            [
              -80.2873668,
              43.3313913
            ],
            [
              -80.2873807,
              43.3314246
            ],
            [
              -80.2874001,
              43.3314559
            ],
            [
              -80.2874307,
              43.3314842
            ],
            [
              -80.2874529,
              43.3315024
            ],
            [
              -80.2874723,
              43.3315398
            ],
            [
              -80.2874779,
              43.3315671
            ],
            [
              -80.2874876,
              43.3316025
            ],
            [
              -80.2874904,
              43.3316499
            ]
          ]
        ]
      }
    },
    {
      "type": "Feature",
      "properties": {
        "@id": "way/895756271",
        "golf": "bunker",
        "natural": "sand"
      },
      "geometry": {
        "type": "Polygon",
        "coordinates": [
          [
            [
              -80.2866609,
              43.3301666
            ],
            [
              -80.2866606,
              43.3301743
            ],
            [
              -80.2866681,
              43.3301824
            ],
            [
              -80.2866814,
              43.3301882
            ],
            [
              -80.286692,
              43.3301967
            ],
            [
              -80.2867005,
              43.3302049
            ],
            [
              -80.2867041,
              43.3302178
            ],
            [
              -80.2867041,
              43.3302324
            ],
            [
              -80.2866911,
              43.3302407
            ],
            [
              -80.2866784,
              43.3302473
            ],
            [
              -80.2866585,
              43.3302506
            ],
            [
              -80.2866433,
              43.3302486
            ],
            [
              -80.2866313,
              43.3302429
            ],
            [
              -80.2866249,
              43.3302352
            ],
            [
              -80.2866264,
              43.3302244
            ],
            [
              -80.2866343,
              43.3302148
            ],
            [
              -80.2866397,
              43.3302058
            ],
            [
              -80.286637,
              43.3301965
            ],
            [
              -80.2866258,
              43.3301904
            ],
            [
              -80.2866122,
              43.3301827
            ],
            [
              -80.2866016,
              43.3301758
            ],
            [
              -80.2865989,
              43.330166
            ],
            [
              -80.2865998,
              43.3301574
            ],
            [
              -80.2866065,
              43.3301435
            ],
            [
              -80.2866137,
              43.3301343
            ],
            [
              -80.2866222,
              43.3301255
            ],
            [
              -80.2866349,
              43.3301195
            ],
            [
              -80.2866436,
              43.3301176
            ],
            [
              -80.2866585,
              43.3301189
            ],
            [
              -80.2866693,
              43.3301222
            ],
            [
              -80.2866796,
              43.3301279
            ],
            [
              -80.2866848,
              43.3301367
            ],
            [
              -80.2866826,
              43.3301479
            ],
            [
              -80.2866754,
              43.3301558
            ],
            [
              -80.2866675,
              43.3301613
            ],
            [
              -80.2866609,
              43.3301666
            ]
          ]
        ]
      }
    },
    {
      "type": "Feature",
      "properties": {
        "@id": "way/895756272",
        "golf": "bunker",
        "natural": "sand"
      },
      "geometry": {
        "type": "Polygon",
        "coordinates": [
          [
            [
              -80.2868259,
              43.3298683
            ],
            [
              -80.2868179,
              43.3298604
            ],
            [
              -80.2868149,
              43.3298543
            ],
            [
              -80.2868152,
              43.329844
            ],
            [
              -80.2868208,
              43.3298367
            ],
            [
              -80.2868279,
              43.3298339
            ],
            [
              -80.2868404,
              43.3298339
            ],
            [
              -80.2868512,
              43.3298362
            ],
            [
              -80.2868604,
              43.3298409
            ],
            [
              -80.286866,
              43.3298471
            ],
            [
              -80.2868704,
              43.3298539
            ],
            [
              -80.2868719,
              43.3298611
            ],
            [
              -80.2868673,
              43.3298688
            ],
            [
              -80.2868601,
              43.329872
            ],
            [
              -80.2868512,
              43.3298741
            ],
            [
              -80.286843,
              43.3298742
            ],
            [
              -80.2868326,
              43.3298723
            ],
            [
              -80.2868259,
              43.3298683
            ]
          ]
        ]
      }
    },
    {
      "type": "Feature",
      "properties": {
        "@id": "way/895756273",
        "golf": "bunker",
        "natural": "sand"
      },
      "geometry": {
        "type": "Polygon",
        "coordinates": [
          [
            [
              -80.2866879,
              43.3296709
            ],
            [
              -80.2866796,
              43.3296688
            ],
            [
              -80.2866711,
              43.3296647
            ],
            [
              -80.2866658,
              43.3296588
            ],
            [
              -80.2866634,
              43.3296523
            ],
            [
              -80.2866631,
              43.3296433
            ],
            [
              -80.2866661,
              43.3296374
            ],
            [
              -80.2866717,
              43.3296319
            ],
            [
              -80.286678,
              43.3296287
            ],
            [
              -80.2866893,
              43.3296279
            ],
            [
              -80.2867005,
              43.3296297
            ],
            [
              -80.2867088,
              43.3296327
            ],
            [
              -80.2867178,
              43.3296423
            ],
            [
              -80.2867192,
              43.3296487
            ],
            [
              -80.2867181,
              43.3296562
            ],
            [
              -80.2867154,
              43.3296623
            ],
            [
              -80.2867089,
              43.3296675
            ],
            [
              -80.2866996,
              43.3296708
            ],
            [
              -80.2866879,
              43.3296709
            ]
          ]
        ]
      }
    },
    {
      "type": "Feature",
      "properties": {
        "@id": "way/895756274",
        "golf": "bunker",
        "natural": "sand"
      },
      "geometry": {
        "type": "Polygon",
        "coordinates": [
          [
            [
              -80.2864321,
              43.3295794
            ],
            [
              -80.286427,
              43.3295833
            ],
            [
              -80.2864216,
              43.329588
            ],
            [
              -80.286415,
              43.3295897
            ],
            [
              -80.2864071,
              43.3295899
            ],
            [
              -80.2863981,
              43.329589
            ],
            [
              -80.2863925,
              43.3295865
            ],
            [
              -80.2863876,
              43.3295817
            ],
            [
              -80.2863845,
              43.3295761
            ],
            [
              -80.2863841,
              43.3295703
            ],
            [
              -80.2863861,
              43.3295641
            ],
            [
              -80.2863879,
              43.329558
            ],
            [
              -80.2863946,
              43.3295531
            ],
            [
              -80.2864016,
              43.3295491
            ],
            [
              -80.286411,
              43.3295487
            ],
            [
              -80.2864239,
              43.3295503
            ],
            [
              -80.2864333,
              43.3295571
            ],
            [
              -80.2864353,
              43.3295635
            ],
            [
              -80.2864344,
              43.3295703
            ],
            [
              -80.2864338,
              43.3295754
            ],
            [
              -80.2864321,
              43.3295794
            ]
          ]
        ]
      }
    },
    {
      "type": "Feature",
      "properties": {
        "@id": "way/895756275",
        "golf": "green",
        "landuse": "grass"
      },
      "geometry": {
        "type": "Polygon",
        "coordinates": [
          [
            [
              -80.2866034,
              43.3296677
            ],
            [
              -80.286605,
              43.3296816
            ],
            [
              -80.28662,
              43.329696
            ],
            [
              -80.2866358,
              43.3297146
            ],
            [
              -80.2866484,
              43.3297276
            ],
            [
              -80.2866563,
              43.3297391
            ],
            [
              -80.2866621,
              43.3297504
            ],
            [
              -80.2866669,
              43.3297701
            ],
            [
              -80.2866674,
              43.3297829
            ],
            [
              -80.2866644,
              43.3297868
            ],
            [
              -80.2866529,
              43.329802
            ],
            [
              -80.2866448,
              43.3298076
            ],
            [
              -80.2866311,
              43.3298166
            ],
            [
              -80.2866121,
              43.32982
            ],
            [
              -80.2865929,
              43.3298227
            ],
            [
              -80.2865666,
              43.3298223
            ],
            [
              -80.2865524,
              43.329816
            ],
            [
              -80.2865371,
              43.3298109
            ],
            [
              -80.2865232,
              43.3298009
            ],
            [
              -80.2865111,
              43.329793
            ],
            [
              -80.2864921,
              43.3297818
            ],
            [
              -80.2864732,
              43.3297749
            ],
            [
              -80.2864511,
              43.3297655
            ],
            [
              -80.2864371,
              43.3297571
            ],
            [
              -80.2864234,
              43.329741
            ],
            [
              -80.2864221,
              43.3297268
            ],
            [
              -80.28642,
              43.3297161
            ],
            [
              -80.2864208,
              43.3297056
            ],
            [
              -80.2864242,
              43.3296948
            ],
            [
              -80.2864318,
              43.3296839
            ],
            [
              -80.2864442,
              43.3296734
            ],
            [
              -80.2864553,
              43.3296648
            ],
            [
              -80.2864655,
              43.3296523
            ],
            [
              -80.2864674,
              43.3296282
            ],
            [
              -80.2864666,
              43.3296202
            ],
            [
              -80.2864692,
              43.329606
            ],
            [
              -80.2864726,
              43.3295976
            ],
            [
              -80.2864792,
              43.3295899
            ],
            [
              -80.2864918,
              43.3295813
            ],
            [
              -80.2865113,
              43.3295729
            ],
            [
              -80.2865361,
              43.3295673
            ],
            [
              -80.2865571,
              43.3295675
            ],
            [
              -80.2865803,
              43.3295719
            ],
            [
              -80.2865984,
              43.3295798
            ],
            [
              -80.2866095,
              43.3295926
            ],
            [
              -80.2866145,
              43.3296156
            ],
            [
              -80.2866134,
              43.329633
            ],
            [
              -80.2866121,
              43.3296491
            ],
            [
              -80.2866034,
              43.3296677
            ]
          ]
        ]
      }
    },
    {
      "type": "Feature",
      "properties": {
        "@id": "way/895756276",
        "golf": "fairway",
        "landuse": "grass"
      },
      "geometry": {
        "type": "Polygon",
        "coordinates": [
          [
            [
              -80.2866669,
              43.3297701
            ],
            [
              -80.2866674,
              43.3297829
            ],
            [
              -80.2866753,
              43.3297989
            ],
            [
              -80.286689,
              43.3298106
            ],
            [
              -80.2867179,
              43.3298273
            ],
            [
              -80.2867353,
              43.3298369
            ],
            [
              -80.2867523,
              43.3298466
            ],
            [
              -80.2867697,
              43.3298643
            ],
            [
              -80.2867766,
              43.3298863
            ],
            [
              -80.2867679,
              43.3299116
            ],
            [
              -80.2867472,
              43.3299233
            ],
            [
              -80.2867248,
              43.3299323
            ],
            [
              -80.2866909,
              43.3299366
            ],
            [
              -80.2866616,
              43.3299376
            ],
            [
              -80.2866309,
              43.3299336
            ],
            [
              -80.2866038,
              43.3299259
            ],
            [
              -80.2865887,
              43.3299183
            ],
            [
              -80.286574,
              43.3299063
            ],
            [
              -80.2865635,
              43.3298926
            ],
            [
              -80.2865566,
              43.3298673
            ],
            [
              -80.2865475,
              43.3298446
            ],
            [
              -80.2865401,
              43.3298236
            ],
            [
              -80.2865371,
              43.3298109
            ],
            [
              -80.2865524,
              43.329816
            ],
            [
              -80.2865666,
              43.3298223
            ],
            [
              -80.2865929,
              43.3298227
            ],
            [
              -80.2866121,
              43.32982
            ],
            [
              -80.2866311,
              43.3298166
            ],
            [
              -80.2866448,
              43.3298076
            ],
            [
              -80.2866529,
              43.329802
            ],
            [
              -80.2866644,
              43.3297868
            ],
            [
              -80.2866669,
              43.3297701
            ]
          ]
        ]
      }
    },
    {
      "type": "Feature",
      "properties": {
        "@id": "way/895756277",
        "golf": "cartpath",
        "golf_cart": "designated",
        "highway": "service"
      },
      "geometry": {
        "type": "LineString",
        "coordinates": [
          [
            -80.2864461,
            43.3299718
          ],
          [
            -80.2864204,
            43.3299535
          ],
          [
            -80.2864081,
            43.3299295
          ],
          [
            -80.2863994,
            43.3298938
          ],
          [
            -80.2863893,
            43.3298641
          ],
          [
            -80.2863778,
            43.3298355
          ],
          [
            -80.2863595,
            43.3298108
          ],
          [
            -80.2863366,
            43.3297861
          ],
          [
            -80.286305,
            43.3297711
          ],
          [
            -80.2862601,
            43.3297531
          ],
          [
            -80.2862129,
            43.3297262
          ],
          [
            -80.286185,
            43.3296971
          ],
          [
            -80.2861631,
            43.3296623
          ],
          [
            -80.2861483,
            43.3296258
          ],
          [
            -80.2861447,
            43.3296034
          ],
          [
            -80.2861515,
            43.3295822
          ],
          [
            -80.2861619,
            43.3295669
          ],
          [
            -80.2861778,
            43.3295512
          ],
          [
            -80.2862141,
            43.3295271
          ],
          [
            -80.2862704,
            43.3294926
          ],
          [
            -80.2863039,
            43.3294676
          ],
          [
            -80.2863545,
            43.3294351
          ],
          [
            -80.2863924,
            43.3294058
          ],
          [
            -80.2864007,
            43.3293913
          ],
          [
            -80.2864029,
            43.3293693
          ],
          [
            -80.2863891,
            43.3293092
          ]
        ]
      }
    },
    {
      "type": "Feature",
      "properties": {
        "@id": "way/895756278",
        "golf": "fairway",
        "landuse": "grass"
      },
      "geometry": {
        "type": "Polygon",
        "coordinates": [
          [
            [
              -80.2913225,
              43.3281183
            ],
            [
              -80.291298,
              43.3281176
            ],
            [
              -80.2912507,
              43.3281176
            ],
            [
              -80.2912265,
              43.3281176
            ],
            [
              -80.2912001,
              43.3281341
            ],
            [
              -80.2911743,
              43.3281498
            ],
            [
              -80.2911275,
              43.3281651
            ],
            [
              -80.2910938,
              43.3281728
            ],
            [
              -80.2910517,
              43.3281754
            ],
            [
              -80.2910096,
              43.3281705
            ],
            [
              -80.2909854,
              43.3281559
            ],
            [
              -80.2909775,
              43.3281402
            ],
            [
              -80.2909722,
              43.3281218
            ],
            [
              -80.2909827,
              43.3281054
            ],
            [
              -80.2910022,
              43.3280862
            ],
            [
              -80.2910306,
              43.3280797
            ],
            [
              -80.2910691,
              43.3280724
            ],
            [
              -80.2911101,
              43.3280598
            ],
            [
              -80.2911438,
              43.3280342
            ],
            [
              -80.2911817,
              43.3280131
            ],
            [
              -80.2912143,
              43.328002
            ],
            [
              -80.2912549,
              43.3279985
            ],
            [
              -80.2912944,
              43.3279951
            ],
            [
              -80.291301,
              43.328
            ],
            [
              -80.2912656,
              43.3280126
            ],
            [
              -80.2912355,
              43.3280325
            ],
            [
              -80.2912386,
              43.3280796
            ],
            [
              -80.2912694,
              43.3280981
            ],
            [
              -80.2913225,
              43.3281183
            ]
          ]
        ]
      }
    },
    {
      "type": "Feature",
      "properties": {
        "@id": "way/895756279",
        "golf": "water_hazard",
        "natural": "water"
      },
      "geometry": {
        "type": "Polygon",
        "coordinates": [
          [
            [
              -80.2910641,
              43.3286848
            ],
            [
              -80.2910429,
              43.3287094
            ],
            [
              -80.2910151,
              43.3287358
            ],
            [
              -80.2909813,
              43.3287384
            ],
            [
              -80.2909523,
              43.3287129
            ],
            [
              -80.2909408,
              43.3286632
            ],
            [
              -80.2909111,
              43.3286201
            ],
            [
              -80.2908706,
              43.3285836
            ],
            [
              -80.290838,
              43.3285722
            ],
            [
              -80.290786,
              43.3285405
            ],
            [
              -80.2907545,
              43.3285198
            ],
            [
              -80.2907509,
              43.3285014
            ],
            [
              -80.2907902,
              43.3284741
            ],
            [
              -80.2908325,
              43.3284521
            ],
            [
              -80.2908646,
              43.3284354
            ],
            [
              -80.2909105,
              43.3284292
            ],
            [
              -80.2909589,
              43.3284226
            ],
            [
              -80.2910103,
              43.3284297
            ],
            [
              -80.2910351,
              43.3284292
            ],
            [
              -80.2910962,
              43.3284297
            ],
            [
              -80.2911494,
              43.3284253
            ],
            [
              -80.2911899,
              43.3284253
            ],
            [
              -80.2912147,
              43.3284363
            ],
            [
              -80.2912249,
              43.3284684
            ],
            [
              -80.2912201,
              43.3284978
            ],
            [
              -80.2912171,
              43.3285304
            ],
            [
              -80.2912014,
              43.3285647
            ],
            [
              -80.2911772,
              43.3285955
            ],
            [
              -80.2911554,
              43.328628
            ],
            [
              -80.2911058,
              43.3286588
            ],
            [
              -80.2910641,
              43.3286848
            ]
          ]
        ]
      }
    },
    {
      "type": "Feature",
      "properties": {
        "@id": "way/895756280",
        "golf": "green",
        "landuse": "grass"
      },
      "geometry": {
        "type": "Polygon",
        "coordinates": [
          [
            [
              -80.2919554,
              43.3300484
            ],
            [
              -80.2919628,
              43.3300821
            ],
            [
              -80.2919739,
              43.3301154
            ],
            [
              -80.2919891,
              43.3301464
            ],
            [
              -80.2920044,
              43.3301655
            ],
            [
              -80.2920054,
              43.3301931
            ],
            [
              -80.2919954,
              43.3302123
            ],
            [
              -80.2919702,
              43.3302257
            ],
            [
              -80.2919307,
              43.330231
            ],
            [
              -80.291896,
              43.3302157
            ],
            [
              -80.2918649,
              43.3301977
            ],
            [
              -80.2918507,
              43.3301698
            ],
            [
              -80.2918328,
              43.3301349
            ],
            [
              -80.2918207,
              43.3301016
            ],
            [
              -80.2918149,
              43.3300591
            ],
            [
              -80.2918328,
              43.3300243
            ],
            [
              -80.2918602,
              43.3300044
            ],
            [
              -80.2919049,
              43.3300024
            ],
            [
              -80.2919418,
              43.3300135
            ],
            [
              -80.2919518,
              43.3300285
            ],
            [
              -80.2919554,
              43.3300484
            ]
          ]
        ]
      }
    },
    {
      "type": "Feature",
      "properties": {
        "@id": "way/895756281",
        "golf": "water_hazard",
        "natural": "water"
      },
      "geometry": {
        "type": "Polygon",
        "coordinates": [
          [
            [
              -80.2934513,
              43.332066
            ],
            [
              -80.2933727,
              43.3320414
            ],
            [
              -80.2933062,
              43.3319904
            ],
            [
              -80.2932735,
              43.3319288
            ],
            [
              -80.2932639,
              43.3318347
            ],
            [
              -80.2932361,
              43.3317784
            ],
            [
              -80.293178,
              43.3317608
            ],
            [
              -80.29312,
              43.3317397
            ],
            [
              -80.2930897,
              43.3316948
            ],
            [
              -80.293074,
              43.3316297
            ],
            [
              -80.2930958,
              43.3315866
            ],
            [
              -80.2931333,
              43.3315277
            ],
            [
              -80.2931623,
              43.3314811
            ],
            [
              -80.2932252,
              43.3314793
            ],
            [
              -80.2932808,
              43.3315207
            ],
            [
              -80.2933316,
              43.3315611
            ],
            [
              -80.2934356,
              43.3315875
            ],
            [
              -80.2935166,
              43.3316051
            ],
            [
              -80.2936013,
              43.331613
            ],
            [
              -80.2937174,
              43.3316579
            ],
            [
              -80.2937657,
              43.3316922
            ],
            [
              -80.2938443,
              43.3317432
            ],
            [
              -80.2939084,
              43.3317652
            ],
            [
              -80.2939483,
              43.3318065
            ],
            [
              -80.2939761,
              43.3318611
            ],
            [
              -80.2939653,
              43.3319288
            ],
            [
              -80.2938492,
              43.3319613
            ],
            [
              -80.2936835,
              43.3319825
            ],
            [
              -80.2935589,
              43.3320194
            ],
            [
              -80.2934985,
              43.3320467
            ],
            [
              -80.2934513,
              43.332066
            ]
          ]
        ]
      }
    },
    {
      "type": "Feature",
      "properties": {
        "@id": "way/895756282",
        "golf": "water_hazard",
        "natural": "water"
      },
      "geometry": {
        "type": "Polygon",
        "coordinates": [
          [
            [
              -80.2936546,
              43.3325915
            ],
            [
              -80.293582,
              43.3326091
            ],
            [
              -80.2935264,
              43.3326223
            ],
            [
              -80.2934708,
              43.3326346
            ],
            [
              -80.2934248,
              43.3326443
            ],
            [
              -80.2933619,
              43.3326452
            ],
            [
              -80.2933257,
              43.3326214
            ],
            [
              -80.2933051,
              43.3325792
            ],
            [
              -80.293299,
              43.3325431
            ],
            [
              -80.293299,
              43.3325115
            ],
            [
              -80.2933232,
              43.3324772
            ],
            [
              -80.293339,
              43.3324473
            ],
            [
              -80.2933559,
              43.33242
            ],
            [
              -80.2934139,
              43.3324349
            ],
            [
              -80.2934768,
              43.3324446
            ],
            [
              -80.2934986,
              43.332449
            ],
            [
              -80.2935336,
              43.3324648
            ],
            [
              -80.2935808,
              43.3324666
            ],
            [
              -80.2936231,
              43.3324772
            ],
            [
              -80.2936594,
              43.3324991
            ],
            [
              -80.2936667,
              43.3325379
            ],
            [
              -80.2936703,
              43.3325616
            ],
            [
              -80.2936546,
              43.3325915
            ]
          ]
        ]
      }
    },
    {
      "type": "Feature",
      "properties": {
        "@id": "way/895756283",
        "golf": "water_hazard",
        "natural": "water"
      },
      "geometry": {
        "type": "Polygon",
        "coordinates": [
          [
            [
              -80.2937271,
              43.3326742
            ],
            [
              -80.293709,
              43.3326364
            ],
            [
              -80.2936243,
              43.3326328
            ],
            [
              -80.2935856,
              43.3326592
            ],
            [
              -80.2935736,
              43.3326944
            ],
            [
              -80.2935869,
              43.3327261
            ],
            [
              -80.293628,
              43.3327507
            ],
            [
              -80.2936945,
              43.3328
            ],
            [
              -80.2937344,
              43.3328387
            ],
            [
              -80.293761,
              43.3329258
            ],
            [
              -80.2937404,
              43.3329785
            ],
            [
              -80.2937308,
              43.3330146
            ],
            [
              -80.2937126,
              43.3330595
            ],
            [
              -80.2936896,
              43.3331114
            ],
            [
              -80.2936509,
              43.3331668
            ],
            [
              -80.2936219,
              43.3332037
            ],
            [
              -80.2935663,
              43.33326
            ],
            [
              -80.2935312,
              43.3332758
            ],
            [
              -80.293478,
              43.3332978
            ],
            [
              -80.2934284,
              43.3332969
            ],
            [
              -80.293403,
              43.3332767
            ],
            [
              -80.2933934,
              43.3332556
            ],
            [
              -80.2933474,
              43.3332503
            ],
            [
              -80.2932954,
              43.3332459
            ],
            [
              -80.2932471,
              43.3332354
            ],
            [
              -80.293212,
              43.3332248
            ],
            [
              -80.2931745,
              43.3332116
            ],
            [
              -80.2931285,
              43.3332785
            ],
            [
              -80.2931104,
              43.3333172
            ],
            [
              -80.2930959,
              43.3333348
            ],
            [
              -80.2930862,
              43.3333726
            ],
            [
              -80.2930802,
              43.3334192
            ],
            [
              -80.2930681,
              43.3334553
            ],
            [
              -80.2930548,
              43.3334905
            ],
            [
              -80.2930354,
              43.3335731
            ],
            [
              -80.2930511,
              43.3336048
            ],
            [
              -80.2930741,
              43.3336382
            ],
            [
              -80.2931189,
              43.3336602
            ],
            [
              -80.2931709,
              43.3336593
            ],
            [
              -80.2932374,
              43.3336549
            ],
            [
              -80.2932773,
              43.3336461
            ],
            [
              -80.2933111,
              43.3336189
            ],
            [
              -80.2933377,
              43.333589
            ],
            [
              -80.2933668,
              43.3335599
            ],
            [
              -80.2934139,
              43.3335582
            ],
            [
              -80.2935119,
              43.3335758
            ],
            [
              -80.2935844,
              43.333574
            ],
            [
              -80.2936231,
              43.333574
            ],
            [
              -80.2936715,
              43.3335626
            ],
            [
              -80.2937465,
              43.3335248
            ],
            [
              -80.2937646,
              43.3334949
            ],
            [
              -80.2937864,
              43.333472
            ],
            [
              -80.293923,
              43.3334562
            ],
            [
              -80.2939629,
              43.3334606
            ],
            [
              -80.2940113,
              43.3334386
            ],
            [
              -80.2940391,
              43.3334192
            ],
            [
              -80.2940742,
              43.3333691
            ],
            [
              -80.2940633,
              43.3333198
            ],
            [
              -80.29405,
              43.3332688
            ],
            [
              -80.294027,
              43.3332081
            ],
            [
              -80.2939956,
              43.3330982
            ],
            [
              -80.2940343,
              43.333041
            ],
            [
              -80.2940295,
              43.3329908
            ],
            [
              -80.2940149,
              43.3329363
            ],
            [
              -80.2940028,
              43.3328721
            ],
            [
              -80.2939871,
              43.3328061
            ],
            [
              -80.2939883,
              43.3327868
            ],
            [
              -80.2939255,
              43.3327736
            ],
            [
              -80.293842,
              43.3327648
            ],
            [
              -80.2937912,
              43.3327419
            ],
            [
              -80.2937489,
              43.3327331
            ],
            [
              -80.2937199,
              43.3327015
            ],
            [
              -80.2937271,
              43.3326742
            ]
          ]
        ]
      }
    },
    {
      "type": "Feature",
      "properties": {
        "@id": "way/895756284",
        "golf": "cartpath",
        "golf_cart": "designated",
        "highway": "service"
      },
      "geometry": {
        "type": "LineString",
        "coordinates": [
          [
            -80.2928816,
            43.3328737
          ],
          [
            -80.2929099,
            43.3328868
          ],
          [
            -80.2929362,
            43.332908
          ],
          [
            -80.292963,
            43.3329379
          ],
          [
            -80.2929905,
            43.3329617
          ],
          [
            -80.2930184,
            43.3329895
          ],
          [
            -80.2930372,
            43.3330104
          ],
          [
            -80.2930555,
            43.3330272
          ],
          [
            -80.2930802,
            43.3330533
          ],
          [
            -80.2931062,
            43.3330771
          ],
          [
            -80.2931385,
            43.3331062
          ],
          [
            -80.2931536,
            43.3331044
          ],
          [
            -80.2931744,
            43.3330876
          ],
          [
            -80.2931752,
            43.33306
          ],
          [
            -80.2931728,
            43.3330301
          ],
          [
            -80.2931608,
            43.3329947
          ],
          [
            -80.293148,
            43.3329605
          ],
          [
            -80.2931289,
            43.332926
          ],
          [
            -80.2930914,
            43.3328787
          ],
          [
            -80.2930758,
            43.3328508
          ],
          [
            -80.2930607,
            43.3328232
          ],
          [
            -80.2930591,
            43.3327986
          ],
          [
            -80.2930599,
            43.3327646
          ]
        ]
      }
    },
    {
      "type": "Feature",
      "properties": {
        "@id": "way/895756285",
        "golf": "cartpath",
        "golf_cart": "designated",
        "highway": "service"
      },
      "geometry": {
        "type": "LineString",
        "coordinates": [
          [
            -80.292728,
            43.3327014
          ],
          [
            -80.2927347,
            43.3326651
          ],
          [
            -80.2927262,
            43.332623
          ],
          [
            -80.2926957,
            43.3325809
          ],
          [
            -80.2926515,
            43.3325418
          ],
          [
            -80.2925957,
            43.3325027
          ],
          [
            -80.2925567,
            43.332456
          ],
          [
            -80.2925283,
            43.332407
          ],
          [
            -80.2924957,
            43.3323565
          ],
          [
            -80.2924683,
            43.3322929
          ],
          [
            -80.2924557,
            43.3322355
          ],
          [
            -80.2924546,
            43.332201
          ],
          [
            -80.292482,
            43.3321321
          ],
          [
            -80.2925062,
            43.3320778
          ],
          [
            -80.2925152,
            43.3320413
          ],
          [
            -80.2925176,
            43.3320123
          ],
          [
            -80.2925091,
            43.3319758
          ],
          [
            -80.2924916,
            43.3319292
          ],
          [
            -80.2924747,
            43.3318681
          ],
          [
            -80.2924451,
            43.3318047
          ],
          [
            -80.2924233,
            43.3317577
          ],
          [
            -80.2924154,
            43.3317273
          ],
          [
            -80.2924148,
            43.3316891
          ],
          [
            -80.2924263,
            43.3316482
          ],
          [
            -80.2924372,
            43.3316121
          ],
          [
            -80.2924457,
            43.331573
          ],
          [
            -80.2924487,
            43.3315382
          ],
          [
            -80.292442,
            43.3315061
          ],
          [
            -80.2924178,
            43.3314261
          ],
          [
            -80.2923858,
            43.3313583
          ],
          [
            -80.2923671,
            43.3313209
          ],
          [
            -80.2923398,
            43.3312814
          ],
          [
            -80.2923211,
            43.3312492
          ],
          [
            -80.292306,
            43.3312048
          ],
          [
            -80.2922975,
            43.3311635
          ],
          [
            -80.2922993,
            43.3311265
          ],
          [
            -80.2922999,
            43.3310962
          ],
          [
            -80.2922945,
            43.3310685
          ],
          [
            -80.292283,
            43.3310461
          ],
          [
            -80.2922685,
            43.331032
          ],
          [
            -80.2922516,
            43.3309999
          ],
          [
            -80.2922371,
            43.3309625
          ],
          [
            -80.2922298,
            43.3309062
          ],
          [
            -80.2922238,
            43.3308591
          ],
          [
            -80.2922111,
            43.3308147
          ],
          [
            -80.2922129,
            43.3307602
          ],
          [
            -80.2922111,
            43.3307245
          ],
          [
            -80.2922038,
            43.3307052
          ],
          [
            -80.2921808,
            43.3306876
          ],
          [
            -80.2921318,
            43.3306529
          ],
          [
            -80.2920944,
            43.3306212
          ],
          [
            -80.2920714,
            43.3306076
          ],
          [
            -80.2920714,
            43.3305526
          ],
          [
            -80.2920732,
            43.33048
          ],
          [
            -80.2920738,
            43.3304281
          ],
          [
            -80.2920702,
            43.3303916
          ],
          [
            -80.2920581,
            43.3303621
          ],
          [
            -80.2920393,
            43.3303358
          ],
          [
            -80.2920091,
            43.3303102
          ],
          [
            -80.291968,
            43.3302869
          ],
          [
            -80.291913,
            43.3302649
          ],
          [
            -80.2918779,
            43.330246
          ],
          [
            -80.2918368,
            43.3302095
          ],
          [
            -80.2918053,
            43.3301669
          ],
          [
            -80.2917812,
            43.3301114
          ],
          [
            -80.2917703,
            43.330049
          ],
          [
            -80.2917703,
            43.3300244
          ],
          [
            -80.2917787,
            43.3299865
          ],
          [
            -80.2917763,
            43.3299452
          ],
          [
            -80.2917733,
            43.3298937
          ],
          [
            -80.2917745,
            43.3298563
          ],
          [
            -80.291783,
            43.3298088
          ],
          [
            -80.2917878,
            43.3297649
          ],
          [
            -80.2917896,
            43.3297262
          ],
          [
            -80.291789,
            43.329676
          ],
          [
            -80.2917763,
            43.3296254
          ],
          [
            -80.2917709,
            43.3295977
          ],
          [
            -80.2917733,
            43.3295445
          ],
          [
            -80.2917854,
            43.3294825
          ],
          [
            -80.2918047,
            43.3294139
          ],
          [
            -80.2918235,
            43.3293633
          ],
          [
            -80.2918501,
            43.3293171
          ],
          [
            -80.2918839,
            43.3292833
          ],
          [
            -80.2919232,
            43.3292582
          ],
          [
            -80.2919583,
            43.3292401
          ],
          [
            -80.2919994,
            43.329212
          ],
          [
            -80.2920412,
            43.3291746
          ],
          [
            -80.2920605,
            43.3291443
          ],
          [
            -80.2920762,
            43.3291122
          ],
          [
            -80.2920811,
            43.3290836
          ],
          [
            -80.2920811,
            43.329051
          ],
          [
            -80.292075,
            43.3290334
          ],
          [
            -80.2920732,
            43.3290022
          ],
          [
            -80.2920653,
            43.3289701
          ],
          [
            -80.2920581,
            43.3289397
          ],
          [
            -80.2920605,
            43.3288953
          ],
          [
            -80.292072,
            43.3288703
          ],
          [
            -80.2920974,
            43.3288298
          ],
          [
            -80.2921258,
            43.3287986
          ],
          [
            -80.2921361,
            43.3287475
          ],
          [
            -80.2921415,
            43.3286956
          ],
          [
            -80.2921367,
            43.3286613
          ],
          [
            -80.2921264,
            43.3286305
          ],
          [
            -80.2921083,
            43.3285888
          ],
          [
            -80.2920944,
            43.3285492
          ],
          [
            -80.2920823,
            43.3285043
          ],
          [
            -80.2920726,
            43.3284665
          ],
          [
            -80.2920581,
            43.3284221
          ],
          [
            -80.2920405,
            43.328379
          ],
          [
            -80.2920242,
            43.3283332
          ],
          [
            -80.2920115,
            43.3282804
          ],
          [
            -80.291991,
            43.3282215
          ],
          [
            -80.2919674,
            43.3281727
          ],
          [
            -80.2919426,
            43.3281322
          ],
          [
            -80.2919208,
            43.3280948
          ],
          [
            -80.2918876,
            43.3280618
          ],
          [
            -80.2918652,
            43.3280288
          ],
          [
            -80.291844,
            43.3279901
          ],
          [
            -80.2918132,
            43.3279624
          ],
          [
            -80.29176,
            43.3279352
          ],
          [
            -80.291705,
            43.3279101
          ],
          [
            -80.2916439,
            43.3278863
          ],
          [
            -80.2916094,
            43.3278793
          ],
          [
            -80.2915623,
            43.3278793
          ],
          [
            -80.2915193,
            43.3278877
          ],
          [
            -80.2914782,
            43.3278973
          ],
          [
            -80.2914214,
            43.3279044
          ],
          [
            -80.2913561,
            43.3279176
          ],
          [
            -80.291292,
            43.327925
          ],
          [
            -80.2912255,
            43.3279193
          ],
          [
            -80.2911844,
            43.3279228
          ],
          [
            -80.2911421,
            43.3279435
          ],
          [
            -80.2911191,
            43.3279576
          ],
          [
            -80.2910774,
            43.3279796
          ],
          [
            -80.2910362,
            43.3279893
          ],
          [
            -80.2909933,
            43.3279954
          ],
          [
            -80.2909534,
            43.3279923
          ],
          [
            -80.2909256,
            43.3279923
          ],
          [
            -80.2908712,
            43.3280003
          ],
          [
            -80.2908198,
            43.3280099
          ],
          [
            -80.2907865,
            43.328017
          ],
          [
            -80.2907587,
            43.3280288
          ]
        ]
      }
    },
    {
      "type": "Feature",
      "properties": {
        "@id": "way/895756286",
        "golf": "cartpath",
        "golf_cart": "designated",
        "highway": "service"
      },
      "geometry": {
        "type": "LineString",
        "coordinates": [
          [
            -80.2920714,
            43.3306076
          ],
          [
            -80.2920389,
            43.3306086
          ],
          [
            -80.2919903,
            43.330606
          ],
          [
            -80.2919518,
            43.330596
          ],
          [
            -80.2918969,
            43.3305807
          ],
          [
            -80.2918574,
            43.330572
          ],
          [
            -80.2918144,
            43.3305767
          ],
          [
            -80.2917594,
            43.330582
          ],
          [
            -80.2917246,
            43.3305873
          ],
          [
            -80.2916861,
            43.3305847
          ],
          [
            -80.2916512,
            43.3305747
          ],
          [
            -80.2916201,
            43.330554
          ],
          [
            -80.2915862,
            43.330522
          ],
          [
            -80.2915495,
            43.330476
          ],
          [
            -80.2915184,
            43.3304327
          ],
          [
            -80.2914625,
            43.330388
          ],
          [
            -80.2914249,
            43.3303493
          ],
          [
            -80.2913855,
            43.3303153
          ],
          [
            -80.2913351,
            43.3302687
          ],
          [
            -80.2912672,
            43.3302213
          ],
          [
            -80.2912031,
            43.3301847
          ],
          [
            -80.2911224,
            43.33015
          ]
        ]
      }
    },
    {
      "type": "Feature",
      "properties": {
        "@id": "way/895756287",
        "golf": "cartpath",
        "golf_cart": "designated",
        "highway": "service"
      },
      "geometry": {
        "type": "LineString",
        "coordinates": [
          [
            -80.2924546,
            43.332201
          ],
          [
            -80.2924359,
            43.3322186
          ],
          [
            -80.2924111,
            43.3322458
          ],
          [
            -80.2923811,
            43.3322677
          ],
          [
            -80.2923511,
            43.332278
          ],
          [
            -80.2922753,
            43.3323105
          ],
          [
            -80.2922364,
            43.3323243
          ],
          [
            -80.2922053,
            43.3323469
          ],
          [
            -80.2921753,
            43.3323802
          ],
          [
            -80.2921595,
            43.3324212
          ],
          [
            -80.2921506,
            43.3324556
          ],
          [
            -80.2921443,
            43.3324947
          ],
          [
            -80.2921474,
            43.3325161
          ],
          [
            -80.2921553,
            43.3325533
          ],
          [
            -80.2921653,
            43.3325808
          ],
          [
            -80.2921785,
            43.3326107
          ],
          [
            -80.2921837,
            43.3326321
          ],
          [
            -80.2921922,
            43.3326582
          ],
          [
            -80.2922006,
            43.332693
          ],
          [
            -80.2922058,
            43.3327259
          ],
          [
            -80.2922158,
            43.3327639
          ],
          [
            -80.2922374,
            43.3328159
          ],
          [
            -80.2922532,
            43.3328542
          ],
          [
            -80.2922601,
            43.3328764
          ],
          [
            -80.2922469,
            43.3329166
          ],
          [
            -80.2922322,
            43.3329354
          ],
          [
            -80.2922153,
            43.332961
          ],
          [
            -80.2921922,
            43.3329936
          ],
          [
            -80.2921764,
            43.333028
          ],
          [
            -80.2921474,
            43.333074
          ],
          [
            -80.2921211,
            43.3331119
          ],
          [
            -80.2921095,
            43.3331498
          ],
          [
            -80.2921043,
            43.3331873
          ],
          [
            -80.2920953,
            43.3332195
          ],
          [
            -80.2920874,
            43.3332489
          ],
          [
            -80.2920827,
            43.3332922
          ],
          [
            -80.29209,
            43.3333263
          ],
          [
            -80.2921079,
            43.3333692
          ],
          [
            -80.2921248,
            43.3334193
          ],
          [
            -80.2921311,
            43.3334529
          ]
        ]
      }
    },
    {
      "type": "Feature",
      "properties": {
        "@id": "way/895756288",
        "golf": "cartpath",
        "golf_cart": "designated",
        "highway": "service"
      },
      "geometry": {
        "type": "LineString",
        "coordinates": [
          [
            -80.2913004,
            43.3314403
          ],
          [
            -80.2913164,
            43.3314775
          ],
          [
            -80.2913252,
            43.3315152
          ],
          [
            -80.2913252,
            43.3315611
          ],
          [
            -80.2913451,
            43.3316104
          ],
          [
            -80.2913946,
            43.3316562
          ],
          [
            -80.2914221,
            43.3316855
          ],
          [
            -80.291454,
            43.3317076
          ],
          [
            -80.2914899,
            43.3317337
          ],
          [
            -80.2915274,
            43.3317653
          ],
          [
            -80.2915561,
            43.3317862
          ],
          [
            -80.2915885,
            43.3318199
          ],
          [
            -80.29161,
            43.3318486
          ],
          [
            -80.2916335,
            43.3318788
          ],
          [
            -80.2916503,
            43.3319157
          ],
          [
            -80.2916678,
            43.3319589
          ],
          [
            -80.2916898,
            43.3320021
          ],
          [
            -80.2917089,
            43.332032
          ],
          [
            -80.2917229,
            43.3320694
          ],
          [
            -80.2917225,
            43.3320938
          ],
          [
            -80.2917105,
            43.3321089
          ],
          [
            -80.2916886,
            43.3321193
          ],
          [
            -80.2916599,
            43.332131
          ],
          [
            -80.2916327,
            43.3321391
          ],
          [
            -80.2915905,
            43.3321547
          ],
          [
            -80.2915554,
            43.3321748
          ],
          [
            -80.2915238,
            43.3321896
          ],
          [
            -80.2914935,
            43.3322015
          ],
          [
            -80.2914608,
            43.3322113
          ],
          [
            -80.2914345,
            43.3322131
          ],
          [
            -80.2914141,
            43.3322096
          ],
          [
            -80.2913862,
            43.3321965
          ],
          [
            -80.2913703,
            43.3321707
          ],
          [
            -80.2913519,
            43.3321443
          ],
          [
            -80.2913284,
            43.3321124
          ],
          [
            -80.2913004,
            43.3320799
          ],
          [
            -80.2912761,
            43.3320474
          ],
          [
            -80.291243,
            43.3320027
          ],
          [
            -80.2912119,
            43.3319656
          ],
          [
            -80.2911724,
            43.3319188
          ],
          [
            -80.2911497,
            43.3318797
          ],
          [
            -80.2911397,
            43.3318588
          ],
          [
            -80.2911365,
            43.3318306
          ],
          [
            -80.2911397,
            43.3317903
          ],
          [
            -80.2911397,
            43.3317505
          ],
          [
            -80.2911409,
            43.3317041
          ],
          [
            -80.2911421,
            43.3316911
          ]
        ]
      }
    },
    {
      "type": "Feature",
      "properties": {
        "@id": "way/895756289",
        "golf": "bunker",
        "natural": "sand"
      },
      "geometry": {
        "type": "Polygon",
        "coordinates": [
          [
            [
              -80.2867339,
              43.3297365
            ],
            [
              -80.2867555,
              43.3297321
            ],
            [
              -80.2867724,
              43.3297399
            ],
            [
              -80.2867816,
              43.3297494
            ],
            [
              -80.2867793,
              43.3297629
            ],
            [
              -80.2867709,
              43.3297758
            ],
            [
              -80.2867562,
              43.3297803
            ],
            [
              -80.2867285,
              43.3297746
            ],
            [
              -80.2867177,
              43.3297662
            ],
            [
              -80.2867162,
              43.32975
            ],
            [
              -80.2867223,
              43.3297399
            ],
            [
              -80.2867339,
              43.3297365
            ]
          ]
        ]
      }
    },
    {
      "type": "Feature",
      "properties": {
        "@id": "way/895759498",
        "golf": "cartpath",
        "golf_cart": "designated",
        "highway": "service"
      },
      "geometry": {
        "type": "LineString",
        "coordinates": [
          [
            -80.2884567,
            43.3285743
          ],
          [
            -80.2884171,
            43.3285803
          ],
          [
            -80.2883622,
            43.3285899
          ],
          [
            -80.2883266,
            43.3286002
          ],
          [
            -80.2882941,
            43.3286172
          ],
          [
            -80.2882666,
            43.3286372
          ],
          [
            -80.2882443,
            43.3286623
          ],
          [
            -80.288226,
            43.3286786
          ],
          [
            -80.2881985,
            43.3286845
          ],
          [
            -80.2881548,
            43.3286867
          ],
          [
            -80.2881223,
            43.3286793
          ],
          [
            -80.2880735,
            43.3286623
          ],
          [
            -80.2880339,
            43.3286557
          ],
          [
            -80.2879993,
            43.3286557
          ],
          [
            -80.2879688,
            43.3286697
          ],
          [
            -80.2879343,
            43.3286904
          ],
          [
            -80.2878896,
            43.3287082
          ],
          [
            -80.2878347,
            43.3287141
          ],
          [
            -80.2877991,
            43.3287141
          ],
          [
            -80.2877442,
            43.3287067
          ],
          [
            -80.2876782,
            43.3287133
          ],
          [
            -80.2876345,
            43.3287222
          ],
          [
            -80.2875928,
            43.3287318
          ],
          [
            -80.2875369,
            43.3287473
          ],
          [
            -80.2875094,
            43.3287673
          ],
          [
            -80.287479,
            43.3287947
          ],
          [
            -80.2874454,
            43.3288183
          ],
          [
            -80.2874037,
            43.3288272
          ],
          [
            -80.2873651,
            43.328825
          ],
          [
            -80.2873255,
            43.328808
          ],
          [
            -80.287294,
            43.3287902
          ],
          [
            -80.2872482,
            43.328771
          ],
          [
            -80.2872213,
            43.3287595
          ],
          [
            -80.2872015,
            43.3287557
          ],
          [
            -80.2871806,
            43.3287548
          ],
          [
            -80.2871425,
            43.3287555
          ],
          [
            -80.2871197,
            43.3287552
          ],
          [
            -80.2870933,
            43.3287542
          ],
          [
            -80.2870607,
            43.3287535
          ],
          [
            -80.2870205,
            43.3287542
          ],
          [
            -80.2869753,
            43.3287565
          ]
        ]
      }
    },
    {
      "type": "Feature",
      "properties": {
        "@id": "way/895759499",
        "golf": "cartpath",
        "golf_cart": "designated",
        "highway": "service"
      },
      "geometry": {
        "type": "LineString",
        "coordinates": [
          [
            -80.2909016,
            43.3291452
          ],
          [
            -80.2908989,
            43.3291091
          ],
          [
            -80.290906,
            43.3290731
          ],
          [
            -80.2909131,
            43.3290448
          ],
          [
            -80.2909334,
            43.3290177
          ],
          [
            -80.2909617,
            43.3289946
          ],
          [
            -80.29099,
            43.328974
          ],
          [
            -80.2910175,
            43.3289521
          ],
          [
            -80.2910431,
            43.3289225
          ],
          [
            -80.2910803,
            43.3289
          ],
          [
            -80.2911254,
            43.3288819
          ],
          [
            -80.2911705,
            43.3288723
          ],
          [
            -80.2912192,
            43.3288607
          ],
          [
            -80.2912493,
            43.3288504
          ],
          [
            -80.291282,
            43.3288343
          ],
          [
            -80.2913156,
            43.3288182
          ],
          [
            -80.2913493,
            43.3288144
          ],
          [
            -80.2913802,
            43.3288176
          ],
          [
            -80.2914262,
            43.3288285
          ],
          [
            -80.2914661,
            43.3288407
          ],
          [
            -80.2915218,
            43.328842
          ],
          [
            -80.2915687,
            43.3288382
          ],
          [
            -80.2916138,
            43.3288272
          ],
          [
            -80.2916492,
            43.3288105
          ],
          [
            -80.2916581,
            43.3287918
          ],
          [
            -80.2916625,
            43.3287654
          ],
          [
            -80.2916643,
            43.3287339
          ],
          [
            -80.2916713,
            43.3287024
          ],
          [
            -80.2916828,
            43.3286786
          ],
          [
            -80.29172,
            43.3286605
          ],
          [
            -80.2917607,
            43.3286515
          ],
          [
            -80.2917917,
            43.3286419
          ],
          [
            -80.2918111,
            43.3286251
          ],
          [
            -80.291812,
            43.3286071
          ],
          [
            -80.2918005,
            43.3285923
          ],
          [
            -80.2917855,
            43.3285872
          ],
          [
            -80.2917572,
            43.3285852
          ],
          [
            -80.2917253,
            43.3285859
          ],
          [
            -80.291697,
            43.3285846
          ],
          [
            -80.2916528,
            43.328573
          ],
          [
            -80.2916138,
            43.3285595
          ],
          [
            -80.2915678,
            43.3285421
          ],
          [
            -80.2915041,
            43.3285427
          ],
          [
            -80.2914643,
            43.3285447
          ],
          [
            -80.291405,
            43.3285492
          ],
          [
            -80.2913617,
            43.3285569
          ],
          [
            -80.2913307,
            43.3285678
          ],
          [
            -80.2913015,
            43.3285962
          ],
          [
            -80.2912785,
            43.3286238
          ],
          [
            -80.291259,
            43.3286599
          ],
          [
            -80.2912528,
            43.3286921
          ],
          [
            -80.2912422,
            43.3287307
          ],
          [
            -80.2912334,
            43.3287667
          ],
          [
            -80.2912245,
            43.3287912
          ],
          [
            -80.2912068,
            43.3288208
          ],
          [
            -80.29119,
            43.3288407
          ],
          [
            -80.291167,
            43.3288626
          ],
          [
            -80.2911254,
            43.3288819
          ]
        ]
      }
    },
    {
      "type": "Feature",
      "properties": {
        "@id": "way/895759500",
        "golf": "cartpath",
        "golf_cart": "designated",
        "highway": "service"
      },
      "geometry": {
        "type": "LineString",
        "coordinates": [
          [
            -80.2910803,
            43.3289
          ],
          [
            -80.2910652,
            43.3288897
          ],
          [
            -80.2910325,
            43.3288897
          ],
          [
            -80.2909971,
            43.3288897
          ],
          [
            -80.2909511,
            43.3288774
          ],
          [
            -80.2909175,
            43.3288607
          ],
          [
            -80.2908662,
            43.3288465
          ],
          [
            -80.2908104,
            43.3288395
          ],
          [
            -80.2907653,
            43.328842
          ],
          [
            -80.2907237,
            43.3288485
          ],
          [
            -80.2906795,
            43.3288607
          ],
          [
            -80.290645,
            43.328871
          ],
          [
            -80.2906078,
            43.3288761
          ],
          [
            -80.2905733,
            43.328871
          ],
          [
            -80.2905335,
            43.3288601
          ],
          [
            -80.2904919,
            43.3288504
          ],
          [
            -80.2904477,
            43.3288543
          ],
          [
            -80.2904123,
            43.3288607
          ]
        ]
      }
    },
    {
      "type": "Feature",
      "properties": {
        "@id": "way/895759501",
        "golf": "cartpath",
        "golf_cart": "designated",
        "highway": "service"
      },
      "geometry": {
        "type": "LineString",
        "coordinates": [
          [
            -80.288019,
            43.3291556
          ],
          [
            -80.2880275,
            43.329182
          ],
          [
            -80.2880367,
            43.3292184
          ],
          [
            -80.2880498,
            43.3292458
          ],
          [
            -80.2880706,
            43.3292761
          ],
          [
            -80.2880945,
            43.3293086
          ],
          [
            -80.2881099,
            43.3293372
          ],
          [
            -80.2881291,
            43.3293669
          ],
          [
            -80.2881576,
            43.3293814
          ],
          [
            -80.2881992,
            43.3293977
          ],
          [
            -80.2882532,
            43.3294195
          ],
          [
            -80.2883101,
            43.3294425
          ],
          [
            -80.2883656,
            43.3294694
          ],
          [
            -80.2884203,
            43.3294991
          ],
          [
            -80.2884588,
            43.329521
          ],
          [
            -80.2885035,
            43.3295389
          ],
          [
            -80.2885366,
            43.3295546
          ],
          [
            -80.2885674,
            43.3295725
          ],
          [
            -80.2885982,
            43.3295966
          ],
          [
            -80.2886337,
            43.3296162
          ],
          [
            -80.2886699,
            43.3296308
          ],
          [
            -80.2887168,
            43.3296369
          ],
          [
            -80.2887608,
            43.3296437
          ],
          [
            -80.2888039,
            43.3296571
          ],
          [
            -80.2888301,
            43.3296745
          ],
          [
            -80.2888501,
            43.3296958
          ],
          [
            -80.2888694,
            43.3297187
          ],
          [
            -80.2889033,
            43.3297462
          ],
          [
            -80.2889371,
            43.3297613
          ],
          [
            -80.2889695,
            43.3297703
          ],
          [
            -80.2890111,
            43.3297753
          ],
          [
            -80.2890581,
            43.3297776
          ],
          [
            -80.289092,
            43.3297826
          ],
          [
            -80.2891289,
            43.3297905
          ],
          [
            -80.2891482,
            43.3298011
          ]
        ]
      }
    },
    {
      "type": "Feature",
      "properties": {
        "@id": "way/895759502",
        "golf": "cartpath",
        "golf_cart": "designated",
        "highway": "service"
      },
      "geometry": {
        "type": "LineString",
        "coordinates": [
          [
            -80.2895003,
            43.3299966
          ],
          [
            -80.2893988,
            43.3299524
          ]
        ]
      }
    },
    {
      "type": "Feature",
      "properties": {
        "@id": "way/895759503",
        "golf": "cartpath",
        "golf_cart": "designated",
        "highway": "service"
      },
      "geometry": {
        "type": "LineString",
        "coordinates": [
          [
            -80.2875655,
            43.3297125
          ],
          [
            -80.2875362,
            43.3297035
          ],
          [
            -80.2875169,
            43.329699
          ],
          [
            -80.2874969,
            43.3296968
          ],
          [
            -80.2874769,
            43.3297035
          ],
          [
            -80.2874438,
            43.3297063
          ],
          [
            -80.2874137,
            43.3297052
          ],
          [
            -80.2873991,
            43.3296968
          ],
          [
            -80.2873806,
            43.3296822
          ],
          [
            -80.2873783,
            43.3296643
          ],
          [
            -80.2873783,
            43.3296464
          ],
          [
            -80.2873706,
            43.3296245
          ],
          [
            -80.2873552,
            43.3296105
          ],
          [
            -80.2873251,
            43.3296038
          ],
          [
            -80.2872882,
            43.3295937
          ],
          [
            -80.2872612,
            43.3295808
          ],
          [
            -80.2872391,
            43.3295706
          ],
          [
            -80.2872096,
            43.3295608
          ],
          [
            -80.2871939,
            43.3295565
          ],
          [
            -80.2871677,
            43.3295486
          ],
          [
            -80.2871589,
            43.3295453
          ],
          [
            -80.2871268,
            43.329533
          ],
          [
            -80.2870997,
            43.3295204
          ],
          [
            -80.2870789,
            43.3295047
          ],
          [
            -80.2870527,
            43.3294996
          ],
          [
            -80.2870256,
            43.3295096
          ],
          [
            -80.2870048,
            43.3295245
          ],
          [
            -80.286989,
            43.3295406
          ],
          [
            -80.2869894,
            43.3295501
          ],
          [
            -80.2870179,
            43.3295645
          ],
          [
            -80.2870688,
            43.3295816
          ],
          [
            -80.2871084,
            43.3295967
          ],
          [
            -80.2871589,
            43.3295453
          ]
        ]
      }
    },
    {
      "type": "Feature",
      "properties": {
        "@id": "way/895759504",
        "golf": "cartpath",
        "golf_cart": "designated",
        "highway": "service"
      },
      "geometry": {
        "type": "LineString",
        "coordinates": [
          [
            -80.2871084,
            43.3295967
          ],
          [
            -80.2871332,
            43.3296086
          ],
          [
            -80.2871667,
            43.3296311
          ],
          [
            -80.2871986,
            43.3296577
          ],
          [
            -80.2872234,
            43.3296843
          ],
          [
            -80.2872428,
            43.3297113
          ],
          [
            -80.2872636,
            43.3297438
          ],
          [
            -80.2872821,
            43.329772
          ],
          [
            -80.2872941,
            43.3298062
          ],
          [
            -80.2872921,
            43.3298325
          ],
          [
            -80.2872881,
            43.3298608
          ],
          [
            -80.2872854,
            43.3298996
          ],
          [
            -80.2872854,
            43.3299333
          ],
          [
            -80.2873072,
            43.3299608
          ],
          [
            -80.28733,
            43.329993
          ],
          [
            -80.2873518,
            43.3300137
          ],
          [
            -80.2873813,
            43.3300308
          ],
          [
            -80.2874075,
            43.3300432
          ],
          [
            -80.2874403,
            43.330052
          ],
          [
            -80.2874755,
            43.3300596
          ],
          [
            -80.2875037,
            43.330064
          ],
          [
            -80.2875268,
            43.3300723
          ],
          [
            -80.2875476,
            43.3300864
          ],
          [
            -80.2875627,
            43.3301006
          ],
          [
            -80.287564,
            43.3301259
          ],
          [
            -80.2875593,
            43.3301535
          ],
          [
            -80.2875553,
            43.3301781
          ],
          [
            -80.2875564,
            43.3301886
          ],
          [
            -80.287564,
            43.3301971
          ],
          [
            -80.2875764,
            43.3302018
          ],
          [
            -80.2875955,
            43.3302032
          ],
          [
            -80.2876183,
            43.3301981
          ],
          [
            -80.2876341,
            43.3301867
          ],
          [
            -80.2876639,
            43.3301684
          ],
          [
            -80.2876827,
            43.3301562
          ],
          [
            -80.2877146,
            43.330142
          ],
          [
            -80.28774,
            43.3301371
          ],
          [
            -80.2877816,
            43.3301384
          ],
          [
            -80.2878255,
            43.3301471
          ],
          [
            -80.2878547,
            43.3301584
          ],
          [
            -80.2878869,
            43.3301698
          ],
          [
            -80.287909,
            43.3301801
          ]
        ]
      }
    },
    {
      "type": "Feature",
      "properties": {
        "@id": "way/895759505",
        "golf": "cartpath",
        "golf_cart": "designated",
        "highway": "service"
      },
      "geometry": {
        "type": "LineString",
        "coordinates": [
          [
            -80.2909086,
            43.3324006
          ],
          [
            -80.2909387,
            43.332418
          ],
          [
            -80.2909727,
            43.3324366
          ],
          [
            -80.2909966,
            43.3324472
          ],
          [
            -80.291017,
            43.332464
          ],
          [
            -80.2910307,
            43.3324897
          ],
          [
            -80.2910373,
            43.3325187
          ],
          [
            -80.2910342,
            43.3325457
          ],
          [
            -80.2910267,
            43.3325731
          ],
          [
            -80.2910227,
            43.3326004
          ],
          [
            -80.2910524,
            43.3326194
          ],
          [
            -80.2910882,
            43.3326217
          ],
          [
            -80.2911103,
            43.3326143
          ],
          [
            -80.2911293,
            43.3325908
          ],
          [
            -80.2911475,
            43.3325644
          ],
          [
            -80.2911541,
            43.3325386
          ],
          [
            -80.2911585,
            43.3325049
          ],
          [
            -80.2911523,
            43.3324752
          ],
          [
            -80.2911422,
            43.3324489
          ],
          [
            -80.2911236,
            43.3324254
          ]
        ]
      }
    },
    {
      "type": "Feature",
      "properties": {
        "@id": "way/895759506",
        "golf": "cartpath",
        "golf_cart": "designated",
        "highway": "service"
      },
      "geometry": {
        "type": "LineString",
        "coordinates": [
          [
            -80.2911103,
            43.3326143
          ],
          [
            -80.291113,
            43.3326387
          ],
          [
            -80.2911143,
            43.3326664
          ],
          [
            -80.2911169,
            43.3326982
          ],
          [
            -80.2911183,
            43.3327217
          ],
          [
            -80.2911121,
            43.332752
          ],
          [
            -80.2911028,
            43.332769
          ],
          [
            -80.2910882,
            43.3327903
          ],
          [
            -80.2910723,
            43.332807
          ],
          [
            -80.2910559,
            43.3328244
          ],
          [
            -80.2910475,
            43.3328466
          ],
          [
            -80.2910431,
            43.3328717
          ],
          [
            -80.2910373,
            43.3328913
          ],
          [
            -80.2910192,
            43.3329222
          ],
          [
            -80.2909975,
            43.332948
          ],
          [
            -80.2909776,
            43.3329702
          ],
          [
            -80.2909652,
            43.3329875
          ],
          [
            -80.2909515,
            43.333021
          ],
          [
            -80.2909413,
            43.3330487
          ],
          [
            -80.2909316,
            43.3330718
          ],
          [
            -80.2909072,
            43.3331118
          ],
          [
            -80.2908922,
            43.3331414
          ],
          [
            -80.2908794,
            43.3331751
          ],
          [
            -80.2908705,
            43.3332086
          ],
          [
            -80.2908648,
            43.3332398
          ],
          [
            -80.2908444,
            43.3332598
          ],
          [
            -80.290813,
            43.3332691
          ],
          [
            -80.2907789,
            43.3332726
          ],
          [
            -80.290713,
            43.3332765
          ],
          [
            -80.2906719,
            43.3332762
          ],
          [
            -80.2906281,
            43.3332752
          ],
          [
            -80.2905949,
            43.3332623
          ],
          [
            -80.2905635,
            43.3332366
          ],
          [
            -80.290552,
            43.3332154
          ],
          [
            -80.2905361,
            43.3331803
          ],
          [
            -80.2905255,
            43.333152
          ],
          [
            -80.2905179,
            43.3331243
          ],
          [
            -80.2905082,
            43.333104
          ],
          [
            -80.290494,
            43.3330789
          ],
          [
            -80.2904768,
            43.3330587
          ],
          [
            -80.2904436,
            43.33303
          ],
          [
            -80.290418,
            43.3330097
          ],
          [
            -80.2903958,
            43.332985
          ],
          [
            -80.2903781,
            43.3329624
          ],
          [
            -80.2903702,
            43.3329435
          ],
          [
            -80.29036,
            43.3329161
          ],
          [
            -80.290364,
            43.3328897
          ],
          [
            -80.2903657,
            43.332882
          ]
        ]
      }
    },
    {
      "type": "Feature",
      "properties": {
        "@id": "way/895759507",
        "golf": "water_hazard",
        "natural": "water"
      },
      "geometry": {
        "type": "Polygon",
        "coordinates": [
          [
            [
              -80.2886213,
              43.3317614
            ],
            [
              -80.288675,
              43.3317992
            ],
            [
              -80.2887159,
              43.3318481
            ],
            [
              -80.2887421,
              43.3318825
            ],
            [
              -80.2887713,
              43.3319211
            ],
            [
              -80.2887713,
              43.3319474
            ],
            [
              -80.2887526,
              43.3319704
            ],
            [
              -80.2887205,
              43.3319738
            ],
            [
              -80.2886797,
              43.3319593
            ],
            [
              -80.2886476,
              43.3319411
            ],
            [
              -80.2886131,
              43.3319105
            ],
            [
              -80.2885769,
              43.3318752
            ],
            [
              -80.288546,
              43.3318345
            ],
            [
              -80.2885437,
              43.3317852
            ],
            [
              -80.2885442,
              43.3317572
            ],
            [
              -80.2885734,
              43.3317508
            ],
            [
              -80.2886213,
              43.3317614
            ]
          ]
        ]
      }
    },
    {
      "type": "Feature",
      "properties": {
        "@id": "way/895759508",
        "golf": "cartpath",
        "golf_cart": "designated",
        "highway": "service"
      },
      "geometry": {
        "type": "LineString",
        "coordinates": [
          [
            -80.2882744,
            43.3313219
          ],
          [
            -80.2882436,
            43.3312917
          ],
          [
            -80.2882114,
            43.3312595
          ],
          [
            -80.2881752,
            43.3312376
          ],
          [
            -80.2881222,
            43.3312215
          ],
          [
            -80.2880847,
            43.3312249
          ],
          [
            -80.2880853,
            43.3311907
          ],
          [
            -80.288078,
            43.3311527
          ],
          [
            -80.2880666,
            43.3311312
          ],
          [
            -80.2880525,
            43.3311122
          ],
          [
            -80.2880283,
            43.3311
          ],
          [
            -80.2880049,
            43.3310976
          ],
          [
            -80.2879848,
            43.331102
          ],
          [
            -80.2879633,
            43.3311156
          ],
          [
            -80.2879526,
            43.3311298
          ],
          [
            -80.287966,
            43.3311483
          ],
          [
            -80.2879861,
            43.3311625
          ],
          [
            -80.2880136,
            43.3311864
          ],
          [
            -80.288033,
            43.3312064
          ],
          [
            -80.2880552,
            43.3312215
          ],
          [
            -80.2880847,
            43.3312249
          ]
        ]
      }
    },
    {
      "type": "Feature",
      "properties": {
        "@id": "way/895759509",
        "golf": "cartpath",
        "golf_cart": "designated",
        "highway": "service"
      },
      "geometry": {
        "type": "LineString",
        "coordinates": [
          [
            -80.2880847,
            43.3312249
          ],
          [
            -80.2880713,
            43.3312342
          ],
          [
            -80.2880632,
            43.3312546
          ],
          [
            -80.2880706,
            43.3312795
          ],
          [
            -80.2880739,
            43.3313107
          ],
          [
            -80.2880726,
            43.3313454
          ],
          [
            -80.2880719,
            43.3313712
          ],
          [
            -80.2880619,
            43.331399
          ],
          [
            -80.2880565,
            43.3314263
          ],
          [
            -80.2880518,
            43.3314561
          ],
          [
            -80.2880619,
            43.3314946
          ],
          [
            -80.2880766,
            43.3315244
          ],
          [
            -80.2881001,
            43.3315605
          ],
          [
            -80.2881202,
            43.3315868
          ],
          [
            -80.288143,
            43.3316239
          ],
          [
            -80.2881718,
            43.3316585
          ],
          [
            -80.2881906,
            43.3316892
          ],
          [
            -80.2882047,
            43.3317175
          ],
          [
            -80.2882141,
            43.3317414
          ],
          [
            -80.2882107,
            43.3317707
          ],
          [
            -80.288206,
            43.331797
          ],
          [
            -80.2882054,
            43.3318268
          ],
          [
            -80.2882081,
            43.3318473
          ],
          [
            -80.2882201,
            43.3318663
          ],
          [
            -80.2882436,
            43.3318751
          ],
          [
            -80.2882751,
            43.3318863
          ],
          [
            -80.2883006,
            43.3318941
          ],
          [
            -80.2883388,
            43.3319097
          ],
          [
            -80.2883529,
            43.3319253
          ],
          [
            -80.2883683,
            43.3319477
          ],
          [
            -80.2883703,
            43.3319712
          ],
          [
            -80.2883703,
            43.331996
          ],
          [
            -80.288373,
            43.3320268
          ],
          [
            -80.2883804,
            43.3320502
          ],
          [
            -80.2883898,
            43.3320789
          ],
          [
            -80.2884059,
            43.3321033
          ],
          [
            -80.288422,
            43.3321287
          ],
          [
            -80.2884314,
            43.3321589
          ],
          [
            -80.2884434,
            43.3321843
          ],
          [
            -80.2884669,
            43.3322097
          ],
          [
            -80.2885118,
            43.3322311
          ],
          [
            -80.2885614,
            43.3322487
          ],
          [
            -80.2886151,
            43.3322784
          ],
          [
            -80.2886446,
            43.3323067
          ],
          [
            -80.2886687,
            43.3323409
          ],
          [
            -80.2886909,
            43.3323765
          ],
          [
            -80.288713,
            43.3324048
          ],
          [
            -80.2887452,
            43.332435
          ],
          [
            -80.2887921,
            43.3324506
          ],
          [
            -80.2888323,
            43.3324628
          ],
          [
            -80.2888773,
            43.3324696
          ],
          [
            -80.2889658,
            43.3324887
          ]
        ]
      }
    },
    {
      "type": "Feature",
      "properties": {
        "@id": "way/895759510",
        "golf": "cartpath",
        "golf_cart": "designated",
        "highway": "service"
      },
      "geometry": {
        "type": "LineString",
        "coordinates": [
          [
            -80.2898671,
            43.333725
          ],
          [
            -80.2898979,
            43.3337502
          ],
          [
            -80.2899318,
            43.3337804
          ],
          [
            -80.2899657,
            43.3338342
          ],
          [
            -80.2899819,
            43.3338723
          ],
          [
            -80.2900111,
            43.333916
          ],
          [
            -80.2900427,
            43.3339468
          ],
          [
            -80.2900789,
            43.3339777
          ],
          [
            -80.2901151,
            43.3340124
          ],
          [
            -80.2901351,
            43.3340365
          ],
          [
            -80.2901421,
            43.3340735
          ],
          [
            -80.2901451,
            43.3341093
          ],
          [
            -80.2901467,
            43.3341384
          ],
          [
            -80.2901721,
            43.3341676
          ],
          [
            -80.2901991,
            43.3341939
          ],
          [
            -80.2902037,
            43.3342152
          ],
          [
            -80.2901998,
            43.3342443
          ],
          [
            -80.2902029,
            43.334269
          ],
          [
            -80.2902145,
            43.3342942
          ],
          [
            -80.2902245,
            43.3343317
          ],
          [
            -80.2902245,
            43.3343564
          ],
          [
            -80.2902091,
            43.3343827
          ],
          [
            -80.2902083,
            43.3343928
          ],
          [
            -80.2902075,
            43.3344085
          ],
          [
            -80.2902222,
            43.3344348
          ],
          [
            -80.2902322,
            43.3344612
          ],
          [
            -80.2902399,
            43.3344847
          ],
          [
            -80.2902422,
            43.3345138
          ],
          [
            -80.2902422,
            43.3345306
          ],
          [
            -80.2902553,
            43.3345592
          ],
          [
            -80.2902746,
            43.3345855
          ],
          [
            -80.2902923,
            43.3346063
          ],
          [
            -80.2903061,
            43.3346292
          ],
          [
            -80.2903108,
            43.3346567
          ],
          [
            -80.2903077,
            43.3346763
          ],
          [
            -80.2903108,
            43.3347094
          ],
          [
            -80.2903177,
            43.3347402
          ],
          [
            -80.2903393,
            43.3347738
          ],
          [
            -80.2903708,
            43.3348029
          ],
          [
            -80.2903963,
            43.3348253
          ],
          [
            -80.2904301,
            43.3348561
          ],
          [
            -80.290464,
            43.3348965
          ],
          [
            -80.2904995,
            43.3349379
          ],
          [
            -80.2905049,
            43.3349755
          ],
          [
            -80.2905126,
            43.3349984
          ],
          [
            -80.2905149,
            43.3350293
          ],
          [
            -80.2905164,
            43.3350533
          ],
          [
            -80.2905233,
            43.3350769
          ],
          [
            -80.2905441,
            43.3351071
          ],
          [
            -80.2905634,
            43.3351284
          ],
          [
            -80.2905896,
            43.335152
          ],
          [
            -80.2905896,
            43.3351727
          ],
          [
            -80.2905811,
            43.3351861
          ],
          [
            -80.2905572,
            43.3351945
          ],
          [
            -80.2905395,
            43.3351951
          ],
          [
            -80.2904941,
            43.3351738
          ],
          [
            -80.2904764,
            43.3351486
          ],
          [
            -80.2904671,
            43.3351267
          ],
          [
            -80.2904656,
            43.3350948
          ],
          [
            -80.2904787,
            43.3350713
          ],
          [
            -80.2905018,
            43.3350505
          ],
          [
            -80.2905149,
            43.3350293
          ]
        ]
      }
    },
    {
      "type": "Feature",
      "properties": {
        "@id": "way/895759511",
        "golf": "cartpath",
        "golf_cart": "designated",
        "highway": "service"
      },
      "geometry": {
        "type": "LineString",
        "coordinates": [
          [
            -80.2902091,
            43.3343827
          ],
          [
            -80.2901917,
            43.3343825
          ],
          [
            -80.2901696,
            43.3343696
          ],
          [
            -80.2901537,
            43.3343526
          ],
          [
            -80.2901342,
            43.3343439
          ],
          [
            -80.2901028,
            43.3343362
          ],
          [
            -80.2900528,
            43.3343304
          ],
          [
            -80.2900081,
            43.3343268
          ],
          [
            -80.2899648,
            43.3343236
          ],
          [
            -80.2899342,
            43.3343166
          ],
          [
            -80.2898993,
            43.3343018
          ],
          [
            -80.2898856,
            43.3342834
          ],
          [
            -80.2898635,
            43.3342532
          ]
        ]
      }
    },
    {
      "type": "Feature",
      "properties": {
        "@id": "way/895759512",
        "golf": "cartpath",
        "golf_cart": "designated",
        "highway": "service"
      },
      "geometry": {
        "type": "LineString",
        "coordinates": [
          [
            -80.2894919,
            43.3332592
          ],
          [
            -80.2894928,
            43.3332244
          ],
          [
            -80.2894928,
            43.3331916
          ],
          [
            -80.2894786,
            43.3331569
          ],
          [
            -80.289445,
            43.3331273
          ],
          [
            -80.2894016,
            43.3330931
          ],
          [
            -80.2893707,
            43.333068
          ],
          [
            -80.2893388,
            43.3330487
          ],
          [
            -80.2892875,
            43.3330281
          ],
          [
            -80.2892547,
            43.3330114
          ],
          [
            -80.2892194,
            43.332985
          ],
          [
            -80.2891893,
            43.3329593
          ],
          [
            -80.2891548,
            43.332931
          ],
          [
            -80.2891141,
            43.3328988
          ],
          [
            -80.2890557,
            43.3328666
          ],
          [
            -80.2889964,
            43.3328454
          ],
          [
            -80.2889194,
            43.3328158
          ],
          [
            -80.2888495,
            43.332799
          ],
          [
            -80.2887955,
            43.3327926
          ],
          [
            -80.2887566,
            43.3327913
          ],
          [
            -80.2886929,
            43.3327887
          ],
          [
            -80.2886398,
            43.3327746
          ],
          [
            -80.2885929,
            43.3327443
          ],
          [
            -80.2885451,
            43.3327102
          ],
          [
            -80.2885044,
            43.3326877
          ],
          [
            -80.2884522,
            43.3326722
          ],
          [
            -80.2884496,
            43.332698
          ],
          [
            -80.2884416,
            43.3327295
          ],
          [
            -80.2884275,
            43.3327611
          ],
          [
            -80.2884062,
            43.3327874
          ],
          [
            -80.2883708,
            43.3328132
          ],
          [
            -80.2883257,
            43.3328364
          ],
          [
            -80.2882549,
            43.3328467
          ],
          [
            -80.2881965,
            43.3328544
          ],
          [
            -80.2881337,
            43.3328563
          ],
          [
            -80.2880965,
            43.3328602
          ],
          [
            -80.2880718,
            43.3328846
          ],
          [
            -80.288062,
            43.3329078
          ],
          [
            -80.2880514,
            43.3329316
          ],
          [
            -80.2880452,
            43.3329516
          ]
        ]
      }
    },
    {
      "type": "Feature",
      "properties": {
        "@id": "way/895759513",
        "golf": "cartpath",
        "golf_cart": "designated",
        "highway": "service"
      },
      "geometry": {
        "type": "LineString",
        "coordinates": [
          [
            -80.2880965,
            43.3328602
          ],
          [
            -80.2880753,
            43.3328344
          ],
          [
            -80.2880514,
            43.3328158
          ],
          [
            -80.288024,
            43.3327919
          ],
          [
            -80.2879842,
            43.3327578
          ],
          [
            -80.2879532,
            43.3327257
          ],
          [
            -80.287947,
            43.3326735
          ],
          [
            -80.2879452,
            43.3326227
          ],
          [
            -80.2879408,
            43.3325976
          ],
          [
            -80.2879107,
            43.3325706
          ],
          [
            -80.2878603,
            43.3325455
          ],
          [
            -80.2878161,
            43.3325384
          ],
          [
            -80.2877594,
            43.3325371
          ],
          [
            -80.2877125,
            43.3325364
          ],
          [
            -80.287663,
            43.3325332
          ],
          [
            -80.2876126,
            43.3325165
          ],
          [
            -80.2875816,
            43.332501
          ],
          [
            -80.2875391,
            43.3324714
          ],
          [
            -80.2874967,
            43.3324405
          ],
          [
            -80.2874639,
            43.3324122
          ],
          [
            -80.2874418,
            43.3323852
          ],
          [
            -80.2874223,
            43.3323498
          ],
          [
            -80.2874276,
            43.332315
          ],
          [
            -80.2874427,
            43.3322848
          ],
          [
            -80.2874621,
            43.3322526
          ],
          [
            -80.2874763,
            43.3322282
          ]
        ]
      }
    },
    {
      "type": "Feature",
      "properties": {
        "@id": "way/895759514",
        "golf": "cartpath",
        "golf_cart": "designated",
        "highway": "service"
      },
      "geometry": {
        "type": "LineString",
        "coordinates": [
          [
            -80.2879443,
            43.3333079
          ],
          [
            -80.2879408,
            43.3333376
          ],
          [
            -80.2879647,
            43.333362
          ],
          [
            -80.2879877,
            43.333375
          ],
          [
            -80.2880125,
            43.333389
          ],
          [
            -80.2880744,
            43.3334199
          ],
          [
            -80.288139,
            43.3334547
          ],
          [
            -80.2882009,
            43.3334791
          ],
          [
            -80.2882496,
            43.3334978
          ],
          [
            -80.2883133,
            43.333512
          ],
          [
            -80.2883717,
            43.3335203
          ],
          [
            -80.2884283,
            43.3335268
          ],
          [
            -80.2884929,
            43.3335223
          ],
          [
            -80.2885717,
            43.3335094
          ],
          [
            -80.2886239,
            43.3334984
          ],
          [
            -80.2886778,
            43.3334952
          ],
          [
            -80.2887345,
            43.3334939
          ],
          [
            -80.2887796,
            43.3334978
          ],
          [
            -80.2888106,
            43.3335075
          ],
          [
            -80.2888353,
            43.3335235
          ],
          [
            -80.2888548,
            43.3335416
          ],
          [
            -80.2888689,
            43.3335602
          ],
          [
            -80.2888787,
            43.3335847
          ],
          [
            -80.2888884,
            43.3336117
          ]
        ]
      }
    },
    {
      "type": "Feature",
      "properties": {
        "@id": "way/895759515",
        "golf": "cartpath",
        "golf_cart": "designated",
        "highway": "service"
      },
      "geometry": {
        "type": "LineString",
        "coordinates": [
          [
            -80.2879877,
            43.333375
          ],
          [
            -80.2879737,
            43.3333822
          ],
          [
            -80.2879498,
            43.3333915
          ],
          [
            -80.2879194,
            43.3334043
          ],
          [
            -80.2878971,
            43.3334223
          ],
          [
            -80.2878716,
            43.3334413
          ],
          [
            -80.2878505,
            43.3334567
          ],
          [
            -80.2878474,
            43.3334803
          ],
          [
            -80.2878505,
            43.3335024
          ],
          [
            -80.2878639,
            43.3335195
          ],
          [
            -80.2878909,
            43.3335413
          ],
          [
            -80.2879248,
            43.333559
          ],
          [
            -80.287956,
            43.333578
          ],
          [
            -80.2879845,
            43.3335889
          ],
          [
            -80.2880157,
            43.3336013
          ],
          [
            -80.2880372,
            43.333615
          ],
          [
            -80.2880461,
            43.3336262
          ],
          [
            -80.2880519,
            43.333645
          ],
          [
            -80.288048,
            43.3336579
          ],
          [
            -80.2880357,
            43.333673
          ],
          [
            -80.2880245,
            43.3336814
          ],
          [
            -80.2880068,
            43.3336901
          ],
          [
            -80.2879926,
            43.333703
          ],
          [
            -80.2879745,
            43.3337229
          ],
          [
            -80.2879741,
            43.3337475
          ],
          [
            -80.2879725,
            43.333771
          ],
          [
            -80.2879645,
            43.3337923
          ],
          [
            -80.2879386,
            43.3338114
          ],
          [
            -80.2879132,
            43.3338276
          ],
          [
            -80.2878782,
            43.3338514
          ],
          [
            -80.2878489,
            43.3338727
          ],
          [
            -80.2878223,
            43.3338929
          ],
          [
            -80.2877927,
            43.3339268
          ],
          [
            -80.2877946,
            43.3339514
          ],
          [
            -80.2878039,
            43.3339789
          ],
          [
            -80.2878193,
            43.3340128
          ],
          [
            -80.2878404,
            43.3340442
          ],
          [
            -80.2878647,
            43.3340719
          ],
          [
            -80.2878944,
            43.3341019
          ],
          [
            -80.2879171,
            43.3341212
          ],
          [
            -80.2879336,
            43.3341517
          ],
          [
            -80.2879317,
            43.3341769
          ],
          [
            -80.2879259,
            43.3342164
          ],
          [
            -80.2879232,
            43.3342386
          ],
          [
            -80.2879313,
            43.3342652
          ],
          [
            -80.2879456,
            43.3342968
          ],
          [
            -80.2879583,
            43.3343159
          ],
          [
            -80.2879733,
            43.3343389
          ],
          [
            -80.2879856,
            43.3343781
          ],
          [
            -80.2879914,
            43.3344162
          ],
          [
            -80.2880057,
            43.3344618
          ],
          [
            -80.2880184,
            43.3344966
          ],
          [
            -80.2880353,
            43.3345285
          ],
          [
            -80.2880584,
            43.3345487
          ],
          [
            -80.2880881,
            43.3345845
          ],
          [
            -80.2881123,
            43.3346139
          ],
          [
            -80.2881381,
            43.3346291
          ],
          [
            -80.2881651,
            43.3346375
          ],
          [
            -80.2881844,
            43.33464
          ],
          [
            -80.2882121,
            43.33464
          ],
          [
            -80.2882491,
            43.3346492
          ],
          [
            -80.2882887,
            43.3346677
          ],
          [
            -80.2883192,
            43.3346851
          ],
          [
            -80.2883565,
            43.3346971
          ],
          [
            -80.2883877,
            43.3347002
          ],
          [
            -80.2884466,
            43.3346994
          ],
          [
            -80.2884936,
            43.3347058
          ],
          [
            -80.288526,
            43.3347176
          ],
          [
            -80.2885691,
            43.3347375
          ],
          [
            -80.2886334,
            43.3347924
          ],
          [
            -80.2886596,
            43.3348229
          ],
          [
            -80.28869,
            43.3348549
          ],
          [
            -80.2886981,
            43.3348764
          ],
          [
            -80.2887039,
            43.3349078
          ],
          [
            -80.2887058,
            43.3349344
          ],
          [
            -80.2887039,
            43.3349689
          ],
          [
            -80.2886873,
            43.3349946
          ],
          [
            -80.2886669,
            43.3350313
          ],
          [
            -80.2886585,
            43.3350588
          ],
          [
            -80.2886481,
            43.3350848
          ],
          [
            -80.2886488,
            43.3351182
          ],
          [
            -80.2886627,
            43.3351568
          ],
          [
            -80.2886619,
            43.3351857
          ],
          [
            -80.2886565,
            43.3352145
          ],
          [
            -80.2886442,
            43.3352325
          ],
          [
            -80.2886265,
            43.335249
          ],
          [
            -80.2886126,
            43.3352636
          ],
          [
            -80.2886038,
            43.3352815
          ],
          [
            -80.2886084,
            43.3353025
          ],
          [
            -80.2886211,
            43.3353316
          ],
          [
            -80.2886303,
            43.335354
          ],
          [
            -80.2886377,
            43.3353784
          ],
          [
            -80.2886434,
            43.3354014
          ],
          [
            -80.2886431,
            43.3354193
          ],
          [
            -80.2886423,
            43.3354409
          ],
          [
            -80.2886457,
            43.3354588
          ],
          [
            -80.2886484,
            43.3354798
          ],
          [
            -80.2886619,
            43.3354969
          ],
          [
            -80.2886823,
            43.3355042
          ],
          [
            -80.288702,
            43.3355076
          ],
          [
            -80.2887193,
            43.3355036
          ],
          [
            -80.2887366,
            43.3354963
          ],
          [
            -80.2887482,
            43.3354837
          ],
          [
            -80.2887567,
            43.3354608
          ],
          [
            -80.2887517,
            43.3354423
          ],
          [
            -80.2887478,
            43.3354168
          ],
          [
            -80.2887393,
            43.335386
          ],
          [
            -80.2887347,
            43.3353666
          ],
          [
            -80.2887297,
            43.3353356
          ],
          [
            -80.2887235,
            43.3353103
          ],
          [
            -80.2887212,
            43.3352809
          ],
          [
            -80.2887182,
            43.3352594
          ],
          [
            -80.2887235,
            43.3352437
          ],
          [
            -80.2887035,
            43.33524
          ],
          [
            -80.2886831,
            43.3352327
          ],
          [
            -80.2886673,
            43.3352193
          ],
          [
            -80.2886565,
            43.3352145
          ]
        ]
      }
    },
    {
      "type": "Feature",
      "properties": {
        "@id": "way/895759516",
        "golf": "cartpath",
        "golf_cart": "designated",
        "highway": "service"
      },
      "geometry": {
        "type": "LineString",
        "coordinates": [
          [
            -80.2887235,
            43.3352437
          ],
          [
            -80.2887478,
            43.3352395
          ],
          [
            -80.288764,
            43.3352313
          ],
          [
            -80.2887786,
            43.335219
          ],
          [
            -80.288789,
            43.3352073
          ],
          [
            -80.2887963,
            43.3351927
          ],
          [
            -80.2888017,
            43.3351745
          ],
          [
            -80.2888056,
            43.335154
          ],
          [
            -80.2888094,
            43.3351389
          ],
          [
            -80.2888175,
            43.3351165
          ],
          [
            -80.2888229,
            43.3351031
          ],
          [
            -80.2888341,
            43.3350882
          ],
          [
            -80.2888449,
            43.3350708
          ],
          [
            -80.2888468,
            43.3350574
          ],
          [
            -80.2888472,
            43.3350381
          ],
          [
            -80.2888441,
            43.3350238
          ],
          [
            -80.2888425,
            43.3350064
          ],
          [
            -80.2888422,
            43.3349918
          ],
          [
            -80.2888499,
            43.3349759
          ],
          [
            -80.2888583,
            43.3349621
          ],
          [
            -80.2888718,
            43.3349409
          ],
          [
            -80.2888799,
            43.3349266
          ],
          [
            -80.2888872,
            43.3349131
          ],
          [
            -80.288898,
            43.3348949
          ],
          [
            -80.2889007,
            43.3348781
          ],
          [
            -80.2889003,
            43.3348641
          ],
          [
            -80.2889003,
            43.3348537
          ],
          [
            -80.288898,
            43.3348389
          ],
          [
            -80.2888949,
            43.3348257
          ],
          [
            -80.2888872,
            43.3348098
          ],
          [
            -80.2888822,
            43.3347885
          ],
          [
            -80.2888776,
            43.33477
          ],
          [
            -80.2888749,
            43.3347386
          ],
          [
            -80.2888745,
            43.3347142
          ],
          [
            -80.2888822,
            43.3346868
          ],
          [
            -80.2888853,
            43.3346635
          ],
          [
            -80.2888892,
            43.3346285
          ],
          [
            -80.2888953,
            43.3346064
          ],
          [
            -80.2889011,
            43.3345871
          ],
          [
            -80.2889065,
            43.3345719
          ]
        ]
      }
    },
    {
      "type": "Feature",
      "properties": {
        "@id": "way/901835372",
        "golf": "cartpath",
        "golf_cart": "designated",
        "highway": "service"
      },
      "geometry": {
        "type": "LineString",
        "coordinates": [
          [
            -80.2936529,
            43.3340507
          ],
          [
            -80.2936678,
            43.3340335
          ],
          [
            -80.293677,
            43.334003
          ],
          [
            -80.2936862,
            43.333972
          ],
          [
            -80.2936838,
            43.3339502
          ],
          [
            -80.2936698,
            43.333927
          ],
          [
            -80.2936499,
            43.3339087
          ],
          [
            -80.2936228,
            43.3338858
          ],
          [
            -80.2935924,
            43.3338643
          ],
          [
            -80.2935685,
            43.3338533
          ],
          [
            -80.2935326,
            43.3338475
          ],
          [
            -80.2934911,
            43.3338472
          ],
          [
            -80.293458,
            43.3338504
          ],
          [
            -80.2934281,
            43.3338513
          ],
          [
            -80.2933958,
            43.3338553
          ],
          [
            -80.2933571,
            43.3338426
          ],
          [
            -80.2932992,
            43.3338228
          ],
          [
            -80.2932705,
            43.3338075
          ],
          [
            -80.2932382,
            43.3337918
          ],
          [
            -80.2931971,
            43.3337784
          ],
          [
            -80.2931532,
            43.3337657
          ],
          [
            -80.2931297,
            43.3337619
          ],
          [
            -80.2930982,
            43.3337578
          ],
          [
            -80.2930806,
            43.333752
          ],
          [
            -80.2930643,
            43.33373
          ],
          [
            -80.2930407,
            43.3336897
          ],
          [
            -80.2930228,
            43.3336644
          ],
          [
            -80.2930005,
            43.3336293
          ],
          [
            -80.2929881,
            43.3336061
          ],
          [
            -80.2929697,
            43.3335707
          ],
          [
            -80.2929626,
            43.333551
          ],
          [
            -80.2929566,
            43.3335338
          ],
          [
            -80.2929618,
            43.3335188
          ],
          [
            -80.2929685,
            43.3335011
          ],
          [
            -80.2929761,
            43.3334877
          ],
          [
            -80.2929905,
            43.3334622
          ],
          [
            -80.2930005,
            43.3334416
          ],
          [
            -80.2930096,
            43.3334256
          ],
          [
            -80.2930156,
            43.3334079
          ],
          [
            -80.2930204,
            43.3333917
          ],
          [
            -80.2930224,
            43.3333734
          ],
          [
            -80.2930252,
            43.3333557
          ],
          [
            -80.2930372,
            43.3333377
          ],
          [
            -80.2930491,
            43.3333191
          ],
          [
            -80.293083,
            43.3332724
          ],
          [
            -80.2931086,
            43.3332301
          ],
          [
            -80.2931221,
            43.333197
          ],
          [
            -80.2931297,
            43.3331665
          ],
          [
            -80.2931377,
            43.3331424
          ],
          [
            -80.2931385,
            43.3331227
          ],
          [
            -80.2931385,
            43.3331062
          ]
        ]
      }
    },
    {
      "type": "Feature",
      "properties": {
        "@id": "way/901835373",
        "golf": "cartpath",
        "golf_cart": "designated",
        "highway": "service"
      },
      "geometry": {
        "type": "Polygon",
        "coordinates": [
          [
            [
              -80.2928816,
              43.3328737
            ],
            [
              -80.2928493,
              43.332861
            ],
            [
              -80.2927962,
              43.3328494
            ],
            [
              -80.2927719,
              43.3328337
            ],
            [
              -80.292738,
              43.3328134
            ],
            [
              -80.2927084,
              43.3327887
            ],
            [
              -80.2926869,
              43.3327675
            ],
            [
              -80.2926674,
              43.3327394
            ],
            [
              -80.2926706,
              43.332722
            ],
            [
              -80.2927041,
              43.3327078
            ],
            [
              -80.292728,
              43.3327014
            ],
            [
              -80.2927559,
              43.3327104
            ],
            [
              -80.2927914,
              43.3327339
            ],
            [
              -80.2928174,
              43.332758
            ],
            [
              -80.2928397,
              43.3327835
            ],
            [
              -80.2928624,
              43.3328137
            ],
            [
              -80.2928768,
              43.3328343
            ],
            [
              -80.2928836,
              43.3328575
            ],
            [
              -80.2928816,
              43.3328737
            ]
          ]
        ]
      }
    },
    {
      "type": "Feature",
      "properties": {
        "@id": "way/1355815800",
        "leisure": "golf_course",
        "name": "Savannah Golf Links",
        "opening_hours": "Mo-Fr 07:30-18:00",
        "website": "https://www.savannahgolflinks.ca/"
      },
      "geometry": {
        "type": "Polygon",
        "coordinates": [
          [
            [
              -80.2920531,
              43.3277231
            ],
            [
              -80.2900614,
              43.3280766
            ],
            [
              -80.288023,
              43.3284537
            ],
            [
              -80.2860382,
              43.3287891
            ],
            [
              -80.2859103,
              43.3289881
            ],
            [
              -80.285926,
              43.329076
            ],
            [
              -80.2859605,
              43.3292009
            ],
            [
              -80.285955,
              43.3292574
            ],
            [
              -80.2862243,
              43.3298888
            ],
            [
              -80.2869694,
              43.3317198
            ],
            [
              -80.2870233,
              43.3319238
            ],
            [
              -80.2870396,
              43.3322262
            ],
            [
              -80.2870855,
              43.3327041
            ],
            [
              -80.2871271,
              43.3328904
            ],
            [
              -80.2871982,
              43.3330699
            ],
            [
              -80.2873068,
              43.3333225
            ],
            [
              -80.2875522,
              43.3336474
            ],
            [
              -80.2877038,
              43.3338269
            ],
            [
              -80.287799,
              43.3340278
            ],
            [
              -80.2878956,
              43.3342736
            ],
            [
              -80.2884081,
              43.3356746
            ],
            [
              -80.2885799,
              43.3356435
            ],
            [
              -80.2887425,
              43.3355851
            ],
            [
              -80.2888157,
              43.3355326
            ],
            [
              -80.2889295,
              43.3354668
            ],
            [
              -80.2889813,
              43.3354506
            ],
            [
              -80.2899611,
              43.3352746
            ],
            [
              -80.2900841,
              43.3352887
            ],
            [
              -80.290526,
              43.3354021
            ],
            [
              -80.2906182,
              43.3354047
            ],
            [
              -80.2908825,
              43.3353562
            ],
            [
              -80.2907852,
              43.3350897
            ],
            [
              -80.2943919,
              43.334383
            ],
            [
              -80.2941313,
              43.333722
            ],
            [
              -80.2941136,
              43.3336499
            ],
            [
              -80.2941278,
              43.3335598
            ],
            [
              -80.2941543,
              43.333462
            ],
            [
              -80.2941649,
              43.3333861
            ],
            [
              -80.2941596,
              43.3332458
            ],
            [
              -80.294126,
              43.3330514
            ],
            [
              -80.2940765,
              43.3327772
            ],
            [
              -80.2940269,
              43.3327541
            ],
            [
              -80.2939455,
              43.3327348
            ],
            [
              -80.293873,
              43.3327026
            ],
            [
              -80.2938128,
              43.3326498
            ],
            [
              -80.2937385,
              43.3325456
            ],
            [
              -80.2936522,
              43.3324174
            ],
            [
              -80.2935646,
              43.3323027
            ],
            [
              -80.2935366,
              43.3321991
            ],
            [
              -80.2935331,
              43.3321295
            ],
            [
              -80.2935588,
              43.33207
            ],
            [
              -80.2936265,
              43.332031
            ],
            [
              -80.2938005,
              43.3320012
            ],
            [
              -80.2939044,
              43.3319647
            ],
            [
              -80.2939569,
              43.3319393
            ],
            [
              -80.2939989,
              43.33189
            ],
            [
              -80.2940106,
              43.3318306
            ],
            [
              -80.2939639,
              43.3317601
            ],
            [
              -80.2938857,
              43.3317397
            ],
            [
              -80.2938156,
              43.3316845
            ],
            [
              -80.2937269,
              43.3316548
            ],
            [
              -80.2936148,
              43.3316021
            ],
            [
              -80.2934712,
              43.3315775
            ],
            [
              -80.2934035,
              43.331535
            ],
            [
              -80.2933159,
              43.3314764
            ],
            [
              -80.2932252,
              43.3314793
            ],
            [
              -80.2931623,
              43.3314811
            ],
            [
              -80.293115,
              43.3314161
            ],
            [
              -80.2930403,
              43.3310671
            ],
            [
              -80.2930485,
              43.3310246
            ],
            [
              -80.2928666,
              43.3306384
            ],
            [
              -80.2927975,
              43.3303732
            ],
            [
              -80.2928365,
              43.3302226
            ],
            [
              -80.2927046,
              43.3299767
            ],
            [
              -80.2925998,
              43.3298736
            ],
            [
              -80.2926245,
              43.3297033
            ],
            [
              -80.292606,
              43.3295531
            ],
            [
              -80.2924242,
              43.3294276
            ],
            [
              -80.292304,
              43.3290443
            ],
            [
              -80.2921789,
              43.3288351
            ],
            [
              -80.2922487,
              43.3288045
            ],
            [
              -80.2924151,
              43.3288124
            ],
            [
              -80.2925691,
              43.3287037
            ],
            [
              -80.2925923,
              43.3285837
            ],
            [
              -80.2927879,
              43.3285804
            ],
            [
              -80.2928203,
              43.3284728
            ],
            [
              -80.2928696,
              43.328447
            ],
            [
              -80.2928649,
              43.3282969
            ],
            [
              -80.2927956,
              43.3282218
            ],
            [
              -80.2927355,
              43.3281523
            ],
            [
              -80.2926878,
              43.3280324
            ],
            [
              -80.2925984,
              43.3279853
            ],
            [
              -80.2923581,
              43.3279383
            ],
            [
              -80.2922949,
              43.3278822
            ],
            [
              -80.2921393,
              43.3278139
            ],
            [
              -80.2920709,
              43.3277662
            ],
            [
              -80.2920531,
              43.3277231
            ]
          ]
        ]
      }
    },
    {
      "type": "Feature",
      "properties": {
        "@id": "way/1497352893",
        "golf": "hole",
        "par": "3",
        "ref": "3"
      },
      "geometry": {
        "type": "LineString",
        "coordinates": [
          [
            -80.2925008,
            43.3326537
          ],
          [
            -80.2927943,
            43.3337644
          ]
        ]
      }
    },
    {
      "type": "Feature",
      "properties": {
        "@id": "way/1497352894",
        "golf": "hole",
        "par": "4",
        "ref": "4"
      },
      "geometry": {
        "type": "LineString",
        "coordinates": [
          [
            -80.2940709,
            43.3340665
          ],
          [
            -80.2921487,
            43.3345394
          ],
          [
            -80.291483,
            43.3338938
          ]
        ]
      }
    },
    {
      "type": "Feature",
      "properties": {
        "@id": "way/1497352895",
        "golf": "hole",
        "par": "3",
        "ref": "5"
      },
      "geometry": {
        "type": "LineString",
        "coordinates": [
          [
            -80.2920249,
            43.3329817
          ],
          [
            -80.2921255,
            43.3316605
          ]
        ]
      }
    },
    {
      "type": "Feature",
      "properties": {
        "@id": "way/1497363527",
        "golf": "hole",
        "par": "4",
        "ref": "6"
      },
      "geometry": {
        "type": "LineString",
        "coordinates": [
          [
            -80.2922906,
            43.3312926
          ],
          [
            -80.2907142,
            43.3298156
          ],
          [
            -80.2914289,
            43.3290742
          ]
        ]
      }
    },
    {
      "type": "Feature",
      "properties": {
        "@id": "way/1497363528",
        "golf": "hole",
        "par": "4",
        "ref": "7"
      },
      "geometry": {
        "type": "LineString",
        "coordinates": [
          [
            -80.2915269,
            43.3286275
          ],
          [
            -80.2891893,
            43.3291624
          ],
          [
            -80.287649,
            43.3290667
          ]
        ]
      }
    },
    {
      "type": "Feature",
      "properties": {
        "@id": "way/1497363529",
        "golf": "hole",
        "par": "4",
        "ref": "8"
      },
      "geometry": {
        "type": "LineString",
        "coordinates": [
          [
            -80.288245,
            43.3293539
          ],
          [
            -80.2902472,
            43.330311
          ],
          [
            -80.2916508,
            43.3315572
          ]
        ]
      }
    },
    {
      "type": "Feature",
      "properties": {
        "@id": "way/1497363530",
        "golf": "hole",
        "par": "5",
        "ref": "9"
      },
      "geometry": {
        "type": "LineString",
        "coordinates": [
          [
            -80.2914262,
            43.3320868
          ],
          [
            -80.2900588,
            43.3310205
          ],
          [
            -80.2881779,
            43.3299451
          ],
          [
            -80.2876103,
            43.3294027
          ]
        ]
      }
    },
    {
      "type": "Feature",
      "properties": {
        "@id": "way/1497363531",
        "golf": "hole",
        "par": "5",
        "ref": "10"
      },
      "geometry": {
        "type": "LineString",
        "coordinates": [
          [
            -80.2869755,
            43.3296354
          ],
          [
            -80.2890113,
            43.331088
          ],
          [
            -80.2906006,
            43.3320527
          ],
          [
            -80.2907193,
            43.332764
          ]
        ]
      }
    },
    {
      "type": "Feature",
      "properties": {
        "@id": "way/1497363532",
        "golf": "hole",
        "par": "3",
        "ref": "11"
      },
      "geometry": {
        "type": "LineString",
        "coordinates": [
          [
            -80.291305,
            43.3322648
          ],
          [
            -80.2912173,
            43.3332163
          ]
        ]
      }
    },
    {
      "type": "Feature",
      "properties": {
        "@id": "way/1497363533",
        "golf": "hole",
        "par": "4",
        "ref": "12"
      },
      "geometry": {
        "type": "LineString",
        "coordinates": [
          [
            -80.2904923,
            43.3332764
          ],
          [
            -80.2891248,
            43.3319439
          ],
          [
            -80.2880153,
            43.330876
          ]
        ]
      }
    },
    {
      "type": "Feature",
      "properties": {
        "@id": "way/1497363534",
        "golf": "hole",
        "par": "3",
        "ref": "13"
      },
      "geometry": {
        "type": "LineString",
        "coordinates": [
          [
            -80.2876515,
            43.3309417
          ],
          [
            -80.2879818,
            43.3320903
          ]
        ]
      }
    },
    {
      "type": "Feature",
      "properties": {
        "@id": "way/1497363535",
        "golf": "hole",
        "par": "4",
        "ref": "14"
      },
      "geometry": {
        "type": "LineString",
        "coordinates": [
          [
            -80.2885933,
            43.3321747
          ],
          [
            -80.2897905,
            43.3331356
          ],
          [
            -80.2905026,
            43.3342297
          ]
        ]
      }
    },
    {
      "type": "Feature",
      "properties": {
        "@id": "way/1497363536",
        "golf": "hole",
        "ref": "15"
      },
      "geometry": {
        "type": "LineString",
        "coordinates": [
          [
            -80.2904742,
            43.3352844
          ],
          [
            -80.2895196,
            43.3338882
          ],
          [
            -80.2889313,
            43.3330286
          ]
        ]
      }
    },
    {
      "type": "Feature",
      "properties": {
        "@id": "way/1497363537",
        "golf": "hole",
        "par": "4",
        "ref": "16"
      },
      "geometry": {
        "type": "LineString",
        "coordinates": [
          [
            -80.2883095,
            43.3326983
          ],
          [
            -80.2889313,
            43.3341809
          ],
          [
            -80.2891351,
            43.3351962
          ]
        ]
      }
    },
    {
      "type": "Feature",
      "properties": {
        "@id": "way/1497363538",
        "golf": "hole",
        "par": "3",
        "ref": "17"
      },
      "geometry": {
        "type": "LineString",
        "coordinates": [
          [
            -80.2885819,
            43.335545
          ],
          [
            -80.2883369,
            43.3344647
          ],
          [
            -80.2882321,
            43.3340026
          ]
        ]
      }
    },
    {
      "type": "Feature",
      "properties": {
        "@id": "way/1497642010",
        "golf": "hole",
        "par": "5",
        "ref": "18"
      },
      "geometry": {
        "type": "LineString",
        "coordinates": [
          [
            -80.2878496,
            43.3338181
          ],
          [
            -80.2873879,
            43.3319063
          ],
          [
            -80.2869126,
            43.3302872
          ],
          [
            -80.2865127,
            43.3297096
          ]
        ]
      }
    },
    {
      "type": "Feature",
      "properties": {
        "@id": "way/1546197190",
        "golf": "hole",
        "par": "4",
        "ref": "1"
      },
      "geometry": {
        "type": "LineString",
        "coordinates": [
          [
            -80.2872642,
            43.3287084
          ],
          [
            -80.2899893,
            43.3284259
          ],
          [
            -80.2914463,
            43.3281059
          ]
        ]
      }
    },
    {
      "type": "Feature",
      "properties": {
        "@id": "way/1546197191",
        "golf": "hole",
        "par": "5",
        "ref": "2"
      },
      "geometry": {
        "type": "LineString",
        "coordinates": [
          [
            -80.2919059,
            43.3281778
          ],
          [
            -80.2929546,
            43.3322305
          ],
          [
            -80.2934479,
            43.3330004
          ]
        ]
      }
    }
  ]
}
