{
  "type": "FeatureCollection",
  "generator": "overpass-turbo",
  "copyright": "The data included in this document is from www.openstreetmap.org. The data is made available under ODbL.",
  "timestamp": "2026-08-06T19:52:51Z",
  "features": [
    {
      "type": "Feature",
      "properties": {
        "@id": "way/264432772",
        "leisure": "golf_course",
        "name": "Brora Golf Club",
        "website": "https://www.broragolfclub.co.uk/"
      },
      "geometry": {
        "type": "Polygon",
        "coordinates": [
          [
            [
              -3.8470821,
              58.0111558
            ],
            [
              -3.8468295,
              58.0111939
            ],
            [
              -3.846653,
              58.0112638
            ],
            [
              -3.8464629,
              58.011394
            ],
            [
              -3.8460949,
              58.0117863
            ],
            [
              -3.8465628,
              58.0119066
            ],
            [
              -3.8456767,
              58.0127699
            ],
            [
              -3.8448076,
              58.0136792
            ],
            [
              -3.8453655,
              58.0146965
            ],
            [
              -3.8457732,
              58.0155774
            ],
            [
              -3.8459175,
              58.0164679
            ],
            [
              -3.8464062,
              58.0166742
            ],
            [
              -3.8461736,
              58.0169652
            ],
            [
              -3.8464813,
              58.0177368
            ],
            [
              -3.8465242,
              58.0178448
            ],
            [
              -3.846771,
              58.0180039
            ],
            [
              -3.8469534,
              58.0181289
            ],
            [
              -3.8471143,
              58.0184358
            ],
            [
              -3.8472323,
              58.018504
            ],
            [
              -3.8472109,
              58.0186347
            ],
            [
              -3.8472753,
              58.0189813
            ],
            [
              -3.8474791,
              58.0193166
            ],
            [
              -3.8479404,
              58.0196518
            ],
            [
              -3.8484876,
              58.020061
            ],
            [
              -3.8491099,
              58.0204587
            ],
            [
              -3.8495605,
              58.0206633
            ],
            [
              -3.8502579,
              58.0209928
            ],
            [
              -3.8504724,
              58.0211462
            ],
            [
              -3.8484173,
              58.0216275
            ],
            [
              -3.8473611,
              58.0214758
            ],
            [
              -3.8466578,
              58.0215139
            ],
            [
              -3.8464062,
              58.0218338
            ],
            [
              -3.8467388,
              58.0228451
            ],
            [
              -3.8459604,
              58.023065
            ],
            [
              -3.8449364,
              58.0235838
            ],
            [
              -3.8438528,
              58.0244303
            ],
            [
              -3.8448183,
              58.0255723
            ],
            [
              -3.843922,
              58.0256558
            ],
            [
              -3.8443034,
              58.0271403
            ],
            [
              -3.8439189,
              58.0281313
            ],
            [
              -3.8436828,
              58.0288781
            ],
            [
              -3.8432841,
              58.0296058
            ],
            [
              -3.8437884,
              58.0297024
            ],
            [
              -3.8449149,
              58.0300148
            ],
            [
              -3.8449686,
              58.0301284
            ],
            [
              -3.8437074,
              58.0314333
            ],
            [
              -3.8429837,
              58.0318553
            ],
            [
              -3.8428872,
              58.0317928
            ],
            [
              -3.8412183,
              58.0328761
            ],
            [
              -3.8415246,
              58.0330595
            ],
            [
              -3.8395505,
              58.0342296
            ],
            [
              -3.8383167,
              58.0350248
            ],
            [
              -3.8370126,
              58.0360171
            ],
            [
              -3.8369071,
              58.0361082
            ],
            [
              -3.8365707,
              58.0359593
            ],
            [
              -3.8365022,
              58.0358895
            ],
            [
              -3.8361817,
              58.0357692
            ],
            [
              -3.8357832,
              58.0358106
            ],
            [
              -3.8355262,
              58.0357981
            ],
            [
              -3.8355057,
              58.0357178
            ],
            [
              -3.8360422,
              58.0346102
            ],
            [
              -3.836643,
              58.0335083
            ],
            [
              -3.8367353,
              58.0332908
            ],
            [
              -3.8370231,
              58.0327078
            ],
            [
              -3.8371976,
              58.0326023
            ],
            [
              -3.8370878,
              58.0325612
            ],
            [
              -3.8371299,
              58.0324186
            ],
            [
              -3.8373513,
              58.0320296
            ],
            [
              -3.8375227,
              58.0317019
            ],
            [
              -3.8379578,
              58.0304784
            ],
            [
              -3.8381305,
              58.0301809
            ],
            [
              -3.8384398,
              58.0296779
            ],
            [
              -3.8387401,
              58.0293774
            ],
            [
              -3.838573,
              58.0290982
            ],
            [
              -3.8385982,
              58.0287581
            ],
            [
              -3.8386919,
              58.0282518
            ],
            [
              -3.838904,
              58.0275042
            ],
            [
              -3.8391238,
              58.0267853
            ],
            [
              -3.8393343,
              58.0260152
            ],
            [
              -3.8396074,
              58.0252328
            ],
            [
              -3.8397464,
              58.0248608
            ],
            [
              -3.8400365,
              58.0246188
            ],
            [
              -3.8403151,
              58.0244705
            ],
            [
              -3.8405879,
              58.0243307
            ],
            [
              -3.8404851,
              58.0241401
            ],
            [
              -3.8403298,
              58.0240456
            ],
            [
              -3.8402309,
              58.0236432
            ],
            [
              -3.8401814,
              58.023381
            ],
            [
              -3.8402557,
              58.0230717
            ],
            [
              -3.8402755,
              58.0228042
            ],
            [
              -3.8403393,
              58.0227097
            ],
            [
              -3.8403465,
              58.022447
            ],
            [
              -3.840405,
              58.0220185
            ],
            [
              -3.8405185,
              58.0216294
            ],
            [
              -3.8406232,
              58.0211796
            ],
            [
              -3.8407577,
              58.0206993
            ],
            [
              -3.8407548,
              58.0204676
            ],
            [
              -3.8409258,
              58.0196126
            ],
            [
              -3.8409821,
              58.019306
            ],
            [
              -3.8410442,
              58.01899
            ],
            [
              -3.8410868,
              58.0188996
            ],
            [
              -3.8411904,
              58.0185244
            ],
            [
              -3.8412873,
              58.0182065
            ],
            [
              -3.8412896,
              58.0181404
            ],
            [
              -3.8414188,
              58.0178312
            ],
            [
              -3.8414714,
              58.0172504
            ],
            [
              -3.8414867,
              58.0170824
            ],
            [
              -3.8414809,
              58.0166289
            ],
            [
              -3.8415882,
              58.01626
            ],
            [
              -3.8416457,
              58.0159872
            ],
            [
              -3.8417096,
              58.0156996
            ],
            [
              -3.84174,
              58.0152639
            ],
            [
              -3.8417307,
              58.0149991
            ],
            [
              -3.8416279,
              58.0144409
            ],
            [
              -3.8415302,
              58.0140517
            ],
            [
              -3.8415394,
              58.0139423
            ],
            [
              -3.8415407,
              58.0136405
            ],
            [
              -3.8415527,
              58.0133762
            ],
            [
              -3.8415524,
              58.0132127
            ],
            [
              -3.8416336,
              58.013104
            ],
            [
              -3.8418202,
              58.0129918
            ],
            [
              -3.8423257,
              58.0128611
            ],
            [
              -3.8429279,
              58.0127005
            ],
            [
              -3.8431209,
              58.0125632
            ],
            [
              -3.8435494,
              58.012311
            ],
            [
              -3.8438765,
              58.0120949
            ],
            [
              -3.844563,
              58.0113975
            ],
            [
              -3.8447841,
              58.0111687
            ],
            [
              -3.8450052,
              58.0108989
            ],
            [
              -3.8450993,
              58.0108319
            ],
            [
              -3.8453245,
              58.0107245
            ],
            [
              -3.8455675,
              58.0106893
            ],
            [
              -3.8459545,
              58.0106978
            ],
            [
              -3.8463329,
              58.0107221
            ],
            [
              -3.8466209,
              58.0108964
            ],
            [
              -3.8469534,
              58.0110592
            ],
            [
              -3.8471036,
              58.011116
            ],
            [
              -3.8470821,
              58.0111558
            ]
          ]
        ]
      }
    },
    {
      "type": "Feature",
      "properties": {
        "@id": "way/683460319",
        "golf": "tee",
        "surface": "grass"
      },
      "geometry": {
        "type": "Polygon",
        "coordinates": [
          [
            [
              -3.8424379,
              58.0141153
            ],
            [
              -3.8423668,
              58.0140157
            ],
            [
              -3.8422825,
              58.0140326
            ],
            [
              -3.8423569,
              58.0141318
            ],
            [
              -3.8424379,
              58.0141153
            ]
          ]
        ]
      }
    },
    {
      "type": "Feature",
      "properties": {
        "@id": "way/683460321",
        "golf": "fairway",
        "surface": "grass"
      },
      "geometry": {
        "type": "Polygon",
        "coordinates": [
          [
            [
              -3.8432928,
              58.0158381
            ],
            [
              -3.8431831,
              58.0157864
            ],
            [
              -3.8430742,
              58.0157303
            ],
            [
              -3.8429673,
              58.0156651
            ],
            [
              -3.8429053,
              58.0155541
            ],
            [
              -3.842871,
              58.0154085
            ],
            [
              -3.8428285,
              58.0153334
            ],
            [
              -3.8427462,
              58.0150804
            ],
            [
              -3.8427833,
              58.0150287
            ],
            [
              -3.8429149,
              58.0149875
            ],
            [
              -3.8430872,
              58.0150146
            ],
            [
              -3.8432422,
              58.0150767
            ],
            [
              -3.8433692,
              58.0151881
            ],
            [
              -3.8434656,
              58.0152966
            ],
            [
              -3.8434833,
              58.015359
            ],
            [
              -3.8434614,
              58.0154099
            ],
            [
              -3.8434472,
              58.0154657
            ],
            [
              -3.8434333,
              58.0155017
            ],
            [
              -3.8434407,
              58.0155321
            ],
            [
              -3.8434686,
              58.0155511
            ],
            [
              -3.84349,
              58.0155801
            ],
            [
              -3.8435159,
              58.0156347
            ],
            [
              -3.8435498,
              58.0156884
            ],
            [
              -3.8435395,
              58.0157636
            ],
            [
              -3.8435111,
              58.0158259
            ],
            [
              -3.8434661,
              58.0158566
            ],
            [
              -3.8434026,
              58.0158608
            ],
            [
              -3.8432928,
              58.0158381
            ]
          ]
        ]
      }
    },
    {
      "type": "Feature",
      "properties": {
        "@id": "way/683460328",
        "golf": "fairway",
        "surface": "grass"
      },
      "geometry": {
        "type": "Polygon",
        "coordinates": [
          [
            [
              -3.8429314,
              58.0194703
            ],
            [
              -3.8431361,
              58.018976
            ],
            [
              -3.8432023,
              58.0188867
            ],
            [
              -3.843383,
              58.0188101
            ],
            [
              -3.8434492,
              58.0187145
            ],
            [
              -3.8435817,
              58.0187017
            ],
            [
              -3.8437021,
              58.0187623
            ],
            [
              -3.8436599,
              58.0189919
            ],
            [
              -3.8436193,
              58.0191163
            ],
            [
              -3.8435696,
              58.0192343
            ],
            [
              -3.8434937,
              58.0194299
            ],
            [
              -3.8434491,
              58.019531
            ],
            [
              -3.8434112,
              58.0196525
            ],
            [
              -3.8433888,
              58.0197441
            ],
            [
              -3.8433874,
              58.0198366
            ],
            [
              -3.8434191,
              58.0199423
            ],
            [
              -3.8433758,
              58.0200129
            ],
            [
              -3.8433154,
              58.0200823
            ],
            [
              -3.8432416,
              58.0201177
            ],
            [
              -3.8431335,
              58.0201587
            ],
            [
              -3.8430395,
              58.0201703
            ],
            [
              -3.8429373,
              58.020162
            ],
            [
              -3.8428544,
              58.020131
            ],
            [
              -3.8427652,
              58.0200617
            ],
            [
              -3.8427146,
              58.0199805
            ],
            [
              -3.8427929,
              58.0197904
            ],
            [
              -3.8428715,
              58.0196593
            ],
            [
              -3.8429314,
              58.0194703
            ]
          ]
        ]
      }
    },
    {
      "type": "Feature",
      "properties": {
        "@id": "way/683460330",
        "golf": "tee",
        "surface": "grass"
      },
      "geometry": {
        "type": "Polygon",
        "coordinates": [
          [
            [
              -3.8437909,
              58.0208313
            ],
            [
              -3.8438502,
              58.0206968
            ],
            [
              -3.8437374,
              58.0206825
            ],
            [
              -3.8436788,
              58.0208163
            ],
            [
              -3.8437909,
              58.0208313
            ]
          ]
        ]
      }
    },
    {
      "type": "Feature",
      "properties": {
        "@id": "way/683460331",
        "golf": "tee",
        "surface": "grass"
      },
      "geometry": {
        "type": "Polygon",
        "coordinates": [
          [
            [
              -3.8436111,
              58.0209665
            ],
            [
              -3.843662,
              58.0208365
            ],
            [
              -3.8435123,
              58.0208193
            ],
            [
              -3.8434544,
              58.0209449
            ],
            [
              -3.8436111,
              58.0209665
            ]
          ]
        ]
      }
    },
    {
      "type": "Feature",
      "properties": {
        "@id": "way/683460332",
        "golf": "tee",
        "surface": "grass"
      },
      "geometry": {
        "type": "Polygon",
        "coordinates": [
          [
            [
              -3.8436498,
              58.021266
            ],
            [
              -3.8436984,
              58.0211695
            ],
            [
              -3.8435893,
              58.0211542
            ],
            [
              -3.8435334,
              58.0212469
            ],
            [
              -3.8436498,
              58.021266
            ]
          ]
        ]
      }
    },
    {
      "type": "Feature",
      "properties": {
        "@id": "way/683460334",
        "golf": "fairway",
        "surface": "grass"
      },
      "geometry": {
        "type": "Polygon",
        "coordinates": [
          [
            [
              -3.843352,
              58.0219001
            ],
            [
              -3.8432759,
              58.0220909
            ],
            [
              -3.8431662,
              58.0223125
            ],
            [
              -3.8431448,
              58.0223614
            ],
            [
              -3.8431255,
              58.0224212
            ],
            [
              -3.8428402,
              58.0224096
            ],
            [
              -3.84271,
              58.0223754
            ],
            [
              -3.8426137,
              58.0223084
            ],
            [
              -3.8426113,
              58.0221839
            ],
            [
              -3.8426896,
              58.0220053
            ],
            [
              -3.8427783,
              58.0218848
            ],
            [
              -3.8428737,
              58.0217977
            ],
            [
              -3.8430198,
              58.0217507
            ],
            [
              -3.8431881,
              58.0217574
            ],
            [
              -3.8433489,
              58.0218102
            ],
            [
              -3.843352,
              58.0219001
            ]
          ]
        ]
      }
    },
    {
      "type": "Feature",
      "properties": {
        "@id": "way/683460336",
        "golf": "tee",
        "surface": "grass"
      },
      "geometry": {
        "type": "Polygon",
        "coordinates": [
          [
            [
              -3.8420899,
              58.0227021
            ],
            [
              -3.842108,
              58.0225897
            ],
            [
              -3.8418207,
              58.0225769
            ],
            [
              -3.8418025,
              58.0226933
            ],
            [
              -3.8420899,
              58.0227021
            ]
          ]
        ]
      }
    },
    {
      "type": "Feature",
      "properties": {
        "@id": "way/683460337",
        "golf": "tee",
        "surface": "grass"
      },
      "geometry": {
        "type": "Polygon",
        "coordinates": [
          [
            [
              -3.8416132,
              58.0231669
            ],
            [
              -3.8416276,
              58.0230457
            ],
            [
              -3.8415588,
              58.0230451
            ],
            [
              -3.8415382,
              58.0231649
            ],
            [
              -3.8416132,
              58.0231669
            ]
          ]
        ]
      }
    },
    {
      "type": "Feature",
      "properties": {
        "@id": "way/771157586",
        "waterway": "stream"
      },
      "geometry": {
        "type": "LineString",
        "coordinates": [
          [
            -3.8434627,
            58.0296742
          ],
          [
            -3.8432085,
            58.0296275
          ],
          [
            -3.8430297,
            58.0295994
          ],
          [
            -3.8429059,
            58.0295917
          ],
          [
            -3.8427204,
            58.0295693
          ],
          [
            -3.8424808,
            58.029533
          ],
          [
            -3.8423117,
            58.0295144
          ],
          [
            -3.8421567,
            58.0295017
          ],
          [
            -3.8419097,
            58.0294658
          ],
          [
            -3.8417248,
            58.0294413
          ],
          [
            -3.8414991,
            58.0294061
          ],
          [
            -3.8414287,
            58.0293974
          ],
          [
            -3.8413235,
            58.0293869
          ],
          [
            -3.8410321,
            58.029351
          ],
          [
            -3.8407982,
            58.0292982
          ],
          [
            -3.8405958,
            58.0292531
          ],
          [
            -3.8405121,
            58.0292382
          ],
          [
            -3.8403818,
            58.0292041
          ],
          [
            -3.8403068,
            58.0291923
          ],
          [
            -3.8402409,
            58.0291838
          ],
          [
            -3.840183,
            58.0291901
          ],
          [
            -3.8401612,
            58.0292078
          ],
          [
            -3.8401502,
            58.0292259
          ],
          [
            -3.8401607,
            58.029253
          ],
          [
            -3.8401608,
            58.029273
          ],
          [
            -3.8401311,
            58.0292975
          ],
          [
            -3.8401149,
            58.029324
          ],
          [
            -3.8401036,
            58.029361
          ],
          [
            -3.8400452,
            58.0293739
          ],
          [
            -3.8399898,
            58.0293818
          ],
          [
            -3.8399326,
            58.0293992
          ],
          [
            -3.8398276,
            58.0293902
          ],
          [
            -3.8398002,
            58.0293972
          ],
          [
            -3.8397243,
            58.0294567
          ],
          [
            -3.8396836,
            58.0294594
          ],
          [
            -3.8396447,
            58.0294752
          ],
          [
            -3.8395925,
            58.0294904
          ],
          [
            -3.8395249,
            58.0295137
          ],
          [
            -3.8394965,
            58.029513
          ],
          [
            -3.8394816,
            58.0295003
          ],
          [
            -3.8394905,
            58.0294682
          ],
          [
            -3.8394961,
            58.0294337
          ],
          [
            -3.839489,
            58.0294225
          ],
          [
            -3.8394509,
            58.0294161
          ],
          [
            -3.8393367,
            58.0293992
          ],
          [
            -3.8392697,
            58.0293783
          ],
          [
            -3.8392378,
            58.029377
          ],
          [
            -3.8391701,
            58.0294067
          ],
          [
            -3.8391035,
            58.0294196
          ],
          [
            -3.8390498,
            58.0294156
          ],
          [
            -3.8389501,
            58.0294015
          ],
          [
            -3.8388658,
            58.0293987
          ],
          [
            -3.8387064,
            58.0294108
          ],
          [
            -3.8383377,
            58.0293963
          ]
        ]
      }
    },
    {
      "type": "Feature",
      "properties": {
        "@id": "way/823314771",
        "golf": "cartpath",
        "golf_cart": "designated",
        "highway": "service",
        "maxspeed": "20 mph",
        "source": "digitalglobe"
      },
      "geometry": {
        "type": "LineString",
        "coordinates": [
          [
            -3.8448644,
            58.0168584
          ],
          [
            -3.8449749,
            58.0166676
          ],
          [
            -3.8451199,
            58.0165349
          ],
          [
            -3.8452448,
            58.0164194
          ],
          [
            -3.8452864,
            58.0164004
          ],
          [
            -3.8453667,
            58.0163441
          ],
          [
            -3.8454865,
            58.0162948
          ],
          [
            -3.8455209,
            58.0162799
          ],
          [
            -3.8456645,
            58.0162005
          ],
          [
            -3.8457962,
            58.0161681
          ],
          [
            -3.8460656,
            58.0161428
          ],
          [
            -3.8465501,
            58.016099
          ],
          [
            -3.8467022,
            58.0160387
          ]
        ]
      }
    },
    {
      "type": "Feature",
      "properties": {
        "@id": "way/832300636",
        "golf": "tee",
        "surface": "grass"
      },
      "geometry": {
        "type": "Polygon",
        "coordinates": [
          [
            [
              -3.8450806,
              58.0120115
            ],
            [
              -3.8448919,
              58.0119588
            ],
            [
              -3.8450195,
              58.0118314
            ],
            [
              -3.8452054,
              58.0118917
            ],
            [
              -3.8450806,
              58.0120115
            ]
          ]
        ]
      }
    },
    {
      "type": "Feature",
      "properties": {
        "@id": "way/832300637",
        "golf": "tee",
        "surface": "grass"
      },
      "geometry": {
        "type": "Polygon",
        "coordinates": [
          [
            [
              -3.8449913,
              58.0121418
            ],
            [
              -3.8450806,
              58.0120506
            ],
            [
              -3.8448618,
              58.0119825
            ],
            [
              -3.8447625,
              58.0120786
            ],
            [
              -3.8449913,
              58.0121418
            ]
          ]
        ]
      }
    },
    {
      "type": "Feature",
      "properties": {
        "@id": "way/832300638",
        "golf": "green",
        "surface": "grass"
      },
      "geometry": {
        "type": "Polygon",
        "coordinates": [
          [
            [
              -3.8424685,
              58.0137608
            ],
            [
              -3.8425064,
              58.013743
            ],
            [
              -3.8425307,
              58.0137183
            ],
            [
              -3.8425436,
              58.0136873
            ],
            [
              -3.8425464,
              58.0136566
            ],
            [
              -3.8425257,
              58.0136316
            ],
            [
              -3.8424906,
              58.0136142
            ],
            [
              -3.842442,
              58.0135994
            ],
            [
              -3.8423934,
              58.0135937
            ],
            [
              -3.8423476,
              58.0135922
            ],
            [
              -3.8423083,
              58.0135952
            ],
            [
              -3.8422647,
              58.0136059
            ],
            [
              -3.8422218,
              58.0136199
            ],
            [
              -3.8421882,
              58.0136369
            ],
            [
              -3.842161,
              58.013657
            ],
            [
              -3.8421482,
              58.0136752
            ],
            [
              -3.8421496,
              58.0136979
            ],
            [
              -3.8421524,
              58.013718
            ],
            [
              -3.8421739,
              58.0137373
            ],
            [
              -3.8422089,
              58.0137562
            ],
            [
              -3.8422504,
              58.0137676
            ],
            [
              -3.8422833,
              58.0137774
            ],
            [
              -3.8423341,
              58.0137827
            ],
            [
              -3.8423863,
              58.0137816
            ],
            [
              -3.8424292,
              58.0137729
            ],
            [
              -3.8424685,
              58.0137608
            ]
          ]
        ]
      }
    },
    {
      "type": "Feature",
      "properties": {
        "@id": "way/832300639",
        "golf": "green",
        "surface": "grass"
      },
      "geometry": {
        "type": "Polygon",
        "coordinates": [
          [
            [
              -3.845627,
              58.0122719
            ],
            [
              -3.8456507,
              58.0122487
            ],
            [
              -3.8456845,
              58.012214
            ],
            [
              -3.8457054,
              58.0121855
            ],
            [
              -3.8456881,
              58.0121531
            ],
            [
              -3.8456608,
              58.0121232
            ],
            [
              -3.845617,
              58.0121005
            ],
            [
              -3.845555,
              58.0120904
            ],
            [
              -3.8454958,
              58.0120899
            ],
            [
              -3.845442,
              58.0120981
            ],
            [
              -3.8453933,
              58.0121157
            ],
            [
              -3.8453582,
              58.0121358
            ],
            [
              -3.8453363,
              58.0121671
            ],
            [
              -3.8453332,
              58.0121921
            ],
            [
              -3.8453345,
              58.012214
            ],
            [
              -3.8453384,
              58.0122425
            ],
            [
              -3.8453466,
              58.0122688
            ],
            [
              -3.8453618,
              58.0122845
            ],
            [
              -3.8453892,
              58.0123052
            ],
            [
              -3.8454293,
              58.0123197
            ],
            [
              -3.8454657,
              58.0123274
            ],
            [
              -3.8455122,
              58.0123226
            ],
            [
              -3.8455614,
              58.012311
            ],
            [
              -3.8456015,
              58.0122898
            ],
            [
              -3.845627,
              58.0122719
            ]
          ]
        ]
      }
    },
    {
      "type": "Feature",
      "properties": {
        "@id": "way/889233358",
        "golf": "fairway",
        "surface": "grass"
      },
      "geometry": {
        "type": "Polygon",
        "coordinates": [
          [
            [
              -3.8440831,
              58.0129116
            ],
            [
              -3.8440761,
              58.01286
            ],
            [
              -3.8440514,
              58.0128023
            ],
            [
              -3.8440668,
              58.0127286
            ],
            [
              -3.8441472,
              58.0126418
            ],
            [
              -3.844206,
              58.0125718
            ],
            [
              -3.8442663,
              58.0124903
            ],
            [
              -3.8443204,
              58.0124055
            ],
            [
              -3.8444023,
              58.0123162
            ],
            [
              -3.8445075,
              58.0122237
            ],
            [
              -3.8445654,
              58.0121766
            ],
            [
              -3.8446706,
              58.0121361
            ],
            [
              -3.8447718,
              58.0121455
            ],
            [
              -3.8448484,
              58.0121672
            ],
            [
              -3.8448731,
              58.0121942
            ],
            [
              -3.8448205,
              58.0122507
            ],
            [
              -3.8447108,
              58.0123433
            ],
            [
              -3.844611,
              58.0124567
            ],
            [
              -3.8445577,
              58.0125394
            ],
            [
              -3.8445345,
              58.0126205
            ],
            [
              -3.8445129,
              58.0127159
            ],
            [
              -3.8443815,
              58.0127019
            ],
            [
              -3.8443931,
              58.012673
            ],
            [
              -3.8443998,
              58.0126487
            ],
            [
              -3.8444047,
              58.01261
            ],
            [
              -3.8443852,
              58.0125951
            ],
            [
              -3.8443595,
              58.0125906
            ],
            [
              -3.8443218,
              58.0125997
            ],
            [
              -3.8442691,
              58.0126541
            ],
            [
              -3.8442385,
              58.0127019
            ],
            [
              -3.844218,
              58.0127431
            ],
            [
              -3.844209,
              58.0127808
            ],
            [
              -3.8442217,
              58.0128061
            ],
            [
              -3.8442423,
              58.0128202
            ],
            [
              -3.8442729,
              58.0128239
            ],
            [
              -3.8443001,
              58.0128145
            ],
            [
              -3.8443393,
              58.0127741
            ],
            [
              -3.8443625,
              58.0127417
            ],
            [
              -3.8443796,
              58.0127075
            ],
            [
              -3.8445144,
              58.0127205
            ],
            [
              -3.844474,
              58.0128028
            ],
            [
              -3.8444041,
              58.0129087
            ],
            [
              -3.8443154,
              58.0130095
            ],
            [
              -3.8442258,
              58.0130925
            ],
            [
              -3.8441607,
              58.0131718
            ],
            [
              -3.8439537,
              58.0133279
            ],
            [
              -3.8437668,
              58.01347
            ],
            [
              -3.8436159,
              58.013584
            ],
            [
              -3.8434652,
              58.0136452
            ],
            [
              -3.8432731,
              58.0136837
            ],
            [
              -3.8430408,
              58.013705
            ],
            [
              -3.8428713,
              58.0137236
            ],
            [
              -3.8427192,
              58.0137475
            ],
            [
              -3.8425925,
              58.0137731
            ],
            [
              -3.8425128,
              58.0138004
            ],
            [
              -3.8423979,
              58.0138194
            ],
            [
              -3.8422785,
              58.0138186
            ],
            [
              -3.8421918,
              58.0138002
            ],
            [
              -3.8421288,
              58.0137753
            ],
            [
              -3.8420702,
              58.0137326
            ],
            [
              -3.8420514,
              58.0136844
            ],
            [
              -3.8420866,
              58.0136237
            ],
            [
              -3.8421137,
              58.013599
            ],
            [
              -3.8421545,
              58.0135784
            ],
            [
              -3.8422461,
              58.0135476
            ],
            [
              -3.8423716,
              58.0135476
            ],
            [
              -3.8424473,
              58.0135534
            ],
            [
              -3.8425093,
              58.0135649
            ],
            [
              -3.8425972,
              58.0136022
            ],
            [
              -3.8426947,
              58.0136388
            ],
            [
              -3.842818,
              58.0136581
            ],
            [
              -3.8429633,
              58.0136476
            ],
            [
              -3.843046,
              58.0136197
            ],
            [
              -3.8431133,
              58.01355
            ],
            [
              -3.8431691,
              58.0134559
            ],
            [
              -3.8432449,
              58.013373
            ],
            [
              -3.8433504,
              58.0132798
            ],
            [
              -3.8434717,
              58.0132348
            ],
            [
              -3.8436525,
              58.0131773
            ],
            [
              -3.8438672,
              58.0130809
            ],
            [
              -3.8440212,
              58.0130035
            ],
            [
              -3.8440831,
              58.0129116
            ]
          ]
        ]
      }
    },
    {
      "type": "Feature",
      "properties": {
        "@id": "way/889233359",
        "golf": "tee",
        "surface": "grass"
      },
      "geometry": {
        "type": "Polygon",
        "coordinates": [
          [
            [
              -3.8419282,
              58.0138501
            ],
            [
              -3.8419931,
              58.0139464
            ],
            [
              -3.841789,
              58.013993
            ],
            [
              -3.8417202,
              58.0138939
            ],
            [
              -3.8419282,
              58.0138501
            ]
          ]
        ]
      }
    },
    {
      "type": "Feature",
      "properties": {
        "@id": "way/889233361",
        "golf": "tee",
        "surface": "grass"
      },
      "geometry": {
        "type": "Polygon",
        "coordinates": [
          [
            [
              -3.8426356,
              58.0140832
            ],
            [
              -3.842559,
              58.0140877
            ],
            [
              -3.8425418,
              58.0140151
            ],
            [
              -3.8426189,
              58.0140088
            ],
            [
              -3.8426356,
              58.0140832
            ]
          ]
        ]
      }
    },
    {
      "type": "Feature",
      "properties": {
        "@id": "way/889233362",
        "golf": "green",
        "surface": "grass"
      },
      "geometry": {
        "type": "Polygon",
        "coordinates": [
          [
            [
              -3.8432252,
              58.0165653
            ],
            [
              -3.8432307,
              58.0166016
            ],
            [
              -3.8432141,
              58.0166446
            ],
            [
              -3.8431834,
              58.0166855
            ],
            [
              -3.8431609,
              58.016717
            ],
            [
              -3.8431288,
              58.0167353
            ],
            [
              -3.84305,
              58.0167407
            ],
            [
              -3.8429978,
              58.0167372
            ],
            [
              -3.8429396,
              58.0167176
            ],
            [
              -3.8429032,
              58.0166903
            ],
            [
              -3.8428892,
              58.0166591
            ],
            [
              -3.8429002,
              58.0166273
            ],
            [
              -3.8429299,
              58.0165901
            ],
            [
              -3.842962,
              58.0165544
            ],
            [
              -3.8429875,
              58.0165175
            ],
            [
              -3.8430269,
              58.0164976
            ],
            [
              -3.8430651,
              58.0164892
            ],
            [
              -3.8431112,
              58.0164908
            ],
            [
              -3.8431458,
              58.016503
            ],
            [
              -3.8431925,
              58.0165252
            ],
            [
              -3.8432252,
              58.0165653
            ]
          ]
        ]
      }
    },
    {
      "type": "Feature",
      "properties": {
        "@id": "way/889233363",
        "golf": "bunker",
        "surface": "sand"
      },
      "geometry": {
        "type": "Polygon",
        "coordinates": [
          [
            [
              -3.8432933,
              58.01653
            ],
            [
              -3.8432864,
              58.016539
            ],
            [
              -3.8432728,
              58.0165441
            ],
            [
              -3.8432561,
              58.0165448
            ],
            [
              -3.8432404,
              58.0165404
            ],
            [
              -3.8432326,
              58.016532
            ],
            [
              -3.8432375,
              58.0165205
            ],
            [
              -3.8432542,
              58.0165149
            ],
            [
              -3.8432731,
              58.0165145
            ],
            [
              -3.8432889,
              58.0165202
            ],
            [
              -3.8432933,
              58.01653
            ]
          ]
        ]
      }
    },
    {
      "type": "Feature",
      "properties": {
        "@id": "way/889233364",
        "golf": "bunker",
        "surface": "sand"
      },
      "geometry": {
        "type": "Polygon",
        "coordinates": [
          [
            [
              -3.8429318,
              58.0165447
            ],
            [
              -3.8429259,
              58.0165567
            ],
            [
              -3.8429063,
              58.0165644
            ],
            [
              -3.8428817,
              58.0165643
            ],
            [
              -3.8428641,
              58.016557
            ],
            [
              -3.8428585,
              58.0165447
            ],
            [
              -3.8428697,
              58.0165328
            ],
            [
              -3.8428919,
              58.016528
            ],
            [
              -3.8429145,
              58.0165294
            ],
            [
              -3.842925,
              58.0165353
            ],
            [
              -3.8429318,
              58.0165447
            ]
          ]
        ]
      }
    },
    {
      "type": "Feature",
      "properties": {
        "@id": "way/889233365",
        "golf": "tee",
        "surface": "grass"
      },
      "geometry": {
        "type": "Polygon",
        "coordinates": [
          [
            [
              -3.8437947,
              58.0163676
            ],
            [
              -3.8437854,
              58.0165084
            ],
            [
              -3.8436757,
              58.0165084
            ],
            [
              -3.8436811,
              58.016368
            ],
            [
              -3.8437947,
              58.0163676
            ]
          ]
        ]
      }
    },
    {
      "type": "Feature",
      "properties": {
        "@id": "way/889233366",
        "golf": "tee",
        "surface": "grass"
      },
      "geometry": {
        "type": "Polygon",
        "coordinates": [
          [
            [
              -3.8439201,
              58.0165115
            ],
            [
              -3.8438173,
              58.0165125
            ],
            [
              -3.8438206,
              58.0163716
            ],
            [
              -3.8439248,
              58.0163709
            ],
            [
              -3.8439201,
              58.0165115
            ]
          ]
        ]
      }
    },
    {
      "type": "Feature",
      "properties": {
        "@id": "way/889233367",
        "golf": "tee",
        "surface": "grass"
      },
      "geometry": {
        "type": "Polygon",
        "coordinates": [
          [
            [
              -3.8435589,
              58.0167418
            ],
            [
              -3.8434708,
              58.0167442
            ],
            [
              -3.8434577,
              58.0166324
            ],
            [
              -3.8435435,
              58.0166279
            ],
            [
              -3.8435589,
              58.0167418
            ]
          ]
        ]
      }
    },
    {
      "type": "Feature",
      "properties": {
        "@id": "way/889233369",
        "golf": "fairway",
        "surface": "grass"
      },
      "geometry": {
        "type": "Polygon",
        "coordinates": [
          [
            [
              -3.8430264,
              58.015912
            ],
            [
              -3.8430579,
              58.015884
            ],
            [
              -3.8431192,
              58.0158631
            ],
            [
              -3.8431932,
              58.0158586
            ],
            [
              -3.8432629,
              58.0158651
            ],
            [
              -3.84334,
              58.0158795
            ],
            [
              -3.8433733,
              58.0159303
            ],
            [
              -3.8433933,
              58.0159887
            ],
            [
              -3.8433994,
              58.0160504
            ],
            [
              -3.8433763,
              58.0161417
            ],
            [
              -3.8433463,
              58.0162237
            ],
            [
              -3.8433354,
              58.0163172
            ],
            [
              -3.8433276,
              58.0164168
            ],
            [
              -3.8433456,
              58.0164646
            ],
            [
              -3.8433879,
              58.0165049
            ],
            [
              -3.8433941,
              58.0165694
            ],
            [
              -3.8433674,
              58.0166291
            ],
            [
              -3.8433222,
              58.0166962
            ],
            [
              -3.8432732,
              58.016739
            ],
            [
              -3.8432195,
              58.0167728
            ],
            [
              -3.8431495,
              58.0167915
            ],
            [
              -3.8430467,
              58.0168
            ],
            [
              -3.8429611,
              58.0167942
            ],
            [
              -3.8428545,
              58.0167544
            ],
            [
              -3.8428083,
              58.0167118
            ],
            [
              -3.8427788,
              58.0166564
            ],
            [
              -3.8427798,
              58.0165785
            ],
            [
              -3.8428036,
              58.016523
            ],
            [
              -3.8428397,
              58.0164583
            ],
            [
              -3.8428802,
              58.0163574
            ],
            [
              -3.8429059,
              58.016251
            ],
            [
              -3.8429475,
              58.0160712
            ],
            [
              -3.8430264,
              58.015912
            ]
          ]
        ]
      }
    },
    {
      "type": "Feature",
      "properties": {
        "@id": "way/889233370",
        "golf": "bunker",
        "surface": "sand"
      },
      "geometry": {
        "type": "Polygon",
        "coordinates": [
          [
            [
              -3.8436145,
              58.0153845
            ],
            [
              -3.8436138,
              58.0153932
            ],
            [
              -3.8436048,
              58.0154003
            ],
            [
              -3.8435903,
              58.015404
            ],
            [
              -3.8435709,
              58.0154035
            ],
            [
              -3.8435554,
              58.0153966
            ],
            [
              -3.8435496,
              58.0153878
            ],
            [
              -3.8435552,
              58.0153786
            ],
            [
              -3.8435694,
              58.0153727
            ],
            [
              -3.8435907,
              58.0153713
            ],
            [
              -3.8436071,
              58.0153761
            ],
            [
              -3.8436145,
              58.0153845
            ]
          ]
        ]
      }
    },
    {
      "type": "Feature",
      "properties": {
        "@id": "way/889233371",
        "golf": "bunker",
        "surface": "sand"
      },
      "geometry": {
        "type": "Polygon",
        "coordinates": [
          [
            [
              -3.84358,
              58.015475
            ],
            [
              -3.843575,
              58.0154867
            ],
            [
              -3.8435548,
              58.0154951
            ],
            [
              -3.8435274,
              58.0154956
            ],
            [
              -3.8435111,
              58.0154855
            ],
            [
              -3.8435083,
              58.0154724
            ],
            [
              -3.8435189,
              58.0154614
            ],
            [
              -3.8435384,
              58.0154571
            ],
            [
              -3.8435695,
              58.015461
            ],
            [
              -3.84358,
              58.015475
            ]
          ]
        ]
      }
    },
    {
      "type": "Feature",
      "properties": {
        "@id": "way/889233373",
        "golf": "hole",
        "ref": "2"
      },
      "geometry": {
        "type": "LineString",
        "coordinates": [
          [
            -3.8419117,
            58.0139327
          ],
          [
            -3.8434241,
            58.015741
          ],
          [
            -3.843059,
            58.0166262
          ]
        ]
      }
    },
    {
      "type": "Feature",
      "properties": {
        "@id": "way/889233374",
        "golf": "hole",
        "par": "4",
        "ref": "1"
      },
      "geometry": {
        "type": "LineString",
        "coordinates": [
          [
            -3.8450609,
            58.0119139
          ],
          [
            -3.8435175,
            58.0134893
          ],
          [
            -3.8423246,
            58.0136946
          ]
        ]
      }
    },
    {
      "type": "Feature",
      "properties": {
        "@id": "way/889233375",
        "golf": "bunker",
        "surface": "sand"
      },
      "geometry": {
        "type": "Polygon",
        "coordinates": [
          [
            [
              -3.8452621,
              58.012262
            ],
            [
              -3.8452679,
              58.0122715
            ],
            [
              -3.8452616,
              58.0122805
            ],
            [
              -3.8452471,
              58.012286
            ],
            [
              -3.8452304,
              58.0122865
            ],
            [
              -3.8452135,
              58.0122829
            ],
            [
              -3.8452068,
              58.0122754
            ],
            [
              -3.8452086,
              58.0122675
            ],
            [
              -3.8452188,
              58.0122596
            ],
            [
              -3.8452365,
              58.0122569
            ],
            [
              -3.8452517,
              58.012257
            ],
            [
              -3.8452621,
              58.012262
            ]
          ]
        ]
      }
    },
    {
      "type": "Feature",
      "properties": {
        "@id": "way/889233376",
        "golf": "bunker",
        "surface": "sand"
      },
      "geometry": {
        "type": "Polygon",
        "coordinates": [
          [
            [
              -3.8457013,
              58.0122379
            ],
            [
              -3.8457068,
              58.0122247
            ],
            [
              -3.8457153,
              58.0122124
            ],
            [
              -3.845733,
              58.0122043
            ],
            [
              -3.8457539,
              58.012204
            ],
            [
              -3.8457672,
              58.0122122
            ],
            [
              -3.8457672,
              58.0122265
            ],
            [
              -3.8457592,
              58.0122413
            ],
            [
              -3.8457477,
              58.0122521
            ],
            [
              -3.8457319,
              58.0122555
            ],
            [
              -3.8457132,
              58.0122536
            ],
            [
              -3.8457027,
              58.012247
            ],
            [
              -3.8457013,
              58.0122379
            ]
          ]
        ]
      }
    },
    {
      "type": "Feature",
      "properties": {
        "@id": "way/889233377",
        "golf": "bunker",
        "surface": "sand"
      },
      "geometry": {
        "type": "Polygon",
        "coordinates": [
          [
            [
              -3.8456482,
              58.0123327
            ],
            [
              -3.8456465,
              58.0123465
            ],
            [
              -3.8456351,
              58.0123571
            ],
            [
              -3.845616,
              58.012363
            ],
            [
              -3.8455973,
              58.012363
            ],
            [
              -3.8455829,
              58.0123568
            ],
            [
              -3.8455774,
              58.0123468
            ],
            [
              -3.8455815,
              58.012334
            ],
            [
              -3.845593,
              58.012325
            ],
            [
              -3.8456158,
              58.0123204
            ],
            [
              -3.8456396,
              58.0123234
            ],
            [
              -3.8456482,
              58.0123327
            ]
          ]
        ]
      }
    },
    {
      "type": "Feature",
      "properties": {
        "@id": "way/889233378",
        "building": "yes",
        "golf": "clubhouse"
      },
      "geometry": {
        "type": "Polygon",
        "coordinates": [
          [
            [
              -3.8463259,
              58.0118672
            ],
            [
              -3.8465285,
              58.0119135
            ],
            [
              -3.8461971,
              58.01226
            ],
            [
              -3.8460611,
              58.0122217
            ],
            [
              -3.8460195,
              58.0121568
            ],
            [
              -3.8460674,
              58.0121099
            ],
            [
              -3.8460551,
              58.0120689
            ],
            [
              -3.8461141,
              58.0120088
            ],
            [
              -3.8461712,
              58.0120218
            ],
            [
              -3.8463259,
              58.0118672
            ]
          ]
        ]
      }
    },
    {
      "type": "Feature",
      "properties": {
        "@id": "way/889233379",
        "golf": "green",
        "surface": "grass"
      },
      "geometry": {
        "type": "Polygon",
        "coordinates": [
          [
            [
              -3.845711,
              58.011676
            ],
            [
              -3.845712,
              58.011713
            ],
            [
              -3.8456868,
              58.0117395
            ],
            [
              -3.8456482,
              58.0117486
            ],
            [
              -3.8455902,
              58.0117536
            ],
            [
              -3.8455202,
              58.0117382
            ],
            [
              -3.8454622,
              58.0117138
            ],
            [
              -3.8454374,
              58.0116959
            ],
            [
              -3.845426,
              58.0116626
            ],
            [
              -3.8454479,
              58.0116296
            ],
            [
              -3.8454855,
              58.0116061
            ],
            [
              -3.8455297,
              58.0115943
            ],
            [
              -3.8455797,
              58.011594
            ],
            [
              -3.8456292,
              58.0116054
            ],
            [
              -3.845673,
              58.0116354
            ],
            [
              -3.845711,
              58.011676
            ]
          ]
        ]
      }
    },
    {
      "type": "Feature",
      "properties": {
        "@id": "way/921652602",
        "golf": "fairway",
        "surface": "grass"
      },
      "geometry": {
        "type": "Polygon",
        "coordinates": [
          [
            [
              -3.8438613,
              58.0172566
            ],
            [
              -3.8439098,
              58.0172871
            ],
            [
              -3.8439356,
              58.0173257
            ],
            [
              -3.8439295,
              58.0173876
            ],
            [
              -3.8439189,
              58.017492
            ],
            [
              -3.8439098,
              58.0176325
            ],
            [
              -3.8438886,
              58.0177771
            ],
            [
              -3.8438764,
              58.017917
            ],
            [
              -3.8438613,
              58.0180777
            ],
            [
              -3.8438339,
              58.0181886
            ],
            [
              -3.8438097,
              58.0182931
            ],
            [
              -3.8437922,
              58.0183564
            ],
            [
              -3.8437056,
              58.0183879
            ],
            [
              -3.8435811,
              58.0184132
            ],
            [
              -3.8434756,
              58.0184276
            ],
            [
              -3.843379,
              58.0184219
            ],
            [
              -3.843315,
              58.0183965
            ],
            [
              -3.8432591,
              58.0183492
            ],
            [
              -3.8432374,
              58.0182847
            ],
            [
              -3.8432464,
              58.0182312
            ],
            [
              -3.8432663,
              58.0181308
            ],
            [
              -3.8432942,
              58.0179603
            ],
            [
              -3.8433132,
              58.0178938
            ],
            [
              -3.8433366,
              58.0178035
            ],
            [
              -3.8433763,
              58.0176678
            ],
            [
              -3.843398,
              58.0175928
            ],
            [
              -3.8434449,
              58.0174566
            ],
            [
              -3.8434738,
              58.0173701
            ],
            [
              -3.8435026,
              58.0173113
            ],
            [
              -3.8435459,
              58.0172788
            ],
            [
              -3.8436091,
              58.0172483
            ],
            [
              -3.8436975,
              58.0172377
            ],
            [
              -3.8437886,
              58.0172435
            ],
            [
              -3.8438613,
              58.0172566
            ]
          ]
        ]
      }
    },
    {
      "type": "Feature",
      "properties": {
        "@id": "way/921652603",
        "golf": "bunker",
        "surface": "sand"
      },
      "geometry": {
        "type": "Polygon",
        "coordinates": [
          [
            [
              -3.8432827,
              58.0179712
            ],
            [
              -3.843283,
              58.0179816
            ],
            [
              -3.8432738,
              58.0179923
            ],
            [
              -3.8432601,
              58.0179977
            ],
            [
              -3.8432371,
              58.0179967
            ],
            [
              -3.8432247,
              58.0179919
            ],
            [
              -3.8432167,
              58.0179821
            ],
            [
              -3.8432231,
              58.0179686
            ],
            [
              -3.8432358,
              58.0179598
            ],
            [
              -3.8432572,
              58.0179561
            ],
            [
              -3.8432757,
              58.017961
            ],
            [
              -3.8432827,
              58.0179712
            ]
          ]
        ]
      }
    },
    {
      "type": "Feature",
      "properties": {
        "@id": "way/921652605",
        "golf": "green",
        "surface": "grass"
      },
      "geometry": {
        "type": "Polygon",
        "coordinates": [
          [
            [
              -3.8431966,
              58.0199105
            ],
            [
              -3.843232,
              58.0199412
            ],
            [
              -3.843261,
              58.0199787
            ],
            [
              -3.8432685,
              58.0200139
            ],
            [
              -3.8432599,
              58.0200389
            ],
            [
              -3.8432277,
              58.0200673
            ],
            [
              -3.8431869,
              58.0200974
            ],
            [
              -3.8431322,
              58.0201207
            ],
            [
              -3.843085,
              58.0201309
            ],
            [
              -3.8430174,
              58.0201304
            ],
            [
              -3.8429541,
              58.0201116
            ],
            [
              -3.8428962,
              58.0200775
            ],
            [
              -3.8428629,
              58.0200355
            ],
            [
              -3.8428447,
              58.0199986
            ],
            [
              -3.8428436,
              58.019969
            ],
            [
              -3.8428779,
              58.0199332
            ],
            [
              -3.8429251,
              58.0199065
            ],
            [
              -3.8429906,
              58.0198906
            ],
            [
              -3.8430743,
              58.0198792
            ],
            [
              -3.8431451,
              58.019886
            ],
            [
              -3.8431966,
              58.0199105
            ]
          ]
        ]
      }
    },
    {
      "type": "Feature",
      "properties": {
        "@id": "way/921652606",
        "golf": "bunker",
        "surface": "sand"
      },
      "geometry": {
        "type": "Polygon",
        "coordinates": [
          [
            [
              -3.8429388,
              58.0198518
            ],
            [
              -3.8429328,
              58.0198639
            ],
            [
              -3.8429165,
              58.0198736
            ],
            [
              -3.8428983,
              58.0198769
            ],
            [
              -3.8428738,
              58.0198753
            ],
            [
              -3.8428556,
              58.0198675
            ],
            [
              -3.8428476,
              58.0198553
            ],
            [
              -3.8428521,
              58.0198433
            ],
            [
              -3.8428706,
              58.0198347
            ],
            [
              -3.8428955,
              58.019832
            ],
            [
              -3.8429203,
              58.0198361
            ],
            [
              -3.8429318,
              58.0198423
            ],
            [
              -3.8429388,
              58.0198518
            ]
          ]
        ]
      }
    },
    {
      "type": "Feature",
      "properties": {
        "@id": "way/921652607",
        "golf": "bunker",
        "surface": "sand"
      },
      "geometry": {
        "type": "Polygon",
        "coordinates": [
          [
            [
              -3.8433363,
              58.0199272
            ],
            [
              -3.8433401,
              58.0199423
            ],
            [
              -3.8433352,
              58.019954
            ],
            [
              -3.8433223,
              58.0199614
            ],
            [
              -3.8433063,
              58.0199642
            ],
            [
              -3.8432881,
              58.019962
            ],
            [
              -3.8432733,
              58.0199531
            ],
            [
              -3.8432741,
              58.0199399
            ],
            [
              -3.8432817,
              58.019927
            ],
            [
              -3.8432946,
              58.019918
            ],
            [
              -3.843309,
              58.0199146
            ],
            [
              -3.8433283,
              58.0199174
            ],
            [
              -3.8433363,
              58.0199272
            ]
          ]
        ]
      }
    },
    {
      "type": "Feature",
      "properties": {
        "@id": "way/921652610",
        "golf": "hole",
        "par": "4",
        "ref": "3"
      },
      "geometry": {
        "type": "LineString",
        "coordinates": [
          [
            -3.8437376,
            58.0164098
          ],
          [
            -3.8435883,
            58.0182599
          ],
          [
            -3.8430784,
            58.0200112
          ]
        ]
      }
    },
    {
      "type": "Feature",
      "properties": {
        "@id": "way/921652612",
        "golf": "fairway",
        "surface": "grass"
      },
      "geometry": {
        "type": "Polygon",
        "coordinates": [
          [
            [
              -3.8430718,
              58.0223779
            ],
            [
              -3.84309,
              58.0224336
            ],
            [
              -3.8430782,
              58.0224995
            ],
            [
              -3.8430374,
              58.0225592
            ],
            [
              -3.8429634,
              58.0226171
            ],
            [
              -3.8428916,
              58.0226534
            ],
            [
              -3.8428085,
              58.022688
            ],
            [
              -3.8427484,
              58.0227551
            ],
            [
              -3.8427141,
              58.0228551
            ],
            [
              -3.8426905,
              58.0229619
            ],
            [
              -3.8426711,
              58.0230664
            ],
            [
              -3.8426947,
              58.0231289
            ],
            [
              -3.8427269,
              58.0231948
            ],
            [
              -3.8427205,
              58.0233016
            ],
            [
              -3.8427012,
              58.0233732
            ],
            [
              -3.8426325,
              58.0234335
            ],
            [
              -3.8424952,
              58.0234551
            ],
            [
              -3.842375,
              58.0234573
            ],
            [
              -3.842227,
              58.0234266
            ],
            [
              -3.8421679,
              58.0233863
            ],
            [
              -3.8421338,
              58.0233509
            ],
            [
              -3.8421315,
              58.0232927
            ],
            [
              -3.8421353,
              58.0232196
            ],
            [
              -3.8421527,
              58.0231701
            ],
            [
              -3.8422255,
              58.02309
            ],
            [
              -3.8422831,
              58.0228875
            ],
            [
              -3.8423377,
              58.0227236
            ],
            [
              -3.8424166,
              58.0226577
            ],
            [
              -3.8425593,
              58.0225982
            ],
            [
              -3.8426564,
              58.0225195
            ],
            [
              -3.8427687,
              58.022452
            ],
            [
              -3.8429265,
              58.0223813
            ],
            [
              -3.8430718,
              58.0223779
            ]
          ]
        ]
      }
    },
    {
      "type": "Feature",
      "properties": {
        "@id": "way/921652613",
        "golf": "green",
        "surface": "grass"
      },
      "geometry": {
        "type": "Polygon",
        "coordinates": [
          [
            [
              -3.8425949,
              58.0233057
            ],
            [
              -3.8425742,
              58.0233506
            ],
            [
              -3.8425381,
              58.0233908
            ],
            [
              -3.8424749,
              58.0234161
            ],
            [
              -3.8424127,
              58.0234233
            ],
            [
              -3.8423396,
              58.0234175
            ],
            [
              -3.8422819,
              58.0233932
            ],
            [
              -3.8422386,
              58.0233635
            ],
            [
              -3.8422205,
              58.0233387
            ],
            [
              -3.8422196,
              58.0233029
            ],
            [
              -3.8422476,
              58.0232632
            ],
            [
              -3.8422828,
              58.023235
            ],
            [
              -3.842336,
              58.0232044
            ],
            [
              -3.8423919,
              58.0231958
            ],
            [
              -3.8424542,
              58.0231958
            ],
            [
              -3.8425065,
              58.0232049
            ],
            [
              -3.8425507,
              58.0232279
            ],
            [
              -3.8425841,
              58.0232627
            ],
            [
              -3.8425949,
              58.0233057
            ]
          ]
        ]
      }
    },
    {
      "type": "Feature",
      "properties": {
        "@id": "way/921652614",
        "golf": "bunker",
        "surface": "sand"
      },
      "geometry": {
        "type": "Polygon",
        "coordinates": [
          [
            [
              -3.8426559,
              58.0232225
            ],
            [
              -3.8426489,
              58.0232341
            ],
            [
              -3.8426326,
              58.0232407
            ],
            [
              -3.842615,
              58.0232419
            ],
            [
              -3.8425965,
              58.0232375
            ],
            [
              -3.8425851,
              58.0232292
            ],
            [
              -3.8425851,
              58.0232191
            ],
            [
              -3.8425956,
              58.0232078
            ],
            [
              -3.8426163,
              58.0232032
            ],
            [
              -3.8426371,
              58.0232056
            ],
            [
              -3.8426504,
              58.0232112
            ],
            [
              -3.8426559,
              58.0232225
            ]
          ]
        ]
      }
    },
    {
      "type": "Feature",
      "properties": {
        "@id": "way/921652615",
        "golf": "bunker",
        "surface": "sand"
      },
      "geometry": {
        "type": "Polygon",
        "coordinates": [
          [
            [
              -3.8422681,
              58.0232012
            ],
            [
              -3.8422652,
              58.0232127
            ],
            [
              -3.8422477,
              58.02322
            ],
            [
              -3.8422263,
              58.0232203
            ],
            [
              -3.8422097,
              58.0232148
            ],
            [
              -3.8421998,
              58.0232077
            ],
            [
              -3.8421982,
              58.023198
            ],
            [
              -3.842204,
              58.0231904
            ],
            [
              -3.8422186,
              58.0231837
            ],
            [
              -3.8422371,
              58.023183
            ],
            [
              -3.8422528,
              58.0231862
            ],
            [
              -3.8422646,
              58.0231925
            ],
            [
              -3.8422681,
              58.0232012
            ]
          ]
        ]
      }
    },
    {
      "type": "Feature",
      "properties": {
        "@id": "way/921652616",
        "golf": "hole",
        "par": "4",
        "ref": "4"
      },
      "geometry": {
        "type": "LineString",
        "coordinates": [
          [
            -3.8437773,
            58.0207284
          ],
          [
            -3.842886,
            58.0225841
          ],
          [
            -3.8424457,
            58.0233123
          ]
        ]
      }
    },
    {
      "type": "Feature",
      "properties": {
        "@id": "way/921665751",
        "golf": "fairway",
        "surface": "grass"
      },
      "geometry": {
        "type": "Polygon",
        "coordinates": [
          [
            [
              -3.8415334,
              58.0237643
            ],
            [
              -3.8415235,
              58.0237341
            ],
            [
              -3.8415357,
              58.0237088
            ],
            [
              -3.8415789,
              58.0236863
            ],
            [
              -3.841657,
              58.0236863
            ],
            [
              -3.8417041,
              58.023708
            ],
            [
              -3.8417443,
              58.0237361
            ],
            [
              -3.841832,
              58.0238174
            ],
            [
              -3.8419221,
              58.0239117
            ],
            [
              -3.8419994,
              58.0240095
            ],
            [
              -3.8420101,
              58.0240731
            ],
            [
              -3.8420809,
              58.0241413
            ],
            [
              -3.8421088,
              58.0242106
            ],
            [
              -3.8420745,
              58.0243094
            ],
            [
              -3.8420917,
              58.0244435
            ],
            [
              -3.8420638,
              58.0245651
            ],
            [
              -3.8419415,
              58.0246765
            ],
            [
              -3.84177,
              58.0247386
            ],
            [
              -3.8416148,
              58.0247425
            ],
            [
              -3.8414957,
              58.0247233
            ],
            [
              -3.8414686,
              58.0246835
            ],
            [
              -3.841475,
              58.0245849
            ],
            [
              -3.8414737,
              58.0244815
            ],
            [
              -3.8415158,
              58.0243011
            ],
            [
              -3.8415566,
              58.0241349
            ],
            [
              -3.8415566,
              58.0240092
            ],
            [
              -3.8415334,
              58.0237643
            ]
          ]
        ]
      }
    },
    {
      "type": "Feature",
      "properties": {
        "@id": "way/921665752",
        "golf": "bunker",
        "surface": "sand"
      },
      "geometry": {
        "type": "Polygon",
        "coordinates": [
          [
            [
              -3.8422301,
              58.0243274
            ],
            [
              -3.8422281,
              58.024341
            ],
            [
              -3.8422192,
              58.0243575
            ],
            [
              -3.8422141,
              58.024369
            ],
            [
              -3.8421918,
              58.0243751
            ],
            [
              -3.8421663,
              58.0243724
            ],
            [
              -3.8421484,
              58.0243666
            ],
            [
              -3.8421439,
              58.0243535
            ],
            [
              -3.8421478,
              58.0243399
            ],
            [
              -3.8421529,
              58.0243207
            ],
            [
              -3.8421739,
              58.0243126
            ],
            [
              -3.8422014,
              58.0243089
            ],
            [
              -3.8422275,
              58.0243166
            ],
            [
              -3.8422301,
              58.0243274
            ]
          ]
        ]
      }
    },
    {
      "type": "Feature",
      "properties": {
        "@id": "way/921665753",
        "golf": "green",
        "surface": "grass"
      },
      "geometry": {
        "type": "Polygon",
        "coordinates": [
          [
            [
              -3.8411443,
              58.0260729
            ],
            [
              -3.8411336,
              58.0261104
            ],
            [
              -3.8410928,
              58.0261371
            ],
            [
              -3.8410209,
              58.0261604
            ],
            [
              -3.840949,
              58.0261666
            ],
            [
              -3.8408525,
              58.0261621
            ],
            [
              -3.8407731,
              58.026136
            ],
            [
              -3.8407302,
              58.0261047
            ],
            [
              -3.8407151,
              58.0260763
            ],
            [
              -3.8407248,
              58.0260445
            ],
            [
              -3.8407763,
              58.0260104
            ],
            [
              -3.8408482,
              58.0259854
            ],
            [
              -3.8409437,
              58.0259672
            ],
            [
              -3.8410306,
              58.0259695
            ],
            [
              -3.8410906,
              58.0259871
            ],
            [
              -3.8411411,
              58.0260269
            ],
            [
              -3.8411443,
              58.0260729
            ]
          ]
        ]
      }
    },
    {
      "type": "Feature",
      "properties": {
        "@id": "way/921665754",
        "golf": "fairway",
        "surface": "grass"
      },
      "geometry": {
        "type": "Polygon",
        "coordinates": [
          [
            [
              -3.8412595,
              58.0260515
            ],
            [
              -3.8412143,
              58.0261318
            ],
            [
              -3.8411151,
              58.0261833
            ],
            [
              -3.840978,
              58.0262025
            ],
            [
              -3.84083,
              58.0262005
            ],
            [
              -3.8406965,
              58.0261614
            ],
            [
              -3.8406424,
              58.0261021
            ],
            [
              -3.8406351,
              58.0260534
            ],
            [
              -3.8406586,
              58.0260037
            ],
            [
              -3.8407542,
              58.025955
            ],
            [
              -3.8408354,
              58.0259235
            ],
            [
              -3.8409166,
              58.0258623
            ],
            [
              -3.8410068,
              58.0257658
            ],
            [
              -3.841145,
              58.0256573
            ],
            [
              -3.8412522,
              58.0255397
            ],
            [
              -3.8412752,
              58.0254168
            ],
            [
              -3.8412854,
              58.0253154
            ],
            [
              -3.8413415,
              58.0252681
            ],
            [
              -3.8414564,
              58.0252289
            ],
            [
              -3.8415686,
              58.0251884
            ],
            [
              -3.8416273,
              58.0251303
            ],
            [
              -3.8417039,
              58.0250979
            ],
            [
              -3.8418366,
              58.0250938
            ],
            [
              -3.8419106,
              58.0251222
            ],
            [
              -3.8419233,
              58.0251897
            ],
            [
              -3.8418902,
              58.0253141
            ],
            [
              -3.8417957,
              58.0254668
            ],
            [
              -3.8417371,
              58.025537
            ],
            [
              -3.8417269,
              58.0255978
            ],
            [
              -3.8417345,
              58.0256519
            ],
            [
              -3.841658,
              58.0257316
            ],
            [
              -3.8415048,
              58.0258127
            ],
            [
              -3.841413,
              58.0258681
            ],
            [
              -3.8413033,
              58.0259613
            ],
            [
              -3.8412595,
              58.0260515
            ]
          ]
        ]
      }
    },
    {
      "type": "Feature",
      "properties": {
        "@id": "way/921665755",
        "golf": "hole",
        "par": "4",
        "ref": "5"
      },
      "geometry": {
        "type": "LineString",
        "coordinates": [
          [
            -3.841953,
            58.0226321
          ],
          [
            -3.8417815,
            58.0246354
          ],
          [
            -3.8409337,
            58.0260796
          ]
        ]
      }
    },
    {
      "type": "Feature",
      "properties": {
        "@id": "way/921665757",
        "golf": "tee",
        "surface": "grass"
      },
      "geometry": {
        "type": "Polygon",
        "coordinates": [
          [
            [
              -3.8402837,
              58.026479
            ],
            [
              -3.8401051,
              58.026454
            ],
            [
              -3.8401778,
              58.0262804
            ],
            [
              -3.8406282,
              58.0263304
            ],
            [
              -3.8406014,
              58.0263817
            ],
            [
              -3.8404279,
              58.0263676
            ],
            [
              -3.8403756,
              58.0263804
            ],
            [
              -3.8403322,
              58.0264
            ],
            [
              -3.8402837,
              58.026479
            ]
          ]
        ]
      }
    },
    {
      "type": "Feature",
      "properties": {
        "@id": "way/921665758",
        "golf": "tee",
        "surface": "grass"
      },
      "geometry": {
        "type": "Polygon",
        "coordinates": [
          [
            [
              -3.8400719,
              58.0262696
            ],
            [
              -3.8400158,
              58.0263912
            ],
            [
              -3.8398754,
              58.0263736
            ],
            [
              -3.8399392,
              58.0262554
            ],
            [
              -3.8400719,
              58.0262696
            ]
          ]
        ]
      }
    },
    {
      "type": "Feature",
      "properties": {
        "@id": "way/921665759",
        "golf": "green",
        "surface": "grass"
      },
      "geometry": {
        "type": "Polygon",
        "coordinates": [
          [
            [
              -3.8428085,
              58.026647
            ],
            [
              -3.8428268,
              58.026668
            ],
            [
              -3.8428525,
              58.0266867
            ],
            [
              -3.8428911,
              58.0267004
            ],
            [
              -3.8429233,
              58.0267185
            ],
            [
              -3.8429362,
              58.0267521
            ],
            [
              -3.8429105,
              58.0267839
            ],
            [
              -3.842845,
              58.0268117
            ],
            [
              -3.8427839,
              58.0268259
            ],
            [
              -3.8427098,
              58.0268282
            ],
            [
              -3.8426315,
              58.0268208
            ],
            [
              -3.8425757,
              58.0267907
            ],
            [
              -3.8425543,
              58.0267572
            ],
            [
              -3.8425607,
              58.0267265
            ],
            [
              -3.8425875,
              58.0266907
            ],
            [
              -3.8426326,
              58.0266612
            ],
            [
              -3.8426734,
              58.0266407
            ],
            [
              -3.8427206,
              58.0266328
            ],
            [
              -3.8427753,
              58.0266339
            ],
            [
              -3.8428085,
              58.026647
            ]
          ]
        ]
      }
    },
    {
      "type": "Feature",
      "properties": {
        "@id": "way/921665760",
        "golf": "bunker",
        "surface": "sand"
      },
      "geometry": {
        "type": "Polygon",
        "coordinates": [
          [
            [
              -3.8426194,
              58.0266062
            ],
            [
              -3.842619,
              58.0266196
            ],
            [
              -3.8426011,
              58.0266279
            ],
            [
              -3.8425754,
              58.0266287
            ],
            [
              -3.8425575,
              58.0266202
            ],
            [
              -3.8425526,
              58.0266094
            ],
            [
              -3.8425644,
              58.0265996
            ],
            [
              -3.8425818,
              58.0265947
            ],
            [
              -3.842608,
              58.0265971
            ],
            [
              -3.8426194,
              58.0266062
            ]
          ]
        ]
      }
    },
    {
      "type": "Feature",
      "properties": {
        "@id": "way/921665761",
        "golf": "bunker",
        "surface": "sand"
      },
      "geometry": {
        "type": "Polygon",
        "coordinates": [
          [
            [
              -3.8425201,
              58.0266437
            ],
            [
              -3.842519,
              58.0266572
            ],
            [
              -3.8425019,
              58.0266644
            ],
            [
              -3.842478,
              58.026667
            ],
            [
              -3.8424552,
              58.0266632
            ],
            [
              -3.8424423,
              58.0266538
            ],
            [
              -3.8424427,
              58.0266421
            ],
            [
              -3.8424598,
              58.0266339
            ],
            [
              -3.8424826,
              58.0266313
            ],
            [
              -3.8425046,
              58.0266347
            ],
            [
              -3.8425201,
              58.0266437
            ]
          ]
        ]
      }
    },
    {
      "type": "Feature",
      "properties": {
        "@id": "way/921665762",
        "golf": "bunker",
        "surface": "sand"
      },
      "geometry": {
        "type": "Polygon",
        "coordinates": [
          [
            [
              -3.8424566,
              58.0267865
            ],
            [
              -3.8424577,
              58.026798
            ],
            [
              -3.8424452,
              58.0268078
            ],
            [
              -3.8424244,
              58.0268129
            ],
            [
              -3.842399,
              58.0268112
            ],
            [
              -3.8423864,
              58.0268034
            ],
            [
              -3.84238,
              58.0267932
            ],
            [
              -3.8423857,
              58.0267823
            ],
            [
              -3.8424008,
              58.0267755
            ],
            [
              -3.8424255,
              58.0267737
            ],
            [
              -3.8424479,
              58.0267775
            ],
            [
              -3.8424566,
              58.0267865
            ]
          ]
        ]
      }
    },
    {
      "type": "Feature",
      "properties": {
        "@id": "way/921665763",
        "golf": "fairway",
        "surface": "grass"
      },
      "geometry": {
        "type": "Polygon",
        "coordinates": [
          [
            [
              -3.842996,
              58.0267142
            ],
            [
              -3.8430014,
              58.0267462
            ],
            [
              -3.8429608,
              58.0267858
            ],
            [
              -3.8429229,
              58.0268131
            ],
            [
              -3.8428489,
              58.0268465
            ],
            [
              -3.8427569,
              58.0268776
            ],
            [
              -3.8426513,
              58.0268914
            ],
            [
              -3.8425503,
              58.0268914
            ],
            [
              -3.8424475,
              58.0268756
            ],
            [
              -3.8423807,
              58.0268484
            ],
            [
              -3.8423374,
              58.0268255
            ],
            [
              -3.8423166,
              58.026783
            ],
            [
              -3.8423293,
              58.0267304
            ],
            [
              -3.8423663,
              58.0266726
            ],
            [
              -3.8424249,
              58.0266186
            ],
            [
              -3.8425007,
              58.0265852
            ],
            [
              -3.8425774,
              58.0265651
            ],
            [
              -3.8426757,
              58.026567
            ],
            [
              -3.8427713,
              58.0265814
            ],
            [
              -3.8428661,
              58.0266186
            ],
            [
              -3.8429563,
              58.0266669
            ],
            [
              -3.842996,
              58.0267142
            ]
          ]
        ]
      }
    },
    {
      "type": "Feature",
      "properties": {
        "@id": "way/921665767",
        "golf": "tee",
        "surface": "grass"
      },
      "geometry": {
        "type": "Polygon",
        "coordinates": [
          [
            [
              -3.842673,
              58.0272046
            ],
            [
              -3.8425217,
              58.027346
            ],
            [
              -3.8424145,
              58.0273125
            ],
            [
              -3.8425539,
              58.0271716
            ],
            [
              -3.842673,
              58.0272046
            ]
          ]
        ]
      }
    },
    {
      "type": "Feature",
      "properties": {
        "@id": "way/921665768",
        "golf": "tee",
        "surface": "grass"
      },
      "geometry": {
        "type": "Polygon",
        "coordinates": [
          [
            [
              -3.8422684,
              58.0272722
            ],
            [
              -3.8421971,
              58.0273663
            ],
            [
              -3.8421132,
              58.0273506
            ],
            [
              -3.8421863,
              58.0272522
            ],
            [
              -3.8422684,
              58.0272722
            ]
          ]
        ]
      }
    },
    {
      "type": "Feature",
      "properties": {
        "@id": "way/921665769",
        "golf": "tee",
        "surface": "grass"
      },
      "geometry": {
        "type": "Polygon",
        "coordinates": [
          [
            [
              -3.8420635,
              58.0274851
            ],
            [
              -3.842024,
              58.0275378
            ],
            [
              -3.8419621,
              58.0275263
            ],
            [
              -3.8420048,
              58.0274732
            ],
            [
              -3.8420635,
              58.0274851
            ]
          ]
        ]
      }
    },
    {
      "type": "Feature",
      "properties": {
        "@id": "way/921665771",
        "golf": "fairway",
        "surface": "grass"
      },
      "geometry": {
        "type": "Polygon",
        "coordinates": [
          [
            [
              -3.8415767,
              58.0278509
            ],
            [
              -3.8416374,
              58.0278967
            ],
            [
              -3.8416814,
              58.0279457
            ],
            [
              -3.8416951,
              58.027981
            ],
            [
              -3.8416769,
              58.0280614
            ],
            [
              -3.8416313,
              58.0281674
            ],
            [
              -3.8415722,
              58.0282936
            ],
            [
              -3.8414705,
              58.0284277
            ],
            [
              -3.8413953,
              58.0285466
            ],
            [
              -3.8413797,
              58.0285798
            ],
            [
              -3.8413579,
              58.0286068
            ],
            [
              -3.8413366,
              58.0286294
            ],
            [
              -3.8413077,
              58.0286347
            ],
            [
              -3.8412774,
              58.0286289
            ],
            [
              -3.8412039,
              58.028604
            ],
            [
              -3.8411352,
              58.0285772
            ],
            [
              -3.8409971,
              58.028537
            ],
            [
              -3.840941,
              58.0284848
            ],
            [
              -3.8409516,
              58.0283988
            ],
            [
              -3.8410381,
              58.0282743
            ],
            [
              -3.8411321,
              58.0281562
            ],
            [
              -3.8412353,
              58.02801
            ],
            [
              -3.8413324,
              58.0279071
            ],
            [
              -3.841381,
              58.0278629
            ],
            [
              -3.8414675,
              58.0278388
            ],
            [
              -3.8415767,
              58.0278509
            ]
          ]
        ]
      }
    },
    {
      "type": "Feature",
      "properties": {
        "@id": "way/921665772",
        "golf": "fairway",
        "surface": "grass"
      },
      "geometry": {
        "type": "Polygon",
        "coordinates": [
          [
            [
              -3.8407444,
              58.0287639
            ],
            [
              -3.8408188,
              58.028694
            ],
            [
              -3.8408521,
              58.0286531
            ],
            [
              -3.8409052,
              58.0286402
            ],
            [
              -3.8409568,
              58.0286587
            ],
            [
              -3.8410115,
              58.0286996
            ],
            [
              -3.8411131,
              58.028731
            ],
            [
              -3.8412087,
              58.0287462
            ],
            [
              -3.841236,
              58.028776
            ],
            [
              -3.841233,
              58.0288386
            ],
            [
              -3.8411298,
              58.0290025
            ],
            [
              -3.8410023,
              58.0291536
            ],
            [
              -3.8409417,
              58.0291608
            ],
            [
              -3.8408628,
              58.0291471
            ],
            [
              -3.8407687,
              58.0291359
            ],
            [
              -3.8407201,
              58.0291528
            ],
            [
              -3.840664,
              58.0291817
            ],
            [
              -3.8406367,
              58.0292058
            ],
            [
              -3.8405563,
              58.0292034
            ],
            [
              -3.8404637,
              58.0291857
            ],
            [
              -3.8404061,
              58.0291632
            ],
            [
              -3.8403939,
              58.029123
            ],
            [
              -3.8404182,
              58.0290716
            ],
            [
              -3.8405654,
              58.0289214
            ],
            [
              -3.8406731,
              58.028837
            ],
            [
              -3.8407444,
              58.0287639
            ]
          ]
        ]
      }
    },
    {
      "type": "Feature",
      "properties": {
        "@id": "way/921665782",
        "golf": "fairway",
        "surface": "grass"
      },
      "geometry": {
        "type": "Polygon",
        "coordinates": [
          [
            [
              -3.8403851,
              58.0293485
            ],
            [
              -3.8404056,
              58.0293944
            ],
            [
              -3.8403647,
              58.0294647
            ],
            [
              -3.8403111,
              58.0295282
            ],
            [
              -3.8402805,
              58.0295863
            ],
            [
              -3.8402856,
              58.0296349
            ],
            [
              -3.8402882,
              58.0296863
            ],
            [
              -3.8402652,
              58.0297295
            ],
            [
              -3.8401351,
              58.0297998
            ],
            [
              -3.8399539,
              58.029843
            ],
            [
              -3.8398238,
              58.0298484
            ],
            [
              -3.8397166,
              58.0298173
            ],
            [
              -3.8396553,
              58.0297579
            ],
            [
              -3.8396528,
              58.0296836
            ],
            [
              -3.8397268,
              58.0296336
            ],
            [
              -3.8398212,
              58.029562
            ],
            [
              -3.8399462,
              58.0295187
            ],
            [
              -3.8400483,
              58.0294539
            ],
            [
              -3.8401453,
              58.0293971
            ],
            [
              -3.8401912,
              58.0293485
            ],
            [
              -3.840255,
              58.0293161
            ],
            [
              -3.8403316,
              58.0293215
            ],
            [
              -3.8403851,
              58.0293485
            ]
          ]
        ]
      }
    },
    {
      "type": "Feature",
      "properties": {
        "@id": "way/921665783",
        "golf": "green",
        "surface": "grass"
      },
      "geometry": {
        "type": "Polygon",
        "coordinates": [
          [
            [
              -3.8401554,
              58.0296716
            ],
            [
              -3.8401455,
              58.0297098
            ],
            [
              -3.8401202,
              58.0297361
            ],
            [
              -3.8400679,
              58.0297629
            ],
            [
              -3.8400156,
              58.0297796
            ],
            [
              -3.8399551,
              58.0297968
            ],
            [
              -3.8398821,
              58.0298054
            ],
            [
              -3.8398072,
              58.0297958
            ],
            [
              -3.8397603,
              58.0297791
            ],
            [
              -3.8397359,
              58.0297566
            ],
            [
              -3.8397287,
              58.0297265
            ],
            [
              -3.8397386,
              58.0296922
            ],
            [
              -3.8397684,
              58.0296611
            ],
            [
              -3.8398216,
              58.0296291
            ],
            [
              -3.8398866,
              58.0296071
            ],
            [
              -3.8399569,
              58.0295966
            ],
            [
              -3.8400219,
              58.0295995
            ],
            [
              -3.8400877,
              58.0296148
            ],
            [
              -3.8401392,
              58.0296377
            ],
            [
              -3.8401554,
              58.0296716
            ]
          ]
        ]
      }
    },
    {
      "type": "Feature",
      "properties": {
        "@id": "way/921665784",
        "golf": "bunker",
        "surface": "sand"
      },
      "geometry": {
        "type": "Polygon",
        "coordinates": [
          [
            [
              -3.8400314,
              58.0295589
            ],
            [
              -3.8400298,
              58.0295668
            ],
            [
              -3.8400221,
              58.0295751
            ],
            [
              -3.8400072,
              58.0295796
            ],
            [
              -3.8399887,
              58.0295785
            ],
            [
              -3.8399702,
              58.0295724
            ],
            [
              -3.8399654,
              58.0295624
            ],
            [
              -3.8399698,
              58.0295523
            ],
            [
              -3.8399867,
              58.029545
            ],
            [
              -3.8400043,
              58.0295442
            ],
            [
              -3.840017,
              58.0295465
            ],
            [
              -3.8400308,
              58.0295521
            ],
            [
              -3.8400314,
              58.0295589
            ]
          ]
        ]
      }
    },
    {
      "type": "Feature",
      "properties": {
        "@id": "way/921665785",
        "golf": "bunker",
        "surface": "sand"
      },
      "geometry": {
        "type": "Polygon",
        "coordinates": [
          [
            [
              -3.840236,
              58.0296802
            ],
            [
              -3.8402381,
              58.02969
            ],
            [
              -3.8402253,
              58.0297012
            ],
            [
              -3.8402073,
              58.0297054
            ],
            [
              -3.8401874,
              58.0297046
            ],
            [
              -3.8401746,
              58.0296976
            ],
            [
              -3.8401692,
              58.0296861
            ],
            [
              -3.8401789,
              58.0296753
            ],
            [
              -3.8401915,
              58.0296692
            ],
            [
              -3.8402097,
              58.0296675
            ],
            [
              -3.8402285,
              58.0296721
            ],
            [
              -3.840236,
              58.0296802
            ]
          ]
        ]
      }
    },
    {
      "type": "Feature",
      "properties": {
        "@id": "way/921665786",
        "golf": "hole",
        "par": "4",
        "ref": "7"
      },
      "geometry": {
        "type": "LineString",
        "coordinates": [
          [
            -3.8425571,
            58.0272338
          ],
          [
            -3.8409776,
            58.0289096
          ],
          [
            -3.8399486,
            58.0297219
          ]
        ]
      }
    },
    {
      "type": "Feature",
      "properties": {
        "@id": "way/921665787",
        "golf": "tee",
        "surface": "grass"
      },
      "geometry": {
        "type": "Polygon",
        "coordinates": [
          [
            [
              -3.8398627,
              58.030021
            ],
            [
              -3.8398521,
              58.0300772
            ],
            [
              -3.8394978,
              58.0300539
            ],
            [
              -3.8395107,
              58.0299953
            ],
            [
              -3.8398627,
              58.030021
            ]
          ]
        ]
      }
    },
    {
      "type": "Feature",
      "properties": {
        "@id": "way/921665788",
        "golf": "tee",
        "surface": "grass"
      },
      "geometry": {
        "type": "Polygon",
        "coordinates": [
          [
            [
              -3.8395507,
              58.0305911
            ],
            [
              -3.8395218,
              58.0306962
            ],
            [
              -3.8394415,
              58.0306895
            ],
            [
              -3.8394803,
              58.0305844
            ],
            [
              -3.8395507,
              58.0305911
            ]
          ]
        ]
      }
    },
    {
      "type": "Feature",
      "properties": {
        "@id": "way/921665790",
        "golf": "fairway",
        "surface": "grass"
      },
      "geometry": {
        "type": "Polygon",
        "coordinates": [
          [
            [
              -3.8392508,
              58.0311153
            ],
            [
              -3.8392937,
              58.0310801
            ],
            [
              -3.8393838,
              58.0310676
            ],
            [
              -3.8394933,
              58.0310858
            ],
            [
              -3.8395748,
              58.0311505
            ],
            [
              -3.839592,
              58.0312539
            ],
            [
              -3.8395662,
              58.0314493
            ],
            [
              -3.839549,
              58.0315357
            ],
            [
              -3.8394933,
              58.0315947
            ],
            [
              -3.8394654,
              58.0316606
            ],
            [
              -3.8394954,
              58.0317209
            ],
            [
              -3.839489,
              58.0318254
            ],
            [
              -3.8394289,
              58.0319719
            ],
            [
              -3.8393817,
              58.032098
            ],
            [
              -3.8393448,
              58.0322243
            ],
            [
              -3.8393039,
              58.0323529
            ],
            [
              -3.8392614,
              58.032524
            ],
            [
              -3.8392477,
              58.0325794
            ],
            [
              -3.8391946,
              58.0326172
            ],
            [
              -3.8390899,
              58.0326421
            ],
            [
              -3.8389685,
              58.0326276
            ],
            [
              -3.8388456,
              58.0325931
            ],
            [
              -3.838785,
              58.032532
            ],
            [
              -3.8387743,
              58.0324533
            ],
            [
              -3.8388047,
              58.0323183
            ],
            [
              -3.8389139,
              58.0320781
            ],
            [
              -3.8389989,
              58.0318339
            ],
            [
              -3.8390414,
              58.0316508
            ],
            [
              -3.8391112,
              58.031417
            ],
            [
              -3.8391779,
              58.0312298
            ],
            [
              -3.8392508,
              58.0311153
            ]
          ]
        ]
      }
    },
    {
      "type": "Feature",
      "properties": {
        "@id": "way/921665791",
        "golf": "fairway",
        "surface": "grass"
      },
      "geometry": {
        "type": "Polygon",
        "coordinates": [
          [
            [
              -3.8387718,
              58.0326639
            ],
            [
              -3.8389156,
              58.0326536
            ],
            [
              -3.8390207,
              58.0326741
            ],
            [
              -3.8390808,
              58.0327207
            ],
            [
              -3.8390701,
              58.0328081
            ],
            [
              -3.8389864,
              58.0329161
            ],
            [
              -3.8388984,
              58.0329854
            ],
            [
              -3.8387933,
              58.0330183
            ],
            [
              -3.8386345,
              58.032999
            ],
            [
              -3.83851,
              58.0329558
            ],
            [
              -3.83845,
              58.0329024
            ],
            [
              -3.8384585,
              58.0328581
            ],
            [
              -3.8385465,
              58.0327831
            ],
            [
              -3.8386431,
              58.0327207
            ],
            [
              -3.8387718,
              58.0326639
            ]
          ]
        ]
      }
    },
    {
      "type": "Feature",
      "properties": {
        "@id": "way/921665792",
        "golf": "fairway",
        "surface": "grass"
      },
      "geometry": {
        "type": "Polygon",
        "coordinates": [
          [
            [
              -3.8377835,
              58.0334688
            ],
            [
              -3.8378563,
              58.0334109
            ],
            [
              -3.8379808,
              58.0333997
            ],
            [
              -3.83809,
              58.0334173
            ],
            [
              -3.8381264,
              58.0334864
            ],
            [
              -3.8380172,
              58.0336278
            ],
            [
              -3.8379504,
              58.0337387
            ],
            [
              -3.8378897,
              58.033811
            ],
            [
              -3.8378563,
              58.0338865
            ],
            [
              -3.8377228,
              58.0339652
            ],
            [
              -3.8375377,
              58.0340037
            ],
            [
              -3.8373617,
              58.0340053
            ],
            [
              -3.8372191,
              58.0339764
            ],
            [
              -3.8371402,
              58.0339218
            ],
            [
              -3.8371341,
              58.0338624
            ],
            [
              -3.837213,
              58.0337917
            ],
            [
              -3.8373283,
              58.033729
            ],
            [
              -3.8374679,
              58.0336632
            ],
            [
              -3.8376257,
              58.0335668
            ],
            [
              -3.8377835,
              58.0334688
            ]
          ]
        ]
      }
    },
    {
      "type": "Feature",
      "properties": {
        "@id": "way/921665793",
        "golf": "bunker",
        "surface": "sand"
      },
      "geometry": {
        "type": "Polygon",
        "coordinates": [
          [
            [
              -3.8377954,
              58.0338508
            ],
            [
              -3.8377973,
              58.033867
            ],
            [
              -3.8377871,
              58.0338832
            ],
            [
              -3.8377667,
              58.0338909
            ],
            [
              -3.837738,
              58.0338886
            ],
            [
              -3.8377214,
              58.0338771
            ],
            [
              -3.8377118,
              58.0338612
            ],
            [
              -3.8377195,
              58.0338467
            ],
            [
              -3.837731,
              58.0338356
            ],
            [
              -3.8377527,
              58.0338278
            ],
            [
              -3.8377769,
              58.0338322
            ],
            [
              -3.8377916,
              58.0338399
            ],
            [
              -3.8377954,
              58.0338508
            ]
          ]
        ]
      }
    },
    {
      "type": "Feature",
      "properties": {
        "@id": "way/921665794",
        "golf": "green",
        "surface": "grass"
      },
      "geometry": {
        "type": "Polygon",
        "coordinates": [
          [
            [
              -3.837639,
              58.0338332
            ],
            [
              -3.8376498,
              58.0338562
            ],
            [
              -3.8376402,
              58.0338815
            ],
            [
              -3.8376198,
              58.0339055
            ],
            [
              -3.8375841,
              58.0339207
            ],
            [
              -3.8375384,
              58.0339278
            ],
            [
              -3.8375101,
              58.0339386
            ],
            [
              -3.8374291,
              58.0339524
            ],
            [
              -3.8373532,
              58.0339612
            ],
            [
              -3.8372977,
              58.0339575
            ],
            [
              -3.8372505,
              58.0339447
            ],
            [
              -3.8372262,
              58.0339234
            ],
            [
              -3.837216,
              58.0338964
            ],
            [
              -3.8372237,
              58.0338707
            ],
            [
              -3.837253,
              58.0338396
            ],
            [
              -3.8373028,
              58.0338119
            ],
            [
              -3.8373525,
              58.0337876
            ],
            [
              -3.8374182,
              58.0337707
            ],
            [
              -3.8374731,
              58.0337606
            ],
            [
              -3.8375299,
              58.0337623
            ],
            [
              -3.8375828,
              58.0337765
            ],
            [
              -3.8376236,
              58.0338042
            ],
            [
              -3.837639,
              58.0338332
            ]
          ]
        ]
      }
    },
    {
      "type": "Feature",
      "properties": {
        "@id": "way/921665795",
        "golf": "hole",
        "par": "5",
        "ref": "8"
      },
      "geometry": {
        "type": "LineString",
        "coordinates": [
          [
            -3.8396496,
            58.0300444
          ],
          [
            -3.8390488,
            58.0325278
          ],
          [
            -3.8374689,
            58.0338766
          ]
        ]
      }
    },
    {
      "type": "Feature",
      "properties": {
        "@id": "way/921679076",
        "golf": "tee",
        "surface": "grass"
      },
      "geometry": {
        "type": "Polygon",
        "coordinates": [
          [
            [
              -3.8379103,
              58.0344318
            ],
            [
              -3.8377351,
              58.0345338
            ],
            [
              -3.8376606,
              58.0345026
            ],
            [
              -3.8378324,
              58.0343957
            ],
            [
              -3.8379103,
              58.0344318
            ]
          ]
        ]
      }
    },
    {
      "type": "Feature",
      "properties": {
        "@id": "way/921679077",
        "golf": "tee",
        "surface": "grass"
      },
      "geometry": {
        "type": "Polygon",
        "coordinates": [
          [
            [
              -3.837905,
              58.0344611
            ],
            [
              -3.8379828,
              58.0344957
            ],
            [
              -3.8378485,
              58.034577
            ],
            [
              -3.8377669,
              58.0345425
            ],
            [
              -3.837905,
              58.0344611
            ]
          ]
        ]
      }
    },
    {
      "type": "Feature",
      "properties": {
        "@id": "way/921679078",
        "golf": "tee",
        "surface": "grass"
      },
      "geometry": {
        "type": "Polygon",
        "coordinates": [
          [
            [
              -3.837705,
              58.034722
            ],
            [
              -3.8376557,
              58.0347525
            ],
            [
              -3.8375988,
              58.0347321
            ],
            [
              -3.8376511,
              58.0346999
            ],
            [
              -3.837705,
              58.034722
            ]
          ]
        ]
      }
    },
    {
      "type": "Feature",
      "properties": {
        "@id": "way/921679079",
        "golf": "tee",
        "surface": "grass"
      },
      "geometry": {
        "type": "Polygon",
        "coordinates": [
          [
            [
              -3.8378092,
              58.0345946
            ],
            [
              -3.8376861,
              58.0346682
            ],
            [
              -3.8375764,
              58.0346192
            ],
            [
              -3.8376886,
              58.0345456
            ],
            [
              -3.8378092,
              58.0345946
            ]
          ]
        ]
      }
    },
    {
      "type": "Feature",
      "properties": {
        "@id": "way/921679081",
        "golf": "green",
        "surface": "grass"
      },
      "geometry": {
        "type": "Polygon",
        "coordinates": [
          [
            [
              -3.8363549,
              58.0352866
            ],
            [
              -3.8363799,
              58.0353127
            ],
            [
              -3.8363799,
              58.0353457
            ],
            [
              -3.8363427,
              58.0353826
            ],
            [
              -3.8362919,
              58.0354244
            ],
            [
              -3.8362411,
              58.0354625
            ],
            [
              -3.836188,
              58.0354814
            ],
            [
              -3.8361174,
              58.0354886
            ],
            [
              -3.8360499,
              58.0354794
            ],
            [
              -3.8360044,
              58.0354633
            ],
            [
              -3.8359801,
              58.0354352
            ],
            [
              -3.8359793,
              58.0353931
            ],
            [
              -3.8360082,
              58.0353593
            ],
            [
              -3.8360378,
              58.0353368
            ],
            [
              -3.8360704,
              58.0353236
            ],
            [
              -3.8361189,
              58.0353115
            ],
            [
              -3.8361652,
              58.0353023
            ],
            [
              -3.8362009,
              58.0352838
            ],
            [
              -3.8362403,
              58.0352649
            ],
            [
              -3.8362874,
              58.0352637
            ],
            [
              -3.8363298,
              58.0352718
            ],
            [
              -3.8363549,
              58.0352866
            ]
          ]
        ]
      }
    },
    {
      "type": "Feature",
      "properties": {
        "@id": "way/921679082",
        "golf": "bunker",
        "surface": "sand"
      },
      "geometry": {
        "type": "Polygon",
        "coordinates": [
          [
            [
              -3.8361768,
              58.0352643
            ],
            [
              -3.8361755,
              58.0352744
            ],
            [
              -3.8361623,
              58.035282
            ],
            [
              -3.8361433,
              58.0352846
            ],
            [
              -3.8361261,
              58.0352808
            ],
            [
              -3.8361159,
              58.0352743
            ],
            [
              -3.8361154,
              58.0352649
            ],
            [
              -3.836128,
              58.0352553
            ],
            [
              -3.8361465,
              58.0352516
            ],
            [
              -3.8361642,
              58.0352537
            ],
            [
              -3.8361741,
              58.0352584
            ],
            [
              -3.8361768,
              58.0352643
            ]
          ]
        ]
      }
    },
    {
      "type": "Feature",
      "properties": {
        "@id": "way/921679083",
        "golf": "bunker",
        "surface": "sand"
      },
      "geometry": {
        "type": "Polygon",
        "coordinates": [
          [
            [
              -3.8363988,
              58.0354282
            ],
            [
              -3.8363946,
              58.0354402
            ],
            [
              -3.8363768,
              58.0354502
            ],
            [
              -3.8363593,
              58.0354543
            ],
            [
              -3.8363415,
              58.0354533
            ],
            [
              -3.8363263,
              58.0354466
            ],
            [
              -3.8363255,
              58.0354368
            ],
            [
              -3.8363369,
              58.0354249
            ],
            [
              -3.8363517,
              58.0354163
            ],
            [
              -3.8363733,
              58.0354147
            ],
            [
              -3.8363923,
              58.0354193
            ],
            [
              -3.8363988,
              58.0354282
            ]
          ]
        ]
      }
    },
    {
      "type": "Feature",
      "properties": {
        "@id": "way/921679084",
        "golf": "fairway",
        "surface": "grass"
      },
      "geometry": {
        "type": "Polygon",
        "coordinates": [
          [
            [
              -3.8363657,
              58.035239
            ],
            [
              -3.8364129,
              58.0352684
            ],
            [
              -3.8364289,
              58.0352907
            ],
            [
              -3.8364435,
              58.0353302
            ],
            [
              -3.8364282,
              58.0353697
            ],
            [
              -3.8364308,
              58.0354075
            ],
            [
              -3.8364193,
              58.0354453
            ],
            [
              -3.8363676,
              58.0354788
            ],
            [
              -3.8362738,
              58.0355058
            ],
            [
              -3.8361852,
              58.0355217
            ],
            [
              -3.8361041,
              58.035522
            ],
            [
              -3.8360187,
              58.0355132
            ],
            [
              -3.835953,
              58.0354872
            ],
            [
              -3.835916,
              58.0354528
            ],
            [
              -3.8359,
              58.0354089
            ],
            [
              -3.8359217,
              58.0353653
            ],
            [
              -3.8359587,
              58.0353251
            ],
            [
              -3.8360161,
              58.0352815
            ],
            [
              -3.8360589,
              58.0352528
            ],
            [
              -3.836115,
              58.0352275
            ],
            [
              -3.836173,
              58.0352123
            ],
            [
              -3.8362464,
              58.0352116
            ],
            [
              -3.8363172,
              58.0352234
            ],
            [
              -3.8363657,
              58.035239
            ]
          ]
        ]
      }
    },
    {
      "type": "Feature",
      "properties": {
        "@id": "way/921679085",
        "golf": "hole",
        "par": "3",
        "ref": "9"
      },
      "geometry": {
        "type": "LineString",
        "coordinates": [
          [
            -3.8378293,
            58.0344297
          ],
          [
            -3.8362274,
            58.0353783
          ]
        ]
      }
    },
    {
      "type": "Feature",
      "properties": {
        "@id": "way/921679088",
        "golf": "tee",
        "surface": "grass"
      },
      "geometry": {
        "type": "Polygon",
        "coordinates": [
          [
            [
              -3.8375684,
              58.0354246
            ],
            [
              -3.8376631,
              58.0353377
            ],
            [
              -3.8378048,
              58.0353735
            ],
            [
              -3.8377064,
              58.0354595
            ],
            [
              -3.8375684,
              58.0354246
            ]
          ]
        ]
      }
    },
    {
      "type": "Feature",
      "properties": {
        "@id": "way/921679089",
        "golf": "tee",
        "surface": "grass"
      },
      "geometry": {
        "type": "Polygon",
        "coordinates": [
          [
            [
              -3.8380095,
              58.0351506
            ],
            [
              -3.8379502,
              58.0351367
            ],
            [
              -3.8380312,
              58.0350368
            ],
            [
              -3.8380918,
              58.0350523
            ],
            [
              -3.8380095,
              58.0351506
            ]
          ]
        ]
      }
    },
    {
      "type": "Feature",
      "properties": {
        "@id": "way/921679090",
        "golf": "fairway",
        "surface": "grass"
      },
      "geometry": {
        "type": "Polygon",
        "coordinates": [
          [
            [
              -3.8386903,
              58.0343682
            ],
            [
              -3.8385704,
              58.0344373
            ],
            [
              -3.8385112,
              58.034467
            ],
            [
              -3.8383914,
              58.0344774
            ],
            [
              -3.8382943,
              58.0344565
            ],
            [
              -3.8382472,
              58.0344132
            ],
            [
              -3.8382381,
              58.0343529
            ],
            [
              -3.8382836,
              58.0342774
            ],
            [
              -3.8384097,
              58.0341509
            ],
            [
              -3.8385705,
              58.034032
            ],
            [
              -3.838698,
              58.0339563
            ],
            [
              -3.838818,
              58.0338604
            ],
            [
              -3.8388563,
              58.0337983
            ],
            [
              -3.8389175,
              58.0337469
            ],
            [
              -3.8390757,
              58.0336429
            ],
            [
              -3.8390859,
              58.0335929
            ],
            [
              -3.8391599,
              58.0335092
            ],
            [
              -3.8392747,
              58.0333687
            ],
            [
              -3.8393921,
              58.0332309
            ],
            [
              -3.8394739,
              58.0331425
            ],
            [
              -3.8395382,
              58.0331107
            ],
            [
              -3.8396359,
              58.0331112
            ],
            [
              -3.839711,
              58.0331209
            ],
            [
              -3.8397549,
              58.0331442
            ],
            [
              -3.8397904,
              58.03318
            ],
            [
              -3.8397828,
              58.0332385
            ],
            [
              -3.8397303,
              58.0333208
            ],
            [
              -3.8396015,
              58.0334844
            ],
            [
              -3.8394696,
              58.0336508
            ],
            [
              -3.839388,
              58.0337639
            ],
            [
              -3.8393301,
              58.0338377
            ],
            [
              -3.8392078,
              58.0339451
            ],
            [
              -3.8391359,
              58.0340212
            ],
            [
              -3.8390694,
              58.034095
            ],
            [
              -3.8388956,
              58.0342381
            ],
            [
              -3.8386903,
              58.0343682
            ]
          ]
        ]
      }
    },
    {
      "type": "Feature",
      "properties": {
        "@id": "way/921679091",
        "golf": "bunker",
        "surface": "sand"
      },
      "geometry": {
        "type": "Polygon",
        "coordinates": [
          [
            [
              -3.8387172,
              58.033894
            ],
            [
              -3.8387001,
              58.0339037
            ],
            [
              -3.8386786,
              58.033907
            ],
            [
              -3.8386545,
              58.0339044
            ],
            [
              -3.8386354,
              58.033897
            ],
            [
              -3.8386293,
              58.0338884
            ],
            [
              -3.8386311,
              58.0338759
            ],
            [
              -3.8386467,
              58.0338661
            ],
            [
              -3.8386676,
              58.0338624
            ],
            [
              -3.8386928,
              58.0338642
            ],
            [
              -3.8387103,
              58.0338725
            ],
            [
              -3.8387223,
              58.0338821
            ],
            [
              -3.8387172,
              58.033894
            ]
          ]
        ]
      }
    },
    {
      "type": "Feature",
      "properties": {
        "@id": "way/921679092",
        "golf": "bunker",
        "surface": "sand"
      },
      "geometry": {
        "type": "Polygon",
        "coordinates": [
          [
            [
              -3.8390025,
              58.0336308
            ],
            [
              -3.8390003,
              58.033646
            ],
            [
              -3.8389833,
              58.033655
            ],
            [
              -3.8389534,
              58.0336551
            ],
            [
              -3.8389291,
              58.0336474
            ],
            [
              -3.838918,
              58.0336357
            ],
            [
              -3.838925,
              58.0336217
            ],
            [
              -3.8389502,
              58.0336127
            ],
            [
              -3.8389789,
              58.0336138
            ],
            [
              -3.8389964,
              58.0336215
            ],
            [
              -3.8390025,
              58.0336308
            ]
          ]
        ]
      }
    },
    {
      "type": "Feature",
      "properties": {
        "@id": "way/921679093",
        "golf": "bunker",
        "surface": "sand"
      },
      "geometry": {
        "type": "Polygon",
        "coordinates": [
          [
            [
              -3.8397242,
              58.033053
            ],
            [
              -3.8397403,
              58.0330669
            ],
            [
              -3.8397242,
              58.0330839
            ],
            [
              -3.8396888,
              58.0330925
            ],
            [
              -3.8396566,
              58.0330888
            ],
            [
              -3.8396416,
              58.0330746
            ],
            [
              -3.8396512,
              58.0330547
            ],
            [
              -3.8396877,
              58.0330453
            ],
            [
              -3.8397242,
              58.033053
            ]
          ]
        ]
      }
    },
    {
      "type": "Feature",
      "properties": {
        "@id": "way/921679094",
        "golf": "fairway",
        "surface": "grass"
      },
      "geometry": {
        "type": "Polygon",
        "coordinates": [
          [
            [
              -3.8399813,
              58.0329597
            ],
            [
              -3.8399398,
              58.0329936
            ],
            [
              -3.8398902,
              58.0330094
            ],
            [
              -3.8397982,
              58.0330104
            ],
            [
              -3.8397125,
              58.0329951
            ],
            [
              -3.8396403,
              58.0329674
            ],
            [
              -3.8396124,
              58.0329315
            ],
            [
              -3.8396096,
              58.0328957
            ],
            [
              -3.8396548,
              58.0328303
            ],
            [
              -3.8397071,
              58.032751
            ],
            [
              -3.8397639,
              58.0326836
            ],
            [
              -3.8398298,
              58.0325938
            ],
            [
              -3.8398794,
              58.0325222
            ],
            [
              -3.8399516,
              58.0324181
            ],
            [
              -3.8400057,
              58.0323479
            ],
            [
              -3.8400797,
              58.0322633
            ],
            [
              -3.8401095,
              58.0321845
            ],
            [
              -3.8401221,
              58.032131
            ],
            [
              -3.8401618,
              58.0320761
            ],
            [
              -3.8402276,
              58.0320388
            ],
            [
              -3.840335,
              58.0320111
            ],
            [
              -3.8404487,
              58.0320164
            ],
            [
              -3.8405515,
              58.0320493
            ],
            [
              -3.8405957,
              58.032098
            ],
            [
              -3.840602,
              58.0321573
            ],
            [
              -3.8405723,
              58.0322108
            ],
            [
              -3.8405181,
              58.0322495
            ],
            [
              -3.8404821,
              58.0322786
            ],
            [
              -3.8404198,
              58.0323254
            ],
            [
              -3.8403909,
              58.0323784
            ],
            [
              -3.8403377,
              58.0324596
            ],
            [
              -3.8403061,
              58.0325346
            ],
            [
              -3.8402457,
              58.0326302
            ],
            [
              -3.8401537,
              58.0327438
            ],
            [
              -3.8400671,
              58.0328537
            ],
            [
              -3.8399813,
              58.0329597
            ]
          ]
        ]
      }
    },
    {
      "type": "Feature",
      "properties": {
        "@id": "way/921679095",
        "golf": "green",
        "surface": "grass"
      },
      "geometry": {
        "type": "Polygon",
        "coordinates": [
          [
            [
              -3.8405478,
              58.0321302
            ],
            [
              -3.8405538,
              58.0321687
            ],
            [
              -3.8405318,
              58.0322005
            ],
            [
              -3.8404992,
              58.032231
            ],
            [
              -3.8404514,
              58.0322539
            ],
            [
              -3.8403991,
              58.0322687
            ],
            [
              -3.8403406,
              58.0322736
            ],
            [
              -3.8402845,
              58.0322647
            ],
            [
              -3.8402344,
              58.0322454
            ],
            [
              -3.8402048,
              58.0322185
            ],
            [
              -3.840192,
              58.0321836
            ],
            [
              -3.8401935,
              58.0321486
            ],
            [
              -3.8402132,
              58.0321137
            ],
            [
              -3.8402466,
              58.0320868
            ],
            [
              -3.840305,
              58.0320643
            ],
            [
              -3.8403528,
              58.0320522
            ],
            [
              -3.840415,
              58.0320486
            ],
            [
              -3.8404711,
              58.0320603
            ],
            [
              -3.8405151,
              58.032084
            ],
            [
              -3.8405402,
              58.0321061
            ],
            [
              -3.8405478,
              58.0321302
            ]
          ]
        ]
      }
    },
    {
      "type": "Feature",
      "properties": {
        "@id": "way/921679096",
        "golf": "hole",
        "par": "4",
        "ref": "10"
      },
      "geometry": {
        "type": "LineString",
        "coordinates": [
          [
            -3.8376886,
            58.0353869
          ],
          [
            -3.8396203,
            58.033218
          ],
          [
            -3.8404101,
            58.0321602
          ]
        ]
      }
    },
    {
      "type": "Feature",
      "properties": {
        "@id": "way/921679097",
        "golf": "tee",
        "surface": "grass"
      },
      "geometry": {
        "type": "Polygon",
        "coordinates": [
          [
            [
              -3.8410728,
              58.0326416
            ],
            [
              -3.8410015,
              58.0326307
            ],
            [
              -3.8410394,
              58.0324969
            ],
            [
              -3.8411215,
              58.0325022
            ],
            [
              -3.8410728,
              58.0326416
            ]
          ]
        ]
      }
    },
    {
      "type": "Feature",
      "properties": {
        "@id": "way/921679098",
        "golf": "tee",
        "surface": "grass"
      },
      "geometry": {
        "type": "Polygon",
        "coordinates": [
          [
            [
              -3.8410169,
              58.0321078
            ],
            [
              -3.8409278,
              58.0321038
            ],
            [
              -3.8409482,
              58.0320305
            ],
            [
              -3.8410394,
              58.0320385
            ],
            [
              -3.8410169,
              58.0321078
            ]
          ]
        ]
      }
    },
    {
      "type": "Feature",
      "properties": {
        "@id": "way/921679101",
        "golf": "green",
        "surface": "grass"
      },
      "geometry": {
        "type": "Polygon",
        "coordinates": [
          [
            [
              -3.8422833,
              58.0286125
            ],
            [
              -3.842278,
              58.0286438
            ],
            [
              -3.8422454,
              58.0286727
            ],
            [
              -3.8421907,
              58.0286952
            ],
            [
              -3.8421247,
              58.0287201
            ],
            [
              -3.8420648,
              58.028729
            ],
            [
              -3.8419958,
              58.0287261
            ],
            [
              -3.8419389,
              58.0287085
            ],
            [
              -3.8419002,
              58.0286796
            ],
            [
              -3.8418797,
              58.028643
            ],
            [
              -3.8418638,
              58.028606
            ],
            [
              -3.8418622,
              58.0285819
            ],
            [
              -3.8418858,
              58.0285534
            ],
            [
              -3.8419381,
              58.0285233
            ],
            [
              -3.8420011,
              58.028502
            ],
            [
              -3.8420678,
              58.0284996
            ],
            [
              -3.8421247,
              58.0285112
            ],
            [
              -3.8421991,
              58.0285337
            ],
            [
              -3.8422545,
              58.0285711
            ],
            [
              -3.8422833,
              58.0286125
            ]
          ]
        ]
      }
    },
    {
      "type": "Feature",
      "properties": {
        "@id": "way/921679102",
        "golf": "bunker",
        "surface": "sand"
      },
      "geometry": {
        "type": "Polygon",
        "coordinates": [
          [
            [
              -3.8418494,
              58.0286494
            ],
            [
              -3.8418596,
              58.0286626
            ],
            [
              -3.8418615,
              58.0286754
            ],
            [
              -3.8418522,
              58.0286832
            ],
            [
              -3.8418401,
              58.0286864
            ],
            [
              -3.8418213,
              58.0286852
            ],
            [
              -3.8418092,
              58.0286767
            ],
            [
              -3.841799,
              58.0286626
            ],
            [
              -3.8417932,
              58.0286533
            ],
            [
              -3.8417945,
              58.0286447
            ],
            [
              -3.8418034,
              58.0286384
            ],
            [
              -3.8418188,
              58.0286342
            ],
            [
              -3.8418322,
              58.0286354
            ],
            [
              -3.8418424,
              58.0286404
            ],
            [
              -3.8418494,
              58.0286494
            ]
          ]
        ]
      }
    },
    {
      "type": "Feature",
      "properties": {
        "@id": "way/921679103",
        "golf": "fairway",
        "surface": "grass"
      },
      "geometry": {
        "type": "Polygon",
        "coordinates": [
          [
            [
              -3.8417844,
              58.0287138
            ],
            [
              -3.8417652,
              58.0286845
            ],
            [
              -3.8417501,
              58.0286484
            ],
            [
              -3.8417501,
              58.0286082
            ],
            [
              -3.8417857,
              58.0285624
            ],
            [
              -3.8418555,
              58.028507
            ],
            [
              -3.8419488,
              58.0284708
            ],
            [
              -3.8420588,
              58.0284616
            ],
            [
              -3.8421544,
              58.0284768
            ],
            [
              -3.8422257,
              58.0284989
            ],
            [
              -3.8422925,
              58.0285367
            ],
            [
              -3.8423373,
              58.0285813
            ],
            [
              -3.8423479,
              58.0286315
            ],
            [
              -3.8423259,
              58.0286789
            ],
            [
              -3.8422584,
              58.0287211
            ],
            [
              -3.8421848,
              58.0287564
            ],
            [
              -3.8421174,
              58.0287885
            ],
            [
              -3.8420421,
              58.0288176
            ],
            [
              -3.8420064,
              58.0288426
            ],
            [
              -3.8419992,
              58.0288722
            ],
            [
              -3.8420209,
              58.0288966
            ],
            [
              -3.8420678,
              58.0289143
            ],
            [
              -3.842103,
              58.028931
            ],
            [
              -3.8421093,
              58.0289611
            ],
            [
              -3.8420822,
              58.0289883
            ],
            [
              -3.8420146,
              58.029006
            ],
            [
              -3.8419162,
              58.0290394
            ],
            [
              -3.8418756,
              58.0290705
            ],
            [
              -3.8418513,
              58.0291221
            ],
            [
              -3.8418567,
              58.0291674
            ],
            [
              -3.8418377,
              58.0291966
            ],
            [
              -3.8417872,
              58.0292014
            ],
            [
              -3.8417277,
              58.0291894
            ],
            [
              -3.8416672,
              58.0291627
            ],
            [
              -3.8416266,
              58.0291278
            ],
            [
              -3.8416104,
              58.0290839
            ],
            [
              -3.8416221,
              58.0290394
            ],
            [
              -3.8416429,
              58.0289802
            ],
            [
              -3.8416636,
              58.0289233
            ],
            [
              -3.8416943,
              58.0288761
            ],
            [
              -3.8417484,
              58.0288226
            ],
            [
              -3.8417827,
              58.0287671
            ],
            [
              -3.8417917,
              58.028737
            ],
            [
              -3.8417844,
              58.0287138
            ]
          ]
        ]
      }
    },
    {
      "type": "Feature",
      "properties": {
        "@id": "way/921679104",
        "golf": "bunker",
        "surface": "sand"
      },
      "geometry": {
        "type": "Polygon",
        "coordinates": [
          [
            [
              -3.8417131,
              58.0288158
            ],
            [
              -3.8417115,
              58.0288269
            ],
            [
              -3.8416981,
              58.0288359
            ],
            [
              -3.8416809,
              58.0288411
            ],
            [
              -3.8416627,
              58.0288401
            ],
            [
              -3.8416483,
              58.028835
            ],
            [
              -3.8416426,
              58.0288276
            ],
            [
              -3.8416477,
              58.0288166
            ],
            [
              -3.8416646,
              58.0288083
            ],
            [
              -3.8416828,
              58.0288044
            ],
            [
              -3.8417035,
              58.0288075
            ],
            [
              -3.8417131,
              58.0288158
            ]
          ]
        ]
      }
    },
    {
      "type": "Feature",
      "properties": {
        "@id": "way/921679106",
        "golf": "fairway",
        "surface": "grass"
      },
      "geometry": {
        "type": "Polygon",
        "coordinates": [
          [
            [
              -3.8415465,
              58.0314628
            ],
            [
              -3.8415321,
              58.0315211
            ],
            [
              -3.8414901,
              58.0315583
            ],
            [
              -3.8413715,
              58.0315794
            ],
            [
              -3.8412678,
              58.0315851
            ],
            [
              -3.8411667,
              58.0315679
            ],
            [
              -3.8410621,
              58.031522
            ],
            [
              -3.8410106,
              58.0314638
            ],
            [
              -3.8409782,
              58.0313907
            ],
            [
              -3.8409746,
              58.0313157
            ],
            [
              -3.8409872,
              58.0312545
            ],
            [
              -3.8410287,
              58.0311647
            ],
            [
              -3.841057,
              58.0310528
            ],
            [
              -3.8410805,
              58.0309382
            ],
            [
              -3.8411418,
              58.0307777
            ],
            [
              -3.841196,
              58.0306516
            ],
            [
              -3.8412338,
              58.0305389
            ],
            [
              -3.8412627,
              58.0304758
            ],
            [
              -3.8413114,
              58.0304376
            ],
            [
              -3.8413728,
              58.0303927
            ],
            [
              -3.8413764,
              58.0303573
            ],
            [
              -3.8413529,
              58.0302895
            ],
            [
              -3.8413493,
              58.0302054
            ],
            [
              -3.8413818,
              58.0301128
            ],
            [
              -3.8414233,
              58.0299848
            ],
            [
              -3.841481,
              58.0299045
            ],
            [
              -3.8415334,
              58.0298405
            ],
            [
              -3.8416155,
              58.0298075
            ],
            [
              -3.8417282,
              58.0297822
            ],
            [
              -3.8418167,
              58.0297889
            ],
            [
              -3.8419285,
              58.0298147
            ],
            [
              -3.8419561,
              58.029843
            ],
            [
              -3.8419778,
              58.0298832
            ],
            [
              -3.8419892,
              58.0300739
            ],
            [
              -3.8419207,
              58.0302869
            ],
            [
              -3.8418016,
              58.0305869
            ],
            [
              -3.8416157,
              58.0309079
            ],
            [
              -3.8415706,
              58.0311506
            ],
            [
              -3.8415833,
              58.031312
            ],
            [
              -3.8415465,
              58.0314628
            ]
          ]
        ]
      }
    },
    {
      "type": "Feature",
      "properties": {
        "@id": "way/921679107",
        "golf": "hole",
        "par": "5",
        "ref": "11"
      },
      "geometry": {
        "type": "LineString",
        "coordinates": [
          [
            -3.8410597,
            58.0325544
          ],
          [
            -3.8418336,
            58.0298958
          ],
          [
            -3.8420958,
            58.0286237
          ]
        ]
      }
    },
    {
      "type": "Feature",
      "properties": {
        "@id": "way/921679108",
        "golf": "tee",
        "surface": "grass"
      },
      "geometry": {
        "type": "Polygon",
        "coordinates": [
          [
            [
              -3.8434849,
              58.028993
            ],
            [
              -3.8433875,
              58.0289863
            ],
            [
              -3.8434276,
              58.0288478
            ],
            [
              -3.8435183,
              58.0288542
            ],
            [
              -3.8434849,
              58.028993
            ]
          ]
        ]
      }
    },
    {
      "type": "Feature",
      "properties": {
        "@id": "way/921679109",
        "golf": "tee",
        "surface": "grass"
      },
      "geometry": {
        "type": "Polygon",
        "coordinates": [
          [
            [
              -3.843185,
              58.028563
            ],
            [
              -3.8430851,
              58.0285581
            ],
            [
              -3.8431039,
              58.0284403
            ],
            [
              -3.8432031,
              58.0284431
            ],
            [
              -3.843185,
              58.028563
            ]
          ]
        ]
      }
    },
    {
      "type": "Feature",
      "properties": {
        "@id": "way/921679110",
        "golf": "bunker",
        "surface": "sand"
      },
      "geometry": {
        "type": "Polygon",
        "coordinates": [
          [
            [
              -3.8432663,
              58.0267859
            ],
            [
              -3.8432588,
              58.0267975
            ],
            [
              -3.8432569,
              58.02681
            ],
            [
              -3.8432466,
              58.026815
            ],
            [
              -3.8432261,
              58.0268154
            ],
            [
              -3.8432098,
              58.0268104
            ],
            [
              -3.843203,
              58.0268017
            ],
            [
              -3.8432019,
              58.0267895
            ],
            [
              -3.8432117,
              58.0267746
            ],
            [
              -3.8432223,
              58.026763
            ],
            [
              -3.8432462,
              58.02676
            ],
            [
              -3.8432675,
              58.0267622
            ],
            [
              -3.8432755,
              58.0267712
            ],
            [
              -3.8432663,
              58.0267859
            ]
          ]
        ]
      }
    },
    {
      "type": "Feature",
      "properties": {
        "@id": "way/921679111",
        "golf": "bunker",
        "surface": "sand"
      },
      "geometry": {
        "type": "Polygon",
        "coordinates": [
          [
            [
              -3.8434985,
              58.0263949
            ],
            [
              -3.8435039,
              58.0264049
            ],
            [
              -3.8435036,
              58.0264164
            ],
            [
              -3.843486,
              58.0264218
            ],
            [
              -3.8434567,
              58.0264241
            ],
            [
              -3.8434375,
              58.0264177
            ],
            [
              -3.8434321,
              58.0264071
            ],
            [
              -3.8434366,
              58.0263973
            ],
            [
              -3.8434554,
              58.0263919
            ],
            [
              -3.8434796,
              58.0263877
            ],
            [
              -3.8434985,
              58.0263949
            ]
          ]
        ]
      }
    },
    {
      "type": "Feature",
      "properties": {
        "@id": "way/921692369",
        "golf": "green",
        "surface": "grass"
      },
      "geometry": {
        "type": "Polygon",
        "coordinates": [
          [
            [
              -3.8435519,
              58.0260167
            ],
            [
              -3.8435393,
              58.0260587
            ],
            [
              -3.8435068,
              58.0260907
            ],
            [
              -3.8434581,
              58.0261118
            ],
            [
              -3.8434003,
              58.0261175
            ],
            [
              -3.8433354,
              58.0261099
            ],
            [
              -3.8432966,
              58.0260869
            ],
            [
              -3.8432605,
              58.0260578
            ],
            [
              -3.8432479,
              58.0260224
            ],
            [
              -3.8432488,
              58.0259837
            ],
            [
              -3.8432623,
              58.0259541
            ],
            [
              -3.8432975,
              58.0259226
            ],
            [
              -3.8433444,
              58.0259063
            ],
            [
              -3.8434112,
              58.025902
            ],
            [
              -3.8434698,
              58.0259116
            ],
            [
              -3.8435185,
              58.0259331
            ],
            [
              -3.8435492,
              58.0259761
            ],
            [
              -3.8435519,
              58.0260167
            ]
          ]
        ]
      }
    },
    {
      "type": "Feature",
      "properties": {
        "@id": "way/921692370",
        "golf": "bunker",
        "surface": "sand"
      },
      "geometry": {
        "type": "Polygon",
        "coordinates": [
          [
            [
              -3.8436544,
              58.0259334
            ],
            [
              -3.8436468,
              58.0259439
            ],
            [
              -3.8436309,
              58.0259491
            ],
            [
              -3.843607,
              58.0259475
            ],
            [
              -3.8435941,
              58.0259419
            ],
            [
              -3.8435877,
              58.0259322
            ],
            [
              -3.8435956,
              58.0259218
            ],
            [
              -3.8436093,
              58.0259151
            ],
            [
              -3.843632,
              58.0259143
            ],
            [
              -3.8436525,
              58.0259214
            ],
            [
              -3.8436544,
              58.0259334
            ]
          ]
        ]
      }
    },
    {
      "type": "Feature",
      "properties": {
        "@id": "way/921692371",
        "golf": "bunker",
        "surface": "sand"
      },
      "geometry": {
        "type": "Polygon",
        "coordinates": [
          [
            [
              -3.843645,
              58.0260637
            ],
            [
              -3.8436492,
              58.0260751
            ],
            [
              -3.8436378,
              58.0260876
            ],
            [
              -3.8436151,
              58.0260914
            ],
            [
              -3.8435912,
              58.0260892
            ],
            [
              -3.8435775,
              58.0260809
            ],
            [
              -3.8435726,
              58.0260703
            ],
            [
              -3.8435836,
              58.0260582
            ],
            [
              -3.8436025,
              58.0260534
            ],
            [
              -3.843628,
              58.0260548
            ],
            [
              -3.843645,
              58.0260637
            ]
          ]
        ]
      }
    },
    {
      "type": "Feature",
      "properties": {
        "@id": "way/921692372",
        "golf": "bunker",
        "surface": "sand"
      },
      "geometry": {
        "type": "Polygon",
        "coordinates": [
          [
            [
              -3.8433638,
              58.0261416
            ],
            [
              -3.8433605,
              58.0261509
            ],
            [
              -3.8433496,
              58.0261588
            ],
            [
              -3.8433284,
              58.0261632
            ],
            [
              -3.8433093,
              58.02616
            ],
            [
              -3.8432964,
              58.0261524
            ],
            [
              -3.8432927,
              58.0261429
            ],
            [
              -3.8432983,
              58.0261324
            ],
            [
              -3.8433152,
              58.0261252
            ],
            [
              -3.8433369,
              58.0261247
            ],
            [
              -3.8433576,
              58.0261309
            ],
            [
              -3.8433638,
              58.0261416
            ]
          ]
        ]
      }
    },
    {
      "type": "Feature",
      "properties": {
        "@id": "way/921692373",
        "golf": "fairway",
        "surface": "grass"
      },
      "geometry": {
        "type": "Polygon",
        "coordinates": [
          [
            [
              -3.8433156,
              58.0262559
            ],
            [
              -3.8432994,
              58.0262196
            ],
            [
              -3.8432579,
              58.0261708
            ],
            [
              -3.8432218,
              58.026125
            ],
            [
              -3.8431821,
              58.0260629
            ],
            [
              -3.8431713,
              58.0260008
            ],
            [
              -3.8431803,
              58.0259482
            ],
            [
              -3.8432344,
              58.0259024
            ],
            [
              -3.8433048,
              58.0258794
            ],
            [
              -3.8434058,
              58.0258651
            ],
            [
              -3.8435285,
              58.025866
            ],
            [
              -3.8436404,
              58.0258804
            ],
            [
              -3.8437162,
              58.0259148
            ],
            [
              -3.8437541,
              58.0259654
            ],
            [
              -3.8437613,
              58.0260333
            ],
            [
              -3.8437415,
              58.0260925
            ],
            [
              -3.8437072,
              58.0261345
            ],
            [
              -3.8437054,
              58.0261622
            ],
            [
              -3.8437505,
              58.0262177
            ],
            [
              -3.8437784,
              58.0263123
            ],
            [
              -3.8437754,
              58.026391
            ],
            [
              -3.8437663,
              58.0264907
            ],
            [
              -3.8437633,
              58.0265983
            ],
            [
              -3.8437784,
              58.0267349
            ],
            [
              -3.8438088,
              58.026894
            ],
            [
              -3.8438147,
              58.0270048
            ],
            [
              -3.8438198,
              58.0271406
            ],
            [
              -3.8437917,
              58.0273365
            ],
            [
              -3.8437598,
              58.0274635
            ],
            [
              -3.8437318,
              58.0275926
            ],
            [
              -3.8437037,
              58.0276831
            ],
            [
              -3.8436629,
              58.0277162
            ],
            [
              -3.8435825,
              58.0277338
            ],
            [
              -3.8435315,
              58.0277331
            ],
            [
              -3.843474,
              58.0277209
            ],
            [
              -3.843423,
              58.027673
            ],
            [
              -3.8433477,
              58.027598
            ],
            [
              -3.8432622,
              58.0275223
            ],
            [
              -3.8432495,
              58.0275048
            ],
            [
              -3.8432444,
              58.0274162
            ],
            [
              -3.8432622,
              58.0272953
            ],
            [
              -3.8432827,
              58.0271372
            ],
            [
              -3.8433005,
              58.0269568
            ],
            [
              -3.843289,
              58.026867
            ],
            [
              -3.8432865,
              58.0267501
            ],
            [
              -3.8432916,
              58.0266494
            ],
            [
              -3.8432941,
              58.0265582
            ],
            [
              -3.8433222,
              58.0264765
            ],
            [
              -3.8433248,
              58.0263799
            ],
            [
              -3.8433156,
              58.0262559
            ]
          ]
        ]
      }
    },
    {
      "type": "Feature",
      "properties": {
        "@id": "way/921692374",
        "golf": "hole",
        "par": "3",
        "ref": "6"
      },
      "geometry": {
        "type": "LineString",
        "coordinates": [
          [
            -3.8399746,
            58.026329
          ],
          [
            -3.8427967,
            58.02675
          ]
        ]
      }
    },
    {
      "type": "Feature",
      "properties": {
        "@id": "way/921692375",
        "golf": "hole",
        "par": "4",
        "ref": "12"
      },
      "geometry": {
        "type": "LineString",
        "coordinates": [
          [
            -3.8434541,
            58.0289574
          ],
          [
            -3.8436425,
            58.0262898
          ],
          [
            -3.8434368,
            58.0260089
          ]
        ]
      }
    },
    {
      "type": "Feature",
      "properties": {
        "@id": "way/921692376",
        "golf": "tee",
        "surface": "grass"
      },
      "geometry": {
        "type": "Polygon",
        "coordinates": [
          [
            [
              -3.8438068,
              58.0254895
            ],
            [
              -3.8438693,
              58.0255922
            ],
            [
              -3.8438106,
              58.0256645
            ],
            [
              -3.8436869,
              58.0256895
            ],
            [
              -3.8435937,
              58.025528
            ],
            [
              -3.8438068,
              58.0254895
            ]
          ]
        ]
      }
    },
    {
      "type": "Feature",
      "properties": {
        "@id": "way/921692377",
        "golf": "tee",
        "surface": "grass"
      },
      "geometry": {
        "type": "Polygon",
        "coordinates": [
          [
            [
              -3.8436262,
              58.0258174
            ],
            [
              -3.8434331,
              58.0258282
            ],
            [
              -3.8434138,
              58.0257356
            ],
            [
              -3.8436091,
              58.0257236
            ],
            [
              -3.8436262,
              58.0258174
            ]
          ]
        ]
      }
    },
    {
      "type": "Feature",
      "properties": {
        "@id": "way/921692378",
        "golf": "green",
        "surface": "grass"
      },
      "geometry": {
        "type": "Polygon",
        "coordinates": [
          [
            [
              -3.8421905,
              58.0258945
            ],
            [
              -3.8421662,
              58.0259294
            ],
            [
              -3.8421292,
              58.0259561
            ],
            [
              -3.8420615,
              58.0259814
            ],
            [
              -3.8420038,
              58.0259886
            ],
            [
              -3.8419271,
              58.0259881
            ],
            [
              -3.8418603,
              58.0259709
            ],
            [
              -3.841808,
              58.0259451
            ],
            [
              -3.8417764,
              58.0259198
            ],
            [
              -3.8417665,
              58.0258935
            ],
            [
              -3.8417891,
              58.0258615
            ],
            [
              -3.8418333,
              58.0258367
            ],
            [
              -3.8418955,
              58.0258252
            ],
            [
              -3.8419641,
              58.025819
            ],
            [
              -3.8420399,
              58.0258166
            ],
            [
              -3.8421021,
              58.0258214
            ],
            [
              -3.8421526,
              58.0258391
            ],
            [
              -3.8421842,
              58.0258663
            ],
            [
              -3.8421905,
              58.0258945
            ]
          ]
        ]
      }
    },
    {
      "type": "Feature",
      "properties": {
        "@id": "way/921692379",
        "golf": "bunker",
        "surface": "sand"
      },
      "geometry": {
        "type": "Polygon",
        "coordinates": [
          [
            [
              -3.8422589,
              58.0258339
            ],
            [
              -3.842257,
              58.0258437
            ],
            [
              -3.8422441,
              58.0258522
            ],
            [
              -3.8422269,
              58.0258552
            ],
            [
              -3.8422066,
              58.0258526
            ],
            [
              -3.8421977,
              58.0258459
            ],
            [
              -3.8421966,
              58.0258356
            ],
            [
              -3.8422106,
              58.0258265
            ],
            [
              -3.8422269,
              58.0258224
            ],
            [
              -3.8422492,
              58.0258253
            ],
            [
              -3.8422589,
              58.0258339
            ]
          ]
        ]
      }
    },
    {
      "type": "Feature",
      "properties": {
        "@id": "way/921692380",
        "golf": "bunker",
        "surface": "sand"
      },
      "geometry": {
        "type": "Polygon",
        "coordinates": [
          [
            [
              -3.8419687,
              58.0257947
            ],
            [
              -3.8419579,
              58.0258045
            ],
            [
              -3.8419328,
              58.0258094
            ],
            [
              -3.8419091,
              58.0258069
            ],
            [
              -3.8418961,
              58.0258002
            ],
            [
              -3.8418943,
              58.0257898
            ],
            [
              -3.8419028,
              58.025782
            ],
            [
              -3.8419218,
              58.0257771
            ],
            [
              -3.8419443,
              58.0257772
            ],
            [
              -3.841963,
              58.0257832
            ],
            [
              -3.8419687,
              58.0257947
            ]
          ]
        ]
      }
    },
    {
      "type": "Feature",
      "properties": {
        "@id": "way/921692381",
        "golf": "bunker",
        "surface": "sand"
      },
      "geometry": {
        "type": "Polygon",
        "coordinates": [
          [
            [
              -3.8417251,
              58.0258613
            ],
            [
              -3.8417238,
              58.0258711
            ],
            [
              -3.8417088,
              58.0258792
            ],
            [
              -3.8416884,
              58.0258819
            ],
            [
              -3.8416699,
              58.025879
            ],
            [
              -3.8416581,
              58.0258723
            ],
            [
              -3.8416554,
              58.025864
            ],
            [
              -3.8416642,
              58.0258542
            ],
            [
              -3.8416803,
              58.025848
            ],
            [
              -3.8417018,
              58.0258461
            ],
            [
              -3.84172,
              58.0258518
            ],
            [
              -3.8417251,
              58.0258613
            ]
          ]
        ]
      }
    },
    {
      "type": "Feature",
      "properties": {
        "@id": "way/921692382",
        "golf": "bunker",
        "surface": "sand"
      },
      "geometry": {
        "type": "Polygon",
        "coordinates": [
          [
            [
              -3.8418394,
              58.0259914
            ],
            [
              -3.8418497,
              58.0260008
            ],
            [
              -3.8418524,
              58.02601
            ],
            [
              -3.841845,
              58.0260184
            ],
            [
              -3.8418283,
              58.0260204
            ],
            [
              -3.8418082,
              58.0260178
            ],
            [
              -3.8417931,
              58.0260121
            ],
            [
              -3.8417823,
              58.0260054
            ],
            [
              -3.8417769,
              58.0259949
            ],
            [
              -3.8417859,
              58.025987
            ],
            [
              -3.8418071,
              58.0259836
            ],
            [
              -3.8418254,
              58.0259861
            ],
            [
              -3.8418394,
              58.0259914
            ]
          ]
        ]
      }
    },
    {
      "type": "Feature",
      "properties": {
        "@id": "way/921692383",
        "golf": "bunker",
        "surface": "sand"
      },
      "geometry": {
        "type": "Polygon",
        "coordinates": [
          [
            [
              -3.8421839,
              58.0259754
            ],
            [
              -3.842181,
              58.0259839
            ],
            [
              -3.8421681,
              58.0259903
            ],
            [
              -3.8421485,
              58.0259927
            ],
            [
              -3.8421343,
              58.0259896
            ],
            [
              -3.8421244,
              58.0259818
            ],
            [
              -3.8421263,
              58.0259717
            ],
            [
              -3.8421381,
              58.0259636
            ],
            [
              -3.842156,
              58.0259621
            ],
            [
              -3.8421756,
              58.0259659
            ],
            [
              -3.8421839,
              58.0259754
            ]
          ]
        ]
      }
    },
    {
      "type": "Feature",
      "properties": {
        "@id": "way/921692384",
        "golf": "fairway",
        "surface": "grass"
      },
      "geometry": {
        "type": "Polygon",
        "coordinates": [
          [
            [
              -3.8422898,
              58.0259321
            ],
            [
              -3.8422512,
              58.0259827
            ],
            [
              -3.8422094,
              58.0260121
            ],
            [
              -3.8420964,
              58.0260337
            ],
            [
              -3.8419523,
              58.0260442
            ],
            [
              -3.8418415,
              58.0260446
            ],
            [
              -3.8417611,
              58.0260233
            ],
            [
              -3.841692,
              58.0259859
            ],
            [
              -3.841648,
              58.0259353
            ],
            [
              -3.8416283,
              58.0258931
            ],
            [
              -3.841626,
              58.0258542
            ],
            [
              -3.8416617,
              58.0258252
            ],
            [
              -3.8417216,
              58.0257939
            ],
            [
              -3.841818,
              58.025765
            ],
            [
              -3.8419227,
              58.0257553
            ],
            [
              -3.8420956,
              58.0257642
            ],
            [
              -3.8422155,
              58.0257859
            ],
            [
              -3.8422891,
              58.0258112
            ],
            [
              -3.8423149,
              58.0258642
            ],
            [
              -3.8422898,
              58.0259321
            ]
          ]
        ]
      }
    },
    {
      "type": "Feature",
      "properties": {
        "@id": "way/921692385",
        "golf": "tee",
        "surface": "grass"
      },
      "geometry": {
        "type": "Polygon",
        "coordinates": [
          [
            [
              -3.8425464,
              58.0261001
            ],
            [
              -3.8422759,
              58.0260643
            ],
            [
              -3.8423129,
              58.0259852
            ],
            [
              -3.8425796,
              58.0260224
            ],
            [
              -3.8425464,
              58.0261001
            ]
          ]
        ]
      }
    },
    {
      "type": "Feature",
      "properties": {
        "@id": "way/921692386",
        "golf": "tee",
        "surface": "grass"
      },
      "geometry": {
        "type": "Polygon",
        "coordinates": [
          [
            [
              -3.8421393,
              58.0257207
            ],
            [
              -3.8420862,
              58.0257825
            ],
            [
              -3.8418472,
              58.0257343
            ],
            [
              -3.8419109,
              58.0256628
            ],
            [
              -3.8421393,
              58.0257207
            ]
          ]
        ]
      }
    },
    {
      "type": "Feature",
      "properties": {
        "@id": "way/921692387",
        "golf": "hole",
        "par": "3",
        "ref": "13"
      },
      "geometry": {
        "type": "LineString",
        "coordinates": [
          [
            -3.8437713,
            58.0255451
          ],
          [
            -3.8419995,
            58.0259177
          ]
        ]
      }
    },
    {
      "type": "Feature",
      "properties": {
        "@id": "way/921692388",
        "golf": "green",
        "surface": "grass"
      },
      "geometry": {
        "type": "Polygon",
        "coordinates": [
          [
            [
              -3.8439176,
              58.0233527
            ],
            [
              -3.8439265,
              58.0233966
            ],
            [
              -3.8438908,
              58.0234587
            ],
            [
              -3.8438474,
              58.0234986
            ],
            [
              -3.8437811,
              58.0235297
            ],
            [
              -3.8437173,
              58.023531
            ],
            [
              -3.843656,
              58.0235169
            ],
            [
              -3.843642,
              58.0234851
            ],
            [
              -3.8436152,
              58.0234581
            ],
            [
              -3.8435833,
              58.023425
            ],
            [
              -3.8435731,
              58.0233919
            ],
            [
              -3.8435948,
              58.0233513
            ],
            [
              -3.8436471,
              58.0233121
            ],
            [
              -3.8437185,
              58.0232912
            ],
            [
              -3.8437849,
              58.0232912
            ],
            [
              -3.8438742,
              58.0233108
            ],
            [
              -3.8439176,
              58.0233527
            ]
          ]
        ]
      }
    },
    {
      "type": "Feature",
      "properties": {
        "@id": "way/921692389",
        "golf": "bunker",
        "surface": "sand"
      },
      "geometry": {
        "type": "Polygon",
        "coordinates": [
          [
            [
              -3.8439927,
              58.023454
            ],
            [
              -3.8439886,
              58.0234669
            ],
            [
              -3.843979,
              58.0234752
            ],
            [
              -3.8439608,
              58.0234801
            ],
            [
              -3.8439391,
              58.0234775
            ],
            [
              -3.8439296,
              58.0234716
            ],
            [
              -3.8439254,
              58.0234637
            ],
            [
              -3.8439315,
              58.023454
            ],
            [
              -3.8439423,
              58.0234437
            ],
            [
              -3.8439579,
              58.0234385
            ],
            [
              -3.8439748,
              58.0234382
            ],
            [
              -3.8439895,
              58.0234449
            ],
            [
              -3.8439927,
              58.023454
            ]
          ]
        ]
      }
    },
    {
      "type": "Feature",
      "properties": {
        "@id": "way/921692390",
        "golf": "bunker",
        "surface": "sand"
      },
      "geometry": {
        "type": "Polygon",
        "coordinates": [
          [
            [
              -3.8436006,
              58.0234865
            ],
            [
              -3.8435974,
              58.0234979
            ],
            [
              -3.8435814,
              58.0235053
            ],
            [
              -3.8435629,
              58.0235061
            ],
            [
              -3.8435454,
              58.0235023
            ],
            [
              -3.8435352,
              58.0234947
            ],
            [
              -3.8435345,
              58.0234825
            ],
            [
              -3.8435508,
              58.0234735
            ],
            [
              -3.8435725,
              58.023472
            ],
            [
              -3.8435929,
              58.0234771
            ],
            [
              -3.8436006,
              58.0234865
            ]
          ]
        ]
      }
    },
    {
      "type": "Feature",
      "properties": {
        "@id": "way/921692391",
        "golf": "fairway",
        "surface": "grass"
      },
      "geometry": {
        "type": "Polygon",
        "coordinates": [
          [
            [
              -3.8440198,
              58.0233883
            ],
            [
              -3.8440316,
              58.0234438
            ],
            [
              -3.8440108,
              58.0234977
            ],
            [
              -3.8439531,
              58.023536
            ],
            [
              -3.8438746,
              58.0235699
            ],
            [
              -3.8438123,
              58.0235857
            ],
            [
              -3.8437618,
              58.0236416
            ],
            [
              -3.8437456,
              58.0237022
            ],
            [
              -3.8437158,
              58.0237338
            ],
            [
              -3.843659,
              58.0237662
            ],
            [
              -3.8435796,
              58.0237768
            ],
            [
              -3.8434731,
              58.0237653
            ],
            [
              -3.8434063,
              58.0237218
            ],
            [
              -3.8433973,
              58.0236893
            ],
            [
              -3.8434199,
              58.0236435
            ],
            [
              -3.8434542,
              58.0235876
            ],
            [
              -3.8434704,
              58.0235417
            ],
            [
              -3.8434857,
              58.0235159
            ],
            [
              -3.8434758,
              58.0234882
            ],
            [
              -3.8434839,
              58.0234418
            ],
            [
              -3.8435074,
              58.0233831
            ],
            [
              -3.8435507,
              58.0233358
            ],
            [
              -3.843603,
              58.0233019
            ],
            [
              -3.8436725,
              58.023277
            ],
            [
              -3.8437564,
              58.0232684
            ],
            [
              -3.8438457,
              58.0232732
            ],
            [
              -3.8439215,
              58.0232971
            ],
            [
              -3.8439837,
              58.0233386
            ],
            [
              -3.8440198,
              58.0233883
            ]
          ]
        ]
      }
    },
    {
      "type": "Feature",
      "properties": {
        "@id": "way/921692392",
        "golf": "fairway",
        "surface": "grass"
      },
      "geometry": {
        "type": "Polygon",
        "coordinates": [
          [
            [
              -3.8432018,
              58.0241606
            ],
            [
              -3.8433426,
              58.0241382
            ],
            [
              -3.8434454,
              58.0241401
            ],
            [
              -3.8435068,
              58.0241649
            ],
            [
              -3.8435419,
              58.0242065
            ],
            [
              -3.8435338,
              58.0242433
            ],
            [
              -3.8434878,
              58.0243226
            ],
            [
              -3.8434373,
              58.0244182
            ],
            [
              -3.8433895,
              58.0245089
            ],
            [
              -3.8433182,
              58.0246026
            ],
            [
              -3.8432614,
              58.0246613
            ],
            [
              -3.8431453,
              58.0247404
            ],
            [
              -3.8430484,
              58.0247951
            ],
            [
              -3.8429642,
              58.0248458
            ],
            [
              -3.8429323,
              58.0248823
            ],
            [
              -3.8428506,
              58.0249188
            ],
            [
              -3.8427664,
              58.0249275
            ],
            [
              -3.8426988,
              58.0249127
            ],
            [
              -3.8426414,
              58.0248931
            ],
            [
              -3.8426133,
              58.0248607
            ],
            [
              -3.8426197,
              58.0248215
            ],
            [
              -3.8426822,
              58.02471
            ],
            [
              -3.8427602,
              58.0245541
            ],
            [
              -3.8427981,
              58.024427
            ],
            [
              -3.8428324,
              58.0243277
            ],
            [
              -3.842863,
              58.0242722
            ],
            [
              -3.8429352,
              58.0242264
            ],
            [
              -3.8430561,
              58.024191
            ],
            [
              -3.8432018,
              58.0241606
            ]
          ]
        ]
      }
    },
    {
      "type": "Feature",
      "properties": {
        "@id": "way/921692400",
        "golf": "hole",
        "par": "4",
        "ref": "14"
      },
      "geometry": {
        "type": "LineString",
        "coordinates": [
          [
            -3.8422751,
            58.0262353
          ],
          [
            -3.8433519,
            58.0242104
          ],
          [
            -3.8438025,
            58.0234127
          ]
        ]
      }
    },
    {
      "type": "Feature",
      "properties": {
        "@id": "way/921692401",
        "golf": "tee",
        "surface": "grass"
      },
      "geometry": {
        "type": "Polygon",
        "coordinates": [
          [
            [
              -3.845097,
              58.0233655
            ],
            [
              -3.8449562,
              58.0233463
            ],
            [
              -3.8450067,
              58.0232556
            ],
            [
              -3.8451421,
              58.0232737
            ],
            [
              -3.845097,
              58.0233655
            ]
          ]
        ]
      }
    },
    {
      "type": "Feature",
      "properties": {
        "@id": "way/921692402",
        "golf": "tee",
        "surface": "grass"
      },
      "geometry": {
        "type": "Polygon",
        "coordinates": [
          [
            [
              -3.8443031,
              58.0235143
            ],
            [
              -3.8443492,
              58.0234785
            ],
            [
              -3.8442065,
              58.0234234
            ],
            [
              -3.8441561,
              58.0234621
            ],
            [
              -3.8443031,
              58.0235143
            ]
          ]
        ]
      }
    },
    {
      "type": "Feature",
      "properties": {
        "@id": "way/921692406",
        "golf": "tee",
        "surface": "grass"
      },
      "geometry": {
        "type": "Polygon",
        "coordinates": [
          [
            [
              -3.8453152,
              58.0226979
            ],
            [
              -3.8451871,
              58.0226755
            ],
            [
              -3.8452214,
              58.0226272
            ],
            [
              -3.8453432,
              58.0226492
            ],
            [
              -3.8453152,
              58.0226979
            ]
          ]
        ]
      }
    },
    {
      "type": "Feature",
      "properties": {
        "@id": "way/921692407",
        "golf": "tee",
        "surface": "grass"
      },
      "geometry": {
        "type": "Polygon",
        "coordinates": [
          [
            [
              -3.8452529,
              58.0227663
            ],
            [
              -3.8451339,
              58.0227424
            ],
            [
              -3.8451708,
              58.0226884
            ],
            [
              -3.8452899,
              58.0227128
            ],
            [
              -3.8452529,
              58.0227663
            ]
          ]
        ]
      }
    },
    {
      "type": "Feature",
      "properties": {
        "@id": "way/921692408",
        "golf": "green",
        "surface": "grass"
      },
      "geometry": {
        "type": "Polygon",
        "coordinates": [
          [
            [
              -3.8475257,
              58.0203189
            ],
            [
              -3.8475269,
              58.020354
            ],
            [
              -3.8475065,
              58.0203895
            ],
            [
              -3.8474721,
              58.0204189
            ],
            [
              -3.8474204,
              58.0204408
            ],
            [
              -3.8473509,
              58.0204523
            ],
            [
              -3.8472986,
              58.020453
            ],
            [
              -3.8472418,
              58.0204439
            ],
            [
              -3.8471939,
              58.0204189
            ],
            [
              -3.8471665,
              58.0203834
            ],
            [
              -3.8471512,
              58.0203449
            ],
            [
              -3.8471384,
              58.0203057
            ],
            [
              -3.8471448,
              58.0202706
            ],
            [
              -3.8471754,
              58.0202371
            ],
            [
              -3.8472156,
              58.0202148
            ],
            [
              -3.8472679,
              58.0201976
            ],
            [
              -3.8473228,
              58.0201979
            ],
            [
              -3.8473853,
              58.0202121
            ],
            [
              -3.8474466,
              58.0202412
            ],
            [
              -3.8474976,
              58.0202817
            ],
            [
              -3.8475257,
              58.0203189
            ]
          ]
        ]
      }
    },
    {
      "type": "Feature",
      "properties": {
        "@id": "way/921692409",
        "golf": "bunker",
        "surface": "sand"
      },
      "geometry": {
        "type": "Polygon",
        "coordinates": [
          [
            [
              -3.8475846,
              58.0204118
            ],
            [
              -3.8475873,
              58.0204208
            ],
            [
              -3.8475811,
              58.0204294
            ],
            [
              -3.8475661,
              58.0204356
            ],
            [
              -3.847546,
              58.020436
            ],
            [
              -3.8475315,
              58.0204312
            ],
            [
              -3.8475221,
              58.0204227
            ],
            [
              -3.8475261,
              58.020411
            ],
            [
              -3.8475404,
              58.0204042
            ],
            [
              -3.8475575,
              58.0204021
            ],
            [
              -3.8475763,
              58.0204056
            ],
            [
              -3.8475846,
              58.0204118
            ]
          ]
        ]
      }
    },
    {
      "type": "Feature",
      "properties": {
        "@id": "way/921692410",
        "golf": "bunker",
        "surface": "sand"
      },
      "geometry": {
        "type": "Polygon",
        "coordinates": [
          [
            [
              -3.8475202,
              58.0204745
            ],
            [
              -3.8475188,
              58.0204845
            ],
            [
              -3.8475069,
              58.0204923
            ],
            [
              -3.8474909,
              58.0204955
            ],
            [
              -3.847471,
              58.0204937
            ],
            [
              -3.8474586,
              58.0204872
            ],
            [
              -3.8474557,
              58.0204789
            ],
            [
              -3.8474624,
              58.0204708
            ],
            [
              -3.847474,
              58.020464
            ],
            [
              -3.8474929,
              58.0204628
            ],
            [
              -3.8475109,
              58.0204658
            ],
            [
              -3.8475202,
              58.0204745
            ]
          ]
        ]
      }
    },
    {
      "type": "Feature",
      "properties": {
        "@id": "way/921692411",
        "golf": "bunker",
        "surface": "sand"
      },
      "geometry": {
        "type": "Polygon",
        "coordinates": [
          [
            [
              -3.8471546,
              58.0204096
            ],
            [
              -3.8471457,
              58.0204209
            ],
            [
              -3.8471262,
              58.0204288
            ],
            [
              -3.8471017,
              58.0204285
            ],
            [
              -3.8470819,
              58.0204234
            ],
            [
              -3.847071,
              58.0204146
            ],
            [
              -3.8470729,
              58.0204028
            ],
            [
              -3.8470889,
              58.0203915
            ],
            [
              -3.8471135,
              58.0203885
            ],
            [
              -3.8471387,
              58.020391
            ],
            [
              -3.8471514,
              58.0203981
            ],
            [
              -3.8471546,
              58.0204096
            ]
          ]
        ]
      }
    },
    {
      "type": "Feature",
      "properties": {
        "@id": "way/921692412",
        "golf": "fairway",
        "surface": "grass"
      },
      "geometry": {
        "type": "Polygon",
        "coordinates": [
          [
            [
              -3.8471755,
              58.0207848
            ],
            [
              -3.8471862,
              58.020757
            ],
            [
              -3.8471594,
              58.0207161
            ],
            [
              -3.8471326,
              58.0206723
            ],
            [
              -3.8471498,
              58.0206286
            ],
            [
              -3.8472206,
              58.020607
            ],
            [
              -3.8473193,
              58.0205996
            ],
            [
              -3.8473987,
              58.020582
            ],
            [
              -3.8475049,
              58.0205388
            ],
            [
              -3.8475907,
              58.0204968
            ],
            [
              -3.8476401,
              58.0204496
            ],
            [
              -3.8476755,
              58.020382
            ],
            [
              -3.8476411,
              58.0203172
            ],
            [
              -3.8476014,
              58.0202717
            ],
            [
              -3.8474931,
              58.0202058
            ],
            [
              -3.8473987,
              58.0201678
            ],
            [
              -3.8473085,
              58.0201536
            ],
            [
              -3.8472216,
              58.0201655
            ],
            [
              -3.8471283,
              58.0201928
            ],
            [
              -3.8470725,
              58.0202303
            ],
            [
              -3.8470275,
              58.0202894
            ],
            [
              -3.8469974,
              58.0203644
            ],
            [
              -3.8469953,
              58.0204166
            ],
            [
              -3.846977,
              58.0204519
            ],
            [
              -3.8469191,
              58.0204843
            ],
            [
              -3.8468612,
              58.0205189
            ],
            [
              -3.8468365,
              58.0205496
            ],
            [
              -3.8468236,
              58.0206024
            ],
            [
              -3.8467892,
              58.0207145
            ],
            [
              -3.846712,
              58.0208179
            ],
            [
              -3.8466004,
              58.0209123
            ],
            [
              -3.8465017,
              58.0209782
            ],
            [
              -3.8462635,
              58.0212123
            ],
            [
              -3.8461069,
              58.0213623
            ],
            [
              -3.8459653,
              58.0215009
            ],
            [
              -3.8457936,
              58.0216668
            ],
            [
              -3.845682,
              58.0217737
            ],
            [
              -3.8455619,
              58.0218498
            ],
            [
              -3.845461,
              58.0219214
            ],
            [
              -3.8453623,
              58.0220225
            ],
            [
              -3.845305,
              58.0220835
            ],
            [
              -3.8453164,
              58.0221511
            ],
            [
              -3.8453815,
              58.0222017
            ],
            [
              -3.8454874,
              58.0222207
            ],
            [
              -3.8455882,
              58.0222126
            ],
            [
              -3.8456341,
              58.0221767
            ],
            [
              -3.8456507,
              58.0221227
            ],
            [
              -3.8456571,
              58.0220457
            ],
            [
              -3.845666,
              58.0220159
            ],
            [
              -3.8456966,
              58.0219794
            ],
            [
              -3.8457783,
              58.0219578
            ],
            [
              -3.845874,
              58.021947
            ],
            [
              -3.8459442,
              58.0219274
            ],
            [
              -3.8460156,
              58.0218835
            ],
            [
              -3.8461662,
              58.0217571
            ],
            [
              -3.8462938,
              58.0216382
            ],
            [
              -3.8464711,
              58.0214706
            ],
            [
              -3.8467352,
              58.0212274
            ],
            [
              -3.8469929,
              58.0209794
            ],
            [
              -3.8471244,
              58.0208422
            ],
            [
              -3.8471755,
              58.0207848
            ]
          ]
        ]
      }
    },
    {
      "type": "Feature",
      "properties": {
        "@id": "way/921692413",
        "golf": "hole",
        "par": "4",
        "ref": "15"
      },
      "geometry": {
        "type": "LineString",
        "coordinates": [
          [
            -3.8442531,
            58.0234731
          ],
          [
            -3.8463642,
            58.021353
          ],
          [
            -3.8473746,
            58.0203553
          ]
        ]
      }
    },
    {
      "type": "Feature",
      "properties": {
        "@id": "way/921692418",
        "golf": "tee",
        "surface": "grass"
      },
      "geometry": {
        "type": "Polygon",
        "coordinates": [
          [
            [
              -3.8480538,
              58.0202573
            ],
            [
              -3.8478968,
              58.0203013
            ],
            [
              -3.8477453,
              58.0201474
            ],
            [
              -3.8479077,
              58.0201082
            ],
            [
              -3.8480538,
              58.0202573
            ]
          ]
        ]
      }
    },
    {
      "type": "Feature",
      "properties": {
        "@id": "way/921692419",
        "golf": "tee",
        "surface": "grass"
      },
      "geometry": {
        "type": "Polygon",
        "coordinates": [
          [
            [
              -3.8474908,
              58.0196101
            ],
            [
              -3.8474178,
              58.0196325
            ],
            [
              -3.8473275,
              58.0195451
            ],
            [
              -3.8474015,
              58.0195207
            ],
            [
              -3.8474908,
              58.0196101
            ]
          ]
        ]
      }
    },
    {
      "type": "Feature",
      "properties": {
        "@id": "way/921692424",
        "golf": "bunker",
        "surface": "sand"
      },
      "geometry": {
        "type": "Polygon",
        "coordinates": [
          [
            [
              -3.846222,
              58.0177418
            ],
            [
              -3.8462183,
              58.0177543
            ],
            [
              -3.8461974,
              58.017764
            ],
            [
              -3.8461695,
              58.0177629
            ],
            [
              -3.8461523,
              58.017756
            ],
            [
              -3.8461496,
              58.0177427
            ],
            [
              -3.8461668,
              58.017733
            ],
            [
              -3.8461893,
              58.0177279
            ],
            [
              -3.846214,
              58.0177307
            ],
            [
              -3.846222,
              58.0177418
            ]
          ]
        ]
      }
    },
    {
      "type": "Feature",
      "properties": {
        "@id": "way/921692425",
        "golf": "green",
        "surface": "grass"
      },
      "geometry": {
        "type": "Polygon",
        "coordinates": [
          [
            [
              -3.8461505,
              58.0176727
            ],
            [
              -3.8461353,
              58.0177181
            ],
            [
              -3.8461012,
              58.0177519
            ],
            [
              -3.8460579,
              58.017774
            ],
            [
              -3.8459995,
              58.017784
            ],
            [
              -3.8459229,
              58.0177808
            ],
            [
              -3.8458637,
              58.0177611
            ],
            [
              -3.8458129,
              58.0177253
            ],
            [
              -3.8457825,
              58.0176936
            ],
            [
              -3.8457711,
              58.0176598
            ],
            [
              -3.845781,
              58.0176185
            ],
            [
              -3.8458053,
              58.0175815
            ],
            [
              -3.8458546,
              58.0175501
            ],
            [
              -3.8459145,
              58.0175361
            ],
            [
              -3.8459828,
              58.0175365
            ],
            [
              -3.8460382,
              58.017551
            ],
            [
              -3.8460974,
              58.0175799
            ],
            [
              -3.8461406,
              58.0176237
            ],
            [
              -3.8461505,
              58.0176727
            ]
          ]
        ]
      }
    },
    {
      "type": "Feature",
      "properties": {
        "@id": "way/921692426",
        "golf": "fairway",
        "surface": "grass"
      },
      "geometry": {
        "type": "Polygon",
        "coordinates": [
          [
            [
              -3.8459237,
              58.0179021
            ],
            [
              -3.8459237,
              58.0178635
            ],
            [
              -3.8458781,
              58.0178277
            ],
            [
              -3.8458083,
              58.0177928
            ],
            [
              -3.8457454,
              58.0177458
            ],
            [
              -3.8457135,
              58.0176923
            ],
            [
              -3.8457067,
              58.0176453
            ],
            [
              -3.8457219,
              58.0175923
            ],
            [
              -3.8457757,
              58.017536
            ],
            [
              -3.8458872,
              58.0175039
            ],
            [
              -3.8460048,
              58.0175043
            ],
            [
              -3.8460883,
              58.0175179
            ],
            [
              -3.8461588,
              58.0175525
            ],
            [
              -3.8462104,
              58.0176031
            ],
            [
              -3.8462423,
              58.0176642
            ],
            [
              -3.8462711,
              58.0177184
            ],
            [
              -3.8462726,
              58.0177622
            ],
            [
              -3.8462491,
              58.0177944
            ],
            [
              -3.8462119,
              58.0178173
            ],
            [
              -3.8462157,
              58.0178358
            ],
            [
              -3.8462074,
              58.0178934
            ],
            [
              -3.8461669,
              58.0179525
            ],
            [
              -3.8461326,
              58.018048
            ],
            [
              -3.8461092,
              58.018157
            ],
            [
              -3.8460984,
              58.0182182
            ],
            [
              -3.8461417,
              58.0182659
            ],
            [
              -3.8462427,
              58.0183195
            ],
            [
              -3.8463636,
              58.0183758
            ],
            [
              -3.8464358,
              58.0184494
            ],
            [
              -3.846441,
              58.0185012
            ],
            [
              -3.8464678,
              58.0185358
            ],
            [
              -3.8465279,
              58.0185574
            ],
            [
              -3.8466687,
              58.018625
            ],
            [
              -3.8467644,
              58.0186993
            ],
            [
              -3.8468384,
              58.018779
            ],
            [
              -3.8468843,
              58.0188621
            ],
            [
              -3.8469162,
              58.0189236
            ],
            [
              -3.8469213,
              58.0189703
            ],
            [
              -3.846869,
              58.0190047
            ],
            [
              -3.8468116,
              58.0190203
            ],
            [
              -3.8467006,
              58.0190345
            ],
            [
              -3.846559,
              58.019027
            ],
            [
              -3.8464212,
              58.0189987
            ],
            [
              -3.8462962,
              58.0189696
            ],
            [
              -3.8461864,
              58.0189142
            ],
            [
              -3.8460665,
              58.0188419
            ],
            [
              -3.8459963,
              58.0187574
            ],
            [
              -3.8459063,
              58.0186254
            ],
            [
              -3.8458827,
              58.0185266
            ],
            [
              -3.8458441,
              58.0184231
            ],
            [
              -3.8458033,
              58.0183663
            ],
            [
              -3.8457977,
              58.0183008
            ],
            [
              -3.8458084,
              58.0182332
            ],
            [
              -3.8458556,
              58.0181332
            ],
            [
              -3.8458964,
              58.0180394
            ],
            [
              -3.8459232,
              58.0179508
            ],
            [
              -3.8459237,
              58.0179021
            ]
          ]
        ]
      }
    },
    {
      "type": "Feature",
      "properties": {
        "@id": "way/921692428",
        "golf": "tee",
        "surface": "grass"
      },
      "geometry": {
        "type": "Polygon",
        "coordinates": [
          [
            [
              -3.846118,
              58.0172041
            ],
            [
              -3.8458465,
              58.0172671
            ],
            [
              -3.8457843,
              58.0171938
            ],
            [
              -3.8460482,
              58.0171285
            ],
            [
              -3.846118,
              58.0172041
            ]
          ]
        ]
      }
    },
    {
      "type": "Feature",
      "properties": {
        "@id": "way/921692429",
        "golf": "tee",
        "surface": "grass"
      },
      "geometry": {
        "type": "Polygon",
        "coordinates": [
          [
            [
              -3.8459998,
              58.0171056
            ],
            [
              -3.8458741,
              58.0171415
            ],
            [
              -3.8458313,
              58.0171056
            ],
            [
              -3.8459589,
              58.0170688
            ],
            [
              -3.8459998,
              58.0171056
            ]
          ]
        ]
      }
    },
    {
      "type": "Feature",
      "properties": {
        "@id": "way/921692430",
        "golf": "tee",
        "surface": "grass"
      },
      "geometry": {
        "type": "Polygon",
        "coordinates": [
          [
            [
              -3.8460092,
              58.0167503
            ],
            [
              -3.8459485,
              58.0167676
            ],
            [
              -3.8458507,
              58.0166752
            ],
            [
              -3.8459083,
              58.0166595
            ],
            [
              -3.8460092,
              58.0167503
            ]
          ]
        ]
      }
    },
    {
      "type": "Feature",
      "properties": {
        "@id": "way/921692431",
        "golf": "tee",
        "surface": "grass"
      },
      "geometry": {
        "type": "Polygon",
        "coordinates": [
          [
            [
              -3.8458763,
              58.0166416
            ],
            [
              -3.8458388,
              58.0166531
            ],
            [
              -3.8457887,
              58.0166087
            ],
            [
              -3.845824,
              58.0165974
            ],
            [
              -3.8458763,
              58.0166416
            ]
          ]
        ]
      }
    },
    {
      "type": "Feature",
      "properties": {
        "@id": "way/921692432",
        "golf": "bunker",
        "surface": "sand"
      },
      "geometry": {
        "type": "Polygon",
        "coordinates": [
          [
            [
              -3.8439938,
              58.0157259
            ],
            [
              -3.8439841,
              58.015739
            ],
            [
              -3.8439659,
              58.0157464
            ],
            [
              -3.8439417,
              58.015745
            ],
            [
              -3.8439267,
              58.0157379
            ],
            [
              -3.8439213,
              58.0157254
            ],
            [
              -3.8439364,
              58.0157137
            ],
            [
              -3.8439637,
              58.015712
            ],
            [
              -3.8439825,
              58.015716
            ],
            [
              -3.8439938,
              58.0157259
            ]
          ]
        ]
      }
    },
    {
      "type": "Feature",
      "properties": {
        "@id": "way/921692433",
        "golf": "bunker",
        "surface": "sand"
      },
      "geometry": {
        "type": "Polygon",
        "coordinates": [
          [
            [
              -3.8435089,
              58.0147762
            ],
            [
              -3.8435046,
              58.0147844
            ],
            [
              -3.8434909,
              58.014793
            ],
            [
              -3.8434756,
              58.0148016
            ],
            [
              -3.8434622,
              58.014808
            ],
            [
              -3.8434469,
              58.0148106
            ],
            [
              -3.8434314,
              58.0148074
            ],
            [
              -3.8434244,
              58.0148011
            ],
            [
              -3.8434271,
              58.0147914
            ],
            [
              -3.8434389,
              58.0147817
            ],
            [
              -3.8434574,
              58.0147718
            ],
            [
              -3.8434716,
              58.014767
            ],
            [
              -3.8434848,
              58.0147652
            ],
            [
              -3.8435003,
              58.0147678
            ],
            [
              -3.8435089,
              58.0147762
            ]
          ]
        ]
      }
    },
    {
      "type": "Feature",
      "properties": {
        "@id": "way/921704300",
        "golf": "bunker",
        "surface": "sand"
      },
      "geometry": {
        "type": "Polygon",
        "coordinates": [
          [
            [
              -3.8437146,
              58.0143562
            ],
            [
              -3.843729,
              58.0143706
            ],
            [
              -3.8437237,
              58.0143843
            ],
            [
              -3.8436941,
              58.0143968
            ],
            [
              -3.8436569,
              58.0144012
            ],
            [
              -3.8436357,
              58.0143928
            ],
            [
              -3.8436213,
              58.0143847
            ],
            [
              -3.843619,
              58.0143646
            ],
            [
              -3.8436281,
              58.0143498
            ],
            [
              -3.8436524,
              58.0143405
            ],
            [
              -3.8436888,
              58.0143469
            ],
            [
              -3.8437146,
              58.0143562
            ]
          ]
        ]
      }
    },
    {
      "type": "Feature",
      "properties": {
        "@id": "way/921704301",
        "golf": "bunker",
        "surface": "sand"
      },
      "geometry": {
        "type": "Polygon",
        "coordinates": [
          [
            [
              -3.8432273,
              58.0140655
            ],
            [
              -3.8432316,
              58.0140777
            ],
            [
              -3.8432268,
              58.0140874
            ],
            [
              -3.843201,
              58.0140925
            ],
            [
              -3.8431753,
              58.0140919
            ],
            [
              -3.84315,
              58.0140877
            ],
            [
              -3.8431281,
              58.0140786
            ],
            [
              -3.8431211,
              58.0140661
            ],
            [
              -3.8431297,
              58.0140544
            ],
            [
              -3.8431506,
              58.0140479
            ],
            [
              -3.8431801,
              58.0140476
            ],
            [
              -3.8432101,
              58.0140547
            ],
            [
              -3.8432273,
              58.0140655
            ]
          ]
        ]
      }
    },
    {
      "type": "Feature",
      "properties": {
        "@id": "way/921704302",
        "golf": "bunker",
        "surface": "sand"
      },
      "geometry": {
        "type": "Polygon",
        "coordinates": [
          [
            [
              -3.8434564,
              58.0138072
            ],
            [
              -3.8434541,
              58.0138223
            ],
            [
              -3.8434392,
              58.0138326
            ],
            [
              -3.8434117,
              58.0138383
            ],
            [
              -3.8433864,
              58.0138354
            ],
            [
              -3.8433706,
              58.0138266
            ],
            [
              -3.8433643,
              58.0138144
            ],
            [
              -3.8433684,
              58.0138013
            ],
            [
              -3.8433882,
              58.0137915
            ],
            [
              -3.8434126,
              58.0137886
            ],
            [
              -3.8434424,
              58.0137939
            ],
            [
              -3.8434564,
              58.0138072
            ]
          ]
        ]
      }
    },
    {
      "type": "Feature",
      "properties": {
        "@id": "way/921704303",
        "golf": "green",
        "surface": "grass"
      },
      "geometry": {
        "type": "Polygon",
        "coordinates": [
          [
            [
              -3.8434166,
              58.0139509
            ],
            [
              -3.8434265,
              58.013983
            ],
            [
              -3.8434151,
              58.0140092
            ],
            [
              -3.8433885,
              58.0140333
            ],
            [
              -3.8433536,
              58.0140481
            ],
            [
              -3.8433066,
              58.0140534
            ],
            [
              -3.8432429,
              58.0140469
            ],
            [
              -3.8431913,
              58.0140345
            ],
            [
              -3.8431435,
              58.0140176
            ],
            [
              -3.8431071,
              58.0139991
            ],
            [
              -3.8430752,
              58.013975
            ],
            [
              -3.8430578,
              58.0139453
            ],
            [
              -3.8430585,
              58.0139159
            ],
            [
              -3.8430752,
              58.0138882
            ],
            [
              -3.8431086,
              58.0138657
            ],
            [
              -3.8431594,
              58.013852
            ],
            [
              -3.8432171,
              58.0138484
            ],
            [
              -3.843277,
              58.0138605
            ],
            [
              -3.8433354,
              58.0138826
            ],
            [
              -3.8433855,
              58.0139135
            ],
            [
              -3.8434166,
              58.0139509
            ]
          ]
        ]
      }
    },
    {
      "type": "Feature",
      "properties": {
        "@id": "way/921704304",
        "golf": "fairway",
        "surface": "grass"
      },
      "geometry": {
        "type": "Polygon",
        "coordinates": [
          [
            [
              -3.8431005,
              58.0138514
            ],
            [
              -3.8431551,
              58.013835
            ],
            [
              -3.8432173,
              58.0138249
            ],
            [
              -3.843303,
              58.0138309
            ],
            [
              -3.8433614,
              58.013845
            ],
            [
              -3.8434418,
              58.0138764
            ],
            [
              -3.8435003,
              58.0139097
            ],
            [
              -3.8435632,
              58.0139382
            ],
            [
              -3.8435936,
              58.0139696
            ],
            [
              -3.8436072,
              58.014005
            ],
            [
              -3.8435905,
              58.0140415
            ],
            [
              -3.8435912,
              58.0140747
            ],
            [
              -3.8436212,
              58.0141068
            ],
            [
              -3.843662,
              58.0141362
            ],
            [
              -3.8436735,
              58.0141683
            ],
            [
              -3.8436811,
              58.014198
            ],
            [
              -3.8436518,
              58.0142366
            ],
            [
              -3.8436141,
              58.0142663
            ],
            [
              -3.8435975,
              58.0143028
            ],
            [
              -3.8436065,
              58.0143504
            ],
            [
              -3.8436294,
              58.0143923
            ],
            [
              -3.8436601,
              58.014419
            ],
            [
              -3.8437015,
              58.0144373
            ],
            [
              -3.8437755,
              58.014443
            ],
            [
              -3.8438661,
              58.0144383
            ],
            [
              -3.8439267,
              58.014442
            ],
            [
              -3.8439778,
              58.014466
            ],
            [
              -3.8440097,
              58.0145039
            ],
            [
              -3.8440645,
              58.014594
            ],
            [
              -3.8441504,
              58.0147406
            ],
            [
              -3.8442469,
              58.0148577
            ],
            [
              -3.8443327,
              58.01496
            ],
            [
              -3.8444465,
              58.0151305
            ],
            [
              -3.8445709,
              58.0152919
            ],
            [
              -3.8447233,
              58.0155067
            ],
            [
              -3.8448177,
              58.0156351
            ],
            [
              -3.8449078,
              58.0157567
            ],
            [
              -3.8449679,
              58.0158511
            ],
            [
              -3.8449971,
              58.0159397
            ],
            [
              -3.8450197,
              58.0159863
            ],
            [
              -3.8449939,
              58.0160312
            ],
            [
              -3.8449478,
              58.0160551
            ],
            [
              -3.844892,
              58.0160659
            ],
            [
              -3.8447815,
              58.0160602
            ],
            [
              -3.8446506,
              58.0160608
            ],
            [
              -3.8445261,
              58.0160556
            ],
            [
              -3.8444285,
              58.0160386
            ],
            [
              -3.8443673,
              58.0160096
            ],
            [
              -3.8443051,
              58.0159562
            ],
            [
              -3.8442601,
              58.0159238
            ],
            [
              -3.8442,
              58.0158437
            ],
            [
              -3.8441281,
              58.0157601
            ],
            [
              -3.8440873,
              58.0157158
            ],
            [
              -3.8440809,
              58.0156743
            ],
            [
              -3.8440476,
              58.0155885
            ],
            [
              -3.8439918,
              58.0154953
            ],
            [
              -3.8439489,
              58.0154407
            ],
            [
              -3.8441184,
              58.0153936
            ],
            [
              -3.8441807,
              58.0154459
            ],
            [
              -3.8442847,
              58.0155027
            ],
            [
              -3.8443534,
              58.015522
            ],
            [
              -3.844406,
              58.0155197
            ],
            [
              -3.8444564,
              58.0155038
            ],
            [
              -3.8444682,
              58.0154726
            ],
            [
              -3.8444371,
              58.0154373
            ],
            [
              -3.8444017,
              58.0154027
            ],
            [
              -3.8443899,
              58.0153674
            ],
            [
              -3.8443952,
              58.0153237
            ],
            [
              -3.8443888,
              58.0152879
            ],
            [
              -3.8443502,
              58.0152555
            ],
            [
              -3.8442998,
              58.0152305
            ],
            [
              -3.8442386,
              58.0152288
            ],
            [
              -3.8441774,
              58.0152413
            ],
            [
              -3.8441206,
              58.0152589
            ],
            [
              -3.8440852,
              58.0152896
            ],
            [
              -3.8440744,
              58.0153271
            ],
            [
              -3.844083,
              58.0153538
            ],
            [
              -3.8441099,
              58.0153868
            ],
            [
              -3.8439446,
              58.0154322
            ],
            [
              -3.8438921,
              58.0153464
            ],
            [
              -3.8438212,
              58.01526
            ],
            [
              -3.8437461,
              58.0151856
            ],
            [
              -3.84367,
              58.0150844
            ],
            [
              -3.8435959,
              58.0149878
            ],
            [
              -3.843715,
              58.0149509
            ],
            [
              -3.8437633,
              58.0149946
            ],
            [
              -3.8438406,
              58.0150157
            ],
            [
              -3.8439082,
              58.0150145
            ],
            [
              -3.8439725,
              58.0150003
            ],
            [
              -3.8440154,
              58.0149679
            ],
            [
              -3.8440079,
              58.0149213
            ],
            [
              -3.8439672,
              58.0148656
            ],
            [
              -3.8439167,
              58.0148224
            ],
            [
              -3.8438631,
              58.0148025
            ],
            [
              -3.8437934,
              58.014806
            ],
            [
              -3.8437515,
              58.014823
            ],
            [
              -3.8437,
              58.0148537
            ],
            [
              -3.8436786,
              58.0148815
            ],
            [
              -3.843685,
              58.0149173
            ],
            [
              -3.8437075,
              58.0149458
            ],
            [
              -3.8435863,
              58.0149821
            ],
            [
              -3.843552,
              58.0149367
            ],
            [
              -3.8435241,
              58.014898
            ],
            [
              -3.8435187,
              58.0148543
            ],
            [
              -3.8435251,
              58.0148258
            ],
            [
              -3.8435691,
              58.0148008
            ],
            [
              -3.8435831,
              58.0147736
            ],
            [
              -3.8435616,
              58.0147128
            ],
            [
              -3.8434908,
              58.0146076
            ],
            [
              -3.8434329,
              58.0145298
            ],
            [
              -3.8433385,
              58.0143905
            ],
            [
              -3.8432977,
              58.0143263
            ],
            [
              -3.8432623,
              58.0142638
            ],
            [
              -3.8432322,
              58.014224
            ],
            [
              -3.8431915,
              58.0141586
            ],
            [
              -3.8431335,
              58.0141268
            ],
            [
              -3.8430777,
              58.0140842
            ],
            [
              -3.8430434,
              58.014037
            ],
            [
              -3.8430177,
              58.0139842
            ],
            [
              -3.8430284,
              58.0139347
            ],
            [
              -3.8430466,
              58.013887
            ],
            [
              -3.8431005,
              58.0138514
            ]
          ]
        ]
      }
    },
    {
      "type": "Feature",
      "properties": {
        "@id": "way/921704305",
        "golf": "hole",
        "par": "4",
        "ref": "17"
      },
      "geometry": {
        "type": "LineString",
        "coordinates": [
          [
            -3.845965,
            58.0171944
          ],
          [
            -3.8439952,
            58.0150644
          ],
          [
            -3.8433,
            58.0139664
          ]
        ]
      }
    },
    {
      "type": "Feature",
      "properties": {
        "@id": "way/921704306",
        "golf": "tee",
        "surface": "grass"
      },
      "geometry": {
        "type": "Polygon",
        "coordinates": [
          [
            [
              -3.8442834,
              58.0136016
            ],
            [
              -3.8441825,
              58.0137045
            ],
            [
              -3.8439175,
              58.0136374
            ],
            [
              -3.8440044,
              58.0135294
            ],
            [
              -3.8442834,
              58.0136016
            ]
          ]
        ]
      }
    },
    {
      "type": "Feature",
      "properties": {
        "@id": "way/921704308",
        "golf": "tee",
        "surface": "grass"
      },
      "geometry": {
        "type": "Polygon",
        "coordinates": [
          [
            [
              -3.8446117,
              58.0131963
            ],
            [
              -3.8445389,
              58.0132695
            ],
            [
              -3.8443985,
              58.0132309
            ],
            [
              -3.8444713,
              58.0131589
            ],
            [
              -3.8446117,
              58.0131963
            ]
          ]
        ]
      }
    },
    {
      "type": "Feature",
      "properties": {
        "@id": "way/921704309",
        "golf": "fairway",
        "surface": "grass"
      },
      "geometry": {
        "type": "Polygon",
        "coordinates": [
          [
            [
              -3.8448412,
              58.0130393
            ],
            [
              -3.8448003,
              58.0130955
            ],
            [
              -3.8447601,
              58.0131314
            ],
            [
              -3.8447115,
              58.0131471
            ],
            [
              -3.8446493,
              58.0131434
            ],
            [
              -3.8445916,
              58.0131225
            ],
            [
              -3.844575,
              58.0130927
            ],
            [
              -3.8445788,
              58.0130525
            ],
            [
              -3.8446364,
              58.0129802
            ],
            [
              -3.8447622,
              58.0128266
            ],
            [
              -3.8448426,
              58.0127181
            ],
            [
              -3.844876,
              58.0126586
            ],
            [
              -3.8449336,
              58.0125823
            ],
            [
              -3.8450201,
              58.0124882
            ],
            [
              -3.8451066,
              58.0124038
            ],
            [
              -3.8451703,
              58.0123283
            ],
            [
              -3.84519,
              58.0122696
            ],
            [
              -3.84519,
              58.0122061
            ],
            [
              -3.8452158,
              58.0121563
            ],
            [
              -3.8452856,
              58.0120976
            ],
            [
              -3.8453691,
              58.0120679
            ],
            [
              -3.8454768,
              58.0120502
            ],
            [
              -3.8455785,
              58.0120486
            ],
            [
              -3.845668,
              58.0120671
            ],
            [
              -3.8457514,
              58.0121024
            ],
            [
              -3.8458015,
              58.0121418
            ],
            [
              -3.8458394,
              58.0121949
            ],
            [
              -3.845844,
              58.012231
            ],
            [
              -3.8457954,
              58.0122833
            ],
            [
              -3.845759,
              58.0123339
            ],
            [
              -3.8456968,
              58.0123741
            ],
            [
              -3.8456073,
              58.0124272
            ],
            [
              -3.8454905,
              58.0125107
            ],
            [
              -3.8452568,
              58.0126868
            ],
            [
              -3.8450656,
              58.0128419
            ],
            [
              -3.8449533,
              58.0129279
            ],
            [
              -3.8448412,
              58.0130393
            ]
          ]
        ]
      }
    },
    {
      "type": "Feature",
      "properties": {
        "@id": "way/921704310",
        "golf": "hole",
        "par": "3",
        "ref": "18"
      },
      "geometry": {
        "type": "LineString",
        "coordinates": [
          [
            -3.8440833,
            58.0136278
          ],
          [
            -3.8455213,
            58.0122032
          ]
        ]
      }
    },
    {
      "type": "Feature",
      "properties": {
        "@id": "way/921704311",
        "golf": "green",
        "surface": "grass"
      },
      "geometry": {
        "type": "Polygon",
        "coordinates": [
          [
            [
              -3.8460342,
              58.011908
            ],
            [
              -3.8460074,
              58.0119495
            ],
            [
              -3.8459645,
              58.0119858
            ],
            [
              -3.8459355,
              58.0119972
            ],
            [
              -3.8458915,
              58.0119961
            ],
            [
              -3.84584,
              58.0119847
            ],
            [
              -3.8458111,
              58.0119705
            ],
            [
              -3.8458046,
              58.0119477
            ],
            [
              -3.845825,
              58.0119142
            ],
            [
              -3.8458551,
              58.0118858
            ],
            [
              -3.8458894,
              58.0118682
            ],
            [
              -3.8459366,
              58.0118631
            ],
            [
              -3.8459774,
              58.0118653
            ],
            [
              -3.8460181,
              58.0118847
            ],
            [
              -3.8460342,
              58.011908
            ]
          ]
        ]
      }
    },
    {
      "type": "Feature",
      "properties": {
        "@id": "way/921711599",
        "golf": "hole",
        "par": "4",
        "ref": "16"
      },
      "geometry": {
        "type": "LineString",
        "coordinates": [
          [
            -3.8479143,
            58.0202114
          ],
          [
            -3.845993,
            58.0183313
          ],
          [
            -3.8460037,
            58.0176709
          ]
        ]
      }
    },
    {
      "type": "Feature",
      "properties": {
        "@id": "way/921729339",
        "golf": "rough",
        "surface": "grass"
      },
      "geometry": {
        "type": "Polygon",
        "coordinates": [
          [
            [
              -3.8416608,
              58.0267619
            ],
            [
              -3.841768,
              58.026843
            ],
            [
              -3.8419441,
              58.0269308
            ],
            [
              -3.8422324,
              58.0269551
            ],
            [
              -3.8424085,
              58.0269673
            ],
            [
              -3.8425488,
              58.0270281
            ],
            [
              -3.842656,
              58.0270403
            ],
            [
              -3.8427402,
              58.0269741
            ],
            [
              -3.8428397,
              58.0269268
            ],
            [
              -3.842952,
              58.0268943
            ],
            [
              -3.8431128,
              58.0268362
            ],
            [
              -3.8431459,
              58.0267403
            ],
            [
              -3.8430847,
              58.0266403
            ],
            [
              -3.8429469,
              58.0265957
            ],
            [
              -3.8427964,
              58.02657
            ],
            [
              -3.8426654,
              58.0265701
            ],
            [
              -3.8425821,
              58.0265741
            ],
            [
              -3.8425349,
              58.0265907
            ],
            [
              -3.8424824,
              58.0266016
            ],
            [
              -3.8424386,
              58.0266052
            ],
            [
              -3.8423894,
              58.026603
            ],
            [
              -3.8423389,
              58.0265729
            ],
            [
              -3.8423135,
              58.0265173
            ],
            [
              -3.8423332,
              58.0264675
            ],
            [
              -3.8424182,
              58.0264265
            ],
            [
              -3.8425244,
              58.0264152
            ],
            [
              -3.8426276,
              58.0264104
            ],
            [
              -3.8426351,
              58.0263839
            ],
            [
              -3.842535,
              58.0263727
            ],
            [
              -3.8424743,
              58.0263486
            ],
            [
              -3.8424713,
              58.0263132
            ],
            [
              -3.8425568,
              58.0262318
            ],
            [
              -3.842516,
              58.0261737
            ],
            [
              -3.8424088,
              58.0261548
            ],
            [
              -3.842169,
              58.0261494
            ],
            [
              -3.8419955,
              58.0261791
            ],
            [
              -3.8419036,
              58.026217
            ],
            [
              -3.8418883,
              58.0262656
            ],
            [
              -3.8419444,
              58.0262899
            ],
            [
              -3.8420439,
              58.0263156
            ],
            [
              -3.842072,
              58.0263399
            ],
            [
              -3.8420618,
              58.0264021
            ],
            [
              -3.8420082,
              58.0264494
            ],
            [
              -3.8414953,
              58.0264926
            ],
            [
              -3.8415285,
              58.0265156
            ],
            [
              -3.8416995,
              58.0265399
            ],
            [
              -3.8418577,
              58.0265899
            ],
            [
              -3.8419597,
              58.0266386
            ],
            [
              -3.84185,
              58.0266791
            ],
            [
              -3.8416586,
              58.0266872
            ],
            [
              -3.8416608,
              58.0267619
            ]
          ]
        ]
      }
    },
    {
      "type": "Feature",
      "properties": {
        "@id": "way/921729340",
        "golf": "tee",
        "surface": "grass"
      },
      "geometry": {
        "type": "Polygon",
        "coordinates": [
          [
            [
              -3.8423176,
              58.0261878
            ],
            [
              -3.8423616,
              58.026193
            ],
            [
              -3.8423874,
              58.0262123
            ],
            [
              -3.8423761,
              58.0262424
            ],
            [
              -3.8423366,
              58.0262549
            ],
            [
              -3.8422433,
              58.0262557
            ],
            [
              -3.8421636,
              58.0262465
            ],
            [
              -3.8421083,
              58.0262316
            ],
            [
              -3.8420825,
              58.0262083
            ],
            [
              -3.8420914,
              58.0261866
            ],
            [
              -3.8421407,
              58.0261727
            ],
            [
              -3.8422289,
              58.0261766
            ],
            [
              -3.8423176,
              58.0261878
            ]
          ]
        ]
      }
    },
    {
      "type": "Feature",
      "properties": {
        "@id": "way/921729341",
        "golf": "rough",
        "surface": "grass"
      },
      "geometry": {
        "type": "Polygon",
        "coordinates": [
          [
            [
              -3.8430112,
              58.0137713
            ],
            [
              -3.8428434,
              58.0138086
            ],
            [
              -3.8427315,
              58.0138574
            ],
            [
              -3.8426395,
              58.0139109
            ],
            [
              -3.8425114,
              58.0139329
            ],
            [
              -3.8423616,
              58.0139004
            ],
            [
              -3.8422912,
              58.013864
            ],
            [
              -3.8421992,
              58.0138411
            ],
            [
              -3.8419971,
              58.0138526
            ],
            [
              -3.841961,
              58.013821
            ],
            [
              -3.8419502,
              58.0137255
            ],
            [
              -3.8419953,
              58.0136433
            ],
            [
              -3.8420404,
              58.0135878
            ],
            [
              -3.8421036,
              58.0135314
            ],
            [
              -3.8422479,
              58.0135008
            ],
            [
              -3.8423345,
              58.0135008
            ],
            [
              -3.8423995,
              58.0135247
            ],
            [
              -3.8424879,
              58.0135419
            ],
            [
              -3.8425601,
              58.0135534
            ],
            [
              -3.8430112,
              58.0137713
            ]
          ]
        ]
      }
    },
    {
      "type": "Feature",
      "properties": {
        "@id": "way/921729342",
        "golf": "rough",
        "surface": "grass"
      },
      "geometry": {
        "type": "Polygon",
        "coordinates": [
          [
            [
              -3.8435041,
              58.0153205
            ],
            [
              -3.8436015,
              58.0153511
            ],
            [
              -3.8436719,
              58.0153845
            ],
            [
              -3.8436791,
              58.0154266
            ],
            [
              -3.8436899,
              58.0154801
            ],
            [
              -3.8436412,
              58.0155269
            ],
            [
              -3.8436322,
              58.0155575
            ],
            [
              -3.8436033,
              58.0155967
            ],
            [
              -3.8434987,
              58.0155976
            ],
            [
              -3.8434157,
              58.0154266
            ],
            [
              -3.8435041,
              58.0153205
            ]
          ]
        ]
      }
    },
    {
      "type": "Feature",
      "properties": {
        "@id": "way/921729343",
        "golf": "rough",
        "surface": "grass"
      },
      "geometry": {
        "type": "Polygon",
        "coordinates": [
          [
            [
              -3.8435786,
              58.0157211
            ],
            [
              -3.8436168,
              58.0157826
            ],
            [
              -3.8435709,
              58.0158576
            ],
            [
              -3.8434612,
              58.0158752
            ],
            [
              -3.8434242,
              58.0158962
            ],
            [
              -3.8434548,
              58.0159536
            ],
            [
              -3.8433846,
              58.0159854
            ],
            [
              -3.8432685,
              58.0159354
            ],
            [
              -3.843257,
              58.0158989
            ],
            [
              -3.8433451,
              58.0158745
            ],
            [
              -3.8433642,
              58.0158529
            ],
            [
              -3.8433349,
              58.0158374
            ],
            [
              -3.8432928,
              58.0158171
            ],
            [
              -3.8433094,
              58.015759
            ],
            [
              -3.8435786,
              58.0157211
            ]
          ]
        ]
      }
    },
    {
      "type": "Feature",
      "properties": {
        "@id": "way/921729344",
        "golf": "rough",
        "surface": "grass"
      },
      "geometry": {
        "type": "Polygon",
        "coordinates": [
          [
            [
              -3.8421679,
              58.0241628
            ],
            [
              -3.8422495,
              58.0242367
            ],
            [
              -3.8423117,
              58.0243003
            ],
            [
              -3.8423267,
              58.0243674
            ],
            [
              -3.8422924,
              58.0244231
            ],
            [
              -3.8421829,
              58.0244503
            ],
            [
              -3.8420649,
              58.0244537
            ],
            [
              -3.8420821,
              58.0241424
            ],
            [
              -3.8421679,
              58.0241628
            ]
          ]
        ]
      }
    },
    {
      "type": "Feature",
      "properties": {
        "@id": "way/921729345",
        "golf": "rough",
        "surface": "grass"
      },
      "geometry": {
        "type": "Polygon",
        "coordinates": [
          [
            [
              -3.8411027,
              58.0250336
            ],
            [
              -3.841339,
              58.025026
            ],
            [
              -3.8415177,
              58.0250193
            ],
            [
              -3.8417089,
              58.0250116
            ],
            [
              -3.8418334,
              58.0250136
            ],
            [
              -3.841967,
              58.0250384
            ],
            [
              -3.8420067,
              58.0250919
            ],
            [
              -3.8420247,
              58.0251703
            ],
            [
              -3.8420626,
              58.0252868
            ],
            [
              -3.8420915,
              58.0253346
            ],
            [
              -3.8420373,
              58.0253843
            ],
            [
              -3.8419778,
              58.0254263
            ],
            [
              -3.8418912,
              58.0255066
            ],
            [
              -3.8419037,
              58.0255732
            ],
            [
              -3.8419458,
              58.0256158
            ],
            [
              -3.842042,
              58.0256702
            ],
            [
              -3.8421364,
              58.0257087
            ],
            [
              -3.8422283,
              58.0257526
            ],
            [
              -3.8423151,
              58.0258033
            ],
            [
              -3.8423891,
              58.0258904
            ],
            [
              -3.8424669,
              58.0259506
            ],
            [
              -3.8425702,
              58.025983
            ],
            [
              -3.842657,
              58.0260148
            ],
            [
              -3.842671,
              58.0260621
            ],
            [
              -3.8426442,
              58.0261121
            ],
            [
              -3.8425639,
              58.0261283
            ],
            [
              -3.842435,
              58.0261235
            ],
            [
              -3.8422946,
              58.0261019
            ],
            [
              -3.8421658,
              58.0260918
            ],
            [
              -3.8420267,
              58.0261107
            ],
            [
              -3.8418915,
              58.0261391
            ],
            [
              -3.8418226,
              58.0261675
            ],
            [
              -3.8417154,
              58.026183
            ],
            [
              -3.8415597,
              58.0261796
            ],
            [
              -3.841399,
              58.0261897
            ],
            [
              -3.8412586,
              58.0261945
            ],
            [
              -3.8410928,
              58.0261688
            ],
            [
              -3.8406278,
              58.0261695
            ],
            [
              -3.8405205,
              58.0261581
            ],
            [
              -3.8404046,
              58.026132
            ],
            [
              -3.8403231,
              58.0260797
            ],
            [
              -3.8403488,
              58.0260342
            ],
            [
              -3.8404776,
              58.0260161
            ],
            [
              -3.8405977,
              58.0259774
            ],
            [
              -3.8406707,
              58.0259388
            ],
            [
              -3.8406535,
              58.025882
            ],
            [
              -3.8407265,
              58.0258184
            ],
            [
              -3.8408209,
              58.0257854
            ],
            [
              -3.8409432,
              58.025724
            ],
            [
              -3.8410312,
              58.0256195
            ],
            [
              -3.8410269,
              58.0255581
            ],
            [
              -3.8410655,
              58.0254979
            ],
            [
              -3.8411621,
              58.0254457
            ],
            [
              -3.8412264,
              58.0253854
            ],
            [
              -3.841235,
              58.0252923
            ],
            [
              -3.8412801,
              58.0252298
            ],
            [
              -3.8413681,
              58.0252059
            ],
            [
              -3.8415011,
              58.0251786
            ],
            [
              -3.8415612,
              58.0251548
            ],
            [
              -3.8415376,
              58.0251275
            ],
            [
              -3.8414002,
              58.0250968
            ],
            [
              -3.8411663,
              58.0250673
            ],
            [
              -3.8411027,
              58.0250336
            ]
          ]
        ]
      }
    },
    {
      "type": "Feature",
      "properties": {
        "@id": "way/921729346",
        "golf": "rough",
        "surface": "grass"
      },
      "geometry": {
        "type": "Polygon",
        "coordinates": [
          [
            [
              -3.8406784,
              58.029313
            ],
            [
              -3.8409635,
              58.0293723
            ],
            [
              -3.8410573,
              58.0293914
            ],
            [
              -3.8412612,
              58.0294229
            ],
            [
              -3.8412865,
              58.0294852
            ],
            [
              -3.8412071,
              58.0295539
            ],
            [
              -3.841111,
              58.029578
            ],
            [
              -3.8409468,
              58.0295656
            ],
            [
              -3.840779,
              58.0295647
            ],
            [
              -3.8406491,
              58.0295895
            ],
            [
              -3.8405679,
              58.0296134
            ],
            [
              -3.8405011,
              58.0295809
            ],
            [
              -3.840521,
              58.0295541
            ],
            [
              -3.840512,
              58.0295236
            ],
            [
              -3.8404452,
              58.029515
            ],
            [
              -3.8404145,
              58.0295389
            ],
            [
              -3.8403857,
              58.0295647
            ],
            [
              -3.8404055,
              58.0295857
            ],
            [
              -3.8404506,
              58.0295924
            ],
            [
              -3.8404813,
              58.0295926
            ],
            [
              -3.8404944,
              58.0295845
            ],
            [
              -3.8405616,
              58.0296162
            ],
            [
              -3.8405013,
              58.0296504
            ],
            [
              -3.8404164,
              58.0296865
            ],
            [
              -3.840383,
              58.0297444
            ],
            [
              -3.8403193,
              58.0298087
            ],
            [
              -3.8402009,
              58.029852
            ],
            [
              -3.8400886,
              58.0298826
            ],
            [
              -3.8399688,
              58.0299059
            ],
            [
              -3.8399157,
              58.0299404
            ],
            [
              -3.8399035,
              58.0299958
            ],
            [
              -3.8399293,
              58.0300609
            ],
            [
              -3.8398975,
              58.0301292
            ],
            [
              -3.8398656,
              58.0301573
            ],
            [
              -3.8394195,
              58.0301115
            ],
            [
              -3.8394271,
              58.0300585
            ],
            [
              -3.8394468,
              58.0299934
            ],
            [
              -3.8394848,
              58.0299364
            ],
            [
              -3.8394939,
              58.0298488
            ],
            [
              -3.8394514,
              58.0297966
            ],
            [
              -3.8394286,
              58.0297556
            ],
            [
              -3.839459,
              58.0297484
            ],
            [
              -3.8394923,
              58.0297829
            ],
            [
              -3.8395454,
              58.0298054
            ],
            [
              -3.8396046,
              58.0298103
            ],
            [
              -3.839641,
              58.0297926
            ],
            [
              -3.839635,
              58.029754
            ],
            [
              -3.839635,
              58.0297042
            ],
            [
              -3.8396562,
              58.0296512
            ],
            [
              -3.8397063,
              58.029615
            ],
            [
              -3.839855,
              58.0294728
            ],
            [
              -3.8399202,
              58.0294262
            ],
            [
              -3.8399612,
              58.0294054
            ],
            [
              -3.8400462,
              58.0293917
            ],
            [
              -3.8401463,
              58.0293716
            ],
            [
              -3.8401721,
              58.0293411
            ],
            [
              -3.8401812,
              58.0293049
            ],
            [
              -3.8402115,
              58.0292664
            ],
            [
              -3.8402586,
              58.0292423
            ],
            [
              -3.8403951,
              58.0292431
            ],
            [
              -3.8405575,
              58.0292873
            ],
            [
              -3.8406784,
              58.029313
            ]
          ]
        ]
      }
    },
    {
      "type": "Feature",
      "properties": {
        "@id": "way/921729347",
        "golf": "rough",
        "surface": "grass"
      },
      "geometry": {
        "type": "Polygon",
        "coordinates": [
          [
            [
              -3.8377343,
              58.0334444
            ],
            [
              -3.8378976,
              58.033339
            ],
            [
              -3.8379895,
              58.033212
            ],
            [
              -3.8381017,
              58.0331094
            ],
            [
              -3.8382395,
              58.0330283
            ],
            [
              -3.8383824,
              58.0329202
            ],
            [
              -3.8384585,
              58.0328581
            ],
            [
              -3.8386019,
              58.0328446
            ],
            [
              -3.8388366,
              58.0329175
            ],
            [
              -3.8390051,
              58.0329824
            ],
            [
              -3.8389387,
              58.0330553
            ],
            [
              -3.8387805,
              58.0331391
            ],
            [
              -3.838607,
              58.0332039
            ],
            [
              -3.8384794,
              58.0333039
            ],
            [
              -3.8382957,
              58.0334336
            ],
            [
              -3.8382344,
              58.0335606
            ],
            [
              -3.8379639,
              58.0335876
            ],
            [
              -3.8377343,
              58.0334444
            ]
          ]
        ]
      }
    },
    {
      "type": "Feature",
      "properties": {
        "@id": "way/921729348",
        "golf": "rough",
        "surface": "grass"
      },
      "geometry": {
        "type": "Polygon",
        "coordinates": [
          [
            [
              -3.8378873,
              58.0339726
            ],
            [
              -3.8377932,
              58.0340465
            ],
            [
              -3.837772,
              58.0341108
            ],
            [
              -3.8377477,
              58.0341927
            ],
            [
              -3.8377204,
              58.0342714
            ],
            [
              -3.8376172,
              58.0342795
            ],
            [
              -3.8375444,
              58.0341943
            ],
            [
              -3.8375292,
              58.0341526
            ],
            [
              -3.8373775,
              58.0340915
            ],
            [
              -3.83725,
              58.0340465
            ],
            [
              -3.837159,
              58.0339935
            ],
            [
              -3.8371165,
              58.0339068
            ],
            [
              -3.8371741,
              58.0338152
            ],
            [
              -3.8372652,
              58.0337365
            ],
            [
              -3.8373562,
              58.0336867
            ],
            [
              -3.8374655,
              58.0336449
            ],
            [
              -3.8376354,
              58.0336465
            ],
            [
              -3.8378205,
              58.0336915
            ],
            [
              -3.8380784,
              58.0337718
            ],
            [
              -3.8380572,
              58.03382
            ],
            [
              -3.8379995,
              58.0338907
            ],
            [
              -3.8378873,
              58.0339726
            ]
          ]
        ]
      }
    },
    {
      "type": "Feature",
      "properties": {
        "@id": "way/921729349",
        "golf": "rough",
        "surface": "grass"
      },
      "geometry": {
        "type": "Polygon",
        "coordinates": [
          [
            [
              -3.8362119,
              58.0350085
            ],
            [
              -3.8362437,
              58.0350913
            ],
            [
              -3.8362756,
              58.0351555
            ],
            [
              -3.8363651,
              58.0351981
            ],
            [
              -3.8364744,
              58.0352407
            ],
            [
              -3.8365957,
              58.0352624
            ],
            [
              -3.8367551,
              58.0352519
            ],
            [
              -3.8367459,
              58.035284
            ],
            [
              -3.8366428,
              58.0352873
            ],
            [
              -3.8365578,
              58.0353049
            ],
            [
              -3.8364637,
              58.0353274
            ],
            [
              -3.8364418,
              58.0353393
            ],
            [
              -3.8364304,
              58.0353764
            ],
            [
              -3.8364501,
              58.0354158
            ],
            [
              -3.8364531,
              58.0354632
            ],
            [
              -3.8364197,
              58.0354993
            ],
            [
              -3.8363196,
              58.0355298
            ],
            [
              -3.8362012,
              58.0355451
            ],
            [
              -3.8360844,
              58.0355515
            ],
            [
              -3.8359797,
              58.0355339
            ],
            [
              -3.8359039,
              58.0354961
            ],
            [
              -3.8358644,
              58.0354543
            ],
            [
              -3.8358538,
              58.0354085
            ],
            [
              -3.8358705,
              58.0353571
            ],
            [
              -3.8359221,
              58.0352985
            ],
            [
              -3.8359797,
              58.0352286
            ],
            [
              -3.8360177,
              58.0351395
            ],
            [
              -3.8360844,
              58.0350326
            ],
            [
              -3.8361284,
              58.0349893
            ],
            [
              -3.8362119,
              58.0350085
            ]
          ]
        ]
      }
    },
    {
      "type": "Feature",
      "properties": {
        "@id": "way/921729350",
        "golf": "rough",
        "surface": "grass"
      },
      "geometry": {
        "type": "Polygon",
        "coordinates": [
          [
            [
              -3.8394022,
              58.0331523
            ],
            [
              -3.8395009,
              58.0330693
            ],
            [
              -3.8395631,
              58.0330171
            ],
            [
              -3.8395803,
              58.0329523
            ],
            [
              -3.8396103,
              58.0328842
            ],
            [
              -3.8397477,
              58.0328274
            ],
            [
              -3.8399536,
              58.0328592
            ],
            [
              -3.8399966,
              58.0329307
            ],
            [
              -3.8399107,
              58.0330318
            ],
            [
              -3.8398635,
              58.0330671
            ],
            [
              -3.83987,
              58.0331148
            ],
            [
              -3.8398356,
              58.0331897
            ],
            [
              -3.8398228,
              58.0332477
            ],
            [
              -3.8396618,
              58.0332897
            ],
            [
              -3.8394515,
              58.0332272
            ],
            [
              -3.8394022,
              58.0331523
            ]
          ]
        ]
      }
    },
    {
      "type": "Feature",
      "properties": {
        "@id": "way/921729351",
        "golf": "rough",
        "surface": "grass"
      },
      "geometry": {
        "type": "Polygon",
        "coordinates": [
          [
            [
              -3.8420651,
              58.0291447
            ],
            [
              -3.8420772,
              58.0291734
            ],
            [
              -3.8420771,
              58.0292061
            ],
            [
              -3.8420597,
              58.0292309
            ],
            [
              -3.8420366,
              58.0292388
            ],
            [
              -3.8420085,
              58.0292406
            ],
            [
              -3.8419375,
              58.029233
            ],
            [
              -3.8418686,
              58.0292393
            ],
            [
              -3.8417487,
              58.029236
            ],
            [
              -3.8416466,
              58.0291812
            ],
            [
              -3.8416071,
              58.0291252
            ],
            [
              -3.8416071,
              58.0290387
            ],
            [
              -3.8416377,
              58.0289441
            ],
            [
              -3.8416492,
              58.0288752
            ],
            [
              -3.8416454,
              58.028834
            ],
            [
              -3.8416836,
              58.0288036
            ],
            [
              -3.8417359,
              58.0288029
            ],
            [
              -3.841778,
              58.0287867
            ],
            [
              -3.8417921,
              58.0287529
            ],
            [
              -3.8417806,
              58.0287029
            ],
            [
              -3.841764,
              58.0286428
            ],
            [
              -3.8417576,
              58.0285719
            ],
            [
              -3.8418048,
              58.0285084
            ],
            [
              -3.8418993,
              58.0284645
            ],
            [
              -3.8420371,
              58.0284516
            ],
            [
              -3.8421902,
              58.0284604
            ],
            [
              -3.8423471,
              58.0284969
            ],
            [
              -3.8425053,
              58.0285225
            ],
            [
              -3.8426469,
              58.028507
            ],
            [
              -3.8428051,
              58.0284719
            ],
            [
              -3.8429225,
              58.0284354
            ],
            [
              -3.8428868,
              58.0284854
            ],
            [
              -3.8428141,
              58.0284874
            ],
            [
              -3.8427426,
              58.0285077
            ],
            [
              -3.8427235,
              58.0285347
            ],
            [
              -3.8427515,
              58.0285536
            ],
            [
              -3.8428128,
              58.0285536
            ],
            [
              -3.8428625,
              58.028532
            ],
            [
              -3.8428753,
              58.028555
            ],
            [
              -3.8427707,
              58.028584
            ],
            [
              -3.8426622,
              58.0286178
            ],
            [
              -3.8426099,
              58.0286523
            ],
            [
              -3.8426201,
              58.0286928
            ],
            [
              -3.8426814,
              58.0287239
            ],
            [
              -3.8427656,
              58.0287543
            ],
            [
              -3.8427439,
              58.0287637
            ],
            [
              -3.842675,
              58.0287421
            ],
            [
              -3.8425729,
              58.0287259
            ],
            [
              -3.8424772,
              58.0287333
            ],
            [
              -3.8423739,
              58.0287576
            ],
            [
              -3.842268,
              58.0287833
            ],
            [
              -3.8421646,
              58.0288137
            ],
            [
              -3.8420983,
              58.0288441
            ],
            [
              -3.8420626,
              58.0288698
            ],
            [
              -3.8420421,
              58.0290988
            ],
            [
              -3.8420651,
              58.0291447
            ]
          ]
        ]
      }
    },
    {
      "type": "Feature",
      "properties": {
        "@id": "way/951710290",
        "source": "Bing",
        "waterway": "river"
      },
      "geometry": {
        "type": "LineString",
        "coordinates": [
          [
            -3.8368468,
            58.0361204
          ],
          [
            -3.836569,
            58.0360074
          ],
          [
            -3.8365707,
            58.0359593
          ],
          [
            -3.8365022,
            58.0358895
          ],
          [
            -3.8363734,
            58.0358339
          ],
          [
            -3.836174,
            58.0357827
          ],
          [
            -3.8360412,
            58.0357734
          ],
          [
            -3.8357832,
            58.0358329
          ],
          [
            -3.8355492,
            58.0358413
          ],
          [
            -3.8351777,
            58.0357041
          ]
        ]
      }
    },
    {
      "type": "Feature",
      "properties": {
        "@id": "way/951710295",
        "golf": "tee",
        "surface": "grass"
      },
      "geometry": {
        "type": "Polygon",
        "coordinates": [
          [
            [
              -3.8419416,
              58.0282597
            ],
            [
              -3.8418134,
              58.0282537
            ],
            [
              -3.8418338,
              58.0281553
            ],
            [
              -3.841959,
              58.0281597
            ],
            [
              -3.8419416,
              58.0282597
            ]
          ]
        ]
      }
    },
    {
      "type": "Feature",
      "properties": {
        "@id": "way/951752144",
        "golf": "bunker",
        "surface": "sand"
      },
      "geometry": {
        "type": "Polygon",
        "coordinates": [
          [
            [
              -3.841843,
              58.0204263
            ],
            [
              -3.8417894,
              58.0204681
            ],
            [
              -3.8416771,
              58.0204587
            ],
            [
              -3.8415955,
              58.0204303
            ],
            [
              -3.8414806,
              58.0204303
            ],
            [
              -3.8414271,
              58.0204222
            ],
            [
              -3.8414449,
              58.0203438
            ],
            [
              -3.8415138,
              58.0202519
            ],
            [
              -3.8416516,
              58.0201992
            ],
            [
              -3.8416082,
              58.0201519
            ],
            [
              -3.8416338,
              58.0201181
            ],
            [
              -3.841792,
              58.0200897
            ],
            [
              -3.8419629,
              58.0200816
            ],
            [
              -3.8420267,
              58.020133
            ],
            [
              -3.8420471,
              58.0201857
            ],
            [
              -3.8420293,
              58.0202641
            ],
            [
              -3.8420676,
              58.0203168
            ],
            [
              -3.8421135,
              58.020356
            ],
            [
              -3.8421951,
              58.0203695
            ],
            [
              -3.8422589,
              58.0203398
            ],
            [
              -3.8422947,
              58.0203019
            ],
            [
              -3.8423329,
              58.020306
            ],
            [
              -3.8423278,
              58.0203465
            ],
            [
              -3.8422972,
              58.0203857
            ],
            [
              -3.8422334,
              58.0203925
            ],
            [
              -3.842042,
              58.0203992
            ],
            [
              -3.8419323,
              58.0204114
            ],
            [
              -3.841843,
              58.0204263
            ]
          ]
        ]
      }
    },
    {
      "type": "Feature",
      "properties": {
        "@id": "way/953086698",
        "name": "Clyne Burn",
        "waterway": "stream"
      },
      "geometry": {
        "type": "LineString",
        "coordinates": [
          [
            -3.8447574,
            58.0251771
          ],
          [
            -3.8445553,
            58.025196
          ],
          [
            -3.8442154,
            58.0252802
          ],
          [
            -3.8440821,
            58.0252954
          ],
          [
            -3.8439406,
            58.0252967
          ],
          [
            -3.8437986,
            58.0252878
          ],
          [
            -3.8436314,
            58.0252699
          ],
          [
            -3.8435114,
            58.0252726
          ],
          [
            -3.8434047,
            58.025282
          ],
          [
            -3.8433344,
            58.0253034
          ],
          [
            -3.8432886,
            58.0253305
          ],
          [
            -3.8432652,
            58.0253786
          ],
          [
            -3.8432936,
            58.0254578
          ],
          [
            -3.8433207,
            58.0255112
          ],
          [
            -3.8433645,
            58.025581
          ],
          [
            -3.8433685,
            58.0256134
          ],
          [
            -3.84332,
            58.0256651
          ],
          [
            -3.8431871,
            58.0257586
          ],
          [
            -3.8430272,
            58.0258207
          ],
          [
            -3.842905,
            58.0258652
          ],
          [
            -3.842844,
            58.0259139
          ],
          [
            -3.8428186,
            58.0259606
          ],
          [
            -3.8427997,
            58.0259755
          ],
          [
            -3.8427511,
            58.0259859
          ],
          [
            -3.8426925,
            58.0259828
          ],
          [
            -3.8425944,
            58.0259634
          ],
          [
            -3.8424756,
            58.0259251
          ],
          [
            -3.842418,
            58.0258767
          ],
          [
            -3.8423659,
            58.025821
          ],
          [
            -3.8423083,
            58.0257522
          ],
          [
            -3.842266,
            58.02573
          ],
          [
            -3.8422058,
            58.025708
          ],
          [
            -3.8421615,
            58.0256862
          ],
          [
            -3.8421371,
            58.025669
          ],
          [
            -3.8421192,
            58.025642
          ],
          [
            -3.8420988,
            58.0256055
          ],
          [
            -3.8420802,
            58.0255784
          ],
          [
            -3.8420726,
            58.0255585
          ],
          [
            -3.8420779,
            58.0255465
          ],
          [
            -3.842117,
            58.025529
          ],
          [
            -3.8421501,
            58.0255106
          ],
          [
            -3.8421884,
            58.0254952
          ],
          [
            -3.8422127,
            58.0254895
          ],
          [
            -3.8422383,
            58.0254945
          ],
          [
            -3.8422501,
            58.0255113
          ],
          [
            -3.8422742,
            58.0255243
          ],
          [
            -3.8423615,
            58.0255384
          ],
          [
            -3.8423956,
            58.0255393
          ],
          [
            -3.8424059,
            58.0255286
          ],
          [
            -3.8423928,
            58.0254665
          ],
          [
            -3.8423761,
            58.0253599
          ],
          [
            -3.8423806,
            58.0253264
          ],
          [
            -3.8424101,
            58.0252473
          ],
          [
            -3.8424083,
            58.025211
          ],
          [
            -3.8423635,
            58.0251904
          ],
          [
            -3.8423263,
            58.0251672
          ],
          [
            -3.8423096,
            58.0251519
          ],
          [
            -3.8422921,
            58.0251274
          ],
          [
            -3.8422865,
            58.0250992
          ],
          [
            -3.8423054,
            58.0250556
          ],
          [
            -3.842378,
            58.0250003
          ],
          [
            -3.8424044,
            58.0249702
          ],
          [
            -3.8424005,
            58.0249396
          ],
          [
            -3.8423369,
            58.0248692
          ],
          [
            -3.8423071,
            58.0248459
          ],
          [
            -3.8422464,
            58.0248192
          ],
          [
            -3.8420973,
            58.0247888
          ],
          [
            -3.8420544,
            58.0248003
          ],
          [
            -3.8419334,
            58.0248412
          ],
          [
            -3.8418281,
            58.0248565
          ],
          [
            -3.8416591,
            58.0248905
          ],
          [
            -3.8414415,
            58.0248942
          ],
          [
            -3.841343,
            58.024915
          ],
          [
            -3.8412977,
            58.0249445
          ],
          [
            -3.8412342,
            58.0249586
          ],
          [
            -3.8411798,
            58.0249616
          ],
          [
            -3.841132,
            58.0249557
          ],
          [
            -3.8410557,
            58.0249555
          ],
          [
            -3.8408997,
            58.0249336
          ],
          [
            -3.8408458,
            58.0249121
          ],
          [
            -3.840835,
            58.0248904
          ],
          [
            -3.8408318,
            58.0248532
          ],
          [
            -3.8408552,
            58.0247944
          ],
          [
            -3.8408793,
            58.0247875
          ],
          [
            -3.8409724,
            58.0247863
          ],
          [
            -3.8410268,
            58.0247784
          ],
          [
            -3.8411049,
            58.0247224
          ],
          [
            -3.841165,
            58.0246709
          ],
          [
            -3.8411658,
            58.0246355
          ],
          [
            -3.8411232,
            58.0245964
          ],
          [
            -3.8410624,
            58.024558
          ],
          [
            -3.8410141,
            58.0245319
          ],
          [
            -3.8409642,
            58.0244713
          ],
          [
            -3.8408989,
            58.0244232
          ],
          [
            -3.8408308,
            58.02439
          ],
          [
            -3.8406027,
            58.0243043
          ],
          [
            -3.8404325,
            58.0243072
          ],
          [
            -3.8402553,
            58.0243206
          ],
          [
            -3.8400868,
            58.0243602
          ],
          [
            -3.8399684,
            58.0243755
          ],
          [
            -3.8399018,
            58.0243569
          ],
          [
            -3.8399162,
            58.0243189
          ],
          [
            -3.839919,
            58.0242808
          ],
          [
            -3.8398589,
            58.0242497
          ],
          [
            -3.8397913,
            58.0242046
          ],
          [
            -3.8397208,
            58.0241533
          ]
        ]
      }
    },
    {
      "type": "Feature",
      "properties": {
        "@id": "way/962593229",
        "golf": "rough",
        "surface": "grass"
      },
      "geometry": {
        "type": "Polygon",
        "coordinates": [
          [
            [
              -3.8442021,
              58.0124044
            ],
            [
              -3.8443221,
              58.0123084
            ],
            [
              -3.8444318,
              58.0121989
            ],
            [
              -3.8445109,
              58.0121259
            ],
            [
              -3.8446581,
              58.0120668
            ],
            [
              -3.8449936,
              58.0121614
            ],
            [
              -3.844912,
              58.0122763
            ],
            [
              -3.8448049,
              58.0123966
            ],
            [
              -3.8446798,
              58.0125318
            ],
            [
              -3.844616,
              58.0126589
            ],
            [
              -3.8445828,
              58.0127548
            ],
            [
              -3.8445293,
              58.0128657
            ],
            [
              -3.8444246,
              58.0130076
            ],
            [
              -3.8443124,
              58.0131225
            ],
            [
              -3.8441465,
              58.0132712
            ],
            [
              -3.8440164,
              58.0133847
            ],
            [
              -3.8438964,
              58.0134929
            ],
            [
              -3.8436999,
              58.0136199
            ],
            [
              -3.8434448,
              58.0136997
            ],
            [
              -3.8432636,
              58.0137267
            ],
            [
              -3.8430112,
              58.0137713
            ],
            [
              -3.8425601,
              58.0135534
            ],
            [
              -3.8427392,
              58.013573
            ],
            [
              -3.8428655,
              58.0135811
            ],
            [
              -3.8429752,
              58.013573
            ],
            [
              -3.8430862,
              58.0135365
            ],
            [
              -3.8432177,
              58.0134412
            ],
            [
              -3.8432743,
              58.013321
            ],
            [
              -3.8433585,
              58.0132399
            ],
            [
              -3.8434963,
              58.0131764
            ],
            [
              -3.8437234,
              58.0131129
            ],
            [
              -3.8440807,
              58.0130223
            ],
            [
              -3.8441215,
              58.0129196
            ],
            [
              -3.8440424,
              58.0128479
            ],
            [
              -3.8440143,
              58.012752
            ],
            [
              -3.8440628,
              58.0125668
            ],
            [
              -3.8442021,
              58.0124044
            ]
          ]
        ]
      }
    },
    {
      "type": "Feature",
      "properties": {
        "@id": "way/997225510",
        "golf": "bunker",
        "surface": "sand"
      },
      "geometry": {
        "type": "Polygon",
        "coordinates": [
          [
            [
              -3.8426295,
              58.0234022
            ],
            [
              -3.8426095,
              58.0234055
            ],
            [
              -3.842591,
              58.0234022
            ],
            [
              -3.8425802,
              58.0233928
            ],
            [
              -3.842581,
              58.0233847
            ],
            [
              -3.8425918,
              58.0233749
            ],
            [
              -3.8426056,
              58.0233712
            ],
            [
              -3.8426233,
              58.02337
            ],
            [
              -3.8426403,
              58.0233753
            ],
            [
              -3.8426472,
              58.023383
            ],
            [
              -3.8426464,
              58.0233924
            ],
            [
              -3.8426387,
              58.0233985
            ],
            [
              -3.8426295,
              58.0234022
            ]
          ]
        ]
      }
    },
    {
      "type": "Feature",
      "properties": {
        "@id": "way/1184787803",
        "golf": "tee"
      },
      "geometry": {
        "type": "Polygon",
        "coordinates": [
          [
            [
              -3.8406018,
              58.0266663
            ],
            [
              -3.8406094,
              58.0266251
            ],
            [
              -3.8403836,
              58.0266156
            ],
            [
              -3.8403721,
              58.0266555
            ],
            [
              -3.8406018,
              58.0266663
            ]
          ]
        ]
      }
    },
    {
      "type": "Feature",
      "properties": {
        "@id": "way/1186641522",
        "golf": "fairway"
      },
      "geometry": {
        "type": "Polygon",
        "coordinates": [
          [
            [
              -3.8435294,
              58.0170729
            ],
            [
              -3.8435709,
              58.0170705
            ],
            [
              -3.8435636,
              58.0170323
            ],
            [
              -3.843524,
              58.0170342
            ],
            [
              -3.8435294,
              58.0170729
            ]
          ]
        ]
      }
    }
  ]
}
