{
  "type": "FeatureCollection",
  "generator": "overpass-turbo",
  "copyright": "The data included in this document is from www.openstreetmap.org. The data is made available under ODbL.",
  "timestamp": "2026-08-06T19:52:51Z",
  "features": [
    {
      "type": "Feature",
      "properties": {
        "@id": "way/39872928",
        "canvec:UUID": "8cf8a0ced6a140f38343972f3455a308",
        "leisure": "golf_course",
        "source": "CanVec_Import_2009",
        "sport": "golf"
      },
      "geometry": {
        "type": "Polygon",
        "coordinates": [
          [
            [
              -80.1882153,
              43.5270099
            ],
            [
              -80.1891489,
              43.5273425
            ],
            [
              -80.1905536,
              43.5283612
            ],
            [
              -80.1910799,
              43.5282183
            ],
            [
              -80.1935973,
              43.5301056
            ],
            [
              -80.193074,
              43.5305032
            ],
            [
              -80.193273,
              43.5306976
            ],
            [
              -80.1942765,
              43.5314402
            ],
            [
              -80.1931692,
              43.5323196
            ],
            [
              -80.1934925,
              43.5324712
            ],
            [
              -80.1946475,
              43.5332514
            ],
            [
              -80.1943208,
              43.533435
            ],
            [
              -80.1941636,
              43.5335059
            ],
            [
              -80.193987,
              43.5335477
            ],
            [
              -80.1923422,
              43.534293
            ],
            [
              -80.1918871,
              43.534714
            ],
            [
              -80.1918631,
              43.5348873
            ],
            [
              -80.1917893,
              43.5348475
            ],
            [
              -80.1916141,
              43.5347
            ],
            [
              -80.1914762,
              43.5345137
            ],
            [
              -80.1914701,
              43.5344292
            ],
            [
              -80.1913956,
              43.5344186
            ],
            [
              -80.1911922,
              43.5345098
            ],
            [
              -80.191099,
              43.5345196
            ],
            [
              -80.1907456,
              43.5342772
            ],
            [
              -80.1893267,
              43.535551
            ],
            [
              -80.1892059,
              43.5355031
            ],
            [
              -80.186398,
              43.5334038
            ],
            [
              -80.1824897,
              43.5304816
            ],
            [
              -80.1831755,
              43.5299642
            ],
            [
              -80.1847211,
              43.5288481
            ],
            [
              -80.1853037,
              43.5282757
            ],
            [
              -80.1865385,
              43.5273522
            ],
            [
              -80.1870914,
              43.5269387
            ],
            [
              -80.1882153,
              43.5270099
            ]
          ]
        ]
      }
    },
    {
      "type": "Feature",
      "properties": {
        "@id": "way/39881009",
        "canvec:UUID": "49d4471b88cf4ac6bad7dc7215dd7227",
        "golf": "water_hazard",
        "natural": "water",
        "source": "CanVec_Import_2009"
      },
      "geometry": {
        "type": "Polygon",
        "coordinates": [
          [
            [
              -80.1897238,
              43.5303373
            ],
            [
              -80.1897373,
              43.5303734
            ],
            [
              -80.1897394,
              43.530394
            ],
            [
              -80.1897311,
              43.5304212
            ],
            [
              -80.1897234,
              43.5304509
            ],
            [
              -80.1896717,
              43.5305021
            ],
            [
              -80.1896235,
              43.5305551
            ],
            [
              -80.1896186,
              43.5305863
            ],
            [
              -80.1896115,
              43.5306112
            ],
            [
              -80.1895881,
              43.5306124
            ],
            [
              -80.1895527,
              43.5306381
            ],
            [
              -80.189585,
              43.5306574
            ],
            [
              -80.1895587,
              43.5306801
            ],
            [
              -80.1895424,
              43.5306963
            ],
            [
              -80.1895038,
              43.5306993
            ],
            [
              -80.1894892,
              43.5306898
            ],
            [
              -80.1894446,
              43.5306868
            ],
            [
              -80.1894071,
              43.5306793
            ],
            [
              -80.1893695,
              43.5306643
            ],
            [
              -80.1893407,
              43.530646
            ],
            [
              -80.1893168,
              43.5306217
            ],
            [
              -80.189299,
              43.5305867
            ],
            [
              -80.189303,
              43.5305599
            ],
            [
              -80.1893306,
              43.5305227
            ],
            [
              -80.1893199,
              43.5304305
            ],
            [
              -80.1893104,
              43.5303451
            ],
            [
              -80.1893603,
              43.5302835
            ],
            [
              -80.1893963,
              43.5302742
            ],
            [
              -80.1894177,
              43.5302696
            ],
            [
              -80.1895301,
              43.5302884
            ],
            [
              -80.1895536,
              43.5302902
            ],
            [
              -80.1895922,
              43.5302835
            ],
            [
              -80.1896319,
              43.5302641
            ],
            [
              -80.189667,
              43.5302449
            ],
            [
              -80.1897021,
              43.5302528
            ],
            [
              -80.1897567,
              43.530248
            ],
            [
              -80.1897238,
              43.5303373
            ]
          ]
        ]
      }
    },
    {
      "type": "Feature",
      "properties": {
        "@id": "way/39882442",
        "canvec:UUID": "c2b2ca80891d407690cf7bd45b63320c",
        "natural": "water",
        "source": "CanVec_Import_2009"
      },
      "geometry": {
        "type": "Polygon",
        "coordinates": [
          [
            [
              -80.1887629,
              43.5326922
            ],
            [
              -80.1887514,
              43.5327305
            ],
            [
              -80.1887214,
              43.5327603
            ],
            [
              -80.1886779,
              43.5327301
            ],
            [
              -80.1886416,
              43.5327128
            ],
            [
              -80.1886049,
              43.5326869
            ],
            [
              -80.1885736,
              43.5326581
            ],
            [
              -80.1885152,
              43.5326514
            ],
            [
              -80.1884954,
              43.5326329
            ],
            [
              -80.1884842,
              43.5326173
            ],
            [
              -80.1884899,
              43.5325862
            ],
            [
              -80.1885111,
              43.5325563
            ],
            [
              -80.1885272,
              43.5325518
            ],
            [
              -80.1885582,
              43.5325527
            ],
            [
              -80.1886107,
              43.5325476
            ],
            [
              -80.1886578,
              43.5325489
            ],
            [
              -80.1887036,
              43.5325725
            ],
            [
              -80.1887481,
              43.5325826
            ],
            [
              -80.1887642,
              43.5326098
            ],
            [
              -80.1887489,
              43.5326437
            ],
            [
              -80.1887629,
              43.5326922
            ]
          ]
        ]
      }
    },
    {
      "type": "Feature",
      "properties": {
        "@id": "way/39883999",
        "canvec:UUID": "725795ff808e4edeafc44353971a4916",
        "natural": "water",
        "source": "CanVec_Import_2009"
      },
      "geometry": {
        "type": "Polygon",
        "coordinates": [
          [
            [
              -80.1918645,
              43.5346168
            ],
            [
              -80.1918871,
              43.534714
            ],
            [
              -80.1918631,
              43.5348873
            ],
            [
              -80.1917893,
              43.5348475
            ],
            [
              -80.1916141,
              43.5347
            ],
            [
              -80.1914762,
              43.5345137
            ],
            [
              -80.1914701,
              43.5344292
            ],
            [
              -80.1915501,
              43.5344296
            ],
            [
              -80.1916252,
              43.5344408
            ],
            [
              -80.1917022,
              43.5345437
            ],
            [
              -80.1918645,
              43.5346168
            ]
          ]
        ]
      }
    },
    {
      "type": "Feature",
      "properties": {
        "@id": "way/39884021",
        "canvec:UUID": "d1c4d55a91e1480ba37744690b76f353",
        "golf": "water_hazard",
        "natural": "water",
        "source": "CanVec_Import_2009"
      },
      "geometry": {
        "type": "Polygon",
        "coordinates": [
          [
            [
              -80.1890484,
              43.5311188
            ],
            [
              -80.1889789,
              43.5314194
            ],
            [
              -80.1889166,
              43.5314646
            ],
            [
              -80.1888604,
              43.5314628
            ],
            [
              -80.1888245,
              43.5314205
            ],
            [
              -80.1888699,
              43.531233
            ],
            [
              -80.188831,
              43.5311885
            ],
            [
              -80.1887946,
              43.5311534
            ],
            [
              -80.188739,
              43.5311143
            ],
            [
              -80.1887546,
              43.5310724
            ],
            [
              -80.1887681,
              43.5310227
            ],
            [
              -80.1888207,
              43.5310137
            ],
            [
              -80.188933,
              43.5311087
            ],
            [
              -80.1890484,
              43.5311188
            ]
          ]
        ]
      }
    },
    {
      "type": "Feature",
      "properties": {
        "@id": "way/39884024",
        "canvec:UUID": "1cee8ac7635f47da9c3d9b15990321b1",
        "golf": "water_hazard",
        "natural": "water",
        "source": "CanVec_Import_2009"
      },
      "geometry": {
        "type": "Polygon",
        "coordinates": [
          [
            [
              -80.1932742,
              43.532635
            ],
            [
              -80.1933148,
              43.5326699
            ],
            [
              -80.1933474,
              43.5327059
            ],
            [
              -80.1933764,
              43.5327561
            ],
            [
              -80.1933788,
              43.5327916
            ],
            [
              -80.1933662,
              43.5328382
            ],
            [
              -80.1933384,
              43.5328846
            ],
            [
              -80.1933031,
              43.5329334
            ],
            [
              -80.1932848,
              43.5329743
            ],
            [
              -80.193272,
              43.5330424
            ],
            [
              -80.1932723,
              43.5331178
            ],
            [
              -80.1932658,
              43.5331627
            ],
            [
              -80.1932476,
              43.5331872
            ],
            [
              -80.1932182,
              43.5332064
            ],
            [
              -80.1931813,
              43.533212
            ],
            [
              -80.193135,
              43.533223
            ],
            [
              -80.1930963,
              43.5332304
            ],
            [
              -80.1930466,
              43.5332407
            ],
            [
              -80.1930085,
              43.5332587
            ],
            [
              -80.1929764,
              43.5332879
            ],
            [
              -80.1929521,
              43.533321
            ],
            [
              -80.1928933,
              43.5333762
            ],
            [
              -80.1928231,
              43.5334159
            ],
            [
              -80.1927255,
              43.5334683
            ],
            [
              -80.192588,
              43.5335368
            ],
            [
              -80.1925166,
              43.53357
            ],
            [
              -80.1924712,
              43.5335764
            ],
            [
              -80.1924248,
              43.5335685
            ],
            [
              -80.1923881,
              43.5335482
            ],
            [
              -80.192359,
              43.5335077
            ],
            [
              -80.1923528,
              43.5334727
            ],
            [
              -80.1923508,
              43.5334201
            ],
            [
              -80.1923917,
              43.5333465
            ],
            [
              -80.1924312,
              43.5332852
            ],
            [
              -80.1925308,
              43.5331803
            ],
            [
              -80.1926017,
              43.5331224
            ],
            [
              -80.1926633,
              43.5330662
            ],
            [
              -80.1927414,
              43.5329226
            ],
            [
              -80.1928907,
              43.532824
            ],
            [
              -80.1929735,
              43.5327463
            ],
            [
              -80.1930498,
              43.532674
            ],
            [
              -80.1931253,
              43.5326203
            ],
            [
              -80.1932026,
              43.5326155
            ],
            [
              -80.1932742,
              43.532635
            ]
          ]
        ]
      }
    },
    {
      "type": "Feature",
      "properties": {
        "@id": "way/39884654",
        "canvec:UUID": "2ff549225bae4ebfbf2e962545df266f",
        "golf": "water_hazard",
        "natural": "water",
        "source": "CanVec_Import_2009"
      },
      "geometry": {
        "type": "Polygon",
        "coordinates": [
          [
            [
              -80.1898712,
              43.5295737
            ],
            [
              -80.1898412,
              43.5296455
            ],
            [
              -80.1898151,
              43.529657
            ],
            [
              -80.1898061,
              43.5296894
            ],
            [
              -80.1898046,
              43.5297254
            ],
            [
              -80.1898232,
              43.5297331
            ],
            [
              -80.1898294,
              43.5297473
            ],
            [
              -80.1898305,
              43.5297824
            ],
            [
              -80.1898301,
              43.5298081
            ],
            [
              -80.1898227,
              43.5298445
            ],
            [
              -80.1898154,
              43.5298676
            ],
            [
              -80.1897907,
              43.529882
            ],
            [
              -80.189742,
              43.5298919
            ],
            [
              -80.1897163,
              43.5298888
            ],
            [
              -80.1896922,
              43.5298776
            ],
            [
              -80.1896661,
              43.5298451
            ],
            [
              -80.189629,
              43.5297843
            ],
            [
              -80.1896224,
              43.5297617
            ],
            [
              -80.189618,
              43.5297467
            ],
            [
              -80.1895955,
              43.5297451
            ],
            [
              -80.1895751,
              43.5297517
            ],
            [
              -80.1895415,
              43.5297505
            ],
            [
              -80.1894749,
              43.5297404
            ],
            [
              -80.1893704,
              43.5297346
            ],
            [
              -80.1893513,
              43.5297148
            ],
            [
              -80.1893372,
              43.5296335
            ],
            [
              -80.1893332,
              43.5296217
            ],
            [
              -80.1893371,
              43.5296048
            ],
            [
              -80.1893538,
              43.5295927
            ],
            [
              -80.1893996,
              43.5295701
            ],
            [
              -80.189454,
              43.529542
            ],
            [
              -80.1895057,
              43.5295392
            ],
            [
              -80.1895502,
              43.529552
            ],
            [
              -80.1895948,
              43.5295481
            ],
            [
              -80.1896089,
              43.5295483
            ],
            [
              -80.1896435,
              43.5295625
            ],
            [
              -80.1897441,
              43.529543
            ],
            [
              -80.1897883,
              43.5295458
            ],
            [
              -80.1898216,
              43.5295494
            ],
            [
              -80.1898311,
              43.5295623
            ],
            [
              -80.1898288,
              43.5295746
            ],
            [
              -80.1898337,
              43.5295874
            ],
            [
              -80.1898453,
              43.5295908
            ],
            [
              -80.1898712,
              43.5295737
            ]
          ]
        ]
      }
    },
    {
      "type": "Feature",
      "properties": {
        "@id": "way/39936249",
        "canvec:UUID": "60c1baf2cea44f9da5fc5f771f5c4fa5",
        "source": "CanVec_Import_2009",
        "waterway": "stream"
      },
      "geometry": {
        "type": "LineString",
        "coordinates": [
          [
            -80.1900145,
            43.5350017
          ],
          [
            -80.1902679,
            43.5350996
          ],
          [
            -80.1907635,
            43.5351399
          ],
          [
            -80.1911155,
            43.5353541
          ],
          [
            -80.1912981,
            43.5355932
          ],
          [
            -80.1914192,
            43.5358307
          ],
          [
            -80.1914137,
            43.5363804
          ],
          [
            -80.1913419,
            43.5366388
          ],
          [
            -80.1913539,
            43.5368304
          ]
        ]
      }
    },
    {
      "type": "Feature",
      "properties": {
        "@id": "way/39936608",
        "canvec:UUID": "5f69d3d628b743b2951d4de5354f5115",
        "source": "CanVec_Import_2009",
        "waterway": "stream"
      },
      "geometry": {
        "type": "LineString",
        "coordinates": [
          [
            -80.1957348,
            43.5333662
          ],
          [
            -80.1956128,
            43.5334196
          ],
          [
            -80.1951246,
            43.5334741
          ],
          [
            -80.194627,
            43.533512
          ],
          [
            -80.1942757,
            43.5335742
          ],
          [
            -80.1937768,
            43.5338649
          ],
          [
            -80.1930264,
            43.5339645
          ],
          [
            -80.1926093,
            43.5341586
          ],
          [
            -80.1924156,
            43.5342917
          ],
          [
            -80.1923807,
            43.5344386
          ],
          [
            -80.1923002,
            43.5345543
          ],
          [
            -80.192158,
            43.5346251
          ],
          [
            -80.1919261,
            43.5346689
          ],
          [
            -80.1918871,
            43.534714
          ]
        ]
      }
    },
    {
      "type": "Feature",
      "properties": {
        "@id": "way/208501982",
        "golf": "water_hazard",
        "natural": "water",
        "source": "Bing"
      },
      "geometry": {
        "type": "Polygon",
        "coordinates": [
          [
            [
              -80.1936438,
              43.5335941
            ],
            [
              -80.1936364,
              43.5335736
            ],
            [
              -80.1936312,
              43.5335564
            ],
            [
              -80.1936372,
              43.5335387
            ],
            [
              -80.1936364,
              43.5335193
            ],
            [
              -80.1935526,
              43.5334391
            ],
            [
              -80.1935263,
              43.5334254
            ],
            [
              -80.1934985,
              43.5334068
            ],
            [
              -80.1934953,
              43.5333756
            ],
            [
              -80.193447,
              43.5333804
            ],
            [
              -80.1934134,
              43.5333933
            ],
            [
              -80.1933948,
              43.5334144
            ],
            [
              -80.1933729,
              43.5334395
            ],
            [
              -80.1933507,
              43.5334618
            ],
            [
              -80.1933228,
              43.5334967
            ],
            [
              -80.1932957,
              43.533537
            ],
            [
              -80.1932893,
              43.5335673
            ],
            [
              -80.1932944,
              43.5335932
            ],
            [
              -80.1933255,
              43.5336144
            ],
            [
              -80.1933492,
              43.5336268
            ],
            [
              -80.1933739,
              43.5336332
            ],
            [
              -80.1933933,
              43.5336334
            ],
            [
              -80.1934314,
              43.5336285
            ],
            [
              -80.193474,
              43.5336183
            ],
            [
              -80.1935268,
              43.5336098
            ],
            [
              -80.1935981,
              43.5336176
            ],
            [
              -80.1936438,
              43.5335941
            ]
          ]
        ]
      }
    },
    {
      "type": "Feature",
      "properties": {
        "@id": "way/208502013",
        "natural": "water",
        "source": "Bing"
      },
      "geometry": {
        "type": "Polygon",
        "coordinates": [
          [
            [
              -80.1876104,
              43.5317963
            ],
            [
              -80.1875936,
              43.5318242
            ],
            [
              -80.1875906,
              43.5318487
            ],
            [
              -80.187594,
              43.531862
            ],
            [
              -80.1876161,
              43.531872
            ],
            [
              -80.187628,
              43.5318862
            ],
            [
              -80.1876535,
              43.5318988
            ],
            [
              -80.1876928,
              43.5319169
            ],
            [
              -80.1877353,
              43.5319135
            ],
            [
              -80.1877703,
              43.5319009
            ],
            [
              -80.1877952,
              43.5319022
            ],
            [
              -80.1878316,
              43.5319164
            ],
            [
              -80.1878571,
              43.5319283
            ],
            [
              -80.1878774,
              43.5319333
            ],
            [
              -80.187894,
              43.5319337
            ],
            [
              -80.1878876,
              43.5319093
            ],
            [
              -80.1879335,
              43.5319055
            ],
            [
              -80.187912,
              43.5318334
            ],
            [
              -80.1878626,
              43.5317546
            ],
            [
              -80.1878062,
              43.5317352
            ],
            [
              -80.187746,
              43.5317426
            ],
            [
              -80.187682,
              43.5317555
            ],
            [
              -80.1876427,
              43.5317792
            ],
            [
              -80.1876104,
              43.5317963
            ]
          ]
        ]
      }
    },
    {
      "type": "Feature",
      "properties": {
        "@id": "way/208502070",
        "source": "Bing",
        "waterway": "stream"
      },
      "geometry": {
        "type": "LineString",
        "coordinates": [
          [
            -80.1887481,
            43.5325826
          ],
          [
            -80.1887789,
            43.5323693
          ],
          [
            -80.1887474,
            43.5322895
          ],
          [
            -80.1886877,
            43.5321811
          ],
          [
            -80.1887277,
            43.5319501
          ]
        ]
      }
    },
    {
      "type": "Feature",
      "properties": {
        "@id": "way/208502071",
        "source": "Bing",
        "waterway": "stream"
      },
      "geometry": {
        "type": "LineString",
        "coordinates": [
          [
            -80.1898712,
            43.5295737
          ],
          [
            -80.1898665,
            43.5292157
          ],
          [
            -80.1900779,
            43.5289333
          ]
        ]
      }
    },
    {
      "type": "Feature",
      "properties": {
        "@id": "way/208502072",
        "source": "Bing",
        "waterway": "stream"
      },
      "geometry": {
        "type": "LineString",
        "coordinates": [
          [
            -80.1897021,
            43.5302528
          ],
          [
            -80.1897112,
            43.5301875
          ],
          [
            -80.1898095,
            43.5300192
          ],
          [
            -80.1898154,
            43.5298676
          ]
        ]
      }
    },
    {
      "type": "Feature",
      "properties": {
        "@id": "way/208502073",
        "layer": "-1",
        "source": "Bing",
        "tunnel": "culvert",
        "waterway": "stream"
      },
      "geometry": {
        "type": "LineString",
        "coordinates": [
          [
            -80.1891219,
            43.5310637
          ],
          [
            -80.1891845,
            43.5310167
          ],
          [
            -80.189209,
            43.5309498
          ],
          [
            -80.1891998,
            43.5308235
          ],
          [
            -80.1892068,
            43.5307625
          ],
          [
            -80.1893375,
            43.5306296
          ]
        ]
      }
    },
    {
      "type": "Feature",
      "properties": {
        "@id": "way/208502078",
        "golf": "water_hazard",
        "natural": "water",
        "source": "Bing"
      },
      "geometry": {
        "type": "Polygon",
        "coordinates": [
          [
            [
              -80.1883938,
              43.5339673
            ],
            [
              -80.1885829,
              43.534177
            ],
            [
              -80.1887165,
              43.5344129
            ],
            [
              -80.1887888,
              43.5344513
            ],
            [
              -80.1888861,
              43.5344412
            ],
            [
              -80.1889919,
              43.5343908
            ],
            [
              -80.1890419,
              43.5342798
            ],
            [
              -80.189028,
              43.5341165
            ],
            [
              -80.1889529,
              43.5339511
            ],
            [
              -80.1888639,
              43.5338785
            ],
            [
              -80.1887053,
              43.5337938
            ],
            [
              -80.1885106,
              43.5337354
            ],
            [
              -80.1884105,
              43.5337313
            ],
            [
              -80.1883187,
              43.5337676
            ],
            [
              -80.1882964,
              43.533814
            ],
            [
              -80.1883076,
              43.5338785
            ],
            [
              -80.1883938,
              43.5339673
            ]
          ]
        ]
      }
    },
    {
      "type": "Feature",
      "properties": {
        "@id": "way/801653460",
        "building": "yes",
        "golf": "clubhouse",
        "source": "microsoft/BuildingFootprints"
      },
      "geometry": {
        "type": "Polygon",
        "coordinates": [
          [
            [
              -80.1912008,
              43.5291648
            ],
            [
              -80.191421,
              43.529331
            ],
            [
              -80.1913721,
              43.5293651
            ],
            [
              -80.1913801,
              43.529403
            ],
            [
              -80.1914751,
              43.5294571
            ],
            [
              -80.1915404,
              43.5294625
            ],
            [
              -80.1916342,
              43.5293969
            ],
            [
              -80.1916231,
              43.5293775
            ],
            [
              -80.1916431,
              43.5293631
            ],
            [
              -80.1916463,
              43.5293318
            ],
            [
              -80.1917039,
              43.5292916
            ],
            [
              -80.1917048,
              43.5292676
            ],
            [
              -80.1916197,
              43.5292025
            ],
            [
              -80.1916602,
              43.5291747
            ],
            [
              -80.1915626,
              43.5291001
            ],
            [
              -80.19158,
              43.5290881
            ],
            [
              -80.1915446,
              43.5290611
            ],
            [
              -80.1915243,
              43.5290752
            ],
            [
              -80.1914787,
              43.5290405
            ],
            [
              -80.1914616,
              43.5290524
            ],
            [
              -80.1914156,
              43.5290176
            ],
            [
              -80.1913793,
              43.5290428
            ],
            [
              -80.1913248,
              43.5290015
            ],
            [
              -80.1912916,
              43.5290246
            ],
            [
              -80.1913446,
              43.5290646
            ],
            [
              -80.1912008,
              43.5291648
            ]
          ]
        ]
      }
    },
    {
      "type": "Feature",
      "properties": {
        "@id": "way/909806966",
        "golf": "tee",
        "landuse": "grass"
      },
      "geometry": {
        "type": "Polygon",
        "coordinates": [
          [
            [
              -80.1913544,
              43.5296385
            ],
            [
              -80.1913695,
              43.5296631
            ],
            [
              -80.1914162,
              43.5296826
            ],
            [
              -80.1914478,
              43.5296876
            ],
            [
              -80.1914886,
              43.5296758
            ],
            [
              -80.1915073,
              43.5296546
            ],
            [
              -80.1915073,
              43.5296335
            ],
            [
              -80.1914734,
              43.5296106
            ],
            [
              -80.1914209,
              43.5295869
            ],
            [
              -80.1914022,
              43.5295827
            ],
            [
              -80.191366,
              43.5296081
            ],
            [
              -80.1913544,
              43.5296385
            ]
          ]
        ]
      }
    },
    {
      "type": "Feature",
      "properties": {
        "@id": "way/909806967",
        "golf": "tee",
        "landuse": "grass"
      },
      "geometry": {
        "type": "Polygon",
        "coordinates": [
          [
            [
              -80.1915556,
              43.5296951
            ],
            [
              -80.1915322,
              43.5297146
            ],
            [
              -80.1915287,
              43.5297349
            ],
            [
              -80.1915275,
              43.5297637
            ],
            [
              -80.1915415,
              43.529784
            ],
            [
              -80.1915731,
              43.5297933
            ],
            [
              -80.1916525,
              43.5297857
            ],
            [
              -80.191701,
              43.5297699
            ],
            [
              -80.1917213,
              43.5297383
            ],
            [
              -80.1917092,
              43.529698
            ],
            [
              -80.1916698,
              43.5296719
            ],
            [
              -80.1916389,
              43.5296649
            ],
            [
              -80.1915894,
              43.529679
            ],
            [
              -80.1915556,
              43.5296951
            ]
          ]
        ]
      }
    },
    {
      "type": "Feature",
      "properties": {
        "@id": "way/909806968",
        "golf": "tee",
        "landuse": "grass"
      },
      "geometry": {
        "type": "Polygon",
        "coordinates": [
          [
            [
              -80.191767,
              43.5298659
            ],
            [
              -80.1918429,
              43.5298947
            ],
            [
              -80.1919118,
              43.5298701
            ],
            [
              -80.1919281,
              43.5298413
            ],
            [
              -80.1919281,
              43.5298151
            ],
            [
              -80.1918989,
              43.5297999
            ],
            [
              -80.1918464,
              43.5297872
            ],
            [
              -80.1917985,
              43.5297872
            ],
            [
              -80.1917553,
              43.5297982
            ],
            [
              -80.1917495,
              43.5298244
            ],
            [
              -80.191767,
              43.5298659
            ]
          ]
        ]
      }
    },
    {
      "type": "Feature",
      "properties": {
        "@id": "way/909806969",
        "golf": "fairway",
        "landuse": "grass"
      },
      "geometry": {
        "type": "Polygon",
        "coordinates": [
          [
            [
              -80.1922407,
              43.5304633
            ],
            [
              -80.1922477,
              43.530482
            ],
            [
              -80.1922606,
              43.5304972
            ],
            [
              -80.1922734,
              43.5305167
            ],
            [
              -80.1923038,
              43.5305514
            ],
            [
              -80.192326,
              43.5305844
            ],
            [
              -80.1923551,
              43.5306199
            ],
            [
              -80.1923937,
              43.5306589
            ],
            [
              -80.1924205,
              43.5306953
            ],
            [
              -80.1924439,
              43.5307257
            ],
            [
              -80.1924952,
              43.530785
            ],
            [
              -80.1925174,
              43.5308188
            ],
            [
              -80.1925595,
              43.5308916
            ],
            [
              -80.192584,
              43.530934
            ],
            [
              -80.1926097,
              43.5310076
            ],
            [
              -80.1926342,
              43.5310609
            ],
            [
              -80.1926482,
              43.5311049
            ],
            [
              -80.192661,
              43.5311286
            ],
            [
              -80.1926739,
              43.531143
            ],
            [
              -80.1926925,
              43.5311659
            ],
            [
              -80.1927287,
              43.5311879
            ],
            [
              -80.1927579,
              43.5312107
            ],
            [
              -80.1927871,
              43.5312353
            ],
            [
              -80.1928268,
              43.53127
            ],
            [
              -80.1928758,
              43.5313267
            ],
            [
              -80.1929015,
              43.531369
            ],
            [
              -80.1929225,
              43.5314071
            ],
            [
              -80.1929389,
              43.531474
            ],
            [
              -80.1929412,
              43.5315205
            ],
            [
              -80.1929249,
              43.5315646
            ],
            [
              -80.1928864,
              43.5316323
            ],
            [
              -80.1928665,
              43.5316619
            ],
            [
              -80.1928443,
              43.5316932
            ],
            [
              -80.1928151,
              43.5317313
            ],
            [
              -80.1927906,
              43.5317635
            ],
            [
              -80.1927626,
              43.5317999
            ],
            [
              -80.1927451,
              43.5318405
            ],
            [
              -80.1927264,
              43.5318947
            ],
            [
              -80.1927182,
              43.5319438
            ],
            [
              -80.1926776,
              43.5320198
            ],
            [
              -80.1926135,
              43.5321242
            ],
            [
              -80.1925517,
              43.5322321
            ],
            [
              -80.1925026,
              43.5323156
            ],
            [
              -80.1924739,
              43.5323957
            ],
            [
              -80.1924431,
              43.5324708
            ],
            [
              -80.1924249,
              43.5325407
            ],
            [
              -80.1923796,
              43.5326179
            ],
            [
              -80.1923465,
              43.5326616
            ],
            [
              -80.1922908,
              43.5327106
            ],
            [
              -80.1922289,
              43.5327615
            ],
            [
              -80.1921901,
              43.5328093
            ],
            [
              -80.1921726,
              43.5328365
            ],
            [
              -80.1921649,
              43.53286
            ],
            [
              -80.1921516,
              43.5328859
            ],
            [
              -80.1921389,
              43.5329063
            ],
            [
              -80.192116,
              43.5329231
            ],
            [
              -80.1920848,
              43.5329291
            ],
            [
              -80.1920479,
              43.5329315
            ],
            [
              -80.1920068,
              43.5329382
            ],
            [
              -80.1919895,
              43.532943
            ],
            [
              -80.1919678,
              43.5329536
            ],
            [
              -80.1919608,
              43.5329577
            ],
            [
              -80.1919385,
              43.532975
            ],
            [
              -80.1919165,
              43.5330042
            ],
            [
              -80.1919179,
              43.5330346
            ],
            [
              -80.191923,
              43.5330532
            ],
            [
              -80.1919437,
              43.5330736
            ],
            [
              -80.1919759,
              43.5330979
            ],
            [
              -80.1920041,
              43.533113
            ],
            [
              -80.1920416,
              43.5331317
            ],
            [
              -80.1920975,
              43.5331393
            ],
            [
              -80.1921582,
              43.5331387
            ],
            [
              -80.1921996,
              43.5331325
            ],
            [
              -80.1922297,
              43.5331195
            ],
            [
              -80.192259,
              43.5330922
            ],
            [
              -80.1922718,
              43.5330643
            ],
            [
              -80.1922649,
              43.5329768
            ],
            [
              -80.1922897,
              43.5329452
            ],
            [
              -80.1924339,
              43.5328675
            ],
            [
              -80.1924949,
              43.5328368
            ],
            [
              -80.1925808,
              43.5327843
            ],
            [
              -80.1927424,
              43.5326793
            ],
            [
              -80.1928242,
              43.5325972
            ],
            [
              -80.1928443,
              43.5325811
            ],
            [
              -80.1928986,
              43.5325082
            ],
            [
              -80.1929422,
              43.5324435
            ],
            [
              -80.1929429,
              43.5323473
            ],
            [
              -80.1929643,
              43.5322437
            ],
            [
              -80.1929677,
              43.5322209
            ],
            [
              -80.1929905,
              43.5321815
            ],
            [
              -80.1930736,
              43.5320697
            ],
            [
              -80.1930911,
              43.5319433
            ],
            [
              -80.1931123,
              43.5318546
            ],
            [
              -80.1931293,
              43.5317809
            ],
            [
              -80.1931454,
              43.5317532
            ],
            [
              -80.1931734,
              43.5317061
            ],
            [
              -80.1932214,
              43.5316347
            ],
            [
              -80.1932733,
              43.5315751
            ],
            [
              -80.1932966,
              43.5315514
            ],
            [
              -80.1933168,
              43.5315227
            ],
            [
              -80.1933419,
              43.5314897
            ],
            [
              -80.1933517,
              43.5314674
            ],
            [
              -80.1933715,
              43.5314222
            ],
            [
              -80.1933766,
              43.531367
            ],
            [
              -80.1933775,
              43.5313257
            ],
            [
              -80.1933672,
              43.5312857
            ],
            [
              -80.1933386,
              43.5312386
            ],
            [
              -80.1932926,
              43.5312063
            ],
            [
              -80.1932643,
              43.5311847
            ],
            [
              -80.193205,
              43.5311282
            ],
            [
              -80.1931582,
              43.5310818
            ],
            [
              -80.1931226,
              43.5310359
            ],
            [
              -80.1930975,
              43.5309883
            ],
            [
              -80.1930736,
              43.5309335
            ],
            [
              -80.1930521,
              43.5308829
            ],
            [
              -80.1930271,
              43.5308432
            ],
            [
              -80.1929921,
              43.5308127
            ],
            [
              -80.1929501,
              43.5307833
            ],
            [
              -80.192905,
              43.5307459
            ],
            [
              -80.1928395,
              43.5306808
            ],
            [
              -80.1927954,
              43.530628
            ],
            [
              -80.1927679,
              43.530592
            ],
            [
              -80.192737,
              43.5305592
            ],
            [
              -80.1927007,
              43.530515
            ],
            [
              -80.1926671,
              43.5304791
            ],
            [
              -80.192614,
              43.530429
            ],
            [
              -80.1925308,
              43.5303649
            ],
            [
              -80.1924839,
              43.5303379
            ],
            [
              -80.1924335,
              43.5303052
            ],
            [
              -80.1923963,
              43.5302956
            ],
            [
              -80.1923485,
              43.5303091
            ],
            [
              -80.1922937,
              43.5303296
            ],
            [
              -80.1922645,
              43.5303488
            ],
            [
              -80.192245,
              43.5303822
            ],
            [
              -80.1922353,
              43.5304188
            ],
            [
              -80.1922335,
              43.5304431
            ],
            [
              -80.1922407,
              43.5304633
            ]
          ]
        ]
      }
    },
    {
      "type": "Feature",
      "properties": {
        "@id": "way/909806970",
        "golf": "bunker",
        "natural": "sand"
      },
      "geometry": {
        "type": "Polygon",
        "coordinates": [
          [
            [
              -80.1927622,
              43.531536
            ],
            [
              -80.1927652,
              43.5315592
            ],
            [
              -80.1927586,
              43.5315666
            ],
            [
              -80.1927449,
              43.5315732
            ],
            [
              -80.1927332,
              43.5315751
            ],
            [
              -80.1927169,
              43.5315725
            ],
            [
              -80.192693,
              43.5315622
            ],
            [
              -80.1926824,
              43.5315574
            ],
            [
              -80.192662,
              43.5315327
            ],
            [
              -80.1926626,
              43.5315143
            ],
            [
              -80.1926631,
              43.5314907
            ],
            [
              -80.1926707,
              43.5314822
            ],
            [
              -80.1926859,
              43.531473
            ],
            [
              -80.1927017,
              43.5314671
            ],
            [
              -80.1927357,
              43.5314653
            ],
            [
              -80.1927642,
              43.5314656
            ],
            [
              -80.1927906,
              43.5314682
            ],
            [
              -80.1928297,
              43.5314737
            ],
            [
              -80.1928582,
              43.5314778
            ],
            [
              -80.1928755,
              43.5314833
            ],
            [
              -80.1928846,
              43.5314899
            ],
            [
              -80.1928928,
              43.5314977
            ],
            [
              -80.1928948,
              43.5315135
            ],
            [
              -80.1928882,
              43.5315257
            ],
            [
              -80.192877,
              43.5315378
            ],
            [
              -80.1928602,
              43.5315493
            ],
            [
              -80.192847,
              43.5315533
            ],
            [
              -80.1928389,
              43.5315537
            ],
            [
              -80.1928282,
              43.53155
            ],
            [
              -80.1928201,
              43.5315404
            ],
            [
              -80.1928109,
              43.5315305
            ],
            [
              -80.1928008,
              43.5315216
            ],
            [
              -80.1927845,
              43.5315183
            ],
            [
              -80.1927703,
              43.5315213
            ],
            [
              -80.1927606,
              43.5315272
            ],
            [
              -80.1927622,
              43.531536
            ]
          ]
        ]
      }
    },
    {
      "type": "Feature",
      "properties": {
        "@id": "way/909806971",
        "golf": "bunker",
        "natural": "sand"
      },
      "geometry": {
        "type": "Polygon",
        "coordinates": [
          [
            [
              -80.1926811,
              43.5314369
            ],
            [
              -80.1927219,
              43.5314229
            ],
            [
              -80.1927316,
              43.5314221
            ],
            [
              -80.1927412,
              43.5314232
            ],
            [
              -80.1927493,
              43.5314257
            ],
            [
              -80.1927562,
              43.531431
            ],
            [
              -80.1927612,
              43.5314355
            ],
            [
              -80.1927682,
              43.531438
            ],
            [
              -80.1927774,
              43.531438
            ],
            [
              -80.1927928,
              43.5314385
            ],
            [
              -80.1928059,
              43.5314363
            ],
            [
              -80.192814,
              43.5314293
            ],
            [
              -80.1928232,
              43.5314201
            ],
            [
              -80.192829,
              43.531412
            ],
            [
              -80.1928271,
              43.5314028
            ],
            [
              -80.1928128,
              43.5313911
            ],
            [
              -80.1928024,
              43.5313827
            ],
            [
              -80.1927843,
              43.5313743
            ],
            [
              -80.1927674,
              43.5313665
            ],
            [
              -80.1927443,
              43.5313618
            ],
            [
              -80.1927196,
              43.5313578
            ],
            [
              -80.1926996,
              43.5313581
            ],
            [
              -80.192685,
              43.5313595
            ],
            [
              -80.1926719,
              43.5313637
            ],
            [
              -80.1926622,
              43.5313701
            ],
            [
              -80.1926545,
              43.5313777
            ],
            [
              -80.1926484,
              43.5313863
            ],
            [
              -80.1926445,
              43.5313983
            ],
            [
              -80.1926449,
              43.531407
            ],
            [
              -80.1926499,
              43.5314156
            ],
            [
              -80.1926534,
              43.5314223
            ],
            [
              -80.1926657,
              43.5314304
            ],
            [
              -80.1926811,
              43.5314369
            ]
          ]
        ]
      }
    },
    {
      "type": "Feature",
      "properties": {
        "@id": "way/909806972",
        "golf": "bunker",
        "natural": "sand"
      },
      "geometry": {
        "type": "Polygon",
        "coordinates": [
          [
            [
              -80.1933015,
              43.5316794
            ],
            [
              -80.1932874,
              43.5316818
            ],
            [
              -80.1932723,
              43.5316806
            ],
            [
              -80.1932636,
              43.5316758
            ],
            [
              -80.1932579,
              43.5316697
            ],
            [
              -80.1932535,
              43.5316675
            ],
            [
              -80.1932499,
              43.5316622
            ],
            [
              -80.1932495,
              43.5316544
            ],
            [
              -80.1932572,
              43.5316354
            ],
            [
              -80.1932656,
              43.5316259
            ],
            [
              -80.193283,
              43.5316116
            ],
            [
              -80.1932961,
              43.5316031
            ],
            [
              -80.1933075,
              43.5315965
            ],
            [
              -80.1933199,
              43.5315905
            ],
            [
              -80.1933317,
              43.5315912
            ],
            [
              -80.1933491,
              43.5315917
            ],
            [
              -80.1933555,
              43.5315941
            ],
            [
              -80.1933625,
              43.531605
            ],
            [
              -80.1933655,
              43.5316162
            ],
            [
              -80.1933625,
              43.5316247
            ],
            [
              -80.1933528,
              43.5316361
            ],
            [
              -80.1933015,
              43.5316794
            ]
          ]
        ]
      }
    },
    {
      "type": "Feature",
      "properties": {
        "@id": "way/909806973",
        "golf": "bunker",
        "natural": "sand"
      },
      "geometry": {
        "type": "Polygon",
        "coordinates": [
          [
            [
              -80.1932393,
              43.5318087
            ],
            [
              -80.1932396,
              43.5318208
            ],
            [
              -80.1932383,
              43.5318308
            ],
            [
              -80.1932279,
              43.5318408
            ],
            [
              -80.1932161,
              43.5318464
            ],
            [
              -80.1932037,
              43.5318442
            ],
            [
              -80.1931903,
              43.5318369
            ],
            [
              -80.1931803,
              43.5318286
            ],
            [
              -80.1931729,
              43.5318172
            ],
            [
              -80.1931722,
              43.5318058
            ],
            [
              -80.1931752,
              43.5317936
            ],
            [
              -80.193185,
              43.5317834
            ],
            [
              -80.193193,
              43.5317732
            ],
            [
              -80.193197,
              43.5317659
            ],
            [
              -80.1932088,
              43.5317569
            ],
            [
              -80.1932228,
              43.531745
            ],
            [
              -80.1932275,
              43.5317411
            ],
            [
              -80.1932366,
              43.5317428
            ],
            [
              -80.1932473,
              43.5317448
            ],
            [
              -80.1932527,
              43.5317465
            ],
            [
              -80.1932604,
              43.5317489
            ],
            [
              -80.1932641,
              43.5317579
            ],
            [
              -80.1932688,
              43.5317666
            ],
            [
              -80.1932668,
              43.5317744
            ],
            [
              -80.1932601,
              43.5317871
            ],
            [
              -80.1932513,
              43.5317941
            ],
            [
              -80.1932426,
              43.5318038
            ],
            [
              -80.1932393,
              43.5318087
            ]
          ]
        ]
      }
    },
    {
      "type": "Feature",
      "properties": {
        "@id": "way/909806978",
        "golf": "bunker",
        "natural": "sand"
      },
      "geometry": {
        "type": "Polygon",
        "coordinates": [
          [
            [
              -80.1923253,
              43.5330297
            ],
            [
              -80.1923213,
              43.533039
            ],
            [
              -80.1923226,
              43.5330468
            ],
            [
              -80.1923273,
              43.5330536
            ],
            [
              -80.1923374,
              43.5330594
            ],
            [
              -80.1923588,
              43.5330628
            ],
            [
              -80.1923763,
              43.533057
            ],
            [
              -80.192387,
              43.5330482
            ],
            [
              -80.1923944,
              43.5330375
            ],
            [
              -80.1923917,
              43.5330103
            ],
            [
              -80.1923796,
              43.5329797
            ],
            [
              -80.1923709,
              43.5329602
            ],
            [
              -80.1923347,
              43.5329515
            ],
            [
              -80.1923139,
              43.5329597
            ],
            [
              -80.1923052,
              43.5329753
            ],
            [
              -80.1923025,
              43.5329904
            ],
            [
              -80.1923146,
              43.5330025
            ],
            [
              -80.1923253,
              43.5330166
            ],
            [
              -80.1923253,
              43.533022
            ],
            [
              -80.1923253,
              43.5330297
            ]
          ]
        ]
      }
    },
    {
      "type": "Feature",
      "properties": {
        "@id": "way/909806979",
        "golf": "bunker",
        "natural": "sand"
      },
      "geometry": {
        "type": "Polygon",
        "coordinates": [
          [
            [
              -80.1920695,
              43.5329063
            ],
            [
              -80.1920801,
              43.532912
            ],
            [
              -80.1920991,
              43.5329117
            ],
            [
              -80.1921141,
              43.5329069
            ],
            [
              -80.1921248,
              43.532895
            ],
            [
              -80.1921274,
              43.5328732
            ],
            [
              -80.1921124,
              43.5328614
            ],
            [
              -80.1920871,
              43.5328581
            ],
            [
              -80.1920761,
              43.5328581
            ],
            [
              -80.1920588,
              43.5328665
            ],
            [
              -80.192054,
              43.5328719
            ],
            [
              -80.1920522,
              43.5328838
            ],
            [
              -80.192054,
              43.5328912
            ],
            [
              -80.1920619,
              43.5328995
            ],
            [
              -80.1920695,
              43.5329063
            ]
          ]
        ]
      }
    },
    {
      "type": "Feature",
      "properties": {
        "@id": "way/909806980",
        "golf": "bunker",
        "natural": "sand"
      },
      "geometry": {
        "type": "Polygon",
        "coordinates": [
          [
            [
              -80.1921328,
              43.5332068
            ],
            [
              -80.1921519,
              43.533211
            ],
            [
              -80.192162,
              43.5332165
            ],
            [
              -80.1921704,
              43.5332222
            ],
            [
              -80.1921824,
              43.5332258
            ],
            [
              -80.1921939,
              43.5332245
            ],
            [
              -80.1922032,
              43.533219
            ],
            [
              -80.1922125,
              43.5332094
            ],
            [
              -80.19222,
              43.5332001
            ],
            [
              -80.1922191,
              43.5331914
            ],
            [
              -80.1922138,
              43.5331796
            ],
            [
              -80.192208,
              43.5331706
            ],
            [
              -80.192189,
              43.5331671
            ],
            [
              -80.1921647,
              43.5331655
            ],
            [
              -80.1921412,
              43.5331648
            ],
            [
              -80.1921196,
              43.5331642
            ],
            [
              -80.1920966,
              43.5331651
            ],
            [
              -80.192082,
              43.533168
            ],
            [
              -80.19207,
              43.5331722
            ],
            [
              -80.1920638,
              43.5331776
            ],
            [
              -80.1920576,
              43.5331847
            ],
            [
              -80.1920572,
              43.5331946
            ],
            [
              -80.1920616,
              43.5332043
            ],
            [
              -80.1920691,
              43.5332123
            ],
            [
              -80.1920828,
              43.5332168
            ],
            [
              -80.1920948,
              43.5332187
            ],
            [
              -80.192116,
              43.5332126
            ],
            [
              -80.1921227,
              43.5332091
            ],
            [
              -80.1921328,
              43.5332068
            ]
          ]
        ]
      }
    },
    {
      "type": "Feature",
      "properties": {
        "@id": "way/909806985",
        "golf": "tee",
        "landuse": "grass"
      },
      "geometry": {
        "type": "Polygon",
        "coordinates": [
          [
            [
              -80.1908264,
              43.5329752
            ],
            [
              -80.1908236,
              43.5329854
            ],
            [
              -80.1908253,
              43.5329957
            ],
            [
              -80.1908314,
              43.5330051
            ],
            [
              -80.1908412,
              43.5330127
            ],
            [
              -80.1908538,
              43.5330176
            ],
            [
              -80.1908679,
              43.5330194
            ],
            [
              -80.1908832,
              43.5330177
            ],
            [
              -80.1908968,
              43.5330123
            ],
            [
              -80.190907,
              43.5330039
            ],
            [
              -80.1909128,
              43.5329935
            ],
            [
              -80.1909134,
              43.5329823
            ],
            [
              -80.1909087,
              43.5329717
            ],
            [
              -80.1908994,
              43.5329627
            ],
            [
              -80.1908865,
              43.5329566
            ],
            [
              -80.1908714,
              43.532954
            ],
            [
              -80.1908572,
              43.532955
            ],
            [
              -80.1908441,
              43.5329592
            ],
            [
              -80.1908335,
              43.5329662
            ],
            [
              -80.1908264,
              43.5329752
            ]
          ]
        ]
      }
    },
    {
      "type": "Feature",
      "properties": {
        "@id": "way/909806986",
        "golf": "fairway",
        "landuse": "grass"
      },
      "geometry": {
        "type": "Polygon",
        "coordinates": [
          [
            [
              -80.1898561,
              43.5330559
            ],
            [
              -80.1900277,
              43.5330444
            ],
            [
              -80.1901693,
              43.5330392
            ],
            [
              -80.1902896,
              43.5330251
            ],
            [
              -80.190387,
              43.5330007
            ],
            [
              -80.1904454,
              43.5329789
            ],
            [
              -80.1904825,
              43.5329366
            ],
            [
              -80.1904896,
              43.5329019
            ],
            [
              -80.1904896,
              43.532866
            ],
            [
              -80.1904701,
              43.5328404
            ],
            [
              -80.1904294,
              43.532816
            ],
            [
              -80.1903781,
              43.5328019
            ],
            [
              -80.1903392,
              43.5327916
            ],
            [
              -80.1902021,
              43.5327946
            ],
            [
              -80.1901109,
              43.5327984
            ],
            [
              -80.1900401,
              43.5328087
            ],
            [
              -80.1899614,
              43.53281
            ],
            [
              -80.1898818,
              43.5328087
            ],
            [
              -80.1897312,
              43.5328022
            ],
            [
              -80.1895555,
              43.5327924
            ],
            [
              -80.1893798,
              43.5327915
            ],
            [
              -80.1892377,
              43.5327827
            ],
            [
              -80.1891532,
              43.5327749
            ],
            [
              -80.1890579,
              43.532771
            ],
            [
              -80.1889882,
              43.5327788
            ],
            [
              -80.1889319,
              43.5327934
            ],
            [
              -80.1888809,
              43.532809
            ],
            [
              -80.1888568,
              43.5328313
            ],
            [
              -80.1888125,
              43.5328867
            ],
            [
              -80.1887964,
              43.5329256
            ],
            [
              -80.188787,
              43.5329558
            ],
            [
              -80.1887951,
              43.5329879
            ],
            [
              -80.1888005,
              43.5330122
            ],
            [
              -80.18883,
              43.5330355
            ],
            [
              -80.1888608,
              43.5330598
            ],
            [
              -80.1889157,
              43.5330857
            ],
            [
              -80.188959,
              43.5330998
            ],
            [
              -80.1889909,
              43.5331075
            ],
            [
              -80.1890209,
              43.5331139
            ],
            [
              -80.1890439,
              43.5331261
            ],
            [
              -80.1890793,
              43.5331313
            ],
            [
              -80.1891333,
              43.533139
            ],
            [
              -80.1891802,
              43.5331505
            ],
            [
              -80.1892448,
              43.5331588
            ],
            [
              -80.1893112,
              43.5331646
            ],
            [
              -80.1893713,
              43.533173
            ],
            [
              -80.1894218,
              43.5331749
            ],
            [
              -80.1894669,
              43.533173
            ],
            [
              -80.1895164,
              43.5331595
            ],
            [
              -80.1895775,
              43.5331473
            ],
            [
              -80.1896412,
              43.5331313
            ],
            [
              -80.1897129,
              43.5331094
            ],
            [
              -80.1897828,
              43.5330851
            ],
            [
              -80.1898561,
              43.5330559
            ]
          ]
        ]
      }
    },
    {
      "type": "Feature",
      "properties": {
        "@id": "way/909806987",
        "intermittent": "yes",
        "waterway": "stream"
      },
      "geometry": {
        "type": "LineString",
        "coordinates": [
          [
            -80.1887214,
            43.5327603
          ],
          [
            -80.1887468,
            43.5328331
          ],
          [
            -80.1887482,
            43.5329119
          ],
          [
            -80.1887361,
            43.5329634
          ],
          [
            -80.1886905,
            43.533046
          ],
          [
            -80.1886516,
            43.5331569
          ],
          [
            -80.188634,
            43.5331931
          ]
        ]
      }
    },
    {
      "type": "Feature",
      "properties": {
        "@id": "way/909806988",
        "golf": "fairway",
        "landuse": "grass"
      },
      "geometry": {
        "type": "Polygon",
        "coordinates": [
          [
            [
              -80.1885729,
              43.5327948
            ],
            [
              -80.1885962,
              43.5328252
            ],
            [
              -80.1886137,
              43.532865
            ],
            [
              -80.1886312,
              43.5329073
            ],
            [
              -80.1886277,
              43.532937
            ],
            [
              -80.1886184,
              43.532981
            ],
            [
              -80.1885845,
              43.5330021
            ],
            [
              -80.1885238,
              43.5330081
            ],
            [
              -80.188469,
              43.5329996
            ],
            [
              -80.1884211,
              43.5329954
            ],
            [
              -80.1883744,
              43.5329886
            ],
            [
              -80.1882973,
              43.5329683
            ],
            [
              -80.1882238,
              43.5329344
            ],
            [
              -80.1881858,
              43.5328967
            ],
            [
              -80.1881409,
              43.5328578
            ],
            [
              -80.1880788,
              43.5328116
            ],
            [
              -80.1880118,
              43.5327635
            ],
            [
              -80.1878947,
              43.532724
            ],
            [
              -80.1877967,
              43.5326907
            ],
            [
              -80.1877325,
              43.5326765
            ],
            [
              -80.1876669,
              43.5326661
            ],
            [
              -80.187556,
              43.5326221
            ],
            [
              -80.1875128,
              43.5326009
            ],
            [
              -80.187423,
              43.5325544
            ],
            [
              -80.1873675,
              43.5325363
            ],
            [
              -80.1873111,
              43.5325215
            ],
            [
              -80.18727,
              43.532506
            ],
            [
              -80.1872317,
              43.5324855
            ],
            [
              -80.1871953,
              43.5324599
            ],
            [
              -80.1871699,
              43.5324272
            ],
            [
              -80.1871513,
              43.5323826
            ],
            [
              -80.1871436,
              43.5323409
            ],
            [
              -80.1871407,
              43.5323141
            ],
            [
              -80.1871573,
              43.5322746
            ],
            [
              -80.1871848,
              43.532253
            ],
            [
              -80.1872231,
              43.5322408
            ],
            [
              -80.1872488,
              43.5322408
            ],
            [
              -80.1872879,
              43.5322421
            ],
            [
              -80.187313,
              43.532243
            ],
            [
              -80.1873665,
              43.5322493
            ],
            [
              -80.1874013,
              43.5322618
            ],
            [
              -80.187442,
              43.5322916
            ],
            [
              -80.187462,
              43.532319
            ],
            [
              -80.1874651,
              43.5323629
            ],
            [
              -80.1874733,
              43.5324148
            ],
            [
              -80.1874854,
              43.5324323
            ],
            [
              -80.1875191,
              43.5324466
            ],
            [
              -80.1875605,
              43.5324491
            ],
            [
              -80.1875895,
              43.532445
            ],
            [
              -80.1876222,
              43.5324277
            ],
            [
              -80.1876644,
              43.532406
            ],
            [
              -80.1877052,
              43.5323856
            ],
            [
              -80.1877373,
              43.5323792
            ],
            [
              -80.1877841,
              43.532375
            ],
            [
              -80.1878185,
              43.532383
            ],
            [
              -80.1878506,
              43.5323849
            ],
            [
              -80.187869,
              43.5323915
            ],
            [
              -80.1878937,
              43.532407
            ],
            [
              -80.1879163,
              43.5324268
            ],
            [
              -80.1879432,
              43.5324525
            ],
            [
              -80.1879631,
              43.532475
            ],
            [
              -80.1879795,
              43.5324907
            ],
            [
              -80.1880406,
              43.5325497
            ],
            [
              -80.1880972,
              43.5325824
            ],
            [
              -80.1881436,
              43.5326071
            ],
            [
              -80.1881928,
              43.5326286
            ],
            [
              -80.1882861,
              43.5326674
            ],
            [
              -80.1883556,
              43.5326931
            ],
            [
              -80.1884073,
              43.5327161
            ],
            [
              -80.1884546,
              43.5327366
            ],
            [
              -80.1885077,
              43.5327552
            ],
            [
              -80.1885405,
              43.5327712
            ],
            [
              -80.1885729,
              43.5327948
            ]
          ]
        ]
      }
    },
    {
      "type": "Feature",
      "properties": {
        "@id": "way/909806989",
        "golf": "bunker",
        "natural": "sand"
      },
      "geometry": {
        "type": "Polygon",
        "coordinates": [
          [
            [
              -80.1875084,
              43.5324176
            ],
            [
              -80.1875134,
              43.5324243
            ],
            [
              -80.1875184,
              43.532427
            ],
            [
              -80.1875284,
              43.5324296
            ],
            [
              -80.1875388,
              43.5324307
            ],
            [
              -80.1875515,
              43.5324304
            ],
            [
              -80.1875577,
              43.5324273
            ],
            [
              -80.1875654,
              43.5324173
            ],
            [
              -80.1875704,
              43.5324083
            ],
            [
              -80.1875727,
              43.532403
            ],
            [
              -80.1875777,
              43.5323972
            ],
            [
              -80.1875831,
              43.5323877
            ],
            [
              -80.187578,
              43.5323698
            ],
            [
              -80.1875735,
              43.5323517
            ],
            [
              -80.1875682,
              43.5323337
            ],
            [
              -80.1875535,
              43.5323219
            ],
            [
              -80.1875333,
              43.5323193
            ],
            [
              -80.18752,
              43.5323272
            ],
            [
              -80.1875081,
              43.5323436
            ],
            [
              -80.187508,
              43.5323586
            ],
            [
              -80.1875061,
              43.5323779
            ],
            [
              -80.1875026,
              43.5323975
            ],
            [
              -80.1875026,
              43.5324114
            ],
            [
              -80.1875084,
              43.5324176
            ]
          ]
        ]
      }
    },
    {
      "type": "Feature",
      "properties": {
        "@id": "way/909806990",
        "golf": "bunker",
        "natural": "sand"
      },
      "geometry": {
        "type": "Polygon",
        "coordinates": [
          [
            [
              -80.1871453,
              43.5325
            ],
            [
              -80.187148,
              43.5325061
            ],
            [
              -80.1871546,
              43.5325122
            ],
            [
              -80.187163,
              43.5325176
            ],
            [
              -80.1871714,
              43.5325215
            ],
            [
              -80.1871803,
              43.5325212
            ],
            [
              -80.1871922,
              43.5325154
            ],
            [
              -80.1872028,
              43.5325099
            ],
            [
              -80.1872112,
              43.5325013
            ],
            [
              -80.1872143,
              43.5324936
            ],
            [
              -80.187205,
              43.5324808
            ],
            [
              -80.18719,
              43.5324708
            ],
            [
              -80.1871825,
              43.5324663
            ],
            [
              -80.1871732,
              43.5324654
            ],
            [
              -80.1871635,
              43.5324679
            ],
            [
              -80.1871546,
              43.5324766
            ],
            [
              -80.1871466,
              43.5324833
            ],
            [
              -80.1871453,
              43.5324917
            ],
            [
              -80.1871453,
              43.5325
            ]
          ]
        ]
      }
    },
    {
      "type": "Feature",
      "properties": {
        "@id": "way/909806991",
        "golf": "bunker",
        "natural": "sand"
      },
      "geometry": {
        "type": "Polygon",
        "coordinates": [
          [
            [
              -80.187071,
              43.5324006
            ],
            [
              -80.1870692,
              43.5324054
            ],
            [
              -80.187067,
              43.5324102
            ],
            [
              -80.1870621,
              43.5324128
            ],
            [
              -80.1870701,
              43.5324234
            ],
            [
              -80.187075,
              43.5324301
            ],
            [
              -80.1870883,
              43.5324346
            ],
            [
              -80.1871006,
              43.5324375
            ],
            [
              -80.1871197,
              43.5324323
            ],
            [
              -80.1871378,
              43.5324272
            ],
            [
              -80.1871422,
              43.5324237
            ],
            [
              -80.1871444,
              43.5324134
            ],
            [
              -80.1871427,
              43.5323971
            ],
            [
              -80.1871409,
              43.5323845
            ],
            [
              -80.1871338,
              43.5323701
            ],
            [
              -80.1871219,
              43.532356
            ],
            [
              -80.1871135,
              43.532347
            ],
            [
              -80.1870967,
              43.5323454
            ],
            [
              -80.1870754,
              43.5323534
            ],
            [
              -80.1870666,
              43.5323573
            ],
            [
              -80.1870639,
              43.532364
            ],
            [
              -80.187067,
              43.532373
            ],
            [
              -80.1870679,
              43.5323813
            ],
            [
              -80.1870706,
              43.532389
            ],
            [
              -80.187071,
              43.5323945
            ],
            [
              -80.187071,
              43.5324006
            ]
          ]
        ]
      }
    },
    {
      "type": "Feature",
      "properties": {
        "@id": "way/909806992",
        "golf": "green",
        "landuse": "grass"
      },
      "geometry": {
        "type": "Polygon",
        "coordinates": [
          [
            [
              -80.1873663,
              43.5324803
            ],
            [
              -80.1873896,
              43.5324723
            ],
            [
              -80.1874054,
              43.5324592
            ],
            [
              -80.1874142,
              43.5324503
            ],
            [
              -80.1874218,
              43.53243
            ],
            [
              -80.1874282,
              43.5324037
            ],
            [
              -80.1874374,
              43.5323619
            ],
            [
              -80.1874304,
              43.5323327
            ],
            [
              -80.1874188,
              43.5323111
            ],
            [
              -80.1873928,
              43.5322949
            ],
            [
              -80.1873639,
              43.5322812
            ],
            [
              -80.1873252,
              43.5322728
            ],
            [
              -80.1872881,
              43.5322639
            ],
            [
              -80.1872455,
              43.5322669
            ],
            [
              -80.1872089,
              43.5322753
            ],
            [
              -80.1871865,
              43.532286
            ],
            [
              -80.1871647,
              43.5323207
            ],
            [
              -80.1871636,
              43.5323453
            ],
            [
              -80.1871647,
              43.5323763
            ],
            [
              -80.1871677,
              43.5323918
            ],
            [
              -80.1871763,
              43.5324102
            ],
            [
              -80.1871875,
              43.532433
            ],
            [
              -80.1871973,
              43.5324458
            ],
            [
              -80.1872089,
              43.5324571
            ],
            [
              -80.1872368,
              43.532471
            ],
            [
              -80.1872571,
              43.5324806
            ],
            [
              -80.1872846,
              43.5324876
            ],
            [
              -80.1873288,
              43.5324898
            ],
            [
              -80.1873663,
              43.5324803
            ]
          ]
        ]
      }
    },
    {
      "type": "Feature",
      "properties": {
        "@id": "way/909811951",
        "golf": "bunker",
        "natural": "sand"
      },
      "geometry": {
        "type": "Polygon",
        "coordinates": [
          [
            [
              -80.1895673,
              43.5334676
            ],
            [
              -80.1895764,
              43.5334831
            ],
            [
              -80.1895897,
              43.5334934
            ],
            [
              -80.18961,
              43.5334927
            ],
            [
              -80.1896283,
              43.5334809
            ],
            [
              -80.1896435,
              43.5334654
            ],
            [
              -80.1896517,
              43.5334426
            ],
            [
              -80.1896445,
              43.5334249
            ],
            [
              -80.1896313,
              43.5334094
            ],
            [
              -80.1895917,
              43.5334072
            ],
            [
              -80.1895744,
              43.5334183
            ],
            [
              -80.1895673,
              43.5334396
            ],
            [
              -80.1895673,
              43.5334544
            ],
            [
              -80.1895673,
              43.5334676
            ]
          ]
        ]
      }
    },
    {
      "type": "Feature",
      "properties": {
        "@id": "way/909811952",
        "golf": "bunker",
        "natural": "sand"
      },
      "geometry": {
        "type": "Polygon",
        "coordinates": [
          [
            [
              -80.1893606,
              43.5334717
            ],
            [
              -80.1893657,
              43.5334864
            ],
            [
              -80.1893809,
              43.5334931
            ],
            [
              -80.1893992,
              43.533496
            ],
            [
              -80.1894134,
              43.5334931
            ],
            [
              -80.1894256,
              43.533482
            ],
            [
              -80.1894399,
              43.5334658
            ],
            [
              -80.1894449,
              43.5334488
            ],
            [
              -80.1894399,
              43.5334341
            ],
            [
              -80.1894205,
              43.5334186
            ],
            [
              -80.1894022,
              43.5334135
            ],
            [
              -80.1893779,
              43.5334105
            ],
            [
              -80.1893575,
              43.5334208
            ],
            [
              -80.1893514,
              43.5334371
            ],
            [
              -80.1893504,
              43.5334518
            ],
            [
              -80.1893606,
              43.5334717
            ]
          ]
        ]
      }
    },
    {
      "type": "Feature",
      "properties": {
        "@id": "way/909811953",
        "golf": "bunker",
        "natural": "sand"
      },
      "geometry": {
        "type": "Polygon",
        "coordinates": [
          [
            [
              -80.1911381,
              43.5333768
            ],
            [
              -80.191152,
              43.5333885
            ],
            [
              -80.1911751,
              43.5333924
            ],
            [
              -80.1911936,
              43.5333913
            ],
            [
              -80.1912113,
              43.5333774
            ],
            [
              -80.1912152,
              43.5333673
            ],
            [
              -80.1912105,
              43.5333545
            ],
            [
              -80.1911998,
              43.5333427
            ],
            [
              -80.1911774,
              43.5333349
            ],
            [
              -80.1911574,
              43.5333388
            ],
            [
              -80.1911404,
              43.5333495
            ],
            [
              -80.1911335,
              43.5333617
            ],
            [
              -80.1911381,
              43.5333768
            ]
          ]
        ]
      }
    },
    {
      "type": "Feature",
      "properties": {
        "@id": "way/909811954",
        "golf": "bunker",
        "natural": "sand"
      },
      "geometry": {
        "type": "Polygon",
        "coordinates": [
          [
            [
              -80.191236,
              43.5333528
            ],
            [
              -80.1912504,
              43.5333579
            ],
            [
              -80.1912714,
              43.5333589
            ],
            [
              -80.1912906,
              43.5333545
            ],
            [
              -80.1913037,
              43.5333422
            ],
            [
              -80.1913022,
              43.5333254
            ],
            [
              -80.1912899,
              43.533312
            ],
            [
              -80.1912699,
              43.5333076
            ],
            [
              -80.1912452,
              43.5333109
            ],
            [
              -80.1912321,
              43.5333187
            ],
            [
              -80.1912236,
              43.5333305
            ],
            [
              -80.1912259,
              43.5333404
            ],
            [
              -80.191236,
              43.5333528
            ]
          ]
        ]
      }
    },
    {
      "type": "Feature",
      "properties": {
        "@id": "way/909811955",
        "golf": "bunker",
        "natural": "sand"
      },
      "geometry": {
        "type": "Polygon",
        "coordinates": [
          [
            [
              -80.1912334,
              43.5335429
            ],
            [
              -80.1912188,
              43.5335686
            ],
            [
              -80.1912257,
              43.5335898
            ],
            [
              -80.1912373,
              43.5336032
            ],
            [
              -80.1912573,
              43.5336066
            ],
            [
              -80.1912765,
              43.5336066
            ],
            [
              -80.1912865,
              43.5335982
            ],
            [
              -80.1912889,
              43.5335865
            ],
            [
              -80.1912989,
              43.5335669
            ],
            [
              -80.1913166,
              43.5335546
            ],
            [
              -80.1913158,
              43.5335368
            ],
            [
              -80.1913027,
              43.5335217
            ],
            [
              -80.1912858,
              43.5335156
            ],
            [
              -80.1912634,
              43.5335195
            ],
            [
              -80.191248,
              43.5335301
            ],
            [
              -80.1912334,
              43.5335429
            ]
          ]
        ]
      }
    },
    {
      "type": "Feature",
      "properties": {
        "@id": "way/909811956",
        "golf": "bunker",
        "natural": "sand"
      },
      "geometry": {
        "type": "Polygon",
        "coordinates": [
          [
            [
              -80.1892022,
              43.5339035
            ],
            [
              -80.1892314,
              43.5339323
            ],
            [
              -80.1892933,
              43.5339314
            ],
            [
              -80.1893271,
              43.5339314
            ],
            [
              -80.1893446,
              43.5339247
            ],
            [
              -80.189361,
              43.5339162
            ],
            [
              -80.1893668,
              43.5338823
            ],
            [
              -80.189361,
              43.5338637
            ],
            [
              -80.1893388,
              43.5338527
            ],
            [
              -80.1893119,
              43.5338485
            ],
            [
              -80.1892699,
              43.5338519
            ],
            [
              -80.1892139,
              43.5338713
            ],
            [
              -80.1892045,
              43.5338866
            ],
            [
              -80.1892022,
              43.5339035
            ]
          ]
        ]
      }
    },
    {
      "type": "Feature",
      "properties": {
        "@id": "way/909811957",
        "golf": "bunker",
        "natural": "sand"
      },
      "geometry": {
        "type": "Polygon",
        "coordinates": [
          [
            [
              -80.1903531,
              43.533946
            ],
            [
              -80.1903963,
              43.5339561
            ],
            [
              -80.1903986,
              43.5339773
            ],
            [
              -80.1904021,
              43.5339891
            ],
            [
              -80.1904185,
              43.5339984
            ],
            [
              -80.1904441,
              43.5339959
            ],
            [
              -80.1904675,
              43.5339798
            ],
            [
              -80.1904733,
              43.5339654
            ],
            [
              -80.1904652,
              43.5339409
            ],
            [
              -80.1904441,
              43.5339351
            ],
            [
              -80.1904053,
              43.5339228
            ],
            [
              -80.1903735,
              43.5339211
            ],
            [
              -80.1903519,
              43.5339298
            ],
            [
              -80.1903531,
              43.533946
            ]
          ]
        ]
      }
    },
    {
      "type": "Feature",
      "properties": {
        "@id": "way/909811958",
        "golf": "tee",
        "landuse": "grass"
      },
      "geometry": {
        "type": "Polygon",
        "coordinates": [
          [
            [
              -80.1870478,
              43.5328609
            ],
            [
              -80.1870856,
              43.5328274
            ],
            [
              -80.1870725,
              43.5327883
            ],
            [
              -80.1870293,
              43.5327705
            ],
            [
              -80.1869777,
              43.5327504
            ],
            [
              -80.1869246,
              43.5327303
            ],
            [
              -80.1868784,
              43.5327353
            ],
            [
              -80.186866,
              43.5327526
            ],
            [
              -80.1868653,
              43.53278
            ],
            [
              -80.1869415,
              43.5328274
            ],
            [
              -80.1869962,
              43.5328453
            ],
            [
              -80.1870478,
              43.5328609
            ]
          ]
        ]
      }
    },
    {
      "type": "Feature",
      "properties": {
        "@id": "way/909811959",
        "golf": "tee",
        "landuse": "grass"
      },
      "geometry": {
        "type": "Polygon",
        "coordinates": [
          [
            [
              -80.1871164,
              43.5328727
            ],
            [
              -80.1871487,
              43.5329045
            ],
            [
              -80.187208,
              43.5329263
            ],
            [
              -80.1872535,
              43.5329419
            ],
            [
              -80.1872874,
              43.5329441
            ],
            [
              -80.187319,
              43.5329302
            ],
            [
              -80.1873313,
              43.5329039
            ],
            [
              -80.1873344,
              43.5328794
            ],
            [
              -80.1873005,
              43.5328559
            ],
            [
              -80.1872527,
              43.5328291
            ],
            [
              -80.1871996,
              43.5328151
            ],
            [
              -80.1871395,
              43.5328163
            ],
            [
              -80.1871141,
              43.5328436
            ],
            [
              -80.1871164,
              43.5328727
            ]
          ]
        ]
      }
    },
    {
      "type": "Feature",
      "properties": {
        "@id": "way/909811960",
        "golf": "tee",
        "landuse": "grass"
      },
      "geometry": {
        "type": "Polygon",
        "coordinates": [
          [
            [
              -80.1874376,
              43.5329955
            ],
            [
              -80.1874437,
              43.5330139
            ],
            [
              -80.1874615,
              43.5330268
            ],
            [
              -80.1874915,
              43.5330374
            ],
            [
              -80.1875362,
              43.5330419
            ],
            [
              -80.1875963,
              43.5330301
            ],
            [
              -80.1876625,
              43.5330145
            ],
            [
              -80.1876995,
              43.532986
            ],
            [
              -80.1877079,
              43.5329486
            ],
            [
              -80.1876787,
              43.5329179
            ],
            [
              -80.1876332,
              43.5328911
            ],
            [
              -80.1875716,
              43.5328911
            ],
            [
              -80.1875084,
              43.532914
            ],
            [
              -80.1874738,
              43.5329347
            ],
            [
              -80.1874468,
              43.5329631
            ],
            [
              -80.1874376,
              43.5329955
            ]
          ]
        ]
      }
    },
    {
      "type": "Feature",
      "properties": {
        "@id": "way/909811961",
        "golf": "tee",
        "landuse": "grass"
      },
      "geometry": {
        "type": "Polygon",
        "coordinates": [
          [
            [
              -80.187882,
              43.5331257
            ],
            [
              -80.1879085,
              43.5331443
            ],
            [
              -80.1879607,
              43.5331289
            ],
            [
              -80.187966,
              43.5331187
            ],
            [
              -80.1879324,
              43.5330776
            ],
            [
              -80.1879032,
              43.5330744
            ],
            [
              -80.1878802,
              43.5330827
            ],
            [
              -80.187866,
              43.5330949
            ],
            [
              -80.1878704,
              43.5331097
            ],
            [
              -80.187882,
              43.5331257
            ]
          ]
        ]
      }
    },
    {
      "type": "Feature",
      "properties": {
        "@id": "way/909811962",
        "golf": "fairway",
        "landuse": "grass"
      },
      "geometry": {
        "type": "Polygon",
        "coordinates": [
          [
            [
              -80.1883712,
              43.5331976
            ],
            [
              -80.1883263,
              43.5332055
            ],
            [
              -80.1882828,
              43.5332226
            ],
            [
              -80.1882553,
              43.5332489
            ],
            [
              -80.188243,
              43.533279
            ],
            [
              -80.1882383,
              43.5333142
            ],
            [
              -80.1882434,
              43.533334
            ],
            [
              -80.1882518,
              43.5333551
            ],
            [
              -80.1882679,
              43.5333728
            ],
            [
              -80.1882934,
              43.5333954
            ],
            [
              -80.1883489,
              43.5334213
            ],
            [
              -80.1884169,
              43.5334529
            ],
            [
              -80.1884844,
              43.5334811
            ],
            [
              -80.1885206,
              43.5334989
            ],
            [
              -80.188589,
              43.5335288
            ],
            [
              -80.1886723,
              43.533571
            ],
            [
              -80.1887648,
              43.533621
            ],
            [
              -80.1888175,
              43.5336515
            ],
            [
              -80.1888975,
              43.5336916
            ],
            [
              -80.1889727,
              43.5337218
            ],
            [
              -80.1890626,
              43.5337544
            ],
            [
              -80.1891221,
              43.5337764
            ],
            [
              -80.1891671,
              43.5337972
            ],
            [
              -80.1892173,
              43.5338126
            ],
            [
              -80.1892677,
              43.5338229
            ],
            [
              -80.1893369,
              43.5338239
            ],
            [
              -80.1894029,
              43.5338256
            ],
            [
              -80.1894676,
              43.5338272
            ],
            [
              -80.189529,
              43.533821
            ],
            [
              -80.1895999,
              43.5338105
            ],
            [
              -80.1896866,
              43.5337891
            ],
            [
              -80.1897686,
              43.5337679
            ],
            [
              -80.1899166,
              43.5337373
            ],
            [
              -80.1900734,
              43.5337121
            ],
            [
              -80.1901776,
              43.5337042
            ],
            [
              -80.1903421,
              43.5336992
            ],
            [
              -80.1904404,
              43.5336985
            ],
            [
              -80.190522,
              43.533694
            ],
            [
              -80.1906719,
              43.5336811
            ],
            [
              -80.1908112,
              43.5336624
            ],
            [
              -80.1909283,
              43.533655
            ],
            [
              -80.191018,
              43.533653
            ],
            [
              -80.1910623,
              43.5336468
            ],
            [
              -80.1911031,
              43.5336348
            ],
            [
              -80.1911426,
              43.5336177
            ],
            [
              -80.1911848,
              43.5335877
            ],
            [
              -80.1912084,
              43.5335516
            ],
            [
              -80.1912341,
              43.5335244
            ],
            [
              -80.1912679,
              43.5335086
            ],
            [
              -80.1912945,
              43.5335027
            ],
            [
              -80.191318,
              43.5335067
            ],
            [
              -80.1913467,
              43.5335184
            ],
            [
              -80.1913896,
              43.5335427
            ],
            [
              -80.1914182,
              43.5335553
            ],
            [
              -80.1914502,
              43.5335643
            ],
            [
              -80.1914843,
              43.5335674
            ],
            [
              -80.1915185,
              43.5335596
            ],
            [
              -80.1915438,
              43.533545
            ],
            [
              -80.1915776,
              43.5335072
            ],
            [
              -80.1915936,
              43.5334572
            ],
            [
              -80.1915887,
              43.5334077
            ],
            [
              -80.1915736,
              43.5333803
            ],
            [
              -80.1915543,
              43.5333557
            ],
            [
              -80.1915203,
              43.5333374
            ],
            [
              -80.1914822,
              43.5333259
            ],
            [
              -80.1914267,
              43.5333219
            ],
            [
              -80.1913679,
              43.5333336
            ],
            [
              -80.1913164,
              43.5333571
            ],
            [
              -80.1912708,
              43.5333884
            ],
            [
              -80.1912296,
              43.5334117
            ],
            [
              -80.1911939,
              43.5334238
            ],
            [
              -80.1911492,
              43.5334268
            ],
            [
              -80.1910887,
              43.5334268
            ],
            [
              -80.1909774,
              43.5334119
            ],
            [
              -80.1908951,
              43.5334101
            ],
            [
              -80.1907944,
              43.5334154
            ],
            [
              -80.1906962,
              43.5334291
            ],
            [
              -80.1906162,
              43.5334334
            ],
            [
              -80.1905086,
              43.5334363
            ],
            [
              -80.1903883,
              43.5334398
            ],
            [
              -80.1902988,
              43.5334536
            ],
            [
              -80.1901895,
              43.5334751
            ],
            [
              -80.1901006,
              43.533489
            ],
            [
              -80.1899924,
              43.5335073
            ],
            [
              -80.1898611,
              43.5335289
            ],
            [
              -80.1897282,
              43.5335469
            ],
            [
              -80.1896573,
              43.5335533
            ],
            [
              -80.1895837,
              43.5335587
            ],
            [
              -80.1895312,
              43.5335566
            ],
            [
              -80.1894725,
              43.5335532
            ],
            [
              -80.1894353,
              43.5335452
            ],
            [
              -80.1894037,
              43.5335373
            ],
            [
              -80.1893427,
              43.5335182
            ],
            [
              -80.1892837,
              43.5334977
            ],
            [
              -80.1891868,
              43.5334599
            ],
            [
              -80.1890989,
              43.5334296
            ],
            [
              -80.1890385,
              43.5334113
            ],
            [
              -80.1889599,
              43.5333888
            ],
            [
              -80.1888983,
              43.5333777
            ],
            [
              -80.1888336,
              43.5333668
            ],
            [
              -80.1887547,
              43.5333516
            ],
            [
              -80.1886936,
              43.5333347
            ],
            [
              -80.188634,
              43.5333133
            ],
            [
              -80.1885561,
              43.5332783
            ],
            [
              -80.1884837,
              43.5332353
            ],
            [
              -80.1884175,
              43.533204
            ],
            [
              -80.1883712,
              43.5331976
            ]
          ]
        ]
      }
    },
    {
      "type": "Feature",
      "properties": {
        "@id": "way/909811964",
        "golf": "green",
        "landuse": "grass"
      },
      "geometry": {
        "type": "Polygon",
        "coordinates": [
          [
            [
              -80.1912992,
              43.5334444
            ],
            [
              -80.1913113,
              43.5334711
            ],
            [
              -80.1913347,
              43.5334931
            ],
            [
              -80.1913628,
              43.5335111
            ],
            [
              -80.1913954,
              43.5335294
            ],
            [
              -80.1914256,
              43.5335368
            ],
            [
              -80.1914596,
              43.5335462
            ],
            [
              -80.1914918,
              43.5335408
            ],
            [
              -80.1915153,
              43.5335293
            ],
            [
              -80.1915378,
              43.5335169
            ],
            [
              -80.1915548,
              43.5335023
            ],
            [
              -80.1915667,
              43.5334861
            ],
            [
              -80.1915764,
              43.533462
            ],
            [
              -80.1915803,
              43.5334319
            ],
            [
              -80.1915787,
              43.5334062
            ],
            [
              -80.1915693,
              43.5333894
            ],
            [
              -80.1915545,
              43.5333727
            ],
            [
              -80.1915327,
              43.5333558
            ],
            [
              -80.1915102,
              43.5333432
            ],
            [
              -80.1914777,
              43.533334
            ],
            [
              -80.191433,
              43.5333334
            ],
            [
              -80.1913939,
              43.5333371
            ],
            [
              -80.1913546,
              43.5333529
            ],
            [
              -80.1913269,
              43.5333658
            ],
            [
              -80.1913075,
              43.533383
            ],
            [
              -80.1913008,
              43.5333956
            ],
            [
              -80.1912924,
              43.5334157
            ],
            [
              -80.1912943,
              43.5334328
            ],
            [
              -80.1912992,
              43.5334444
            ]
          ]
        ]
      }
    },
    {
      "type": "Feature",
      "properties": {
        "@id": "way/909811965",
        "golf": "tee",
        "landuse": "grass"
      },
      "geometry": {
        "type": "Polygon",
        "coordinates": [
          [
            [
              -80.1918536,
              43.5336006
            ],
            [
              -80.1918462,
              43.5336143
            ],
            [
              -80.1918473,
              43.5336384
            ],
            [
              -80.1918694,
              43.5336575
            ],
            [
              -80.1918804,
              43.5336603
            ],
            [
              -80.1919048,
              43.5336647
            ],
            [
              -80.191928,
              43.5336622
            ],
            [
              -80.1919528,
              43.5336516
            ],
            [
              -80.1919715,
              43.5336363
            ],
            [
              -80.1919787,
              43.5336218
            ],
            [
              -80.191979,
              43.5336028
            ],
            [
              -80.1919731,
              43.5335876
            ],
            [
              -80.1919564,
              43.5335707
            ],
            [
              -80.1919335,
              43.5335637
            ],
            [
              -80.1918997,
              43.5335645
            ],
            [
              -80.1918785,
              43.5335754
            ],
            [
              -80.1918672,
              43.5335857
            ],
            [
              -80.1918536,
              43.5336006
            ]
          ]
        ]
      }
    },
    {
      "type": "Feature",
      "properties": {
        "@id": "way/909811966",
        "golf": "tee",
        "landuse": "grass"
      },
      "geometry": {
        "type": "Polygon",
        "coordinates": [
          [
            [
              -80.1920294,
              43.5335633
            ],
            [
              -80.1920426,
              43.5335898
            ],
            [
              -80.1920538,
              43.5336119
            ],
            [
              -80.1920731,
              43.533623
            ],
            [
              -80.1920924,
              43.5336282
            ],
            [
              -80.1921351,
              43.5336252
            ],
            [
              -80.1921569,
              43.5336186
            ],
            [
              -80.1921674,
              43.5336104
            ],
            [
              -80.192176,
              43.5336012
            ],
            [
              -80.1921849,
              43.5335902
            ],
            [
              -80.1921899,
              43.5335753
            ],
            [
              -80.1921904,
              43.5335594
            ],
            [
              -80.1921802,
              43.5335407
            ],
            [
              -80.1921641,
              43.5335283
            ],
            [
              -80.1921318,
              43.5335082
            ],
            [
              -80.1921062,
              43.5335014
            ],
            [
              -80.1920802,
              43.5334999
            ],
            [
              -80.1920538,
              43.5335103
            ],
            [
              -80.1920345,
              43.5335228
            ],
            [
              -80.1920274,
              43.5335449
            ],
            [
              -80.1920294,
              43.5335633
            ]
          ]
        ]
      }
    },
    {
      "type": "Feature",
      "properties": {
        "@id": "way/909811967",
        "golf": "tee",
        "landuse": "grass"
      },
      "geometry": {
        "type": "Polygon",
        "coordinates": [
          [
            [
              -80.1923301,
              43.5336881
            ],
            [
              -80.1923401,
              43.5337004
            ],
            [
              -80.1923544,
              43.5337084
            ],
            [
              -80.192373,
              43.5337141
            ],
            [
              -80.1923912,
              43.5337135
            ],
            [
              -80.1924162,
              43.5337067
            ],
            [
              -80.1924357,
              43.5337016
            ],
            [
              -80.1924503,
              43.533688
            ],
            [
              -80.1924548,
              43.5336745
            ],
            [
              -80.1924548,
              43.5336592
            ],
            [
              -80.1924511,
              43.5336481
            ],
            [
              -80.1924416,
              43.5336381
            ],
            [
              -80.1924191,
              43.533632
            ],
            [
              -80.1923937,
              43.5336316
            ],
            [
              -80.192368,
              43.5336378
            ],
            [
              -80.1923416,
              43.5336511
            ],
            [
              -80.1923254,
              43.5336732
            ],
            [
              -80.1923301,
              43.5336881
            ]
          ]
        ]
      }
    },
    {
      "type": "Feature",
      "properties": {
        "@id": "way/909811968",
        "golf": "fairway",
        "landuse": "grass"
      },
      "geometry": {
        "type": "Polygon",
        "coordinates": [
          [
            [
              -80.1936301,
              43.533115
            ],
            [
              -80.1935675,
              43.5331578
            ],
            [
              -80.1935001,
              43.5332012
            ],
            [
              -80.1934522,
              43.5332217
            ],
            [
              -80.1934124,
              43.5332369
            ],
            [
              -80.1933777,
              43.5332579
            ],
            [
              -80.1933464,
              43.533273
            ],
            [
              -80.1933242,
              43.533281
            ],
            [
              -80.193299,
              43.5332833
            ],
            [
              -80.1932699,
              43.5332713
            ],
            [
              -80.1932629,
              43.5332608
            ],
            [
              -80.1932617,
              43.5332424
            ],
            [
              -80.193272,
              43.5332295
            ],
            [
              -80.193291,
              43.5332077
            ],
            [
              -80.1933131,
              43.5331803
            ],
            [
              -80.193327,
              43.5331446
            ],
            [
              -80.1933387,
              43.533118
            ],
            [
              -80.1933477,
              43.5330578
            ],
            [
              -80.1933529,
              43.532994
            ],
            [
              -80.1933673,
              43.5329611
            ],
            [
              -80.1933896,
              43.532924
            ],
            [
              -80.1934383,
              43.5329037
            ],
            [
              -80.1934611,
              43.5328967
            ],
            [
              -80.1934925,
              43.5328934
            ],
            [
              -80.1935336,
              43.5329011
            ],
            [
              -80.1935615,
              43.5329141
            ],
            [
              -80.1935862,
              43.5329439
            ],
            [
              -80.1936294,
              43.5329692
            ],
            [
              -80.1936721,
              43.5329842
            ],
            [
              -80.1936996,
              43.5330104
            ],
            [
              -80.1937009,
              43.5330369
            ],
            [
              -80.1936859,
              43.5330681
            ],
            [
              -80.1936662,
              43.5330896
            ],
            [
              -80.1936301,
              43.533115
            ]
          ]
        ]
      }
    },
    {
      "type": "Feature",
      "properties": {
        "@id": "way/909811969",
        "golf": "green",
        "landuse": "grass"
      },
      "geometry": {
        "type": "Polygon",
        "coordinates": [
          [
            [
              -80.1935977,
              43.5331192
            ],
            [
              -80.1936299,
              43.5330929
            ],
            [
              -80.1936503,
              43.5330738
            ],
            [
              -80.1936617,
              43.5330552
            ],
            [
              -80.1936619,
              43.5330366
            ],
            [
              -80.1936532,
              43.533015
            ],
            [
              -80.1936261,
              43.5329862
            ],
            [
              -80.1935924,
              43.5329637
            ],
            [
              -80.1935558,
              43.5329436
            ],
            [
              -80.193513,
              43.5329308
            ],
            [
              -80.1934801,
              43.5329276
            ],
            [
              -80.1934512,
              43.5329312
            ],
            [
              -80.1934174,
              43.5329488
            ],
            [
              -80.1934015,
              43.5329694
            ],
            [
              -80.1933916,
              43.5329882
            ],
            [
              -80.1933826,
              43.5330142
            ],
            [
              -80.1933889,
              43.5330811
            ],
            [
              -80.1934089,
              43.5331201
            ],
            [
              -80.1934504,
              43.5331478
            ],
            [
              -80.1934897,
              43.5331559
            ],
            [
              -80.1935256,
              43.5331529
            ],
            [
              -80.193558,
              43.5331415
            ],
            [
              -80.1935977,
              43.5331192
            ]
          ]
        ]
      }
    },
    {
      "type": "Feature",
      "properties": {
        "@id": "way/909811970",
        "golf": "bunker",
        "natural": "sand"
      },
      "geometry": {
        "type": "Polygon",
        "coordinates": [
          [
            [
              -80.1936549,
              43.5331228
            ],
            [
              -80.193641,
              43.5331228
            ],
            [
              -80.1936264,
              43.5331301
            ],
            [
              -80.1936125,
              43.533144
            ],
            [
              -80.1936041,
              43.5331535
            ],
            [
              -80.1936025,
              43.5331641
            ],
            [
              -80.193611,
              43.5331731
            ],
            [
              -80.1936218,
              43.5331775
            ],
            [
              -80.193641,
              43.5331787
            ],
            [
              -80.1936572,
              43.533177
            ],
            [
              -80.1936672,
              43.5331697
            ],
            [
              -80.1936726,
              43.5331591
            ],
            [
              -80.1936719,
              43.5331496
            ],
            [
              -80.1936634,
              43.5331334
            ],
            [
              -80.1936549,
              43.5331228
            ]
          ]
        ]
      }
    },
    {
      "type": "Feature",
      "properties": {
        "@id": "way/909811971",
        "golf": "bunker",
        "natural": "sand"
      },
      "geometry": {
        "type": "Polygon",
        "coordinates": [
          [
            [
              -80.1936123,
              43.5329444
            ],
            [
              -80.1936211,
              43.5329499
            ],
            [
              -80.1936298,
              43.5329516
            ],
            [
              -80.1936421,
              43.5329487
            ],
            [
              -80.1936508,
              43.5329419
            ],
            [
              -80.1936572,
              43.5329334
            ],
            [
              -80.1936619,
              43.5329241
            ],
            [
              -80.1936608,
              43.532919
            ],
            [
              -80.1936543,
              43.5329093
            ],
            [
              -80.1936485,
              43.532903
            ],
            [
              -80.1936333,
              43.5328975
            ],
            [
              -80.1936193,
              43.5328953
            ],
            [
              -80.1936053,
              43.5329
            ],
            [
              -80.1935971,
              43.5329063
            ],
            [
              -80.1935901,
              43.5329135
            ],
            [
              -80.1935907,
              43.5329224
            ],
            [
              -80.1936012,
              43.532933
            ],
            [
              -80.1936053,
              43.5329385
            ],
            [
              -80.1936123,
              43.5329444
            ]
          ]
        ]
      }
    },
    {
      "type": "Feature",
      "properties": {
        "@id": "way/909811972",
        "golf": "tee",
        "landuse": "grass"
      },
      "geometry": {
        "type": "Polygon",
        "coordinates": [
          [
            [
              -80.1943222,
              43.5333316
            ],
            [
              -80.1943591,
              43.5333159
            ],
            [
              -80.1943961,
              43.5332941
            ],
            [
              -80.1944231,
              43.5332763
            ],
            [
              -80.1944339,
              43.5332673
            ],
            [
              -80.1944369,
              43.5332506
            ],
            [
              -80.1944277,
              43.5332372
            ],
            [
              -80.1944,
              43.5332322
            ],
            [
              -80.1943707,
              43.5332344
            ],
            [
              -80.1943368,
              43.5332517
            ],
            [
              -80.1943083,
              43.5332724
            ],
            [
              -80.194286,
              43.5332863
            ],
            [
              -80.1942844,
              43.5333159
            ],
            [
              -80.1942975,
              43.5333276
            ],
            [
              -80.1943222,
              43.5333316
            ]
          ]
        ]
      }
    },
    {
      "type": "Feature",
      "properties": {
        "@id": "way/909811973",
        "golf": "tee",
        "landuse": "grass"
      },
      "geometry": {
        "type": "Polygon",
        "coordinates": [
          [
            [
              -80.1939031,
              43.5335197
            ],
            [
              -80.1939501,
              43.5335079
            ],
            [
              -80.1939792,
              43.5334941
            ],
            [
              -80.1940216,
              43.5334739
            ],
            [
              -80.1940525,
              43.5334553
            ],
            [
              -80.1940811,
              43.5334376
            ],
            [
              -80.1940928,
              43.5334204
            ],
            [
              -80.1940897,
              43.5333961
            ],
            [
              -80.1940811,
              43.5333802
            ],
            [
              -80.1940474,
              43.5333685
            ],
            [
              -80.1940249,
              43.5333721
            ],
            [
              -80.1939039,
              43.5334326
            ],
            [
              -80.1938669,
              43.5334588
            ],
            [
              -80.1938546,
              43.5334717
            ],
            [
              -80.1938469,
              43.5334895
            ],
            [
              -80.1938539,
              43.5335057
            ],
            [
              -80.1938693,
              43.5335146
            ],
            [
              -80.1939031,
              43.5335197
            ]
          ]
        ]
      }
    },
    {
      "type": "Feature",
      "properties": {
        "@id": "way/909813647",
        "golf": "fairway",
        "landuse": "grass"
      },
      "geometry": {
        "type": "Polygon",
        "coordinates": [
          [
            [
              -80.1927455,
              43.5339677
            ],
            [
              -80.1928273,
              43.5339402
            ],
            [
              -80.1928935,
              43.5339127
            ],
            [
              -80.1929467,
              43.5338918
            ],
            [
              -80.1929879,
              43.53387
            ],
            [
              -80.1930465,
              43.5338178
            ],
            [
              -80.1930501,
              43.533796
            ],
            [
              -80.1930497,
              43.5337795
            ],
            [
              -80.1930433,
              43.5337626
            ],
            [
              -80.1930239,
              43.5337407
            ],
            [
              -80.1929994,
              43.5337267
            ],
            [
              -80.1929622,
              43.5337221
            ],
            [
              -80.1929261,
              43.5337222
            ],
            [
              -80.1928864,
              43.5337353
            ],
            [
              -80.1927898,
              43.5337771
            ],
            [
              -80.1927262,
              43.5338077
            ],
            [
              -80.1926114,
              43.5338519
            ],
            [
              -80.1924646,
              43.5339024
            ],
            [
              -80.1923529,
              43.5339423
            ],
            [
              -80.1922442,
              43.53397
            ],
            [
              -80.1921842,
              43.5339796
            ],
            [
              -80.1921252,
              43.5339822
            ],
            [
              -80.1920579,
              43.5339816
            ],
            [
              -80.1919314,
              43.5340002
            ],
            [
              -80.1918451,
              43.5340243
            ],
            [
              -80.1917668,
              43.5340517
            ],
            [
              -80.1917264,
              43.5340654
            ],
            [
              -80.1916695,
              43.5340682
            ],
            [
              -80.1916178,
              43.5340641
            ],
            [
              -80.1915294,
              43.5340509
            ],
            [
              -80.1914299,
              43.5340281
            ],
            [
              -80.1912418,
              43.5339755
            ],
            [
              -80.1911074,
              43.5339367
            ],
            [
              -80.1910047,
              43.5339146
            ],
            [
              -80.1909288,
              43.5339072
            ],
            [
              -80.1908363,
              43.5338996
            ],
            [
              -80.1907374,
              43.5338919
            ],
            [
              -80.1906942,
              43.5338965
            ],
            [
              -80.1906524,
              43.5339077
            ],
            [
              -80.1906069,
              43.5339402
            ],
            [
              -80.1905636,
              43.5339689
            ],
            [
              -80.1905227,
              43.5339923
            ],
            [
              -80.1904835,
              43.534008
            ],
            [
              -80.1904327,
              43.5340166
            ],
            [
              -80.1903958,
              43.5340156
            ],
            [
              -80.1903589,
              43.5340007
            ],
            [
              -80.190327,
              43.5339814
            ],
            [
              -80.1902872,
              43.5339614
            ],
            [
              -80.190247,
              43.5339523
            ],
            [
              -80.190205,
              43.5339523
            ],
            [
              -80.1901573,
              43.5339648
            ],
            [
              -80.1901206,
              43.533984
            ],
            [
              -80.190089,
              43.5340062
            ],
            [
              -80.1900702,
              43.5340354
            ],
            [
              -80.1900669,
              43.534069
            ],
            [
              -80.1900746,
              43.5340942
            ],
            [
              -80.1900864,
              43.5341126
            ],
            [
              -80.1901075,
              43.5341345
            ],
            [
              -80.1901383,
              43.5341508
            ],
            [
              -80.1901706,
              43.5341614
            ],
            [
              -80.1902076,
              43.5341672
            ],
            [
              -80.1902501,
              43.5341687
            ],
            [
              -80.1903007,
              43.5341639
            ],
            [
              -80.1903547,
              43.5341544
            ],
            [
              -80.1904064,
              43.5341413
            ],
            [
              -80.1904631,
              43.5341257
            ],
            [
              -80.1905249,
              43.5341161
            ],
            [
              -80.1905999,
              43.5341079
            ],
            [
              -80.1906696,
              43.5341088
            ],
            [
              -80.1907567,
              43.5341013
            ],
            [
              -80.1908504,
              43.5341193
            ],
            [
              -80.1909212,
              43.5341359
            ],
            [
              -80.191015,
              43.5341552
            ],
            [
              -80.1911371,
              43.5341706
            ],
            [
              -80.1912185,
              43.5341796
            ],
            [
              -80.1913059,
              43.5341924
            ],
            [
              -80.1913701,
              43.5341994
            ],
            [
              -80.191454,
              43.5342176
            ],
            [
              -80.1915415,
              43.5342554
            ],
            [
              -80.1916348,
              43.5342953
            ],
            [
              -80.191698,
              43.5343249
            ],
            [
              -80.1917693,
              43.5343419
            ],
            [
              -80.19183,
              43.5343423
            ],
            [
              -80.1918875,
              43.5343279
            ],
            [
              -80.1919958,
              43.5342868
            ],
            [
              -80.1921066,
              43.5342415
            ],
            [
              -80.1921778,
              43.5342046
            ],
            [
              -80.1922235,
              43.5341733
            ],
            [
              -80.1922945,
              43.534136
            ],
            [
              -80.1923751,
              43.5340987
            ],
            [
              -80.1925296,
              43.534035
            ],
            [
              -80.1927455,
              43.5339677
            ]
          ]
        ]
      }
    },
    {
      "type": "Feature",
      "properties": {
        "@id": "way/909813648",
        "golf": "bunker",
        "natural": "sand"
      },
      "geometry": {
        "type": "Polygon",
        "coordinates": [
          [
            [
              -80.191414,
              43.5343598
            ],
            [
              -80.1914219,
              43.5343713
            ],
            [
              -80.1914308,
              43.5343752
            ],
            [
              -80.1914511,
              43.5343816
            ],
            [
              -80.1914777,
              43.534379
            ],
            [
              -80.1914918,
              43.5343694
            ],
            [
              -80.1915025,
              43.5343592
            ],
            [
              -80.1915051,
              43.534347
            ],
            [
              -80.1915033,
              43.5343341
            ],
            [
              -80.1914918,
              43.5343213
            ],
            [
              -80.1914724,
              43.5343143
            ],
            [
              -80.1914538,
              43.5343136
            ],
            [
              -80.1914361,
              43.5343143
            ],
            [
              -80.1914219,
              43.5343226
            ],
            [
              -80.191414,
              43.5343322
            ],
            [
              -80.1914096,
              43.5343444
            ],
            [
              -80.1914096,
              43.5343502
            ],
            [
              -80.191414,
              43.5343598
            ]
          ]
        ]
      }
    },
    {
      "type": "Feature",
      "properties": {
        "@id": "way/909813649",
        "golf": "green",
        "landuse": "grass"
      },
      "geometry": {
        "type": "Polygon",
        "coordinates": [
          [
            [
              -80.190247,
              43.5341461
            ],
            [
              -80.190213,
              43.5341487
            ],
            [
              -80.1901768,
              43.534147
            ],
            [
              -80.1901217,
              43.5341309
            ],
            [
              -80.1900968,
              43.5341066
            ],
            [
              -80.1900853,
              43.5340783
            ],
            [
              -80.1900814,
              43.5340579
            ],
            [
              -80.1900831,
              43.5340397
            ],
            [
              -80.1900927,
              43.5340212
            ],
            [
              -80.1901117,
              43.5340036
            ],
            [
              -80.1901322,
              43.5339873
            ],
            [
              -80.1901574,
              43.5339779
            ],
            [
              -80.1901909,
              43.5339669
            ],
            [
              -80.1902226,
              43.5339617
            ],
            [
              -80.190257,
              43.5339615
            ],
            [
              -80.1902851,
              43.5339704
            ],
            [
              -80.1903122,
              43.5339822
            ],
            [
              -80.1903299,
              43.5339939
            ],
            [
              -80.1903492,
              43.5340118
            ],
            [
              -80.1903751,
              43.5340344
            ],
            [
              -80.1903718,
              43.5340743
            ],
            [
              -80.1903488,
              43.5341033
            ],
            [
              -80.1903193,
              43.5341242
            ],
            [
              -80.1902859,
              43.5341354
            ],
            [
              -80.190247,
              43.5341461
            ]
          ]
        ]
      }
    },
    {
      "type": "Feature",
      "properties": {
        "@id": "way/909813653",
        "golf": "tee",
        "landuse": "grass"
      },
      "geometry": {
        "type": "Polygon",
        "coordinates": [
          [
            [
              -80.1903792,
              43.5343846
            ],
            [
              -80.1903588,
              43.5344089
            ],
            [
              -80.1903467,
              43.5344258
            ],
            [
              -80.1903375,
              43.534456
            ],
            [
              -80.1903375,
              43.5344789
            ],
            [
              -80.1903516,
              43.534494
            ],
            [
              -80.1903771,
              43.5345032
            ],
            [
              -80.1904208,
              43.5345032
            ],
            [
              -80.1904463,
              43.5344943
            ],
            [
              -80.1904839,
              43.5344737
            ],
            [
              -80.1905245,
              43.5344472
            ],
            [
              -80.1905438,
              43.534428
            ],
            [
              -80.1905733,
              43.5343993
            ],
            [
              -80.1906007,
              43.5343602
            ],
            [
              -80.1906201,
              43.5343293
            ],
            [
              -80.1906262,
              43.5343094
            ],
            [
              -80.1906221,
              43.534291
            ],
            [
              -80.1906028,
              43.5342755
            ],
            [
              -80.1905713,
              43.5342622
            ],
            [
              -80.1905357,
              43.5342615
            ],
            [
              -80.190492,
              43.5342866
            ],
            [
              -80.1904534,
              43.5343138
            ],
            [
              -80.1904219,
              43.5343484
            ],
            [
              -80.1904046,
              43.5343602
            ],
            [
              -80.1903792,
              43.5343846
            ]
          ]
        ]
      }
    },
    {
      "type": "Feature",
      "properties": {
        "@id": "way/909813654",
        "golf": "tee",
        "landuse": "grass"
      },
      "geometry": {
        "type": "Polygon",
        "coordinates": [
          [
            [
              -80.190211,
              43.5346097
            ],
            [
              -80.1901896,
              43.5346274
            ],
            [
              -80.1901703,
              43.5346406
            ],
            [
              -80.1901612,
              43.5346561
            ],
            [
              -80.1901581,
              43.5346716
            ],
            [
              -80.1901591,
              43.5346871
            ],
            [
              -80.1901744,
              43.5346915
            ],
            [
              -80.1902028,
              43.5346885
            ],
            [
              -80.1902435,
              43.5346731
            ],
            [
              -80.1902555,
              43.5346569
            ],
            [
              -80.1902611,
              43.5346359
            ],
            [
              -80.1902513,
              43.5346189
            ],
            [
              -80.190231,
              43.5346124
            ],
            [
              -80.190211,
              43.5346097
            ]
          ]
        ]
      }
    },
    {
      "type": "Feature",
      "properties": {
        "@id": "way/909813655",
        "natural": "water"
      },
      "geometry": {
        "type": "Polygon",
        "coordinates": [
          [
            [
              -80.1895845,
              43.5348264
            ],
            [
              -80.1896314,
              43.5348818
            ],
            [
              -80.1896491,
              43.5349087
            ],
            [
              -80.1896438,
              43.5349324
            ],
            [
              -80.1896382,
              43.5349438
            ],
            [
              -80.1896376,
              43.5349703
            ],
            [
              -80.1896358,
              43.5350197
            ],
            [
              -80.1896376,
              43.5350594
            ],
            [
              -80.1896296,
              43.5350979
            ],
            [
              -80.1896261,
              43.5351313
            ],
            [
              -80.1896199,
              43.5351467
            ],
            [
              -80.189611,
              43.5351499
            ],
            [
              -80.189604,
              43.535155
            ],
            [
              -80.1895933,
              43.5351595
            ],
            [
              -80.1895801,
              43.5351601
            ],
            [
              -80.1895659,
              43.5351544
            ],
            [
              -80.1895544,
              43.5351486
            ],
            [
              -80.1895447,
              43.5351396
            ],
            [
              -80.1895279,
              43.5351313
            ],
            [
              -80.1895199,
              43.5351249
            ],
            [
              -80.1894969,
              43.535121
            ],
            [
              -80.1894757,
              43.5351178
            ],
            [
              -80.1894518,
              43.5351178
            ],
            [
              -80.1894323,
              43.5351217
            ],
            [
              -80.1894111,
              43.5351217
            ],
            [
              -80.1893898,
              43.5351191
            ],
            [
              -80.1893739,
              43.535112
            ],
            [
              -80.1893633,
              43.5351043
            ],
            [
              -80.1893509,
              43.5350889
            ],
            [
              -80.1893385,
              43.5350646
            ],
            [
              -80.1893391,
              43.5350543
            ],
            [
              -80.1893492,
              43.5350422
            ],
            [
              -80.1893746,
              43.5350326
            ],
            [
              -80.1894036,
              43.535023
            ],
            [
              -80.1894356,
              43.535009
            ],
            [
              -80.1894534,
              43.5350016
            ],
            [
              -80.189461,
              43.5349987
            ],
            [
              -80.1894717,
              43.5349681
            ],
            [
              -80.1894895,
              43.5349243
            ],
            [
              -80.1894936,
              43.534897
            ],
            [
              -80.1895292,
              43.5348464
            ],
            [
              -80.1895592,
              43.5348275
            ],
            [
              -80.1895845,
              43.5348264
            ]
          ]
        ]
      }
    },
    {
      "type": "Feature",
      "properties": {
        "@id": "way/909813656",
        "golf": "bunker",
        "natural": "sand"
      },
      "geometry": {
        "type": "Polygon",
        "coordinates": [
          [
            [
              -80.1894943,
              43.5353318
            ],
            [
              -80.1895082,
              43.5353362
            ],
            [
              -80.1895237,
              43.5353373
            ],
            [
              -80.1895368,
              43.5353354
            ],
            [
              -80.1895524,
              43.5353307
            ],
            [
              -80.1895646,
              43.5353193
            ],
            [
              -80.1895688,
              43.5353097
            ],
            [
              -80.1895696,
              43.5352981
            ],
            [
              -80.1895692,
              43.5352875
            ],
            [
              -80.1895652,
              43.5352792
            ],
            [
              -80.1895583,
              43.5352752
            ],
            [
              -80.1895501,
              43.535272
            ],
            [
              -80.1895408,
              43.535272
            ],
            [
              -80.1895269,
              43.5352736
            ],
            [
              -80.1895151,
              43.5352753
            ],
            [
              -80.1895043,
              43.5352798
            ],
            [
              -80.1894945,
              43.5352853
            ],
            [
              -80.1894843,
              43.5352928
            ],
            [
              -80.1894788,
              43.5352997
            ],
            [
              -80.1894745,
              43.5353069
            ],
            [
              -80.1894765,
              43.5353171
            ],
            [
              -80.1894819,
              43.5353272
            ],
            [
              -80.1894943,
              43.5353318
            ]
          ]
        ]
      }
    },
    {
      "type": "Feature",
      "properties": {
        "@id": "way/909813657",
        "golf": "bunker",
        "natural": "sand"
      },
      "geometry": {
        "type": "Polygon",
        "coordinates": [
          [
            [
              -80.1891635,
              43.5352818
            ],
            [
              -80.1891529,
              43.5352844
            ],
            [
              -80.1891442,
              43.5352851
            ],
            [
              -80.18913,
              43.5352818
            ],
            [
              -80.1891224,
              43.535277
            ],
            [
              -80.1891147,
              43.5352704
            ],
            [
              -80.1891081,
              43.5352608
            ],
            [
              -80.1891056,
              43.535252
            ],
            [
              -80.1891066,
              43.5352413
            ],
            [
              -80.1891036,
              43.5352302
            ],
            [
              -80.189102,
              43.5352214
            ],
            [
              -80.1890995,
              43.5352151
            ],
            [
              -80.189101,
              43.5352063
            ],
            [
              -80.1891046,
              43.5351978
            ],
            [
              -80.1891132,
              43.5351908
            ],
            [
              -80.1891244,
              43.535186
            ],
            [
              -80.189133,
              43.5351853
            ],
            [
              -80.1891442,
              43.5351875
            ],
            [
              -80.1891513,
              43.5351949
            ],
            [
              -80.1891569,
              43.5352004
            ],
            [
              -80.189161,
              43.5352078
            ],
            [
              -80.1891661,
              43.5352137
            ],
            [
              -80.1891681,
              43.535221
            ],
            [
              -80.1891696,
              43.5352295
            ],
            [
              -80.1891686,
              43.535235
            ],
            [
              -80.1891656,
              43.5352413
            ],
            [
              -80.1891676,
              43.535252
            ],
            [
              -80.1891681,
              43.5352608
            ],
            [
              -80.1891752,
              43.5352667
            ],
            [
              -80.1891772,
              43.5352737
            ],
            [
              -80.1891681,
              43.5352785
            ],
            [
              -80.1891635,
              43.5352818
            ]
          ]
        ]
      }
    },
    {
      "type": "Feature",
      "properties": {
        "@id": "way/909813658",
        "golf": "green",
        "landuse": "grass"
      },
      "geometry": {
        "type": "Polygon",
        "coordinates": [
          [
            [
              -80.1892132,
              43.5353219
            ],
            [
              -80.1892391,
              43.5353437
            ],
            [
              -80.1892667,
              43.535358
            ],
            [
              -80.1893047,
              43.5353627
            ],
            [
              -80.1893563,
              43.5353544
            ],
            [
              -80.1893928,
              43.5353342
            ],
            [
              -80.1894163,
              43.5353216
            ],
            [
              -80.1894498,
              43.5353002
            ],
            [
              -80.1894894,
              43.5352706
            ],
            [
              -80.1895183,
              43.535243
            ],
            [
              -80.1895204,
              43.5352181
            ],
            [
              -80.1895146,
              43.5351952
            ],
            [
              -80.1895004,
              43.5351747
            ],
            [
              -80.1894779,
              43.5351591
            ],
            [
              -80.1894491,
              43.5351499
            ],
            [
              -80.1894096,
              43.5351412
            ],
            [
              -80.1893653,
              43.5351302
            ],
            [
              -80.1893227,
              43.5351284
            ],
            [
              -80.1892867,
              43.5351336
            ],
            [
              -80.1892557,
              43.5351472
            ],
            [
              -80.1892268,
              43.5351728
            ],
            [
              -80.1892058,
              43.5352019
            ],
            [
              -80.1891971,
              43.5352298
            ],
            [
              -80.1891911,
              43.5352617
            ],
            [
              -80.1891965,
              43.5352938
            ],
            [
              -80.1892132,
              43.5353219
            ]
          ]
        ]
      }
    },
    {
      "type": "Feature",
      "properties": {
        "@id": "way/909813659",
        "golf": "tee",
        "landuse": "grass"
      },
      "geometry": {
        "type": "Polygon",
        "coordinates": [
          [
            [
              -80.1889686,
              43.5351988
            ],
            [
              -80.1889983,
              43.5351968
            ],
            [
              -80.1890169,
              43.5351857
            ],
            [
              -80.1890228,
              43.5351626
            ],
            [
              -80.1890033,
              43.5351425
            ],
            [
              -80.1889774,
              43.5351378
            ],
            [
              -80.1889512,
              43.5351429
            ],
            [
              -80.188939,
              43.5351611
            ],
            [
              -80.1889435,
              43.5351764
            ],
            [
              -80.1889504,
              43.5351904
            ],
            [
              -80.1889686,
              43.5351988
            ]
          ]
        ]
      }
    },
    {
      "type": "Feature",
      "properties": {
        "@id": "way/909813660",
        "golf": "tee",
        "landuse": "grass"
      },
      "geometry": {
        "type": "Polygon",
        "coordinates": [
          [
            [
              -80.1888446,
              43.535101
            ],
            [
              -80.1888671,
              43.5351088
            ],
            [
              -80.1888938,
              43.5351114
            ],
            [
              -80.1889221,
              43.5351043
            ],
            [
              -80.1889335,
              43.5350965
            ],
            [
              -80.1889427,
              43.5350831
            ],
            [
              -80.1889349,
              43.5350649
            ],
            [
              -80.1888933,
              43.5350329
            ],
            [
              -80.1888732,
              43.5350199
            ],
            [
              -80.1888571,
              43.5350191
            ],
            [
              -80.188841,
              43.5350199
            ],
            [
              -80.1888171,
              43.5350344
            ],
            [
              -80.1888148,
              43.5350566
            ],
            [
              -80.1888178,
              43.5350775
            ],
            [
              -80.1888323,
              43.5350912
            ],
            [
              -80.1888446,
              43.535101
            ]
          ]
        ]
      }
    },
    {
      "type": "Feature",
      "properties": {
        "@id": "way/909813661",
        "golf": "tee",
        "landuse": "grass"
      },
      "geometry": {
        "type": "Polygon",
        "coordinates": [
          [
            [
              -80.1886905,
              43.5349764
            ],
            [
              -80.1887139,
              43.5349933
            ],
            [
              -80.1887332,
              43.5350051
            ],
            [
              -80.1887525,
              43.535011
            ],
            [
              -80.1887759,
              43.5350059
            ],
            [
              -80.1887921,
              43.5349896
            ],
            [
              -80.1887981,
              43.5349771
            ],
            [
              -80.188792,
              43.5349599
            ],
            [
              -80.1887694,
              43.5349394
            ],
            [
              -80.1887492,
              43.5349226
            ],
            [
              -80.1887279,
              43.5349055
            ],
            [
              -80.1887083,
              43.5349002
            ],
            [
              -80.1886786,
              43.5349055
            ],
            [
              -80.188667,
              43.5349158
            ],
            [
              -80.1886643,
              43.5349448
            ],
            [
              -80.1886735,
              43.5349581
            ],
            [
              -80.1886905,
              43.5349764
            ]
          ]
        ]
      }
    },
    {
      "type": "Feature",
      "properties": {
        "@id": "way/909813662",
        "golf": "tee",
        "landuse": "grass"
      },
      "geometry": {
        "type": "Polygon",
        "coordinates": [
          [
            [
              -80.1885603,
              43.5348667
            ],
            [
              -80.1885883,
              43.5348797
            ],
            [
              -80.1886133,
              43.5348791
            ],
            [
              -80.1886377,
              43.5348689
            ],
            [
              -80.1886429,
              43.5348517
            ],
            [
              -80.1886428,
              43.534836
            ],
            [
              -80.1886301,
              43.5348211
            ],
            [
              -80.1886068,
              43.5348144
            ],
            [
              -80.1885848,
              43.5348114
            ],
            [
              -80.1885689,
              43.5348129
            ],
            [
              -80.1885506,
              43.534822
            ],
            [
              -80.188544,
              43.5348334
            ],
            [
              -80.1885465,
              43.534851
            ],
            [
              -80.1885603,
              43.5348667
            ]
          ]
        ]
      }
    },
    {
      "type": "Feature",
      "properties": {
        "@id": "way/909813663",
        "golf": "bunker",
        "natural": "sand"
      },
      "geometry": {
        "type": "Polygon",
        "coordinates": [
          [
            [
              -80.1871894,
              43.5338505
            ],
            [
              -80.1871887,
              43.533826
            ],
            [
              -80.1872025,
              43.5338187
            ],
            [
              -80.187221,
              43.5338098
            ],
            [
              -80.1872318,
              43.5338025
            ],
            [
              -80.1872403,
              43.5337947
            ],
            [
              -80.1872488,
              43.5337841
            ],
            [
              -80.1872526,
              43.5337757
            ],
            [
              -80.1872618,
              43.5337701
            ],
            [
              -80.1872826,
              43.533769
            ],
            [
              -80.1873011,
              43.5337763
            ],
            [
              -80.1873142,
              43.5337852
            ],
            [
              -80.1873212,
              43.533798
            ],
            [
              -80.1873235,
              43.5338086
            ],
            [
              -80.1873188,
              43.5338204
            ],
            [
              -80.1872957,
              43.5338388
            ],
            [
              -80.1872773,
              43.5338466
            ],
            [
              -80.1872588,
              43.5338528
            ],
            [
              -80.1872387,
              43.5338539
            ],
            [
              -80.1872172,
              43.5338539
            ],
            [
              -80.1872056,
              43.5338539
            ],
            [
              -80.1871894,
              43.5338505
            ]
          ]
        ]
      }
    },
    {
      "type": "Feature",
      "properties": {
        "@id": "way/909813664",
        "golf": "bunker",
        "natural": "sand"
      },
      "geometry": {
        "type": "Polygon",
        "coordinates": [
          [
            [
              -80.1871378,
              43.5338042
            ],
            [
              -80.1871609,
              43.5338059
            ],
            [
              -80.187174,
              43.5338014
            ],
            [
              -80.1871856,
              43.5337869
            ],
            [
              -80.1871971,
              43.5337684
            ],
            [
              -80.1871987,
              43.5337517
            ],
            [
              -80.1871956,
              43.5337366
            ],
            [
              -80.1871848,
              43.5337227
            ],
            [
              -80.1871656,
              43.5337187
            ],
            [
              -80.1871448,
              43.5337199
            ],
            [
              -80.187134,
              43.5337266
            ],
            [
              -80.1871332,
              43.5337377
            ],
            [
              -80.1871401,
              43.5337478
            ],
            [
              -80.1871378,
              43.5337556
            ],
            [
              -80.1871294,
              43.5337595
            ],
            [
              -80.1871186,
              43.5337735
            ],
            [
              -80.1871178,
              43.533788
            ],
            [
              -80.1871232,
              43.5337975
            ],
            [
              -80.1871378,
              43.5338042
            ]
          ]
        ]
      }
    },
    {
      "type": "Feature",
      "properties": {
        "@id": "way/910027966",
        "golf": "tee",
        "landuse": "grass"
      },
      "geometry": {
        "type": "Polygon",
        "coordinates": [
          [
            [
              -80.1882345,
              43.5343841
            ],
            [
              -80.1882565,
              43.5343898
            ],
            [
              -80.1882855,
              43.5343822
            ],
            [
              -80.1882952,
              43.5343656
            ],
            [
              -80.1882922,
              43.5343491
            ],
            [
              -80.1882654,
              43.5343365
            ],
            [
              -80.1882426,
              43.5343365
            ],
            [
              -80.1882225,
              43.534352
            ],
            [
              -80.1882184,
              43.5343705
            ],
            [
              -80.1882345,
              43.5343841
            ]
          ]
        ]
      }
    },
    {
      "type": "Feature",
      "properties": {
        "@id": "way/910027967",
        "golf": "fairway",
        "landuse": "grass"
      },
      "geometry": {
        "type": "Polygon",
        "coordinates": [
          [
            [
              -80.1878036,
              43.5341621
            ],
            [
              -80.1878341,
              43.5341742
            ],
            [
              -80.1878656,
              43.5341818
            ],
            [
              -80.1878948,
              43.5341894
            ],
            [
              -80.1879205,
              43.5341852
            ],
            [
              -80.1879625,
              43.5341733
            ],
            [
              -80.188008,
              43.5341522
            ],
            [
              -80.1880337,
              43.5341327
            ],
            [
              -80.1880559,
              43.534098
            ],
            [
              -80.1880606,
              43.5340641
            ],
            [
              -80.1880501,
              43.5339998
            ],
            [
              -80.1880256,
              43.53396
            ],
            [
              -80.1879894,
              43.5339228
            ],
            [
              -80.1879158,
              43.5338568
            ],
            [
              -80.1878855,
              43.5338331
            ],
            [
              -80.1878656,
              43.5337789
            ],
            [
              -80.1878493,
              43.5337425
            ],
            [
              -80.187743,
              43.5336587
            ],
            [
              -80.1876555,
              43.5335935
            ],
            [
              -80.1875749,
              43.5335275
            ],
            [
              -80.187492,
              43.5334674
            ],
            [
              -80.1874465,
              43.5334454
            ],
            [
              -80.1873064,
              43.5333675
            ],
            [
              -80.1872422,
              43.5333312
            ],
            [
              -80.1871301,
              43.5332634
            ],
            [
              -80.1870775,
              43.533216
            ],
            [
              -80.1870337,
              43.5331672
            ],
            [
              -80.1869913,
              43.5331282
            ],
            [
              -80.1869266,
              43.533074
            ],
            [
              -80.1868573,
              43.5330304
            ],
            [
              -80.1867802,
              43.5329874
            ],
            [
              -80.1867225,
              43.5329601
            ],
            [
              -80.1866393,
              43.5329028
            ],
            [
              -80.1865976,
              43.5328579
            ],
            [
              -80.186556,
              43.5328247
            ],
            [
              -80.1865163,
              43.5328048
            ],
            [
              -80.1864035,
              43.532793
            ],
            [
              -80.1863334,
              43.5327894
            ],
            [
              -80.1862704,
              43.5327842
            ],
            [
              -80.186185,
              43.5327894
            ],
            [
              -80.1861571,
              43.5327803
            ],
            [
              -80.1861153,
              43.5327639
            ],
            [
              -80.1860839,
              43.5327391
            ],
            [
              -80.1860304,
              43.5327124
            ],
            [
              -80.1859935,
              43.5326962
            ],
            [
              -80.1859563,
              43.5326863
            ],
            [
              -80.1859291,
              43.5326901
            ],
            [
              -80.1859103,
              43.532693
            ],
            [
              -80.1858783,
              43.5326974
            ],
            [
              -80.1858514,
              43.532707
            ],
            [
              -80.1858326,
              43.5327177
            ],
            [
              -80.1858188,
              43.5327299
            ],
            [
              -80.1858061,
              43.5327394
            ],
            [
              -80.1858016,
              43.5327501
            ],
            [
              -80.185795,
              43.5327696
            ],
            [
              -80.1857899,
              43.5327825
            ],
            [
              -80.1857899,
              43.5327965
            ],
            [
              -80.1857919,
              43.5328216
            ],
            [
              -80.1858031,
              43.5328367
            ],
            [
              -80.18583,
              43.5328621
            ],
            [
              -80.1858437,
              43.5328706
            ],
            [
              -80.1858742,
              43.532882
            ],
            [
              -80.1859027,
              43.5328934
            ],
            [
              -80.1859367,
              43.5329034
            ],
            [
              -80.1859637,
              43.5329096
            ],
            [
              -80.1860013,
              43.5329174
            ],
            [
              -80.1861156,
              43.5329399
            ],
            [
              -80.1861603,
              43.5329472
            ],
            [
              -80.186201,
              43.5329542
            ],
            [
              -80.1862178,
              43.5329568
            ],
            [
              -80.18623,
              43.5329623
            ],
            [
              -80.1862818,
              43.533022
            ],
            [
              -80.1863179,
              43.5330666
            ],
            [
              -80.1863331,
              43.5330869
            ],
            [
              -80.1863585,
              43.5331167
            ],
            [
              -80.1863646,
              43.5331289
            ],
            [
              -80.186385,
              43.5331495
            ],
            [
              -80.1864261,
              43.5331955
            ],
            [
              -80.1864734,
              43.5332375
            ],
            [
              -80.1865074,
              43.5332633
            ],
            [
              -80.1865593,
              43.5332832
            ],
            [
              -80.1866177,
              43.5333075
            ],
            [
              -80.1866782,
              43.5333223
            ],
            [
              -80.1867275,
              43.5333374
            ],
            [
              -80.1867793,
              43.5333462
            ],
            [
              -80.1868215,
              43.5333591
            ],
            [
              -80.1868997,
              43.5333897
            ],
            [
              -80.1869388,
              43.5334202
            ],
            [
              -80.1869865,
              43.5334654
            ],
            [
              -80.1870505,
              43.5335084
            ],
            [
              -80.1871666,
              43.5335605
            ],
            [
              -80.1872777,
              43.533627
            ],
            [
              -80.1873624,
              43.5337059
            ],
            [
              -80.1874032,
              43.5337685
            ],
            [
              -80.1874532,
              43.5338418
            ],
            [
              -80.18749,
              43.5338941
            ],
            [
              -80.1875603,
              43.5339555
            ],
            [
              -80.1875948,
              43.5339953
            ],
            [
              -80.1876593,
              43.5340417
            ],
            [
              -80.1877076,
              43.5340862
            ],
            [
              -80.1877401,
              43.5341183
            ],
            [
              -80.1877742,
              43.5341452
            ],
            [
              -80.1878036,
              43.5341621
            ]
          ]
        ]
      }
    },
    {
      "type": "Feature",
      "properties": {
        "@id": "way/910027968",
        "golf": "cartpath",
        "golf_cart": "designated",
        "highway": "service"
      },
      "geometry": {
        "type": "LineString",
        "coordinates": [
          [
            -80.1884217,
            43.5340824
          ],
          [
            -80.1883381,
            43.5340051
          ],
          [
            -80.1883087,
            43.5339649
          ],
          [
            -80.1882832,
            43.5339363
          ],
          [
            -80.1882628,
            43.5339079
          ],
          [
            -80.1882477,
            43.5338767
          ],
          [
            -80.1882372,
            43.5338448
          ],
          [
            -80.18823,
            43.5338008
          ],
          [
            -80.1882258,
            43.5337567
          ],
          [
            -80.1882194,
            43.5337199
          ],
          [
            -80.1882058,
            43.5336831
          ],
          [
            -80.1881757,
            43.5336341
          ],
          [
            -80.1881309,
            43.5335856
          ],
          [
            -80.1880203,
            43.5334865
          ],
          [
            -80.1879523,
            43.5334337
          ],
          [
            -80.1878927,
            43.533391
          ],
          [
            -80.1878549,
            43.53337
          ],
          [
            -80.1878119,
            43.533349
          ],
          [
            -80.1877542,
            43.5333297
          ],
          [
            -80.1876946,
            43.5333117
          ],
          [
            -80.1875806,
            43.533288
          ],
          [
            -80.1874869,
            43.5332619
          ],
          [
            -80.1873993,
            43.5332311
          ],
          [
            -80.1873449,
            43.5332053
          ],
          [
            -80.1872422,
            43.5331508
          ],
          [
            -80.1871806,
            43.5331217
          ],
          [
            -80.1871091,
            43.5330888
          ],
          [
            -80.1870255,
            43.5330518
          ],
          [
            -80.1869518,
            43.5330174
          ],
          [
            -80.1869047,
            43.5329843
          ],
          [
            -80.1868657,
            43.5329606
          ],
          [
            -80.186824,
            43.5329291
          ],
          [
            -80.1867846,
            43.5328868
          ],
          [
            -80.1867532,
            43.5328501
          ],
          [
            -80.1867274,
            43.5328144
          ],
          [
            -80.1867047,
            43.5327751
          ],
          [
            -80.1866842,
            43.5327337
          ],
          [
            -80.1866662,
            43.5326821
          ],
          [
            -80.1866499,
            43.5326213
          ],
          [
            -80.1866172,
            43.5325554
          ],
          [
            -80.1865752,
            43.532477
          ],
          [
            -80.1865277,
            43.5324007
          ],
          [
            -80.1864659,
            43.5323222
          ]
        ]
      }
    },
    {
      "type": "Feature",
      "properties": {
        "@id": "way/910027969",
        "golf": "bunker",
        "natural": "sand"
      },
      "geometry": {
        "type": "Polygon",
        "coordinates": [
          [
            [
              -80.1861061,
              43.533067
            ],
            [
              -80.1861214,
              43.5330736
            ],
            [
              -80.1861371,
              43.5330777
            ],
            [
              -80.1861483,
              43.5330777
            ],
            [
              -80.1861727,
              43.5330699
            ],
            [
              -80.1861854,
              43.5330615
            ],
            [
              -80.1861986,
              43.53305
            ],
            [
              -80.1862007,
              43.5330405
            ],
            [
              -80.1861966,
              43.5330261
            ],
            [
              -80.1861834,
              43.5330147
            ],
            [
              -80.1861697,
              43.5330092
            ],
            [
              -80.1861473,
              43.5330125
            ],
            [
              -80.186126,
              43.5330195
            ],
            [
              -80.1861097,
              43.5330268
            ],
            [
              -80.1860995,
              43.5330357
            ],
            [
              -80.1860955,
              43.5330486
            ],
            [
              -80.186098,
              43.533057
            ],
            [
              -80.1861061,
              43.533067
            ]
          ]
        ]
      }
    },
    {
      "type": "Feature",
      "properties": {
        "@id": "way/910027970",
        "golf": "bunker",
        "natural": "sand"
      },
      "geometry": {
        "type": "Polygon",
        "coordinates": [
          [
            [
              -80.1861078,
              43.5327279
            ],
            [
              -80.1861277,
              43.532743
            ],
            [
              -80.1861434,
              43.5327548
            ],
            [
              -80.1861576,
              43.5327654
            ],
            [
              -80.1861739,
              43.5327721
            ],
            [
              -80.1861897,
              43.5327717
            ],
            [
              -80.18621,
              43.5327621
            ],
            [
              -80.1862171,
              43.5327548
            ],
            [
              -80.1862232,
              43.5327456
            ],
            [
              -80.1862161,
              43.5327334
            ],
            [
              -80.1861973,
              43.5327139
            ],
            [
              -80.1861703,
              43.5326943
            ],
            [
              -80.1861363,
              43.5326737
            ],
            [
              -80.1861144,
              43.5326652
            ],
            [
              -80.1861007,
              43.5326627
            ],
            [
              -80.1860829,
              43.5326652
            ],
            [
              -80.1860718,
              43.5326763
            ],
            [
              -80.1860641,
              43.5326884
            ],
            [
              -80.1860631,
              43.5327002
            ],
            [
              -80.1860697,
              43.5327106
            ],
            [
              -80.1860794,
              43.5327179
            ],
            [
              -80.1860941,
              43.5327231
            ],
            [
              -80.1861078,
              43.5327279
            ]
          ]
        ]
      }
    },
    {
      "type": "Feature",
      "properties": {
        "@id": "way/910027971",
        "golf": "green",
        "landuse": "grass"
      },
      "geometry": {
        "type": "Polygon",
        "coordinates": [
          [
            [
              -80.1860259,
              43.5328956
            ],
            [
              -80.1860613,
              43.5328912
            ],
            [
              -80.1860914,
              43.5328841
            ],
            [
              -80.1861161,
              43.5328726
            ],
            [
              -80.1861299,
              43.5328533
            ],
            [
              -80.1861312,
              43.5328216
            ],
            [
              -80.1861201,
              43.5327978
            ],
            [
              -80.1861042,
              43.5327728
            ],
            [
              -80.1860852,
              43.5327561
            ],
            [
              -80.1860617,
              43.5327417
            ],
            [
              -80.1860356,
              43.5327282
            ],
            [
              -80.1859936,
              43.5327151
            ],
            [
              -80.185975,
              43.5327083
            ],
            [
              -80.1859476,
              43.532708
            ],
            [
              -80.1859188,
              43.5327138
            ],
            [
              -80.1858945,
              43.5327244
            ],
            [
              -80.1858711,
              43.5327362
            ],
            [
              -80.1858538,
              43.53276
            ],
            [
              -80.1858494,
              43.5327827
            ],
            [
              -80.1858534,
              43.5328068
            ],
            [
              -80.1858631,
              43.5328244
            ],
            [
              -80.1858755,
              43.532844
            ],
            [
              -80.1858927,
              43.5328575
            ],
            [
              -80.1859149,
              43.5328706
            ],
            [
              -80.1859418,
              43.5328838
            ],
            [
              -80.1859715,
              43.5328921
            ],
            [
              -80.185998,
              43.5328963
            ],
            [
              -80.1860259,
              43.5328956
            ]
          ]
        ]
      }
    },
    {
      "type": "Feature",
      "properties": {
        "@id": "way/910027972",
        "golf": "cartpath",
        "golf_cart": "designated",
        "highway": "service"
      },
      "geometry": {
        "type": "LineString",
        "coordinates": [
          [
            -80.1864659,
            43.5323222
          ],
          [
            -80.1865536,
            43.5323982
          ],
          [
            -80.186609,
            43.5324333
          ],
          [
            -80.1866837,
            43.5324772
          ],
          [
            -80.1867694,
            43.5325227
          ],
          [
            -80.1868801,
            43.5325699
          ],
          [
            -80.1869442,
            43.5325957
          ],
          [
            -80.1870062,
            43.5326126
          ],
          [
            -80.18706,
            43.5326266
          ],
          [
            -80.1871007,
            43.5326369
          ],
          [
            -80.1871727,
            43.532642
          ],
          [
            -80.1871401,
            43.5326571
          ],
          [
            -80.1871172,
            43.5326874
          ],
          [
            -80.1871072,
            43.5327213
          ],
          [
            -80.1871296,
            43.5327424
          ],
          [
            -80.1871652,
            43.5327518
          ],
          [
            -80.1872626,
            43.5327581
          ],
          [
            -80.1873687,
            43.5327851
          ],
          [
            -80.1875239,
            43.5328148
          ],
          [
            -80.1876257,
            43.5328181
          ],
          [
            -80.1876713,
            43.5328254
          ],
          [
            -80.187717,
            43.5328389
          ],
          [
            -80.1878489,
            43.5329107
          ],
          [
            -80.1879341,
            43.5329688
          ],
          [
            -80.1880154,
            43.5330194
          ],
          [
            -80.1881131,
            43.5330835
          ],
          [
            -80.1881916,
            43.5331086
          ],
          [
            -80.1882992,
            43.5331216
          ],
          [
            -80.1883758,
            43.5331365
          ],
          [
            -80.1884563,
            43.5331651
          ],
          [
            -80.1886054,
            43.5332168
          ]
        ]
      }
    },
    {
      "type": "Feature",
      "properties": {
        "@id": "way/910027973",
        "golf": "cartpath",
        "golf_cart": "designated",
        "highway": "service"
      },
      "geometry": {
        "type": "LineString",
        "coordinates": [
          [
            -80.1871727,
            43.532642
          ],
          [
            -80.1872106,
            43.5326434
          ],
          [
            -80.1872717,
            43.5326504
          ],
          [
            -80.1873329,
            43.532665
          ],
          [
            -80.1874276,
            43.5326953
          ],
          [
            -80.187524,
            43.5327386
          ],
          [
            -80.1876027,
            43.5327757
          ],
          [
            -80.187717,
            43.5328389
          ]
        ]
      }
    },
    {
      "type": "Feature",
      "properties": {
        "@id": "way/910027974",
        "golf": "cartpath",
        "golf_cart": "designated",
        "highway": "service"
      },
      "geometry": {
        "type": "LineString",
        "coordinates": [
          [
            -80.1907363,
            43.5328784
          ],
          [
            -80.1908246,
            43.5328829
          ],
          [
            -80.1909028,
            43.5328921
          ],
          [
            -80.191036,
            43.5329263
          ],
          [
            -80.1911099,
            43.5329447
          ],
          [
            -80.1911819,
            43.5329578
          ],
          [
            -80.1912878,
            43.5329692
          ],
          [
            -80.1914025,
            43.5329784
          ],
          [
            -80.1914583,
            43.5329801
          ],
          [
            -80.1915116,
            43.5329783
          ],
          [
            -80.1915611,
            43.5329737
          ],
          [
            -80.1916029,
            43.5329622
          ],
          [
            -80.1916407,
            43.532945
          ],
          [
            -80.1916866,
            43.5329077
          ],
          [
            -80.191708,
            43.5328874
          ],
          [
            -80.1917352,
            43.5328717
          ],
          [
            -80.1917697,
            43.532864
          ],
          [
            -80.191805,
            43.532862
          ],
          [
            -80.1918496,
            43.5328637
          ],
          [
            -80.1918894,
            43.532863
          ],
          [
            -80.1919274,
            43.5328603
          ],
          [
            -80.1919686,
            43.5328525
          ],
          [
            -80.1920232,
            43.5328347
          ],
          [
            -80.1920664,
            43.5328115
          ],
          [
            -80.1921278,
            43.5327728
          ],
          [
            -80.1922035,
            43.5327287
          ]
        ]
      }
    },
    {
      "type": "Feature",
      "properties": {
        "@id": "way/910027975",
        "golf": "hole",
        "par": "5",
        "ref": "1"
      },
      "geometry": {
        "type": "LineString",
        "coordinates": [
          [
            -80.1914248,
            43.5296158
          ],
          [
            -80.1926241,
            43.5306593
          ],
          [
            -80.1931384,
            43.5314742
          ],
          [
            -80.1925184,
            43.5326797
          ],
          [
            -80.1921838,
            43.5329562
          ],
          [
            -80.1920854,
            43.5330246
          ]
        ]
      }
    },
    {
      "type": "Feature",
      "properties": {
        "@id": "way/910027976",
        "golf": "hole",
        "par": "4",
        "ref": "2"
      },
      "geometry": {
        "type": "LineString",
        "coordinates": [
          [
            -80.1914858,
            43.5327947
          ],
          [
            -80.1891014,
            43.5329774
          ],
          [
            -80.1883025,
            43.5328315
          ],
          [
            -80.1872861,
            43.532382
          ]
        ]
      }
    },
    {
      "type": "Feature",
      "properties": {
        "@id": "way/910027977",
        "golf": "hole",
        "par": "4",
        "ref": "3"
      },
      "geometry": {
        "type": "LineString",
        "coordinates": [
          [
            -80.1869792,
            43.5327991
          ],
          [
            -80.1894327,
            43.5337054
          ],
          [
            -80.1914288,
            43.5334343
          ]
        ]
      }
    },
    {
      "type": "Feature",
      "properties": {
        "@id": "way/910027978",
        "golf": "hole",
        "par": "3",
        "ref": "4"
      },
      "geometry": {
        "type": "LineString",
        "coordinates": [
          [
            -80.1917273,
            43.5336909
          ],
          [
            -80.1935063,
            43.5330143
          ]
        ]
      }
    },
    {
      "type": "Feature",
      "properties": {
        "@id": "way/910027979",
        "golf": "hole",
        "par": "5",
        "ref": "5"
      },
      "geometry": {
        "type": "LineString",
        "coordinates": [
          [
            -80.1943739,
            43.5332594
          ],
          [
            -80.1918228,
            43.5341952
          ],
          [
            -80.1908349,
            43.5340051
          ],
          [
            -80.1902047,
            43.5340522
          ]
        ]
      }
    },
    {
      "type": "Feature",
      "properties": {
        "@id": "way/910027980",
        "golf": "hole",
        "par": "3",
        "ref": "6"
      },
      "geometry": {
        "type": "LineString",
        "coordinates": [
          [
            -80.1904873,
            43.5343779
          ],
          [
            -80.189351,
            43.5352474
          ]
        ]
      }
    },
    {
      "type": "Feature",
      "properties": {
        "@id": "way/910027981",
        "golf": "hole",
        "ref": "7"
      },
      "geometry": {
        "type": "LineString",
        "coordinates": [
          [
            -80.1889668,
            43.5351737
          ],
          [
            -80.1874951,
            43.5336691
          ],
          [
            -80.1863893,
            43.5329264
          ],
          [
            -80.1859421,
            43.5328011
          ]
        ]
      }
    },
    {
      "type": "Feature",
      "properties": {
        "@id": "way/910027982",
        "golf": "cartpath",
        "golf_cart": "designated",
        "highway": "service"
      },
      "geometry": {
        "type": "LineString",
        "coordinates": [
          [
            -80.186257,
            43.5331936
          ],
          [
            -80.1862052,
            43.5331602
          ],
          [
            -80.186101,
            43.5330924
          ],
          [
            -80.1859785,
            43.5330146
          ],
          [
            -80.1857927,
            43.5328836
          ],
          [
            -80.1857003,
            43.5328045
          ],
          [
            -80.1856611,
            43.5327676
          ],
          [
            -80.1856326,
            43.5327338
          ],
          [
            -80.1856132,
            43.5327068
          ],
          [
            -80.1856025,
            43.5326839
          ],
          [
            -80.1856101,
            43.532661
          ],
          [
            -80.185632,
            43.5326374
          ],
          [
            -80.1857427,
            43.5325713
          ],
          [
            -80.1859384,
            43.5324658
          ],
          [
            -80.1863958,
            43.5322519
          ],
          [
            -80.1867372,
            43.5320721
          ]
        ]
      }
    },
    {
      "type": "Feature",
      "properties": {
        "@id": "way/910027983",
        "golf": "cartpath",
        "golf_cart": "designated",
        "highway": "service"
      },
      "geometry": {
        "type": "LineString",
        "coordinates": [
          [
            -80.1864659,
            43.5323222
          ],
          [
            -80.1863958,
            43.5322519
          ],
          [
            -80.1860496,
            43.5319038
          ],
          [
            -80.1859593,
            43.531826
          ],
          [
            -80.1858124,
            43.5317132
          ],
          [
            -80.1857517,
            43.5316541
          ],
          [
            -80.1856867,
            43.531582
          ],
          [
            -80.1856174,
            43.5314838
          ],
          [
            -80.1855664,
            43.5313847
          ],
          [
            -80.1855307,
            43.5313228
          ],
          [
            -80.1854806,
            43.5312277
          ],
          [
            -80.1854343,
            43.5311375
          ],
          [
            -80.1853908,
            43.5310671
          ],
          [
            -80.1853475,
            43.5310099
          ],
          [
            -80.1853085,
            43.5309759
          ],
          [
            -80.1852193,
            43.5309186
          ],
          [
            -80.1851377,
            43.5308801
          ],
          [
            -80.1850653,
            43.5308394
          ],
          [
            -80.1850027,
            43.5308013
          ],
          [
            -80.184927,
            43.530754
          ],
          [
            -80.1849031,
            43.5307387
          ],
          [
            -80.1848547,
            43.5307077
          ],
          [
            -80.1847606,
            43.5306619
          ],
          [
            -80.1846917,
            43.5306381
          ],
          [
            -80.1846177,
            43.530624
          ],
          [
            -80.1845307,
            43.5306164
          ],
          [
            -80.1844514,
            43.5306198
          ],
          [
            -80.1843739,
            43.5306288
          ],
          [
            -80.1842952,
            43.5306464
          ],
          [
            -80.1840272,
            43.5307415
          ],
          [
            -80.1838311,
            43.5308122
          ],
          [
            -80.1835985,
            43.5308945
          ],
          [
            -80.1834777,
            43.5309378
          ]
        ]
      }
    },
    {
      "type": "Feature",
      "properties": {
        "@id": "way/910027984",
        "golf": "tee",
        "landuse": "grass"
      },
      "geometry": {
        "type": "Polygon",
        "coordinates": [
          [
            [
              -80.1854728,
              43.532641
            ],
            [
              -80.1855375,
              43.5326181
            ],
            [
              -80.1855783,
              43.5325885
            ],
            [
              -80.1855514,
              43.5325372
            ],
            [
              -80.1854489,
              43.5324707
            ],
            [
              -80.1853234,
              43.53255
            ],
            [
              -80.185338,
              43.5325846
            ],
            [
              -80.1853765,
              43.5326198
            ],
            [
              -80.1854351,
              43.5326405
            ],
            [
              -80.1854728,
              43.532641
            ]
          ]
        ]
      }
    },
    {
      "type": "Feature",
      "properties": {
        "@id": "way/910027985",
        "golf": "tee",
        "landuse": "grass"
      },
      "geometry": {
        "type": "Polygon",
        "coordinates": [
          [
            [
              -80.185596,
              43.5325282
            ],
            [
              -80.1856076,
              43.53254
            ],
            [
              -80.1856245,
              43.5325461
            ],
            [
              -80.1856754,
              43.5325439
            ],
            [
              -80.1857193,
              43.5325288
            ],
            [
              -80.185767,
              43.5325009
            ],
            [
              -80.1857917,
              43.532459
            ],
            [
              -80.1857709,
              43.5324288
            ],
            [
              -80.1857478,
              43.5324082
            ],
            [
              -80.185707,
              43.532402
            ],
            [
              -80.1856561,
              43.532416
            ],
            [
              -80.1856222,
              43.5324439
            ],
            [
              -80.1855953,
              43.5324796
            ],
            [
              -80.1855876,
              43.532512
            ],
            [
              -80.185596,
              43.5325282
            ]
          ]
        ]
      }
    },
    {
      "type": "Feature",
      "properties": {
        "@id": "way/910027986",
        "golf": "tee",
        "landuse": "grass"
      },
      "geometry": {
        "type": "Polygon",
        "coordinates": [
          [
            [
              -80.1859088,
              43.5323574
            ],
            [
              -80.1859026,
              43.5323724
            ],
            [
              -80.185928,
              43.532392
            ],
            [
              -80.1859704,
              43.5323914
            ],
            [
              -80.1859989,
              43.5323842
            ],
            [
              -80.1860359,
              43.5323691
            ],
            [
              -80.1860551,
              43.5323512
            ],
            [
              -80.1860651,
              43.5323289
            ],
            [
              -80.1860505,
              43.5323065
            ],
            [
              -80.1860189,
              43.5322915
            ],
            [
              -80.1859789,
              43.5322915
            ],
            [
              -80.185945,
              43.5323088
            ],
            [
              -80.1859203,
              43.5323278
            ],
            [
              -80.1859088,
              43.5323574
            ]
          ]
        ]
      }
    },
    {
      "type": "Feature",
      "properties": {
        "@id": "way/910027987",
        "golf": "tee",
        "landuse": "grass"
      },
      "geometry": {
        "type": "Polygon",
        "coordinates": [
          [
            [
              -80.1864993,
              43.5321112
            ],
            [
              -80.1864865,
              43.5321116
            ],
            [
              -80.1864746,
              43.5321148
            ],
            [
              -80.1864646,
              43.5321207
            ],
            [
              -80.1864577,
              43.5321285
            ],
            [
              -80.1864545,
              43.532138
            ],
            [
              -80.1864559,
              43.5321477
            ],
            [
              -80.1864616,
              43.5321566
            ],
            [
              -80.1864711,
              43.5321635
            ],
            [
              -80.1864833,
              43.5321678
            ],
            [
              -80.1864967,
              43.5321689
            ],
            [
              -80.1865098,
              43.5321667
            ],
            [
              -80.1865212,
              43.5321615
            ],
            [
              -80.1865296,
              43.5321538
            ],
            [
              -80.1865339,
              43.5321445
            ],
            [
              -80.1865339,
              43.5321353
            ],
            [
              -80.1865298,
              43.5321265
            ],
            [
              -80.1865221,
              43.5321191
            ],
            [
              -80.1865116,
              43.5321138
            ],
            [
              -80.1864993,
              43.5321112
            ]
          ]
        ]
      }
    },
    {
      "type": "Feature",
      "properties": {
        "@id": "way/910027988",
        "golf": "fairway",
        "landuse": "grass"
      },
      "geometry": {
        "type": "Polygon",
        "coordinates": [
          [
            [
              -80.1867344,
              43.5320476
            ],
            [
              -80.186662,
              43.5320598
            ],
            [
              -80.1866142,
              43.5320621
            ],
            [
              -80.1865772,
              43.5320548
            ],
            [
              -80.186541,
              43.5320364
            ],
            [
              -80.1865118,
              43.5320124
            ],
            [
              -80.1865038,
              43.5319796
            ],
            [
              -80.1865163,
              43.5319398
            ],
            [
              -80.1865213,
              43.531904
            ],
            [
              -80.1865451,
              43.5318689
            ],
            [
              -80.1865718,
              43.5318374
            ],
            [
              -80.186598,
              43.5318112
            ],
            [
              -80.1866699,
              43.531765
            ],
            [
              -80.1868006,
              43.5316963
            ],
            [
              -80.1869056,
              43.5316426
            ],
            [
              -80.1870602,
              43.5315947
            ],
            [
              -80.1872177,
              43.5315355
            ],
            [
              -80.1873184,
              43.5314692
            ],
            [
              -80.1873413,
              43.5314344
            ],
            [
              -80.1873783,
              43.5314115
            ],
            [
              -80.1874261,
              43.5313875
            ],
            [
              -80.1874669,
              43.5313624
            ],
            [
              -80.1875154,
              43.5313411
            ],
            [
              -80.1875863,
              43.5313182
            ],
            [
              -80.1876718,
              43.5313099
            ],
            [
              -80.1877249,
              43.531302
            ],
            [
              -80.1877958,
              43.531316
            ],
            [
              -80.1879167,
              43.5313333
            ],
            [
              -80.1880084,
              43.5313573
            ],
            [
              -80.1881455,
              43.5314087
            ],
            [
              -80.1882264,
              43.5314472
            ],
            [
              -80.1882865,
              43.5314791
            ],
            [
              -80.1883758,
              43.5315265
            ],
            [
              -80.188479,
              43.5315734
            ],
            [
              -80.1885715,
              43.5316243
            ],
            [
              -80.1887109,
              43.5316829
            ],
            [
              -80.1888195,
              43.5317253
            ],
            [
              -80.1888773,
              43.5317494
            ],
            [
              -80.1889912,
              43.5317745
            ],
            [
              -80.1890467,
              43.5317857
            ],
            [
              -80.1890875,
              43.5317834
            ],
            [
              -80.1892924,
              43.5318281
            ],
            [
              -80.1894164,
              43.531861
            ],
            [
              -80.1895705,
              43.5318929
            ],
            [
              -80.1897931,
              43.531932
            ],
            [
              -80.1898948,
              43.531956
            ],
            [
              -80.1899525,
              43.53198
            ],
            [
              -80.1900003,
              43.5320057
            ],
            [
              -80.190028,
              43.5320224
            ],
            [
              -80.1901104,
              43.5320772
            ],
            [
              -80.1902214,
              43.5321391
            ],
            [
              -80.1902868,
              43.532171
            ],
            [
              -80.1903508,
              43.5321872
            ],
            [
              -80.1903985,
              43.532209
            ],
            [
              -80.190448,
              43.5322252
            ],
            [
              -80.1905347,
              43.5322527
            ],
            [
              -80.1905739,
              43.5322719
            ],
            [
              -80.190612,
              43.532291
            ],
            [
              -80.1906629,
              43.532289
            ],
            [
              -80.1907179,
              43.5322695
            ],
            [
              -80.1907517,
              43.5322353
            ],
            [
              -80.1908047,
              43.5322069
            ],
            [
              -80.1908407,
              43.5322016
            ],
            [
              -80.1908979,
              43.5322101
            ],
            [
              -80.1909411,
              43.5322415
            ],
            [
              -80.190958,
              43.5322729
            ],
            [
              -80.19098,
              43.5323299
            ],
            [
              -80.1909889,
              43.5323942
            ],
            [
              -80.1909839,
              43.5324312
            ],
            [
              -80.1909572,
              43.5324666
            ],
            [
              -80.1909254,
              43.5324836
            ],
            [
              -80.1908813,
              43.5324959
            ],
            [
              -80.1908427,
              43.5324967
            ],
            [
              -80.190806,
              43.5324893
            ],
            [
              -80.1907811,
              43.5324677
            ],
            [
              -80.1907373,
              43.5324304
            ],
            [
              -80.1906996,
              43.532366
            ],
            [
              -80.190645,
              43.5323513
            ],
            [
              -80.1906103,
              43.5323491
            ],
            [
              -80.1905687,
              43.532358
            ],
            [
              -80.1905356,
              43.5323798
            ],
            [
              -80.1905033,
              43.5324022
            ],
            [
              -80.1904702,
              43.5324234
            ],
            [
              -80.1904124,
              43.5324429
            ],
            [
              -80.1903569,
              43.5324519
            ],
            [
              -80.1903284,
              43.5324541
            ],
            [
              -80.1902838,
              43.5324435
            ],
            [
              -80.190219,
              43.5324156
            ],
            [
              -80.1901543,
              43.5323826
            ],
            [
              -80.1900843,
              43.5323547
            ],
            [
              -80.1899741,
              43.5323162
            ],
            [
              -80.1898909,
              43.5322983
            ],
            [
              -80.1898162,
              43.5322642
            ],
            [
              -80.1897407,
              43.532248
            ],
            [
              -80.1896575,
              43.5322196
            ],
            [
              -80.189599,
              43.5321939
            ],
            [
              -80.189542,
              43.5321671
            ],
            [
              -80.1894704,
              43.5321302
            ],
            [
              -80.1894049,
              43.5321213
            ],
            [
              -80.1892647,
              43.5320956
            ],
            [
              -80.1891291,
              43.532061
            ],
            [
              -80.1890059,
              43.532018
            ],
            [
              -80.1888834,
              43.5319755
            ],
            [
              -80.188774,
              43.5319448
            ],
            [
              -80.1886416,
              43.5319174
            ],
            [
              -80.1885522,
              43.5319018
            ],
            [
              -80.1884521,
              43.5318594
            ],
            [
              -80.1883951,
              43.5318398
            ],
            [
              -80.1883596,
              43.5318203
            ],
            [
              -80.1883419,
              43.5318074
            ],
            [
              -80.1883165,
              43.5317996
            ],
            [
              -80.1882711,
              43.5317817
            ],
            [
              -80.1882449,
              43.5317583
            ],
            [
              -80.1881763,
              43.5317186
            ],
            [
              -80.1880977,
              43.5316902
            ],
            [
              -80.1880361,
              43.5316678
            ],
            [
              -80.1879745,
              43.5316405
            ],
            [
              -80.187889,
              43.5316092
            ],
            [
              -80.1878282,
              43.5315969
            ],
            [
              -80.1877804,
              43.5315963
            ],
            [
              -80.1877041,
              43.5316075
            ],
            [
              -80.1875855,
              43.5316444
            ],
            [
              -80.1874569,
              43.5316963
            ],
            [
              -80.1873483,
              43.5317482
            ],
            [
              -80.1872404,
              43.5317935
            ],
            [
              -80.1871026,
              43.5318577
            ],
            [
              -80.1869385,
              43.5319426
            ],
            [
              -80.1868137,
              43.5320085
            ],
            [
              -80.1867344,
              43.5320476
            ]
          ]
        ]
      }
    },
    {
      "type": "Feature",
      "properties": {
        "@id": "way/910027989",
        "golf": "bunker",
        "natural": "sand"
      },
      "geometry": {
        "type": "Polygon",
        "coordinates": [
          [
            [
              -80.1868663,
              43.5315433
            ],
            [
              -80.186878,
              43.5315514
            ],
            [
              -80.1868866,
              43.5315539
            ],
            [
              -80.1869014,
              43.5315573
            ],
            [
              -80.1869141,
              43.5315539
            ],
            [
              -80.1869278,
              43.5315536
            ],
            [
              -80.1869374,
              43.5315495
            ],
            [
              -80.186941,
              43.5315403
            ],
            [
              -80.1869456,
              43.5315311
            ],
            [
              -80.186943,
              43.5315189
            ],
            [
              -80.1869369,
              43.5315112
            ],
            [
              -80.1869263,
              43.5315031
            ],
            [
              -80.1869125,
              43.5314946
            ],
            [
              -80.1869034,
              43.5314946
            ],
            [
              -80.1868968,
              43.5314909
            ],
            [
              -80.1868892,
              43.5314924
            ],
            [
              -80.186881,
              43.5314965
            ],
            [
              -80.1868744,
              43.5314946
            ],
            [
              -80.1868678,
              43.5314983
            ],
            [
              -80.1868612,
              43.5315057
            ],
            [
              -80.1868541,
              43.5315186
            ],
            [
              -80.1868521,
              43.5315252
            ],
            [
              -80.1868577,
              43.5315381
            ],
            [
              -80.1868663,
              43.5315433
            ]
          ]
        ]
      }
    },
    {
      "type": "Feature",
      "properties": {
        "@id": "way/910027990",
        "golf": "bunker",
        "natural": "sand"
      },
      "geometry": {
        "type": "Polygon",
        "coordinates": [
          [
            [
              -80.1869679,
              43.5313959
            ],
            [
              -80.1869847,
              43.5314062
            ],
            [
              -80.1870014,
              43.531411
            ],
            [
              -80.1870156,
              43.5314103
            ],
            [
              -80.1870309,
              43.5314062
            ],
            [
              -80.1870406,
              43.5314025
            ],
            [
              -80.1870497,
              43.5313996
            ],
            [
              -80.1870614,
              43.5313874
            ],
            [
              -80.1870675,
              43.5313764
            ],
            [
              -80.1870639,
              43.531358
            ],
            [
              -80.1870578,
              43.5313429
            ],
            [
              -80.1870451,
              43.531334
            ],
            [
              -80.1870202,
              43.53133
            ],
            [
              -80.1869953,
              43.5313289
            ],
            [
              -80.186977,
              43.5313314
            ],
            [
              -80.1869592,
              43.5313395
            ],
            [
              -80.1869455,
              43.5313495
            ],
            [
              -80.1869399,
              43.531365
            ],
            [
              -80.1869562,
              43.5313874
            ],
            [
              -80.1869679,
              43.5313959
            ]
          ]
        ]
      }
    },
    {
      "type": "Feature",
      "properties": {
        "@id": "way/910027991",
        "golf": "bunker",
        "natural": "sand"
      },
      "geometry": {
        "type": "Polygon",
        "coordinates": [
          [
            [
              -80.1871848,
              43.5313026
            ],
            [
              -80.1871964,
              43.5313136
            ],
            [
              -80.1872158,
              43.5313217
            ],
            [
              -80.1872422,
              43.5313225
            ],
            [
              -80.1872595,
              43.5313195
            ],
            [
              -80.1872706,
              43.5313151
            ],
            [
              -80.1872818,
              43.5312989
            ],
            [
              -80.1872818,
              43.5312823
            ],
            [
              -80.1872772,
              43.5312694
            ],
            [
              -80.187263,
              43.5312539
            ],
            [
              -80.1872503,
              43.5312447
            ],
            [
              -80.18723,
              43.5312407
            ],
            [
              -80.1872071,
              43.5312414
            ],
            [
              -80.1871898,
              43.531248
            ],
            [
              -80.1871741,
              43.531262
            ],
            [
              -80.187171,
              43.5312749
            ],
            [
              -80.1871741,
              43.5312908
            ],
            [
              -80.1871848,
              43.5313026
            ]
          ]
        ]
      }
    },
    {
      "type": "Feature",
      "properties": {
        "@id": "way/910027992",
        "golf": "bunker",
        "natural": "sand"
      },
      "geometry": {
        "type": "Polygon",
        "coordinates": [
          [
            [
              -80.187199,
              43.5311589
            ],
            [
              -80.1872168,
              43.5311692
            ],
            [
              -80.1872315,
              43.5311747
            ],
            [
              -80.1872483,
              43.5311696
            ],
            [
              -80.1872625,
              43.5311655
            ],
            [
              -80.1872772,
              43.5311559
            ],
            [
              -80.1872828,
              43.5311452
            ],
            [
              -80.1872869,
              43.5311316
            ],
            [
              -80.1872813,
              43.5311184
            ],
            [
              -80.1872696,
              43.5311084
            ],
            [
              -80.1872483,
              43.5311021
            ],
            [
              -80.1872259,
              43.5311003
            ],
            [
              -80.1872071,
              43.5311066
            ],
            [
              -80.1871954,
              43.5311176
            ],
            [
              -80.1871914,
              43.5311338
            ],
            [
              -80.1871929,
              43.5311464
            ],
            [
              -80.187199,
              43.5311589
            ]
          ]
        ]
      }
    },
    {
      "type": "Feature",
      "properties": {
        "@id": "way/910027993",
        "golf": "bunker",
        "natural": "sand"
      },
      "geometry": {
        "type": "Polygon",
        "coordinates": [
          [
            [
              -80.1874363,
              43.5310833
            ],
            [
              -80.1874673,
              43.5310867
            ],
            [
              -80.1874963,
              43.531083
            ],
            [
              -80.1875049,
              43.53108
            ],
            [
              -80.1875196,
              43.5310553
            ],
            [
              -80.1875074,
              43.5310303
            ],
            [
              -80.1874932,
              43.5310248
            ],
            [
              -80.1874663,
              43.5310167
            ],
            [
              -80.1874475,
              43.5310163
            ],
            [
              -80.1874327,
              43.5310203
            ],
            [
              -80.1874226,
              43.5310281
            ],
            [
              -80.187417,
              43.5310413
            ],
            [
              -80.1874139,
              43.5310513
            ],
            [
              -80.187418,
              43.5310638
            ],
            [
              -80.1874251,
              43.5310752
            ],
            [
              -80.1874363,
              43.5310833
            ]
          ]
        ]
      }
    },
    {
      "type": "Feature",
      "properties": {
        "@id": "way/910027994",
        "golf": "bunker",
        "natural": "sand"
      },
      "geometry": {
        "type": "Polygon",
        "coordinates": [
          [
            [
              -80.1879168,
              43.5313038
            ],
            [
              -80.18795,
              43.5313097
            ],
            [
              -80.1879757,
              43.5313088
            ],
            [
              -80.1879857,
              43.531305
            ],
            [
              -80.1879938,
              43.5312957
            ],
            [
              -80.1880008,
              43.5312885
            ],
            [
              -80.1879997,
              43.5312771
            ],
            [
              -80.1879886,
              43.5312619
            ],
            [
              -80.1879822,
              43.5312551
            ],
            [
              -80.1879646,
              43.5312538
            ],
            [
              -80.1879506,
              43.5312551
            ],
            [
              -80.1879401,
              43.5312445
            ],
            [
              -80.1879296,
              43.5312339
            ],
            [
              -80.1879127,
              43.5312314
            ],
            [
              -80.1878876,
              43.5312305
            ],
            [
              -80.1878753,
              43.5312348
            ],
            [
              -80.1878601,
              43.5312454
            ],
            [
              -80.1878555,
              43.5312606
            ],
            [
              -80.1878677,
              43.5312784
            ],
            [
              -80.1878794,
              43.5312936
            ],
            [
              -80.1878975,
              43.5312995
            ],
            [
              -80.1879168,
              43.5313038
            ]
          ]
        ]
      }
    },
    {
      "type": "Feature",
      "properties": {
        "@id": "way/910027995",
        "golf": "bunker",
        "natural": "sand"
      },
      "geometry": {
        "type": "Polygon",
        "coordinates": [
          [
            [
              -80.1880948,
              43.5313397
            ],
            [
              -80.1881205,
              43.5313579
            ],
            [
              -80.1881596,
              43.5313694
            ],
            [
              -80.1881847,
              43.5313753
            ],
            [
              -80.1882139,
              43.5313753
            ],
            [
              -80.1882332,
              43.5313715
            ],
            [
              -80.1882443,
              43.5313643
            ],
            [
              -80.1882536,
              43.5313558
            ],
            [
              -80.1882588,
              43.5313465
            ],
            [
              -80.1882489,
              43.5313342
            ],
            [
              -80.1882372,
              43.5313262
            ],
            [
              -80.1882192,
              43.531327
            ],
            [
              -80.1882051,
              43.5313308
            ],
            [
              -80.1881987,
              43.5313334
            ],
            [
              -80.1881865,
              43.5313266
            ],
            [
              -80.1881713,
              43.531319
            ],
            [
              -80.1881637,
              43.5313093
            ],
            [
              -80.1881368,
              43.5312991
            ],
            [
              -80.1881147,
              43.5313038
            ],
            [
              -80.1880966,
              43.531311
            ],
            [
              -80.1880901,
              43.5313173
            ],
            [
              -80.1880901,
              43.5313287
            ],
            [
              -80.1880948,
              43.5313397
            ]
          ]
        ]
      }
    },
    {
      "type": "Feature",
      "properties": {
        "@id": "way/910027996",
        "golf": "bunker",
        "natural": "sand"
      },
      "geometry": {
        "type": "Polygon",
        "coordinates": [
          [
            [
              -80.1901104,
              43.5320369
            ],
            [
              -80.1901237,
              43.5320398
            ],
            [
              -80.1901471,
              43.5320379
            ],
            [
              -80.1901595,
              43.5320296
            ],
            [
              -80.1901635,
              43.5320228
            ],
            [
              -80.1901582,
              43.5319834
            ],
            [
              -80.1901392,
              43.531968
            ],
            [
              -80.1901272,
              43.5319641
            ],
            [
              -80.1901126,
              43.531967
            ],
            [
              -80.1900971,
              43.5319686
            ],
            [
              -80.1900852,
              43.5319737
            ],
            [
              -80.1900768,
              43.5319805
            ],
            [
              -80.1900724,
              43.5319885
            ],
            [
              -80.1900737,
              43.5320033
            ],
            [
              -80.190079,
              43.5320158
            ],
            [
              -80.1900909,
              43.5320254
            ],
            [
              -80.1900971,
              43.5320318
            ],
            [
              -80.1901104,
              43.5320369
            ]
          ]
        ]
      }
    },
    {
      "type": "Feature",
      "properties": {
        "@id": "way/910027997",
        "golf": "bunker",
        "natural": "sand"
      },
      "geometry": {
        "type": "Polygon",
        "coordinates": [
          [
            [
              -80.1902197,
              43.5321001
            ],
            [
              -80.1902352,
              43.5321078
            ],
            [
              -80.1902533,
              43.532112
            ],
            [
              -80.1902683,
              43.5321145
            ],
            [
              -80.190286,
              43.5321101
            ],
            [
              -80.1902958,
              43.5321043
            ],
            [
              -80.1903028,
              43.5320998
            ],
            [
              -80.1903042,
              43.5320873
            ],
            [
              -80.1902993,
              43.5320777
            ],
            [
              -80.1902882,
              43.5320652
            ],
            [
              -80.1902675,
              43.5320575
            ],
            [
              -80.1902542,
              43.5320539
            ],
            [
              -80.1902316,
              43.5320526
            ],
            [
              -80.1902161,
              43.5320568
            ],
            [
              -80.1902055,
              43.5320661
            ],
            [
              -80.1901993,
              43.5320735
            ],
            [
              -80.1902024,
              43.532087
            ],
            [
              -80.1902117,
              43.5320956
            ],
            [
              -80.1902197,
              43.5321001
            ]
          ]
        ]
      }
    },
    {
      "type": "Feature",
      "properties": {
        "@id": "way/910027998",
        "golf": "bunker",
        "natural": "sand"
      },
      "geometry": {
        "type": "Polygon",
        "coordinates": [
          [
            [
              -80.1905859,
              43.5322564
            ],
            [
              -80.190593,
              43.5322664
            ],
            [
              -80.1906088,
              43.5322734
            ],
            [
              -80.1906286,
              43.5322749
            ],
            [
              -80.1906464,
              43.5322697
            ],
            [
              -80.1906596,
              43.5322653
            ],
            [
              -80.1906703,
              43.5322491
            ],
            [
              -80.1906754,
              43.5322347
            ],
            [
              -80.1906759,
              43.5322259
            ],
            [
              -80.1906617,
              43.5322144
            ],
            [
              -80.1906469,
              43.5322078
            ],
            [
              -80.1906312,
              43.5322063
            ],
            [
              -80.1906108,
              43.5322122
            ],
            [
              -80.1905946,
              43.5322266
            ],
            [
              -80.19059,
              43.5322329
            ],
            [
              -80.1905829,
              43.5322446
            ],
            [
              -80.1905859,
              43.5322564
            ]
          ]
        ]
      }
    },
    {
      "type": "Feature",
      "properties": {
        "@id": "way/910027999",
        "golf": "bunker",
        "natural": "sand"
      },
      "geometry": {
        "type": "Polygon",
        "coordinates": [
          [
            [
              -80.1905991,
              43.5324189
            ],
            [
              -80.1906144,
              43.5324373
            ],
            [
              -80.1906312,
              43.5324458
            ],
            [
              -80.1906515,
              43.5324469
            ],
            [
              -80.1906769,
              43.5324465
            ],
            [
              -80.1906927,
              43.532434
            ],
            [
              -80.1906901,
              43.5324027
            ],
            [
              -80.1906774,
              43.5323946
            ],
            [
              -80.1906617,
              43.5323843
            ],
            [
              -80.1906444,
              43.5323754
            ],
            [
              -80.1906322,
              43.5323714
            ],
            [
              -80.19062,
              43.532371
            ],
            [
              -80.1906073,
              43.5323732
            ],
            [
              -80.1905986,
              43.5323795
            ],
            [
              -80.1905915,
              43.5323869
            ],
            [
              -80.1905895,
              43.5323983
            ],
            [
              -80.190593,
              43.5324075
            ],
            [
              -80.1905991,
              43.5324189
            ]
          ]
        ]
      }
    },
    {
      "type": "Feature",
      "properties": {
        "@id": "way/910028000",
        "golf": "green",
        "landuse": "grass"
      },
      "geometry": {
        "type": "Polygon",
        "coordinates": [
          [
            [
              -80.1907625,
              43.5324036
            ],
            [
              -80.1907799,
              43.5324396
            ],
            [
              -80.1908198,
              43.532466
            ],
            [
              -80.1908581,
              43.532473
            ],
            [
              -80.1908928,
              43.5324676
            ],
            [
              -80.1909177,
              43.5324599
            ],
            [
              -80.1909499,
              43.5324348
            ],
            [
              -80.1909647,
              43.532384
            ],
            [
              -80.1909622,
              43.5323335
            ],
            [
              -80.190945,
              43.5322945
            ],
            [
              -80.1909213,
              43.5322538
            ],
            [
              -80.1908989,
              43.5322336
            ],
            [
              -80.1908736,
              43.532221
            ],
            [
              -80.1908385,
              43.5322164
            ],
            [
              -80.1907972,
              43.532224
            ],
            [
              -80.1907775,
              43.5322434
            ],
            [
              -80.1907578,
              43.5322809
            ],
            [
              -80.1907532,
              43.5323011
            ],
            [
              -80.1907498,
              43.53234
            ],
            [
              -80.1907552,
              43.5323776
            ],
            [
              -80.1907625,
              43.5324036
            ]
          ]
        ]
      }
    },
    {
      "type": "Feature",
      "properties": {
        "@id": "way/910050873",
        "golf": "hole",
        "par": "5",
        "ref": "8"
      },
      "geometry": {
        "type": "LineString",
        "coordinates": [
          [
            -80.1854433,
            43.5325644
          ],
          [
            -80.1876925,
            43.531423
          ],
          [
            -80.1890944,
            43.5319256
          ],
          [
            -80.1903576,
            43.532312
          ],
          [
            -80.1908259,
            43.5323254
          ]
        ]
      }
    },
    {
      "type": "Feature",
      "properties": {
        "@id": "way/910050874",
        "golf": "tee",
        "landuse": "grass"
      },
      "geometry": {
        "type": "Polygon",
        "coordinates": [
          [
            [
              -80.1917252,
              43.5327331
            ],
            [
              -80.191761,
              43.5327112
            ],
            [
              -80.1917905,
              43.5326869
            ],
            [
              -80.1918012,
              43.5326373
            ],
            [
              -80.1917798,
              43.5325546
            ],
            [
              -80.1917342,
              43.5325099
            ],
            [
              -80.191694,
              43.5324963
            ],
            [
              -80.191643,
              43.5325187
            ],
            [
              -80.1916269,
              43.5325634
            ],
            [
              -80.191639,
              43.5326169
            ],
            [
              -80.1916378,
              43.5326307
            ],
            [
              -80.1916469,
              43.5326594
            ],
            [
              -80.191654,
              43.5326801
            ],
            [
              -80.1916876,
              43.532708
            ],
            [
              -80.1917252,
              43.5327331
            ]
          ]
        ]
      }
    },
    {
      "type": "Feature",
      "properties": {
        "@id": "way/910050875",
        "golf": "tee",
        "landuse": "grass"
      },
      "geometry": {
        "type": "Polygon",
        "coordinates": [
          [
            [
              -80.1915071,
              43.5324692
            ],
            [
              -80.1915384,
              43.5324806
            ],
            [
              -80.1915726,
              43.5324833
            ],
            [
              -80.1916049,
              43.5324733
            ],
            [
              -80.1916177,
              43.5324589
            ],
            [
              -80.1916224,
              43.5324407
            ],
            [
              -80.1916127,
              43.5324109
            ],
            [
              -80.1915771,
              43.5323788
            ],
            [
              -80.1915445,
              43.5323672
            ],
            [
              -80.1915097,
              43.5323688
            ],
            [
              -80.1914778,
              43.5323824
            ],
            [
              -80.1914703,
              43.5323982
            ],
            [
              -80.191465,
              43.5324275
            ],
            [
              -80.1914798,
              43.5324512
            ],
            [
              -80.1915071,
              43.5324692
            ]
          ]
        ]
      }
    },
    {
      "type": "Feature",
      "properties": {
        "@id": "way/910050876",
        "golf": "tee",
        "landuse": "grass"
      },
      "geometry": {
        "type": "Polygon",
        "coordinates": [
          [
            [
              -80.1913529,
              43.5323009
            ],
            [
              -80.1913986,
              43.5323142
            ],
            [
              -80.191421,
              43.5323127
            ],
            [
              -80.1914352,
              43.5323076
            ],
            [
              -80.1914383,
              43.5322913
            ],
            [
              -80.1914311,
              43.5322685
            ],
            [
              -80.1914179,
              43.5322501
            ],
            [
              -80.1913935,
              43.5322346
            ],
            [
              -80.1913539,
              43.5322272
            ],
            [
              -80.1913214,
              43.5322464
            ],
            [
              -80.1913234,
              43.5322744
            ],
            [
              -80.1913366,
              43.5322891
            ],
            [
              -80.1913529,
              43.5323009
            ]
          ]
        ]
      }
    },
    {
      "type": "Feature",
      "properties": {
        "@id": "way/910050877",
        "golf": "tee",
        "landuse": "grass"
      },
      "geometry": {
        "type": "Polygon",
        "coordinates": [
          [
            [
              -80.1913046,
              43.5322074
            ],
            [
              -80.1913382,
              43.532217
            ],
            [
              -80.1913763,
              43.5322151
            ],
            [
              -80.1913719,
              43.5321856
            ],
            [
              -80.1913542,
              43.532165
            ],
            [
              -80.1913232,
              43.5321605
            ],
            [
              -80.191302,
              43.5321702
            ],
            [
              -80.1912905,
              43.5321901
            ],
            [
              -80.1913046,
              43.5322074
            ]
          ]
        ]
      }
    },
    {
      "type": "Feature",
      "properties": {
        "@id": "way/910050878",
        "golf": "tee",
        "landuse": "grass"
      },
      "geometry": {
        "type": "Polygon",
        "coordinates": [
          [
            [
              -80.1908193,
              43.5319018
            ],
            [
              -80.1908284,
              43.5319108
            ],
            [
              -80.1908391,
              43.5319158
            ],
            [
              -80.1908531,
              43.5319152
            ],
            [
              -80.1908672,
              43.5319118
            ],
            [
              -80.1908758,
              43.5319036
            ],
            [
              -80.190881,
              43.5318917
            ],
            [
              -80.1908763,
              43.5318761
            ],
            [
              -80.1908521,
              43.5318671
            ],
            [
              -80.1908286,
              43.5318711
            ],
            [
              -80.1908174,
              43.5318799
            ],
            [
              -80.1908145,
              43.5318916
            ],
            [
              -80.1908193,
              43.5319018
            ]
          ]
        ]
      }
    },
    {
      "type": "Feature",
      "properties": {
        "@id": "way/910050879",
        "golf": "fairway",
        "landuse": "grass"
      },
      "geometry": {
        "type": "Polygon",
        "coordinates": [
          [
            [
              -80.1906914,
              43.5317753
            ],
            [
              -80.1907348,
              43.5317843
            ],
            [
              -80.1907658,
              43.5317849
            ],
            [
              -80.1908188,
              43.5317702
            ],
            [
              -80.190841,
              43.5317509
            ],
            [
              -80.1908542,
              43.5317336
            ],
            [
              -80.1908613,
              43.531706
            ],
            [
              -80.1908595,
              43.531674
            ],
            [
              -80.1908454,
              43.5316284
            ],
            [
              -80.1908215,
              43.5316015
            ],
            [
              -80.1907896,
              43.5315611
            ],
            [
              -80.1906976,
              43.5314648
            ],
            [
              -80.1906729,
              43.5314398
            ],
            [
              -80.1906401,
              43.5314
            ],
            [
              -80.1905835,
              43.5313449
            ],
            [
              -80.1905631,
              43.5313218
            ],
            [
              -80.1905384,
              43.5312846
            ],
            [
              -80.1905198,
              43.5312557
            ],
            [
              -80.1904738,
              43.5311685
            ],
            [
              -80.1904517,
              43.5311255
            ],
            [
              -80.1904357,
              43.5311024
            ],
            [
              -80.1904242,
              43.5310889
            ],
            [
              -80.1904074,
              43.5310735
            ],
            [
              -80.190388,
              43.5310601
            ],
            [
              -80.190326,
              43.5310254
            ],
            [
              -80.1902818,
              43.5310023
            ],
            [
              -80.1902517,
              43.5309882
            ],
            [
              -80.1902247,
              43.5309657
            ],
            [
              -80.1901955,
              43.5309365
            ],
            [
              -80.1901786,
              43.5309103
            ],
            [
              -80.1901687,
              43.5308849
            ],
            [
              -80.1901594,
              43.5308544
            ],
            [
              -80.1901547,
              43.5308307
            ],
            [
              -80.1901605,
              43.5308053
            ],
            [
              -80.1901722,
              43.5307761
            ],
            [
              -80.1902002,
              43.5307215
            ],
            [
              -80.1902189,
              43.5306927
            ],
            [
              -80.1902393,
              43.5306572
            ],
            [
              -80.1902615,
              43.5306191
            ],
            [
              -80.1902761,
              43.5305878
            ],
            [
              -80.1902843,
              43.5305611
            ],
            [
              -80.1902901,
              43.5305353
            ],
            [
              -80.1902907,
              43.5305074
            ],
            [
              -80.1903018,
              43.5304807
            ],
            [
              -80.1903111,
              43.5304456
            ],
            [
              -80.1903205,
              43.5304083
            ],
            [
              -80.1903404,
              43.5303774
            ],
            [
              -80.1903486,
              43.5303461
            ],
            [
              -80.1903673,
              43.5303037
            ],
            [
              -80.1903906,
              43.5302614
            ],
            [
              -80.1904145,
              43.5302237
            ],
            [
              -80.1904356,
              43.5301992
            ],
            [
              -80.1904647,
              43.5301692
            ],
            [
              -80.1904863,
              43.5301459
            ],
            [
              -80.1905114,
              43.5301196
            ],
            [
              -80.1905237,
              43.5301065
            ],
            [
              -80.1905307,
              43.5300942
            ],
            [
              -80.1905301,
              43.5300786
            ],
            [
              -80.1905325,
              43.5300528
            ],
            [
              -80.1905313,
              43.5300117
            ],
            [
              -80.1905196,
              43.5299846
            ],
            [
              -80.1904928,
              43.5299474
            ],
            [
              -80.190491,
              43.5299114
            ],
            [
              -80.1904968,
              43.52985
            ],
            [
              -80.1905179,
              43.5298386
            ],
            [
              -80.1905495,
              43.5298353
            ],
            [
              -80.1906021,
              43.5298451
            ],
            [
              -80.1906838,
              43.5298727
            ],
            [
              -80.1907446,
              43.529879
            ],
            [
              -80.1907987,
              43.5298654
            ],
            [
              -80.1908365,
              43.5298368
            ],
            [
              -80.1908465,
              43.5298072
            ],
            [
              -80.1908371,
              43.529774
            ],
            [
              -80.1908203,
              43.529746
            ],
            [
              -80.1907935,
              43.5297099
            ],
            [
              -80.1907489,
              43.5296775
            ],
            [
              -80.190712,
              43.5296501
            ],
            [
              -80.1906658,
              43.5296301
            ],
            [
              -80.1906155,
              43.5296115
            ],
            [
              -80.1905596,
              43.5296101
            ],
            [
              -80.1905239,
              43.5296163
            ],
            [
              -80.1904883,
              43.5296302
            ],
            [
              -80.1904642,
              43.5296447
            ],
            [
              -80.1904497,
              43.529663
            ],
            [
              -80.1904362,
              43.5296968
            ],
            [
              -80.1904299,
              43.5297306
            ],
            [
              -80.190441,
              43.5297682
            ],
            [
              -80.190435,
              43.5297962
            ],
            [
              -80.1904187,
              43.5298076
            ],
            [
              -80.1903907,
              43.5298168
            ],
            [
              -80.1903592,
              43.5298282
            ],
            [
              -80.1903475,
              43.5298282
            ],
            [
              -80.1903323,
              43.5298352
            ],
            [
              -80.1903186,
              43.5298455
            ],
            [
              -80.1902942,
              43.5298673
            ],
            [
              -80.1902703,
              43.5298842
            ],
            [
              -80.1902434,
              43.529903
            ],
            [
              -80.1902225,
              43.5299207
            ],
            [
              -80.1902078,
              43.5299424
            ],
            [
              -80.1901961,
              43.5299631
            ],
            [
              -80.1901849,
              43.5300065
            ],
            [
              -80.1901758,
              43.5300508
            ],
            [
              -80.1901666,
              43.5301031
            ],
            [
              -80.1901605,
              43.5301414
            ],
            [
              -80.1901524,
              43.5301812
            ],
            [
              -80.1901448,
              43.5302026
            ],
            [
              -80.1901341,
              43.5302191
            ],
            [
              -80.1901359,
              43.5302485
            ],
            [
              -80.1900958,
              43.5303072
            ],
            [
              -80.190056,
              43.5303449
            ],
            [
              -80.1900073,
              43.5303844
            ],
            [
              -80.1899632,
              43.5304237
            ],
            [
              -80.1899368,
              43.5304527
            ],
            [
              -80.1899143,
              43.530477
            ],
            [
              -80.1898694,
              43.5305287
            ],
            [
              -80.1898556,
              43.5305563
            ],
            [
              -80.1898499,
              43.5306231
            ],
            [
              -80.1898281,
              43.5306692
            ],
            [
              -80.1898075,
              43.5307166
            ],
            [
              -80.1898003,
              43.5307899
            ],
            [
              -80.1897932,
              43.5308386
            ],
            [
              -80.1897979,
              43.5308922
            ],
            [
              -80.1898113,
              43.530962
            ],
            [
              -80.1898428,
              43.5310193
            ],
            [
              -80.1898851,
              43.5310955
            ],
            [
              -80.1899244,
              43.5311582
            ],
            [
              -80.1899703,
              43.5312044
            ],
            [
              -80.190037,
              43.5312702
            ],
            [
              -80.190069,
              43.5313
            ],
            [
              -80.1901239,
              43.5313404
            ],
            [
              -80.1902088,
              43.5314058
            ],
            [
              -80.1902637,
              43.5314482
            ],
            [
              -80.1903141,
              43.5314982
            ],
            [
              -80.1903424,
              43.5315258
            ],
            [
              -80.1903725,
              43.5315546
            ],
            [
              -80.1904238,
              43.5315995
            ],
            [
              -80.1904911,
              43.5316515
            ],
            [
              -80.1905291,
              43.5316849
            ],
            [
              -80.1905902,
              43.5317253
            ],
            [
              -80.1906282,
              43.5317522
            ],
            [
              -80.1906512,
              43.5317625
            ],
            [
              -80.1906914,
              43.5317753
            ]
          ]
        ]
      }
    },
    {
      "type": "Feature",
      "properties": {
        "@id": "way/910050880",
        "golf": "bunker",
        "natural": "sand"
      },
      "geometry": {
        "type": "Polygon",
        "coordinates": [
          [
            [
              -80.1903657,
              43.530903
            ],
            [
              -80.1903744,
              43.5309118
            ],
            [
              -80.1903824,
              43.5309176
            ],
            [
              -80.1903979,
              43.5309181
            ],
            [
              -80.1904093,
              43.5309147
            ],
            [
              -80.1904146,
              43.5309098
            ],
            [
              -80.1904213,
              43.530903
            ],
            [
              -80.19043,
              43.5308977
            ],
            [
              -80.1904428,
              43.5308962
            ],
            [
              -80.1904595,
              43.5308972
            ],
            [
              -80.1904689,
              43.5308977
            ],
            [
              -80.1904783,
              43.530903
            ],
            [
              -80.1904857,
              43.5309098
            ],
            [
              -80.1904917,
              43.5309161
            ],
            [
              -80.1904931,
              43.5309254
            ],
            [
              -80.1904897,
              43.5309385
            ],
            [
              -80.1904777,
              43.5309497
            ],
            [
              -80.1904676,
              43.5309575
            ],
            [
              -80.1904549,
              43.5309652
            ],
            [
              -80.1904394,
              43.5309701
            ],
            [
              -80.1904247,
              43.5309745
            ],
            [
              -80.1904133,
              43.5309754
            ],
            [
              -80.1903999,
              43.5309764
            ],
            [
              -80.1903838,
              43.5309735
            ],
            [
              -80.1903677,
              43.5309686
            ],
            [
              -80.1903449,
              43.5309628
            ],
            [
              -80.1903167,
              43.530954
            ],
            [
              -80.1902906,
              43.5309443
            ],
            [
              -80.1902785,
              43.530939
            ],
            [
              -80.1902705,
              43.5309312
            ],
            [
              -80.1902658,
              43.530922
            ],
            [
              -80.1902664,
              43.5309098
            ],
            [
              -80.1902705,
              43.5308977
            ],
            [
              -80.1902798,
              43.530886
            ],
            [
              -80.1902852,
              43.5308806
            ],
            [
              -80.1902993,
              43.5308753
            ],
            [
              -80.1903228,
              43.5308748
            ],
            [
              -80.1903362,
              43.5308763
            ],
            [
              -80.1903476,
              43.5308816
            ],
            [
              -80.1903563,
              43.5308879
            ],
            [
              -80.1903603,
              43.5308947
            ],
            [
              -80.1903657,
              43.530903
            ]
          ]
        ]
      }
    },
    {
      "type": "Feature",
      "properties": {
        "@id": "way/910050881",
        "golf": "bunker",
        "natural": "sand"
      },
      "geometry": {
        "type": "Polygon",
        "coordinates": [
          [
            [
              -80.1906391,
              43.5299593
            ],
            [
              -80.1906546,
              43.5299622
            ],
            [
              -80.1906727,
              43.5299613
            ],
            [
              -80.1906794,
              43.529959
            ],
            [
              -80.1906904,
              43.5299513
            ],
            [
              -80.1906909,
              43.5299407
            ],
            [
              -80.1906896,
              43.5299318
            ],
            [
              -80.1906767,
              43.5299221
            ],
            [
              -80.1906608,
              43.5299221
            ],
            [
              -80.1906458,
              43.5299244
            ],
            [
              -80.1906351,
              43.5299279
            ],
            [
              -80.1906272,
              43.529935
            ],
            [
              -80.1906232,
              43.5299436
            ],
            [
              -80.1906281,
              43.5299532
            ],
            [
              -80.1906391,
              43.5299593
            ]
          ]
        ]
      }
    },
    {
      "type": "Feature",
      "properties": {
        "@id": "way/910050882",
        "golf": "bunker",
        "natural": "sand"
      },
      "geometry": {
        "type": "Polygon",
        "coordinates": [
          [
            [
              -80.1905524,
              43.5298965
            ],
            [
              -80.1905591,
              43.5299039
            ],
            [
              -80.1905732,
              43.5299055
            ],
            [
              -80.1905843,
              43.5299029
            ],
            [
              -80.1905967,
              43.5298987
            ],
            [
              -80.1906015,
              43.5298923
            ],
            [
              -80.1906068,
              43.5298824
            ],
            [
              -80.1906046,
              43.5298734
            ],
            [
              -80.1906002,
              43.5298695
            ],
            [
              -80.1905905,
              43.5298679
            ],
            [
              -80.1905767,
              43.5298666
            ],
            [
              -80.1905621,
              43.5298676
            ],
            [
              -80.1905529,
              43.5298715
            ],
            [
              -80.1905471,
              43.5298769
            ],
            [
              -80.1905453,
              43.5298888
            ],
            [
              -80.1905524,
              43.5298965
            ]
          ]
        ]
      }
    },
    {
      "type": "Feature",
      "properties": {
        "@id": "way/910050883",
        "golf": "bunker",
        "natural": "sand"
      },
      "geometry": {
        "type": "Polygon",
        "coordinates": [
          [
            [
              -80.190334,
              43.5297774
            ],
            [
              -80.1903472,
              43.5297877
            ],
            [
              -80.1903604,
              43.5297958
            ],
            [
              -80.1903685,
              43.5298002
            ],
            [
              -80.1903888,
              43.5298006
            ],
            [
              -80.190397,
              43.5297995
            ],
            [
              -80.1904077,
              43.529794
            ],
            [
              -80.1904132,
              43.5297899
            ],
            [
              -80.1904168,
              43.5297811
            ],
            [
              -80.1904158,
              43.5297741
            ],
            [
              -80.1904112,
              43.5297667
            ],
            [
              -80.1904031,
              43.5297619
            ],
            [
              -80.1903944,
              43.529756
            ],
            [
              -80.1903838,
              43.5297538
            ],
            [
              -80.1903792,
              43.5297505
            ],
            [
              -80.1903767,
              43.5297424
            ],
            [
              -80.1903787,
              43.5297336
            ],
            [
              -80.1903807,
              43.5297225
            ],
            [
              -80.1903848,
              43.5297085
            ],
            [
              -80.1903894,
              43.5296989
            ],
            [
              -80.1903899,
              43.5296901
            ],
            [
              -80.1903863,
              43.5296823
            ],
            [
              -80.1903787,
              43.5296746
            ],
            [
              -80.1903726,
              43.5296691
            ],
            [
              -80.1903558,
              43.5296691
            ],
            [
              -80.1903446,
              43.5296717
            ],
            [
              -80.1903375,
              43.5296768
            ],
            [
              -80.1903335,
              43.5296834
            ],
            [
              -80.190335,
              43.5296982
            ],
            [
              -80.1903375,
              43.5297103
            ],
            [
              -80.1903401,
              43.5297214
            ],
            [
              -80.1903401,
              43.5297306
            ],
            [
              -80.190335,
              43.5297402
            ],
            [
              -80.1903299,
              43.5297523
            ],
            [
              -80.1903299,
              43.5297597
            ],
            [
              -80.1903289,
              43.5297715
            ],
            [
              -80.190334,
              43.5297774
            ]
          ]
        ]
      }
    },
    {
      "type": "Feature",
      "properties": {
        "@id": "way/910050884",
        "golf": "bunker",
        "natural": "sand"
      },
      "geometry": {
        "type": "Polygon",
        "coordinates": [
          [
            [
              -80.1905428,
              43.5295877
            ],
            [
              -80.1905729,
              43.5295885
            ],
            [
              -80.1905952,
              43.5295882
            ],
            [
              -80.1906171,
              43.5295899
            ],
            [
              -80.1906318,
              43.5295902
            ],
            [
              -80.1906418,
              43.5295938
            ],
            [
              -80.1906507,
              43.5295991
            ],
            [
              -80.1906649,
              43.5296081
            ],
            [
              -80.1906757,
              43.5296159
            ],
            [
              -80.1906822,
              43.5296203
            ],
            [
              -80.1906926,
              43.5296212
            ],
            [
              -80.1907,
              43.529617
            ],
            [
              -80.1907061,
              43.5296145
            ],
            [
              -80.1907111,
              43.5296117
            ],
            [
              -80.190715,
              43.5296047
            ],
            [
              -80.1907177,
              43.5295977
            ],
            [
              -80.1907177,
              43.5295921
            ],
            [
              -80.1907142,
              43.5295868
            ],
            [
              -80.1907138,
              43.5295813
            ],
            [
              -80.1907046,
              43.5295759
            ],
            [
              -80.1906922,
              43.5295729
            ],
            [
              -80.190683,
              43.5295704
            ],
            [
              -80.1906703,
              43.5295732
            ],
            [
              -80.190663,
              43.5295715
            ],
            [
              -80.1906576,
              43.5295642
            ],
            [
              -80.1906499,
              43.5295578
            ],
            [
              -80.1906426,
              43.5295508
            ],
            [
              -80.1906356,
              43.5295469
            ],
            [
              -80.1906283,
              43.5295444
            ],
            [
              -80.1906187,
              43.529545
            ],
            [
              -80.1906094,
              43.5295466
            ],
            [
              -80.1905998,
              43.5295486
            ],
            [
              -80.1905894,
              43.5295486
            ],
            [
              -80.1905825,
              43.529548
            ],
            [
              -80.1905625,
              43.5295394
            ],
            [
              -80.1905528,
              43.5295332
            ],
            [
              -80.1905478,
              43.5295293
            ],
            [
              -80.1905432,
              43.5295265
            ],
            [
              -80.1905332,
              43.5295257
            ],
            [
              -80.1905282,
              43.5295271
            ],
            [
              -80.1905186,
              43.5295318
            ],
            [
              -80.1905116,
              43.5295374
            ],
            [
              -80.1905093,
              43.5295455
            ],
            [
              -80.1905101,
              43.5295544
            ],
            [
              -80.1905101,
              43.5295617
            ],
            [
              -80.1905128,
              43.5295692
            ],
            [
              -80.1905186,
              43.5295743
            ],
            [
              -80.1905263,
              43.5295796
            ],
            [
              -80.1905351,
              43.5295843
            ],
            [
              -80.1905428,
              43.5295877
            ]
          ]
        ]
      }
    },
    {
      "type": "Feature",
      "properties": {
        "@id": "way/910050885",
        "golf": "green",
        "landuse": "grass"
      },
      "geometry": {
        "type": "Polygon",
        "coordinates": [
          [
            [
              -80.1906244,
              43.529833
            ],
            [
              -80.1906832,
              43.5298473
            ],
            [
              -80.1907162,
              43.5298516
            ],
            [
              -80.1907516,
              43.5298449
            ],
            [
              -80.1907804,
              43.5298332
            ],
            [
              -80.1907932,
              43.5298216
            ],
            [
              -80.1908086,
              43.5297807
            ],
            [
              -80.1908008,
              43.5297512
            ],
            [
              -80.1907892,
              43.5297248
            ],
            [
              -80.1907525,
              43.5297001
            ],
            [
              -80.1907036,
              43.529663
            ],
            [
              -80.1906553,
              43.5296366
            ],
            [
              -80.1906141,
              43.529624
            ],
            [
              -80.1905774,
              43.529623
            ],
            [
              -80.1905383,
              43.5296277
            ],
            [
              -80.1904997,
              43.5296433
            ],
            [
              -80.1904705,
              43.5296627
            ],
            [
              -80.1904571,
              43.5296804
            ],
            [
              -80.1904488,
              43.5297112
            ],
            [
              -80.190461,
              43.5297322
            ],
            [
              -80.1904861,
              43.5297585
            ],
            [
              -80.1905207,
              43.5297817
            ],
            [
              -80.1905769,
              43.5298078
            ],
            [
              -80.1906244,
              43.529833
            ]
          ]
        ]
      }
    },
    {
      "type": "Feature",
      "properties": {
        "@id": "way/910050887",
        "golf": "cartpath",
        "golf_cart": "designated",
        "highway": "service"
      },
      "geometry": {
        "type": "LineString",
        "coordinates": [
          [
            -80.1907132,
            43.5301175
          ],
          [
            -80.1908016,
            43.5300096
          ],
          [
            -80.1908987,
            43.5298999
          ],
          [
            -80.1909342,
            43.5298438
          ],
          [
            -80.190954,
            43.5297987
          ],
          [
            -80.1909549,
            43.5297553
          ],
          [
            -80.1909426,
            43.5297097
          ],
          [
            -80.1909048,
            43.529667
          ],
          [
            -80.1908791,
            43.5296407
          ],
          [
            -80.1908467,
            43.5296187
          ],
          [
            -80.1908168,
            43.5295845
          ],
          [
            -80.1907972,
            43.5295509
          ],
          [
            -80.1907824,
            43.5295115
          ],
          [
            -80.1907769,
            43.5294632
          ],
          [
            -80.1907657,
            43.5294273
          ],
          [
            -80.1907414,
            43.5294012
          ],
          [
            -80.1906956,
            43.5293634
          ],
          [
            -80.1905736,
            43.5294251
          ],
          [
            -80.1905034,
            43.5294548
          ],
          [
            -80.1904181,
            43.5294837
          ],
          [
            -80.1903371,
            43.5294987
          ],
          [
            -80.1902688,
            43.5295033
          ],
          [
            -80.1901965,
            43.5294998
          ],
          [
            -80.1900755,
            43.5294864
          ],
          [
            -80.1899445,
            43.5294737
          ],
          [
            -80.189908,
            43.5294708
          ]
        ]
      }
    },
    {
      "type": "Feature",
      "properties": {
        "@id": "way/910050888",
        "golf": "cartpath",
        "golf_cart": "designated",
        "highway": "service"
      },
      "geometry": {
        "type": "LineString",
        "coordinates": [
          [
            -80.1906956,
            43.5293634
          ],
          [
            -80.1908053,
            43.529311
          ],
          [
            -80.1908945,
            43.5292789
          ],
          [
            -80.1909345,
            43.5292687
          ],
          [
            -80.190978,
            43.529267
          ],
          [
            -80.1910515,
            43.5292815
          ],
          [
            -80.1911331,
            43.5293083
          ],
          [
            -80.1912035,
            43.5293419
          ],
          [
            -80.1912282,
            43.5293562
          ],
          [
            -80.1913109,
            43.5294039
          ],
          [
            -80.1913817,
            43.5294359
          ],
          [
            -80.1914839,
            43.5294874
          ],
          [
            -80.1915275,
            43.5295202
          ],
          [
            -80.1915607,
            43.5295748
          ],
          [
            -80.1916278,
            43.5296079
          ],
          [
            -80.19177,
            43.5296901
          ],
          [
            -80.1918553,
            43.5297325
          ],
          [
            -80.1919291,
            43.5297687
          ],
          [
            -80.191992,
            43.5298186
          ],
          [
            -80.1920243,
            43.5298744
          ],
          [
            -80.1920386,
            43.5299184
          ],
          [
            -80.192062,
            43.5299776
          ],
          [
            -80.1920708,
            43.5300232
          ],
          [
            -80.1920748,
            43.5300611
          ],
          [
            -80.1920653,
            43.5300997
          ]
        ]
      }
    },
    {
      "type": "Feature",
      "properties": {
        "@id": "way/910050889",
        "golf": "hole",
        "par": "4",
        "ref": "9"
      },
      "geometry": {
        "type": "LineString",
        "coordinates": [
          [
            -80.1917166,
            43.5326266
          ],
          [
            -80.1909564,
            43.5318073
          ],
          [
            -80.1899929,
            43.530982
          ],
          [
            -80.1900945,
            43.5304809
          ],
          [
            -80.1903872,
            43.5299061
          ],
          [
            -80.1906271,
            43.5297204
          ]
        ]
      }
    },
    {
      "type": "Feature",
      "properties": {
        "@id": "way/910050890",
        "golf": "cartpath",
        "golf_cart": "designated",
        "highway": "service"
      },
      "geometry": {
        "type": "LineString",
        "coordinates": [
          [
            -80.1904094,
            43.5325121
          ],
          [
            -80.1905157,
            43.5325139
          ],
          [
            -80.1905622,
            43.5325196
          ],
          [
            -80.1906021,
            43.5325298
          ],
          [
            -80.1906671,
            43.5325527
          ],
          [
            -80.1907377,
            43.5325787
          ],
          [
            -80.1907689,
            43.5325869
          ],
          [
            -80.1908021,
            43.5325919
          ],
          [
            -80.1908461,
            43.5325935
          ],
          [
            -80.1909093,
            43.5325878
          ],
          [
            -80.1909724,
            43.5325783
          ],
          [
            -80.1910124,
            43.5325725
          ],
          [
            -80.1910743,
            43.5325703
          ],
          [
            -80.1911202,
            43.5325783
          ],
          [
            -80.1911685,
            43.5325892
          ],
          [
            -80.1912485,
            43.5326058
          ],
          [
            -80.1913453,
            43.5326117
          ],
          [
            -80.1914273,
            43.5326134
          ],
          [
            -80.1915052,
            43.5326116
          ],
          [
            -80.1915396,
            43.5326009
          ],
          [
            -80.1915525,
            43.532588
          ],
          [
            -80.1915605,
            43.5325725
          ],
          [
            -80.1915555,
            43.5325555
          ],
          [
            -80.1915378,
            43.5325421
          ],
          [
            -80.1915072,
            43.532528
          ],
          [
            -80.1914707,
            43.5325141
          ],
          [
            -80.1914383,
            43.5324922
          ],
          [
            -80.1914029,
            43.5324589
          ],
          [
            -80.191354,
            43.5323915
          ],
          [
            -80.1913019,
            43.5323062
          ],
          [
            -80.1912515,
            43.5322315
          ],
          [
            -80.1911874,
            43.5321535
          ],
          [
            -80.1910579,
            43.5319899
          ],
          [
            -80.1909244,
            43.531826
          ]
        ]
      }
    },
    {
      "type": "Feature",
      "properties": {
        "@id": "way/910050895",
        "golf": "tee",
        "landuse": "grass"
      },
      "geometry": {
        "type": "Polygon",
        "coordinates": [
          [
            [
              -80.1904844,
              43.529344
            ],
            [
              -80.1905332,
              43.5293455
            ],
            [
              -80.190582,
              43.5293322
            ],
            [
              -80.1906156,
              43.529316
            ],
            [
              -80.190638,
              43.5292836
            ],
            [
              -80.190639,
              43.5292474
            ],
            [
              -80.190642,
              43.5292187
            ],
            [
              -80.1905942,
              43.5292032
            ],
            [
              -80.19052,
              43.5292143
            ],
            [
              -80.1904895,
              43.5292356
            ],
            [
              -80.1904641,
              43.5292585
            ],
            [
              -80.1904377,
              43.5292858
            ],
            [
              -80.1904366,
              43.529313
            ],
            [
              -80.1904488,
              43.5293329
            ],
            [
              -80.1904844,
              43.529344
            ]
          ]
        ]
      }
    },
    {
      "type": "Feature",
      "properties": {
        "@id": "way/910050896",
        "golf": "tee",
        "landuse": "grass"
      },
      "geometry": {
        "type": "Polygon",
        "coordinates": [
          [
            [
              -80.1902663,
              43.5293629
            ],
            [
              -80.1902806,
              43.5293879
            ],
            [
              -80.1903201,
              43.5294165
            ],
            [
              -80.1903366,
              43.5294229
            ],
            [
              -80.1903619,
              43.5294189
            ],
            [
              -80.190371,
              43.5294034
            ],
            [
              -80.1903859,
              43.529334
            ],
            [
              -80.190396,
              43.5292765
            ],
            [
              -80.1904047,
              43.5292486
            ],
            [
              -80.1904134,
              43.529226
            ],
            [
              -80.1904026,
              43.5292081
            ],
            [
              -80.1903793,
              43.5291996
            ],
            [
              -80.190338,
              43.529218
            ],
            [
              -80.1902948,
              43.5292538
            ],
            [
              -80.1902734,
              43.5292914
            ],
            [
              -80.1902633,
              43.5293349
            ],
            [
              -80.1902663,
              43.5293629
            ]
          ]
        ]
      }
    },
    {
      "type": "Feature",
      "properties": {
        "@id": "way/910050897",
        "golf": "tee",
        "landuse": "grass"
      },
      "geometry": {
        "type": "Polygon",
        "coordinates": [
          [
            [
              -80.1900855,
              43.5293616
            ],
            [
              -80.1901038,
              43.5293859
            ],
            [
              -80.1901323,
              43.5293999
            ],
            [
              -80.1901668,
              43.5294073
            ],
            [
              -80.1901933,
              43.5293903
            ],
            [
              -80.1902035,
              43.5293601
            ],
            [
              -80.1901963,
              43.5293129
            ],
            [
              -80.1901872,
              43.5292849
            ],
            [
              -80.1901587,
              43.5292606
            ],
            [
              -80.1901211,
              43.5292561
            ],
            [
              -80.1900886,
              43.5292797
            ],
            [
              -80.1900764,
              43.5293151
            ],
            [
              -80.1900794,
              43.5293365
            ],
            [
              -80.1900855,
              43.5293616
            ]
          ]
        ]
      }
    },
    {
      "type": "Feature",
      "properties": {
        "@id": "way/910050898",
        "golf": "tee",
        "landuse": "grass"
      },
      "geometry": {
        "type": "Polygon",
        "coordinates": [
          [
            [
              -80.1895408,
              43.5293829
            ],
            [
              -80.1895682,
              43.5293998
            ],
            [
              -80.1895977,
              43.5293991
            ],
            [
              -80.1896252,
              43.5293799
            ],
            [
              -80.1896292,
              43.5293578
            ],
            [
              -80.189617,
              43.5293401
            ],
            [
              -80.1895937,
              43.5293328
            ],
            [
              -80.1895652,
              43.5293342
            ],
            [
              -80.1895489,
              43.5293453
            ],
            [
              -80.1895428,
              43.5293637
            ],
            [
              -80.1895408,
              43.5293829
            ]
          ]
        ]
      }
    },
    {
      "type": "Feature",
      "properties": {
        "@id": "way/910058514",
        "golf": "fairway",
        "landuse": "grass"
      },
      "geometry": {
        "type": "Polygon",
        "coordinates": [
          [
            [
              -80.1887825,
              43.529667
            ],
            [
              -80.1888429,
              43.5296368
            ],
            [
              -80.1888818,
              43.5296242
            ],
            [
              -80.1889247,
              43.5296057
            ],
            [
              -80.1889596,
              43.5295882
            ],
            [
              -80.1889837,
              43.5295561
            ],
            [
              -80.1889824,
              43.5295123
            ],
            [
              -80.1889743,
              43.5294764
            ],
            [
              -80.1889569,
              43.5294345
            ],
            [
              -80.1889247,
              43.5294083
            ],
            [
              -80.1888845,
              43.5293927
            ],
            [
              -80.1887973,
              43.529382
            ],
            [
              -80.1887101,
              43.5293927
            ],
            [
              -80.1886524,
              43.5293947
            ],
            [
              -80.1886188,
              43.5293898
            ],
            [
              -80.18849,
              43.5294073
            ],
            [
              -80.1883773,
              43.5294268
            ],
            [
              -80.1882969,
              43.5294462
            ],
            [
              -80.1882311,
              43.5294666
            ],
            [
              -80.1880956,
              43.5294764
            ],
            [
              -80.1880124,
              43.5294832
            ],
            [
              -80.1879306,
              43.5294822
            ],
            [
              -80.1878018,
              43.5294871
            ],
            [
              -80.187724,
              43.5295036
            ],
            [
              -80.1876831,
              43.5295293
            ],
            [
              -80.1876114,
              43.5295379
            ],
            [
              -80.1874637,
              43.5295437
            ],
            [
              -80.1873828,
              43.5295553
            ],
            [
              -80.1873062,
              43.5295731
            ],
            [
              -80.1871868,
              43.5296087
            ],
            [
              -80.187093,
              43.52963
            ],
            [
              -80.1869765,
              43.5296504
            ],
            [
              -80.1868287,
              43.5296677
            ],
            [
              -80.1866072,
              43.5296862
            ],
            [
              -80.1863774,
              43.5297004
            ],
            [
              -80.1862364,
              43.529715
            ],
            [
              -80.1860899,
              43.5297419
            ],
            [
              -80.1859975,
              43.5297646
            ],
            [
              -80.1859331,
              43.5297853
            ],
            [
              -80.1858822,
              43.5298121
            ],
            [
              -80.1858298,
              43.5298335
            ],
            [
              -80.1857751,
              43.5298474
            ],
            [
              -80.1857142,
              43.5298642
            ],
            [
              -80.1856472,
              43.5298784
            ],
            [
              -80.1855915,
              43.5298901
            ],
            [
              -80.1855305,
              43.5299017
            ],
            [
              -80.1854726,
              43.5299096
            ],
            [
              -80.1854303,
              43.5299225
            ],
            [
              -80.1853903,
              43.5299369
            ],
            [
              -80.1853468,
              43.5299631
            ],
            [
              -80.1853122,
              43.5299885
            ],
            [
              -80.1852632,
              43.5300515
            ],
            [
              -80.1852444,
              43.5300972
            ],
            [
              -80.1852148,
              43.5301279
            ],
            [
              -80.1851735,
              43.5301488
            ],
            [
              -80.1851306,
              43.530166
            ],
            [
              -80.1850948,
              43.530181
            ],
            [
              -80.1850598,
              43.5301914
            ],
            [
              -80.1850192,
              43.5302002
            ],
            [
              -80.1849958,
              43.5302024
            ],
            [
              -80.1849287,
              43.5301833
            ],
            [
              -80.1848728,
              43.530173
            ],
            [
              -80.1847835,
              43.5301685
            ],
            [
              -80.1847438,
              43.5301805
            ],
            [
              -80.1846929,
              43.5302053
            ],
            [
              -80.1846794,
              43.5302237
            ],
            [
              -80.1846637,
              43.5302547
            ],
            [
              -80.1846623,
              43.5302791
            ],
            [
              -80.1846755,
              43.5303012
            ],
            [
              -80.1846847,
              43.5303196
            ],
            [
              -80.1846959,
              43.5303381
            ],
            [
              -80.1847121,
              43.5303506
            ],
            [
              -80.1847416,
              43.5303661
            ],
            [
              -80.1847782,
              43.5303808
            ],
            [
              -80.1848087,
              43.5303875
            ],
            [
              -80.1848565,
              43.5303941
            ],
            [
              -80.1848839,
              43.5303963
            ],
            [
              -80.1849226,
              43.5303801
            ],
            [
              -80.1849816,
              43.5303602
            ],
            [
              -80.1850151,
              43.5303432
            ],
            [
              -80.1850395,
              43.53033
            ],
            [
              -80.1850731,
              43.5303123
            ],
            [
              -80.1851178,
              43.5302747
            ],
            [
              -80.1851402,
              43.5302467
            ],
            [
              -80.1851625,
              43.5302187
            ],
            [
              -80.1851981,
              43.5302054
            ],
            [
              -80.1852469,
              43.5301943
            ],
            [
              -80.1853049,
              43.5301877
            ],
            [
              -80.1853537,
              43.5301877
            ],
            [
              -80.1853943,
              43.5301855
            ],
            [
              -80.1854391,
              43.5301914
            ],
            [
              -80.1854889,
              43.5301951
            ],
            [
              -80.1855428,
              43.5301877
            ],
            [
              -80.1855723,
              43.5301825
            ],
            [
              -80.1855946,
              43.5301737
            ],
            [
              -80.1856211,
              43.5301626
            ],
            [
              -80.1856414,
              43.5301531
            ],
            [
              -80.1856516,
              43.5301442
            ],
            [
              -80.1856699,
              43.5301309
            ],
            [
              -80.1856882,
              43.5301169
            ],
            [
              -80.1857187,
              43.5301015
            ],
            [
              -80.1857339,
              43.5300882
            ],
            [
              -80.1857532,
              43.5300801
            ],
            [
              -80.1857939,
              43.5300675
            ],
            [
              -80.1858498,
              43.5300521
            ],
            [
              -80.1859007,
              43.5300388
            ],
            [
              -80.1859495,
              43.530027
            ],
            [
              -80.1860023,
              43.5300167
            ],
            [
              -80.1860603,
              43.5300056
            ],
            [
              -80.186106,
              43.5299997
            ],
            [
              -80.1861691,
              43.529996
            ],
            [
              -80.1862209,
              43.5299946
            ],
            [
              -80.1862758,
              43.5299931
            ],
            [
              -80.1863145,
              43.5299946
            ],
            [
              -80.1863572,
              43.5299946
            ],
            [
              -80.186408,
              43.5299865
            ],
            [
              -80.1864558,
              43.5299806
            ],
            [
              -80.1864914,
              43.5299747
            ],
            [
              -80.186531,
              43.5299658
            ],
            [
              -80.1865656,
              43.5299592
            ],
            [
              -80.1866083,
              43.5299481
            ],
            [
              -80.1866561,
              43.5299326
            ],
            [
              -80.1866957,
              43.5299231
            ],
            [
              -80.1867415,
              43.5299105
            ],
            [
              -80.1867832,
              43.529901
            ],
            [
              -80.1868361,
              43.5298869
            ],
            [
              -80.1868727,
              43.5298825
            ],
            [
              -80.1869296,
              43.5298707
            ],
            [
              -80.1870099,
              43.5298611
            ],
            [
              -80.1871258,
              43.5298449
            ],
            [
              -80.187198,
              43.5298346
            ],
            [
              -80.1872732,
              43.5298265
            ],
            [
              -80.1873546,
              43.5298162
            ],
            [
              -80.1874135,
              43.5298125
            ],
            [
              -80.1874685,
              43.5298118
            ],
            [
              -80.1875315,
              43.5298059
            ],
            [
              -80.1875894,
              43.5298007
            ],
            [
              -80.1876423,
              43.5298007
            ],
            [
              -80.1877125,
              43.5297955
            ],
            [
              -80.1877796,
              43.5297889
            ],
            [
              -80.1878609,
              43.529786
            ],
            [
              -80.1879178,
              43.5297815
            ],
            [
              -80.1879697,
              43.5297837
            ],
            [
              -80.1880185,
              43.5297867
            ],
            [
              -80.1880785,
              43.5297874
            ],
            [
              -80.1881141,
              43.5297845
            ],
            [
              -80.1881629,
              43.5297793
            ],
            [
              -80.1882168,
              43.529772
            ],
            [
              -80.1882656,
              43.5297631
            ],
            [
              -80.1883296,
              43.5297498
            ],
            [
              -80.1883876,
              43.5297344
            ],
            [
              -80.1884303,
              43.529724
            ],
            [
              -80.188477,
              43.5297174
            ],
            [
              -80.1886143,
              43.5296916
            ],
            [
              -80.1886824,
              43.5296813
            ],
            [
              -80.1887825,
              43.529667
            ]
          ]
        ]
      }
    },
    {
      "type": "Feature",
      "properties": {
        "@id": "way/910058515",
        "golf": "bunker",
        "natural": "sand"
      },
      "geometry": {
        "type": "Polygon",
        "coordinates": [
          [
            [
              -80.1881094,
              43.5294378
            ],
            [
              -80.1881225,
              43.5294445
            ],
            [
              -80.1881441,
              43.5294461
            ],
            [
              -80.1881633,
              43.5294456
            ],
            [
              -80.188178,
              43.5294422
            ],
            [
              -80.188198,
              43.5294394
            ],
            [
              -80.1882111,
              43.5294316
            ],
            [
              -80.1882226,
              43.5294232
            ],
            [
              -80.188228,
              43.5294098
            ],
            [
              -80.1882257,
              43.5293992
            ],
            [
              -80.1882219,
              43.5293847
            ],
            [
              -80.1882095,
              43.5293752
            ],
            [
              -80.1881934,
              43.5293685
            ],
            [
              -80.1881656,
              43.5293685
            ],
            [
              -80.1881464,
              43.5293724
            ],
            [
              -80.1881263,
              43.5293791
            ],
            [
              -80.1881148,
              43.529388
            ],
            [
              -80.1881071,
              43.5293964
            ],
            [
              -80.1881009,
              43.5294054
            ],
            [
              -80.1880994,
              43.5294137
            ],
            [
              -80.1881017,
              43.5294299
            ],
            [
              -80.1881094,
              43.5294378
            ]
          ]
        ]
      }
    },
    {
      "type": "Feature",
      "properties": {
        "@id": "way/910058516",
        "golf": "bunker",
        "natural": "sand"
      },
      "geometry": {
        "type": "Polygon",
        "coordinates": [
          [
            [
              -80.1876616,
              43.5294614
            ],
            [
              -80.1876448,
              43.5294696
            ],
            [
              -80.1876307,
              43.5294779
            ],
            [
              -80.187624,
              43.5294867
            ],
            [
              -80.1876233,
              43.5294944
            ],
            [
              -80.1876254,
              43.5295032
            ],
            [
              -80.1876334,
              43.5295081
            ],
            [
              -80.1876502,
              43.529511
            ],
            [
              -80.1876676,
              43.5295115
            ],
            [
              -80.1876891,
              43.5295095
            ],
            [
              -80.1877025,
              43.5295037
            ],
            [
              -80.1877152,
              43.5294954
            ],
            [
              -80.1877287,
              43.5294798
            ],
            [
              -80.1877374,
              43.5294653
            ],
            [
              -80.1877387,
              43.5294536
            ],
            [
              -80.1877334,
              43.5294424
            ],
            [
              -80.1877287,
              43.5294307
            ],
            [
              -80.1877146,
              43.529422
            ],
            [
              -80.1876924,
              43.529421
            ],
            [
              -80.1876804,
              43.5294268
            ],
            [
              -80.1876716,
              43.529439
            ],
            [
              -80.1876669,
              43.5294516
            ],
            [
              -80.1876616,
              43.5294614
            ]
          ]
        ]
      }
    },
    {
      "type": "Feature",
      "properties": {
        "@id": "way/910058522",
        "golf": "bunker",
        "natural": "sand"
      },
      "geometry": {
        "type": "Polygon",
        "coordinates": [
          [
            [
              -80.1851521,
              43.5299119
            ],
            [
              -80.1851429,
              43.5299175
            ],
            [
              -80.1851359,
              43.529922
            ],
            [
              -80.1851298,
              43.529922
            ],
            [
              -80.1851213,
              43.5299348
            ],
            [
              -80.1851197,
              43.5299449
            ],
            [
              -80.1851228,
              43.5299533
            ],
            [
              -80.1851328,
              43.5299628
            ],
            [
              -80.1851406,
              43.5299689
            ],
            [
              -80.1851614,
              43.5299689
            ],
            [
              -80.1851791,
              43.529965
            ],
            [
              -80.1851906,
              43.5299577
            ],
            [
              -80.1851983,
              43.5299488
            ],
            [
              -80.1852099,
              43.5299359
            ],
            [
              -80.1852222,
              43.5299164
            ],
            [
              -80.1852307,
              43.5299047
            ],
            [
              -80.185243,
              43.529894
            ],
            [
              -80.1852453,
              43.5298857
            ],
            [
              -80.1852438,
              43.5298762
            ],
            [
              -80.1852346,
              43.5298672
            ],
            [
              -80.1852207,
              43.5298611
            ],
            [
              -80.1852037,
              43.5298611
            ],
            [
              -80.1851837,
              43.5298633
            ],
            [
              -80.1851644,
              43.5298678
            ],
            [
              -80.1851567,
              43.529879
            ],
            [
              -80.1851552,
              43.5298896
            ],
            [
              -80.1851552,
              43.5299052
            ],
            [
              -80.1851521,
              43.5299119
            ]
          ]
        ]
      }
    },
    {
      "type": "Feature",
      "properties": {
        "@id": "way/910058523",
        "golf": "bunker",
        "natural": "sand"
      },
      "geometry": {
        "type": "Polygon",
        "coordinates": [
          [
            [
              -80.1849545,
              43.5301658
            ],
            [
              -80.184972,
              43.5301536
            ],
            [
              -80.1849808,
              43.5301527
            ],
            [
              -80.1849895,
              43.5301553
            ],
            [
              -80.184996,
              43.5301637
            ],
            [
              -80.1850036,
              43.5301735
            ],
            [
              -80.1850111,
              43.5301815
            ],
            [
              -80.1850152,
              43.530187
            ],
            [
              -80.1850234,
              43.53019
            ],
            [
              -80.1850398,
              43.5301895
            ],
            [
              -80.1850514,
              43.5301862
            ],
            [
              -80.1850584,
              43.5301802
            ],
            [
              -80.185066,
              43.5301726
            ],
            [
              -80.1850725,
              43.5301637
            ],
            [
              -80.185073,
              43.5301565
            ],
            [
              -80.1850678,
              43.5301489
            ],
            [
              -80.1850619,
              43.5301362
            ],
            [
              -80.1850555,
              43.5301303
            ],
            [
              -80.1850409,
              43.5301227
            ],
            [
              -80.1850252,
              43.530115
            ],
            [
              -80.1850065,
              43.5301112
            ],
            [
              -80.1849726,
              43.5301108
            ],
            [
              -80.184944,
              43.5301104
            ],
            [
              -80.1849148,
              43.5301104
            ],
            [
              -80.1849019,
              43.5301078
            ],
            [
              -80.1848833,
              43.5301091
            ],
            [
              -80.1848687,
              43.5301142
            ],
            [
              -80.1848593,
              43.5301252
            ],
            [
              -80.184857,
              43.5301366
            ],
            [
              -80.1848587,
              43.5301468
            ],
            [
              -80.1848646,
              43.5301553
            ],
            [
              -80.1848733,
              43.5301586
            ],
            [
              -80.1848891,
              43.5301561
            ],
            [
              -80.1849014,
              43.5301544
            ],
            [
              -80.1849072,
              43.530154
            ],
            [
              -80.1849177,
              43.5301616
            ],
            [
              -80.1849276,
              43.5301675
            ],
            [
              -80.1849335,
              43.5301722
            ],
            [
              -80.1849469,
              43.5301713
            ],
            [
              -80.1849522,
              43.5301692
            ],
            [
              -80.1849545,
              43.5301658
            ]
          ]
        ]
      }
    },
    {
      "type": "Feature",
      "properties": {
        "@id": "way/910058524",
        "golf": "bunker",
        "natural": "sand"
      },
      "geometry": {
        "type": "Polygon",
        "coordinates": [
          [
            [
              -80.1851985,
              43.5302731
            ],
            [
              -80.1852049,
              43.5302807
            ],
            [
              -80.1852113,
              43.5302875
            ],
            [
              -80.1852253,
              43.5302904
            ],
            [
              -80.1852382,
              43.5302921
            ],
            [
              -80.1852528,
              43.5302925
            ],
            [
              -80.1852639,
              43.5302887
            ],
            [
              -80.1852744,
              43.5302815
            ],
            [
              -80.185282,
              43.5302701
            ],
            [
              -80.1852826,
              43.5302582
            ],
            [
              -80.1852773,
              43.5302485
            ],
            [
              -80.1852668,
              43.5302375
            ],
            [
              -80.1852464,
              43.5302337
            ],
            [
              -80.1852277,
              43.5302362
            ],
            [
              -80.1852142,
              43.530243
            ],
            [
              -80.1852002,
              43.5302502
            ],
            [
              -80.1851979,
              43.5302587
            ],
            [
              -80.1851985,
              43.5302731
            ]
          ]
        ]
      }
    },
    {
      "type": "Feature",
      "properties": {
        "@id": "way/910058525",
        "golf": "bunker",
        "natural": "sand"
      },
      "geometry": {
        "type": "Polygon",
        "coordinates": [
          [
            [
              -80.1850858,
              43.530403
            ],
            [
              -80.1850945,
              43.5304098
            ],
            [
              -80.185105,
              43.5304157
            ],
            [
              -80.1851202,
              43.53042
            ],
            [
              -80.1851313,
              43.5304225
            ],
            [
              -80.1851477,
              43.5304187
            ],
            [
              -80.1851582,
              43.5304136
            ],
            [
              -80.1851681,
              43.5304081
            ],
            [
              -80.1851728,
              43.5304005
            ],
            [
              -80.185178,
              43.5303869
            ],
            [
              -80.185174,
              43.5303759
            ],
            [
              -80.1851675,
              43.5303679
            ],
            [
              -80.1851535,
              43.530362
            ],
            [
              -80.1851383,
              43.5303565
            ],
            [
              -80.1851243,
              43.5303565
            ],
            [
              -80.185108,
              43.5303594
            ],
            [
              -80.1850998,
              43.5303649
            ],
            [
              -80.1850951,
              43.53037
            ],
            [
              -80.1850875,
              43.5303827
            ],
            [
              -80.1850858,
              43.5303912
            ],
            [
              -80.1850858,
              43.530403
            ]
          ]
        ]
      }
    },
    {
      "type": "Feature",
      "properties": {
        "@id": "way/910058526",
        "golf": "bunker",
        "natural": "sand"
      },
      "geometry": {
        "type": "Polygon",
        "coordinates": [
          [
            [
              -80.1847725,
              43.5304653
            ],
            [
              -80.1847822,
              43.5304756
            ],
            [
              -80.1847902,
              43.5304871
            ],
            [
              -80.1847982,
              43.5304923
            ],
            [
              -80.1848097,
              43.530498
            ],
            [
              -80.1848212,
              43.5304903
            ],
            [
              -80.1848336,
              43.5304794
            ],
            [
              -80.1848398,
              43.5304737
            ],
            [
              -80.1848398,
              43.5304621
            ],
            [
              -80.1848309,
              43.5304544
            ],
            [
              -80.1848123,
              43.530448
            ],
            [
              -80.1848008,
              43.5304422
            ],
            [
              -80.1847813,
              43.5304326
            ],
            [
              -80.1847716,
              43.5304262
            ],
            [
              -80.1847406,
              43.5304262
            ],
            [
              -80.1847203,
              43.5304281
            ],
            [
              -80.1847079,
              43.5304339
            ],
            [
              -80.184699,
              43.5304435
            ],
            [
              -80.1846928,
              43.5304518
            ],
            [
              -80.1846884,
              43.5304615
            ],
            [
              -80.1846893,
              43.5304685
            ],
            [
              -80.1846981,
              43.5304711
            ],
            [
              -80.1847212,
              43.5304704
            ],
            [
              -80.1847344,
              43.5304679
            ],
            [
              -80.1847468,
              43.530466
            ],
            [
              -80.1847592,
              43.5304647
            ],
            [
              -80.1847725,
              43.5304653
            ]
          ]
        ]
      }
    },
    {
      "type": "Feature",
      "properties": {
        "@id": "way/910058527",
        "golf": "green",
        "landuse": "grass"
      },
      "geometry": {
        "type": "Polygon",
        "coordinates": [
          [
            [
              -80.1850019,
              43.5302166
            ],
            [
              -80.1850156,
              43.5302342
            ],
            [
              -80.1850272,
              43.5302502
            ],
            [
              -80.185036,
              43.5302705
            ],
            [
              -80.1850329,
              43.5303006
            ],
            [
              -80.1850218,
              43.5303202
            ],
            [
              -80.1850055,
              43.5303382
            ],
            [
              -80.1849674,
              43.5303545
            ],
            [
              -80.1849479,
              43.5303658
            ],
            [
              -80.1849085,
              43.5303757
            ],
            [
              -80.1848926,
              43.5303828
            ],
            [
              -80.1848767,
              43.5303876
            ],
            [
              -80.1848435,
              43.530385
            ],
            [
              -80.1848023,
              43.5303776
            ],
            [
              -80.1847771,
              43.5303693
            ],
            [
              -80.1847563,
              43.5303577
            ],
            [
              -80.1847355,
              43.5303439
            ],
            [
              -80.1847187,
              43.5303311
            ],
            [
              -80.1847072,
              43.5303112
            ],
            [
              -80.1846979,
              43.5302916
            ],
            [
              -80.184693,
              43.5302788
            ],
            [
              -80.1846899,
              43.5302589
            ],
            [
              -80.1846944,
              43.5302448
            ],
            [
              -80.1847045,
              43.5302239
            ],
            [
              -80.184716,
              43.5302095
            ],
            [
              -80.1847329,
              43.5301995
            ],
            [
              -80.1847634,
              43.5301922
            ],
            [
              -80.1847984,
              43.5301906
            ],
            [
              -80.184851,
              43.5301941
            ],
            [
              -80.1848904,
              43.5302021
            ],
            [
              -80.1849324,
              43.5302095
            ],
            [
              -80.184963,
              43.5302133
            ],
            [
              -80.1850019,
              43.5302166
            ]
          ]
        ]
      }
    },
    {
      "type": "Feature",
      "properties": {
        "@id": "way/910058528",
        "golf": "hole",
        "par": "5",
        "ref": "10"
      },
      "geometry": {
        "type": "LineString",
        "coordinates": [
          [
            -80.1905234,
            43.5292753
          ],
          [
            -80.1878514,
            43.5296615
          ],
          [
            -80.1860946,
            43.5298797
          ],
          [
            -80.1848379,
            43.5302748
          ]
        ]
      }
    },
    {
      "type": "Feature",
      "properties": {
        "@id": "way/910058529",
        "golf": "cartpath",
        "golf_cart": "designated",
        "highway": "service"
      },
      "geometry": {
        "type": "LineString",
        "coordinates": [
          [
            -80.1854921,
            43.5303724
          ],
          [
            -80.1855721,
            43.5303613
          ],
          [
            -80.1856508,
            43.5303491
          ],
          [
            -80.1857016,
            43.5303517
          ],
          [
            -80.1857523,
            43.5303709
          ],
          [
            -80.1858014,
            43.530396
          ],
          [
            -80.1858489,
            43.5304246
          ],
          [
            -80.185885,
            43.5304626
          ],
          [
            -80.1859102,
            43.5304979
          ],
          [
            -80.1859314,
            43.5305584
          ],
          [
            -80.1859323,
            43.5305941
          ],
          [
            -80.1859257,
            43.5306597
          ],
          [
            -80.1858918,
            43.5307239
          ],
          [
            -80.1858288,
            43.5307999
          ],
          [
            -80.1857787,
            43.5308697
          ],
          [
            -80.1857339,
            43.5309371
          ],
          [
            -80.1856464,
            43.5310827
          ],
          [
            -80.1855563,
            43.5312644
          ],
          [
            -80.1855307,
            43.5313228
          ],
          [
            -80.1855046,
            43.5314051
          ],
          [
            -80.1854679,
            43.5315401
          ],
          [
            -80.1854262,
            43.5317191
          ],
          [
            -80.1853872,
            43.5318603
          ],
          [
            -80.185377,
            43.5319683
          ],
          [
            -80.1853638,
            43.5320386
          ],
          [
            -80.1853264,
            43.5321113
          ],
          [
            -80.1853009,
            43.5321599
          ],
          [
            -80.185271,
            43.5322064
          ],
          [
            -80.1852375,
            43.5322434
          ],
          [
            -80.1851954,
            43.5322857
          ],
          [
            -80.1851943,
            43.5323119
          ],
          [
            -80.1852169,
            43.532344
          ],
          [
            -80.1852552,
            43.5323702
          ],
          [
            -80.1853009,
            43.5323779
          ],
          [
            -80.1853425,
            43.5323662
          ],
          [
            -80.1853861,
            43.5323325
          ],
          [
            -80.1854541,
            43.5322682
          ],
          [
            -80.1855192,
            43.532203
          ],
          [
            -80.1856084,
            43.5321081
          ],
          [
            -80.1857081,
            43.5320168
          ],
          [
            -80.1858271,
            43.5319234
          ],
          [
            -80.1859593,
            43.531826
          ],
          [
            -80.1861038,
            43.5317193
          ]
        ]
      }
    },
    {
      "type": "Feature",
      "properties": {
        "@id": "way/910058530",
        "golf": "tee",
        "landuse": "grass"
      },
      "geometry": {
        "type": "Polygon",
        "coordinates": [
          [
            [
              -80.1855235,
              43.5306921
            ],
            [
              -80.1857696,
              43.5304975
            ],
            [
              -80.1858041,
              43.5305211
            ],
            [
              -80.1858285,
              43.5305491
            ],
            [
              -80.1858428,
              43.5305786
            ],
            [
              -80.1858489,
              43.5306214
            ],
            [
              -80.1858428,
              43.5306538
            ],
            [
              -80.1858224,
              43.5306966
            ],
            [
              -80.1857919,
              43.530729
            ],
            [
              -80.1857391,
              43.5307555
            ],
            [
              -80.1857045,
              43.5307732
            ],
            [
              -80.1856557,
              43.5307777
            ],
            [
              -80.185615,
              43.5307629
            ],
            [
              -80.1855805,
              43.5307305
            ],
            [
              -80.1855581,
              43.5307231
            ],
            [
              -80.1855235,
              43.5306921
            ]
          ]
        ]
      }
    },
    {
      "type": "Feature",
      "properties": {
        "@id": "way/910058531",
        "golf": "tee",
        "landuse": "grass"
      },
      "geometry": {
        "type": "Polygon",
        "coordinates": [
          [
            [
              -80.1855198,
              43.5309674
            ],
            [
              -80.1854771,
              43.5309822
            ],
            [
              -80.185473,
              43.5310072
            ],
            [
              -80.1854825,
              43.531026
            ],
            [
              -80.1855117,
              43.5310441
            ],
            [
              -80.1855381,
              43.5310397
            ],
            [
              -80.1855645,
              43.5310294
            ],
            [
              -80.1855808,
              43.5309984
            ],
            [
              -80.1855808,
              43.5309836
            ],
            [
              -80.1855645,
              43.5309719
            ],
            [
              -80.1855462,
              43.5309645
            ],
            [
              -80.1855198,
              43.5309674
            ]
          ]
        ]
      }
    },
    {
      "type": "Feature",
      "properties": {
        "@id": "way/910058532",
        "golf": "fairway",
        "landuse": "grass"
      },
      "geometry": {
        "type": "Polygon",
        "coordinates": [
          [
            [
              -80.1852203,
              43.5315228
            ],
            [
              -80.1851666,
              43.5315313
            ],
            [
              -80.1851374,
              43.5315473
            ],
            [
              -80.1851082,
              43.5315787
            ],
            [
              -80.1850778,
              43.5316134
            ],
            [
              -80.185065,
              43.5316473
            ],
            [
              -80.1850673,
              43.5316794
            ],
            [
              -80.1850802,
              43.5317175
            ],
            [
              -80.1850825,
              43.5317446
            ],
            [
              -80.1850919,
              43.5317709
            ],
            [
              -80.1851024,
              43.531809
            ],
            [
              -80.1850954,
              43.5318318
            ],
            [
              -80.185072,
              43.5318471
            ],
            [
              -80.185065,
              43.5318708
            ],
            [
              -80.1850521,
              43.5318843
            ],
            [
              -80.1850381,
              43.5318937
            ],
            [
              -80.1850031,
              43.531908
            ],
            [
              -80.1849622,
              43.5319216
            ],
            [
              -80.1849237,
              43.5319445
            ],
            [
              -80.1848921,
              43.5319834
            ],
            [
              -80.1848816,
              43.5320147
            ],
            [
              -80.1848816,
              43.5320291
            ],
            [
              -80.1848851,
              43.5320444
            ],
            [
              -80.1849015,
              43.532063
            ],
            [
              -80.184905,
              43.5320808
            ],
            [
              -80.1849027,
              43.532096
            ],
            [
              -80.1849027,
              43.5321087
            ],
            [
              -80.1849167,
              43.5321434
            ],
            [
              -80.1849342,
              43.5321688
            ],
            [
              -80.1849517,
              43.5321858
            ],
            [
              -80.1849739,
              43.5321968
            ],
            [
              -80.1850008,
              43.5322086
            ],
            [
              -80.1850323,
              43.5322146
            ],
            [
              -80.1850627,
              43.5322146
            ],
            [
              -80.1851035,
              43.5322019
            ],
            [
              -80.1851222,
              43.5321909
            ],
            [
              -80.1851549,
              43.5321646
            ],
            [
              -80.1851713,
              43.5321113
            ],
            [
              -80.1851736,
              43.532085
            ],
            [
              -80.1851724,
              43.532063
            ],
            [
              -80.1851654,
              43.5320418
            ],
            [
              -80.1851514,
              43.5320207
            ],
            [
              -80.1851304,
              43.5319868
            ],
            [
              -80.1851316,
              43.531947
            ],
            [
              -80.1851386,
              43.531892
            ],
            [
              -80.1851502,
              43.5318776
            ],
            [
              -80.1851841,
              43.5318632
            ],
            [
              -80.1852121,
              43.5318462
            ],
            [
              -80.1852448,
              43.5318276
            ],
            [
              -80.1852799,
              43.5317827
            ],
            [
              -80.1853067,
              43.5317565
            ],
            [
              -80.1853219,
              43.5317243
            ],
            [
              -80.1853371,
              43.531682
            ],
            [
              -80.18535,
              43.5316422
            ],
            [
              -80.1853535,
              43.5316024
            ],
            [
              -80.1853465,
              43.5315863
            ],
            [
              -80.1853231,
              43.5315592
            ],
            [
              -80.1853044,
              43.5315397
            ],
            [
              -80.1852705,
              43.5315287
            ],
            [
              -80.1852203,
              43.5315228
            ]
          ]
        ]
      }
    },
    {
      "type": "Feature",
      "properties": {
        "@id": "way/910058533",
        "golf": "bunker",
        "natural": "sand"
      },
      "geometry": {
        "type": "Polygon",
        "coordinates": [
          [
            [
              -80.185028,
              43.5318138
            ],
            [
              -80.185056,
              43.5318297
            ],
            [
              -80.1850692,
              43.5318245
            ],
            [
              -80.1850763,
              43.5318186
            ],
            [
              -80.1850824,
              43.5318127
            ],
            [
              -80.1850849,
              43.531802
            ],
            [
              -80.1850814,
              43.5317902
            ],
            [
              -80.1850758,
              43.5317803
            ],
            [
              -80.1850682,
              43.5317729
            ],
            [
              -80.1850514,
              43.5317667
            ],
            [
              -80.1850336,
              43.5317663
            ],
            [
              -80.1850189,
              43.531767
            ],
            [
              -80.1850072,
              43.5317762
            ],
            [
              -80.1850006,
              43.5317862
            ],
            [
              -80.1849909,
              43.5317917
            ],
            [
              -80.1849833,
              43.5317961
            ],
            [
              -80.1849609,
              43.5317995
            ],
            [
              -80.1849518,
              43.5318024
            ],
            [
              -80.1849421,
              43.5318057
            ],
            [
              -80.184937,
              43.5318109
            ],
            [
              -80.184937,
              43.5318186
            ],
            [
              -80.1849411,
              43.5318278
            ],
            [
              -80.1849462,
              43.5318348
            ],
            [
              -80.1849533,
              43.5318437
            ],
            [
              -80.1849594,
              43.5318459
            ],
            [
              -80.1849695,
              43.5318481
            ],
            [
              -80.1849833,
              43.5318463
            ],
            [
              -80.1849924,
              43.531843
            ],
            [
              -80.1850031,
              43.5318319
            ],
            [
              -80.1850133,
              43.5318249
            ],
            [
              -80.1850199,
              43.5318194
            ],
            [
              -80.185028,
              43.5318138
            ]
          ]
        ]
      }
    },
    {
      "type": "Feature",
      "properties": {
        "@id": "way/910058534",
        "golf": "bunker",
        "natural": "sand"
      },
      "geometry": {
        "type": "Polygon",
        "coordinates": [
          [
            [
              -80.1852077,
              43.5319656
            ],
            [
              -80.1851955,
              43.5319718
            ],
            [
              -80.1851858,
              43.5319785
            ],
            [
              -80.1851797,
              43.5319881
            ],
            [
              -80.1851802,
              43.5319962
            ],
            [
              -80.1851889,
              43.5320098
            ],
            [
              -80.1852036,
              43.532019
            ],
            [
              -80.1852097,
              43.5320242
            ],
            [
              -80.1852306,
              43.5320234
            ],
            [
              -80.1852468,
              43.5320227
            ],
            [
              -80.1852611,
              43.5320164
            ],
            [
              -80.1852677,
              43.532012
            ],
            [
              -80.1852682,
              43.5320057
            ],
            [
              -80.1852641,
              43.5320017
            ],
            [
              -80.1852607,
              43.5319962
            ],
            [
              -80.1852738,
              43.5319934
            ],
            [
              -80.1852853,
              43.5319794
            ],
            [
              -80.1852884,
              43.5319693
            ],
            [
              -80.1852884,
              43.5319515
            ],
            [
              -80.1852845,
              43.5319414
            ],
            [
              -80.1852792,
              43.5319286
            ],
            [
              -80.1852707,
              43.531918
            ],
            [
              -80.1852645,
              43.5319085
            ],
            [
              -80.1852476,
              43.5318995
            ],
            [
              -80.1852329,
              43.5318911
            ],
            [
              -80.1852098,
              43.5318872
            ],
            [
              -80.1851952,
              43.5318856
            ],
            [
              -80.1851805,
              43.5318939
            ],
            [
              -80.185172,
              43.5318978
            ],
            [
              -80.1851659,
              43.5319034
            ],
            [
              -80.185162,
              43.5319124
            ],
            [
              -80.1851643,
              43.5319213
            ],
            [
              -80.1851697,
              43.5319308
            ],
            [
              -80.1851828,
              43.5319369
            ],
            [
              -80.1851998,
              43.5319381
            ],
            [
              -80.1852098,
              43.5319453
            ],
            [
              -80.1852152,
              43.5319537
            ],
            [
              -80.1852129,
              43.5319604
            ],
            [
              -80.1852077,
              43.5319656
            ]
          ]
        ]
      }
    },
    {
      "type": "Feature",
      "properties": {
        "@id": "way/910058535",
        "golf": "bunker",
        "natural": "sand"
      },
      "geometry": {
        "type": "Polygon",
        "coordinates": [
          [
            [
              -80.1847989,
              43.5320862
            ],
            [
              -80.184813,
              43.5320968
            ],
            [
              -80.1848223,
              43.5321026
            ],
            [
              -80.1848321,
              43.5321055
            ],
            [
              -80.1848511,
              43.5321058
            ],
            [
              -80.1848626,
              43.532102
            ],
            [
              -80.1848732,
              43.5320949
            ],
            [
              -80.1848821,
              43.5320885
            ],
            [
              -80.1848834,
              43.5320773
            ],
            [
              -80.1848838,
              43.5320622
            ],
            [
              -80.1848754,
              43.5320532
            ],
            [
              -80.1848639,
              43.532042
            ],
            [
              -80.1848582,
              43.5320365
            ],
            [
              -80.184852,
              43.5320349
            ],
            [
              -80.1848338,
              43.5320339
            ],
            [
              -80.1848179,
              43.5320365
            ],
            [
              -80.1848082,
              43.532042
            ],
            [
              -80.1847984,
              43.5320506
            ],
            [
              -80.184794,
              43.5320615
            ],
            [
              -80.1847936,
              43.5320734
            ],
            [
              -80.1847989,
              43.5320862
            ]
          ]
        ]
      }
    },
    {
      "type": "Feature",
      "properties": {
        "@id": "way/910058536",
        "golf": "green",
        "landuse": "grass"
      },
      "geometry": {
        "type": "Polygon",
        "coordinates": [
          [
            [
              -80.1851025,
              43.5319833
            ],
            [
              -80.1850676,
              43.5319565
            ],
            [
              -80.1850394,
              43.5319419
            ],
            [
              -80.1850213,
              43.5319414
            ],
            [
              -80.1849978,
              43.5319429
            ],
            [
              -80.1849777,
              43.5319492
            ],
            [
              -80.1849556,
              43.5319604
            ],
            [
              -80.1849395,
              43.5319696
            ],
            [
              -80.1849294,
              43.5319803
            ],
            [
              -80.1849254,
              43.5319935
            ],
            [
              -80.1849247,
              43.5320226
            ],
            [
              -80.1849274,
              43.5320474
            ],
            [
              -80.1849314,
              43.5320625
            ],
            [
              -80.1849307,
              43.5320805
            ],
            [
              -80.1849327,
              43.5321005
            ],
            [
              -80.1849348,
              43.532116
            ],
            [
              -80.1849361,
              43.5321277
            ],
            [
              -80.1849421,
              43.5321423
            ],
            [
              -80.1849535,
              43.5321564
            ],
            [
              -80.1849649,
              43.5321719
            ],
            [
              -80.1849784,
              43.5321812
            ],
            [
              -80.1849965,
              43.5321885
            ],
            [
              -80.1850166,
              43.5321948
            ],
            [
              -80.1850421,
              43.5321982
            ],
            [
              -80.1850575,
              43.5321987
            ],
            [
              -80.1850776,
              43.5321963
            ],
            [
              -80.1850957,
              43.532189
            ],
            [
              -80.1851118,
              43.5321797
            ],
            [
              -80.1851239,
              43.5321715
            ],
            [
              -80.185136,
              43.5321632
            ],
            [
              -80.1851454,
              43.5321549
            ],
            [
              -80.1851461,
              43.5321457
            ],
            [
              -80.1851501,
              43.5321345
            ],
            [
              -80.1851554,
              43.5321146
            ],
            [
              -80.1851615,
              43.532099
            ],
            [
              -80.1851628,
              43.5320747
            ],
            [
              -80.1851588,
              43.5320601
            ],
            [
              -80.1851514,
              43.5320358
            ],
            [
              -80.1851414,
              43.5320183
            ],
            [
              -80.1851246,
              43.5320022
            ],
            [
              -80.1851132,
              43.531992
            ],
            [
              -80.1851025,
              43.5319833
            ]
          ]
        ]
      }
    },
    {
      "type": "Feature",
      "properties": {
        "@id": "way/910058541",
        "golf": "hole",
        "par": "3",
        "ref": "11"
      },
      "geometry": {
        "type": "LineString",
        "coordinates": [
          [
            -80.1857112,
            43.5306695
          ],
          [
            -80.1849801,
            43.5320852
          ]
        ]
      }
    },
    {
      "type": "Feature",
      "properties": {
        "@id": "way/910058542",
        "golf": "tee",
        "landuse": "grass"
      },
      "geometry": {
        "type": "Polygon",
        "coordinates": [
          [
            [
              -80.1854489,
              43.5324707
            ],
            [
              -80.1854227,
              43.5324498
            ],
            [
              -80.1853827,
              43.5324196
            ],
            [
              -80.185338,
              43.5324264
            ],
            [
              -80.1852917,
              43.5324465
            ],
            [
              -80.1852732,
              43.532471
            ],
            [
              -80.1852748,
              43.5325068
            ],
            [
              -80.1852748,
              43.532528
            ],
            [
              -80.1852902,
              43.5325392
            ],
            [
              -80.1853234,
              43.53255
            ],
            [
              -80.1854489,
              43.5324707
            ]
          ]
        ]
      }
    },
    {
      "type": "Feature",
      "properties": {
        "@id": "way/910058543",
        "golf": "tee",
        "landuse": "grass"
      },
      "geometry": {
        "type": "Polygon",
        "coordinates": [
          [
            [
              -80.1854292,
              43.5323835
            ],
            [
              -80.1854477,
              43.5324081
            ],
            [
              -80.1854831,
              43.5324215
            ],
            [
              -80.185517,
              43.5324282
            ],
            [
              -80.1855703,
              43.5324019
            ],
            [
              -80.1856073,
              43.5323757
            ],
            [
              -80.1856304,
              43.5323448
            ],
            [
              -80.1856341,
              43.5323065
            ],
            [
              -80.1856234,
              43.5322863
            ],
            [
              -80.1856018,
              43.5322707
            ],
            [
              -80.1855633,
              43.5322651
            ],
            [
              -80.1855258,
              43.5322696
            ],
            [
              -80.1854834,
              43.5322953
            ],
            [
              -80.185452,
              43.5323277
            ],
            [
              -80.1854338,
              43.5323567
            ],
            [
              -80.1854292,
              43.5323835
            ]
          ]
        ]
      }
    },
    {
      "type": "Feature",
      "properties": {
        "@id": "way/910058544",
        "golf": "tee",
        "landuse": "grass"
      },
      "geometry": {
        "type": "Polygon",
        "coordinates": [
          [
            [
              -80.1856595,
              43.5321637
            ],
            [
              -80.1856829,
              43.5321843
            ],
            [
              -80.1857052,
              43.5321932
            ],
            [
              -80.1857317,
              43.5322087
            ],
            [
              -80.1857672,
              43.532205
            ],
            [
              -80.1857825,
              43.5321939
            ],
            [
              -80.1857927,
              43.5321777
            ],
            [
              -80.1857947,
              43.5321571
            ],
            [
              -80.1857845,
              43.5321401
            ],
            [
              -80.1857581,
              43.5321232
            ],
            [
              -80.1857205,
              43.5321143
            ],
            [
              -80.185693,
              43.5321143
            ],
            [
              -80.1856686,
              43.5321254
            ],
            [
              -80.1856615,
              43.5321423
            ],
            [
              -80.1856595,
              43.5321637
            ]
          ]
        ]
      }
    },
    {
      "type": "Feature",
      "properties": {
        "@id": "way/910058545",
        "golf": "fairway",
        "landuse": "grass"
      },
      "geometry": {
        "type": "Polygon",
        "coordinates": [
          [
            [
              -80.1863988,
              43.5317895
            ],
            [
              -80.1863385,
              43.5318026
            ],
            [
              -80.1863,
              43.5318021
            ],
            [
              -80.1862614,
              43.5317992
            ],
            [
              -80.1862162,
              43.5317814
            ],
            [
              -80.18619,
              43.5317584
            ],
            [
              -80.1861721,
              43.531725
            ],
            [
              -80.1861638,
              43.5316859
            ],
            [
              -80.1861637,
              43.5316531
            ],
            [
              -80.1861733,
              43.5316251
            ],
            [
              -80.1861893,
              43.5315946
            ],
            [
              -80.1862166,
              43.5315528
            ],
            [
              -80.1862492,
              43.5315031
            ],
            [
              -80.1863064,
              43.5314387
            ],
            [
              -80.1863575,
              43.5313859
            ],
            [
              -80.1863913,
              43.5313583
            ],
            [
              -80.1864738,
              43.5312969
            ],
            [
              -80.1865274,
              43.53126
            ],
            [
              -80.1865864,
              43.5312122
            ],
            [
              -80.186651,
              43.5311412
            ],
            [
              -80.1866995,
              43.5310897
            ],
            [
              -80.1867542,
              43.5310452
            ],
            [
              -80.18682,
              43.5309888
            ],
            [
              -80.1868808,
              43.5309391
            ],
            [
              -80.1869588,
              43.5308832
            ],
            [
              -80.1870316,
              43.5308407
            ],
            [
              -80.1871061,
              43.5307926
            ],
            [
              -80.1871581,
              43.5307556
            ],
            [
              -80.1872057,
              43.5307394
            ],
            [
              -80.1872697,
              43.5307251
            ],
            [
              -80.1873675,
              43.5307123
            ],
            [
              -80.1874264,
              43.5307043
            ],
            [
              -80.1874709,
              43.5306943
            ],
            [
              -80.1875208,
              43.530685
            ],
            [
              -80.1875693,
              43.5306765
            ],
            [
              -80.1876346,
              43.5306712
            ],
            [
              -80.1877122,
              43.5306685
            ],
            [
              -80.187797,
              43.5306668
            ],
            [
              -80.1879,
              43.5306646
            ],
            [
              -80.1879969,
              43.5306575
            ],
            [
              -80.18809,
              43.5306536
            ],
            [
              -80.1881379,
              43.5306578
            ],
            [
              -80.1881811,
              43.5306631
            ],
            [
              -80.1882385,
              43.5306723
            ],
            [
              -80.1882867,
              43.5306785
            ],
            [
              -80.1883399,
              43.5306809
            ],
            [
              -80.1883851,
              43.5306748
            ],
            [
              -80.1884191,
              43.5306602
            ],
            [
              -80.1884628,
              43.5306456
            ],
            [
              -80.1885127,
              43.5306385
            ],
            [
              -80.1885636,
              43.5306396
            ],
            [
              -80.1886165,
              43.5306446
            ],
            [
              -80.1886647,
              43.5306564
            ],
            [
              -80.1887237,
              43.5306783
            ],
            [
              -80.188762,
              43.5307037
            ],
            [
              -80.1887772,
              43.5307215
            ],
            [
              -80.1887885,
              43.5307415
            ],
            [
              -80.1887974,
              43.5307758
            ],
            [
              -80.1887966,
              43.5308072
            ],
            [
              -80.1887856,
              43.5308346
            ],
            [
              -80.1887644,
              43.5308563
            ],
            [
              -80.1887446,
              43.5308702
            ],
            [
              -80.1887109,
              43.5308828
            ],
            [
              -80.1886702,
              43.530886
            ],
            [
              -80.1886301,
              43.5308782
            ],
            [
              -80.1885717,
              43.5308584
            ],
            [
              -80.1885297,
              43.5308321
            ],
            [
              -80.1884962,
              43.5308139
            ],
            [
              -80.1884628,
              43.5307957
            ],
            [
              -80.1884301,
              43.5307869
            ],
            [
              -80.1884041,
              43.530788
            ],
            [
              -80.1883683,
              43.5307969
            ],
            [
              -80.1883211,
              43.5308134
            ],
            [
              -80.1882586,
              43.5308407
            ],
            [
              -80.1882079,
              43.5308604
            ],
            [
              -80.1881682,
              43.5308719
            ],
            [
              -80.1881088,
              43.5308903
            ],
            [
              -80.1880461,
              43.530905
            ],
            [
              -80.187976,
              43.5309203
            ],
            [
              -80.1879183,
              43.5309266
            ],
            [
              -80.1878747,
              43.5309301
            ],
            [
              -80.187832,
              43.5309301
            ],
            [
              -80.1877907,
              43.5309293
            ],
            [
              -80.1877449,
              43.53093
            ],
            [
              -80.1876546,
              43.5309261
            ],
            [
              -80.1875397,
              43.5309228
            ],
            [
              -80.1874931,
              43.5309229
            ],
            [
              -80.1874527,
              43.5309261
            ],
            [
              -80.1874239,
              43.5309348
            ],
            [
              -80.1873942,
              43.5309512
            ],
            [
              -80.1873184,
              43.5310008
            ],
            [
              -80.1872572,
              43.5310491
            ],
            [
              -80.187193,
              43.5311044
            ],
            [
              -80.1871474,
              43.5311494
            ],
            [
              -80.1871206,
              43.5311708
            ],
            [
              -80.1870928,
              43.5311941
            ],
            [
              -80.1870606,
              43.531213
            ],
            [
              -80.1870156,
              43.5312355
            ],
            [
              -80.1869862,
              43.5312517
            ],
            [
              -80.1869462,
              43.5312833
            ],
            [
              -80.1869057,
              43.531316
            ],
            [
              -80.1868365,
              43.5313823
            ],
            [
              -80.1867306,
              43.5314853
            ],
            [
              -80.1866276,
              43.5315896
            ],
            [
              -80.1865748,
              43.5316424
            ],
            [
              -80.186515,
              43.5317053
            ],
            [
              -80.1864692,
              43.5317463
            ],
            [
              -80.1864384,
              43.5317706
            ],
            [
              -80.1863988,
              43.5317895
            ]
          ]
        ]
      }
    },
    {
      "type": "Feature",
      "properties": {
        "@id": "way/910063807",
        "golf": "bunker",
        "natural": "sand"
      },
      "geometry": {
        "type": "Polygon",
        "coordinates": [
          [
            [
              -80.1885942,
              43.5305966
            ],
            [
              -80.1885897,
              43.5306049
            ],
            [
              -80.188603,
              43.530619
            ],
            [
              -80.1886163,
              43.5306261
            ],
            [
              -80.188642,
              43.5306261
            ],
            [
              -80.1886517,
              43.5306197
            ],
            [
              -80.1886579,
              43.5306101
            ],
            [
              -80.1886597,
              43.5305985
            ],
            [
              -80.1886508,
              43.530587
            ],
            [
              -80.1886437,
              43.5305793
            ],
            [
              -80.1886269,
              43.5305793
            ],
            [
              -80.1886074,
              43.5305831
            ],
            [
              -80.1885942,
              43.5305966
            ]
          ]
        ]
      }
    },
    {
      "type": "Feature",
      "properties": {
        "@id": "way/910063808",
        "golf": "bunker",
        "natural": "sand"
      },
      "geometry": {
        "type": "Polygon",
        "coordinates": [
          [
            [
              -80.1884072,
              43.5308865
            ],
            [
              -80.1884258,
              43.5308981
            ],
            [
              -80.1884382,
              43.5309096
            ],
            [
              -80.1884612,
              43.530918
            ],
            [
              -80.1884798,
              43.5309199
            ],
            [
              -80.188501,
              43.5309109
            ],
            [
              -80.1885187,
              43.5309039
            ],
            [
              -80.1885293,
              43.5308904
            ],
            [
              -80.1885276,
              43.5308769
            ],
            [
              -80.1885187,
              43.5308711
            ],
            [
              -80.1885001,
              43.530866
            ],
            [
              -80.1884718,
              43.5308621
            ],
            [
              -80.1884541,
              43.5308532
            ],
            [
              -80.1884528,
              43.5308435
            ],
            [
              -80.1884538,
              43.5308339
            ],
            [
              -80.1884513,
              43.5308205
            ],
            [
              -80.1884355,
              43.5308114
            ],
            [
              -80.1884152,
              43.530807
            ],
            [
              -80.1883904,
              43.5308089
            ],
            [
              -80.1883727,
              43.530823
            ],
            [
              -80.1883603,
              43.5308333
            ],
            [
              -80.1883523,
              43.5308467
            ],
            [
              -80.1883585,
              43.530866
            ],
            [
              -80.1883684,
              43.5308746
            ],
            [
              -80.1883895,
              43.5308801
            ],
            [
              -80.1884072,
              43.5308865
            ]
          ]
        ]
      }
    },
    {
      "type": "Feature",
      "properties": {
        "@id": "way/910063809",
        "golf": "green",
        "landuse": "grass"
      },
      "geometry": {
        "type": "Polygon",
        "coordinates": [
          [
            [
              -80.1886004,
              43.530662
            ],
            [
              -80.1886511,
              43.5306686
            ],
            [
              -80.1886983,
              43.5306817
            ],
            [
              -80.1887445,
              43.5307037
            ],
            [
              -80.1887625,
              43.5307253
            ],
            [
              -80.1887684,
              43.5307496
            ],
            [
              -80.1887778,
              43.5307792
            ],
            [
              -80.1887825,
              43.5308055
            ],
            [
              -80.1887696,
              43.53083
            ],
            [
              -80.1887451,
              43.5308503
            ],
            [
              -80.1887136,
              43.5308639
            ],
            [
              -80.1886797,
              43.5308698
            ],
            [
              -80.188633,
              43.5308664
            ],
            [
              -80.1885828,
              43.5308467
            ],
            [
              -80.1885332,
              43.5308219
            ],
            [
              -80.1884972,
              43.5307931
            ],
            [
              -80.188483,
              43.5307851
            ],
            [
              -80.1884695,
              43.530773
            ],
            [
              -80.1884623,
              43.5307605
            ],
            [
              -80.1884611,
              43.530738
            ],
            [
              -80.188466,
              43.5307208
            ],
            [
              -80.1884724,
              43.5307036
            ],
            [
              -80.1884904,
              43.5306833
            ],
            [
              -80.1885347,
              43.5306667
            ],
            [
              -80.1886004,
              43.530662
            ]
          ]
        ]
      }
    },
    {
      "type": "Feature",
      "properties": {
        "@id": "way/910063810",
        "golf": "cartpath",
        "golf_cart": "designated",
        "highway": "service"
      },
      "geometry": {
        "type": "LineString",
        "coordinates": [
          [
            -80.188189,
            43.5308972
          ],
          [
            -80.1883406,
            43.5309906
          ],
          [
            -80.1883936,
            43.5310185
          ],
          [
            -80.1884385,
            43.5310282
          ],
          [
            -80.1884819,
            43.5310347
          ],
          [
            -80.1885415,
            43.5310349
          ],
          [
            -80.1886022,
            43.5310248
          ],
          [
            -80.1886862,
            43.531004
          ],
          [
            -80.1887442,
            43.5309896
          ],
          [
            -80.1887965,
            43.5309835
          ],
          [
            -80.1888311,
            43.5309875
          ],
          [
            -80.1888653,
            43.5309999
          ],
          [
            -80.1888993,
            43.5310176
          ],
          [
            -80.1889292,
            43.5310387
          ],
          [
            -80.1889801,
            43.5310716
          ],
          [
            -80.1890301,
            43.5310928
          ],
          [
            -80.1890911,
            43.5311066
          ],
          [
            -80.1890955,
            43.5311498
          ],
          [
            -80.1890844,
            43.53122
          ],
          [
            -80.1890669,
            43.5312903
          ],
          [
            -80.1890426,
            43.5313792
          ],
          [
            -80.1890329,
            43.5314031
          ],
          [
            -80.1890027,
            43.5314292
          ],
          [
            -80.1889697,
            43.5314581
          ],
          [
            -80.188949,
            43.5314816
          ],
          [
            -80.1889468,
            43.5314974
          ],
          [
            -80.1889532,
            43.5315124
          ],
          [
            -80.1889677,
            43.5315205
          ],
          [
            -80.1889853,
            43.5315234
          ],
          [
            -80.189004,
            43.5315189
          ],
          [
            -80.18902,
            43.5315065
          ],
          [
            -80.1890262,
            43.531486
          ],
          [
            -80.1890281,
            43.5314517
          ],
          [
            -80.1890329,
            43.5314031
          ]
        ]
      }
    },
    {
      "type": "Feature",
      "properties": {
        "@id": "way/910063811",
        "golf": "hole",
        "ref": "12"
      },
      "geometry": {
        "type": "LineString",
        "coordinates": [
          [
            -80.1853421,
            43.5324842
          ],
          [
            -80.1868007,
            43.531188
          ],
          [
            -80.1873495,
            43.530803
          ],
          [
            -80.1886276,
            43.5307414
          ]
        ]
      }
    },
    {
      "type": "Feature",
      "properties": {
        "@id": "way/910063812",
        "golf": "tee",
        "landuse": "grass"
      },
      "geometry": {
        "type": "Polygon",
        "coordinates": [
          [
            [
              -80.1890945,
              43.5314454
            ],
            [
              -80.1891066,
              43.5314629
            ],
            [
              -80.189124,
              43.5314678
            ],
            [
              -80.1891535,
              43.5314678
            ],
            [
              -80.189175,
              43.53146
            ],
            [
              -80.1891911,
              43.5314512
            ],
            [
              -80.1892072,
              43.5314376
            ],
            [
              -80.189222,
              43.5314172
            ],
            [
              -80.189234,
              43.5313734
            ],
            [
              -80.1892622,
              43.5312947
            ],
            [
              -80.1892729,
              43.5312499
            ],
            [
              -80.1892595,
              43.5312168
            ],
            [
              -80.1892394,
              43.5311916
            ],
            [
              -80.1892152,
              43.5311779
            ],
            [
              -80.1891844,
              43.5311789
            ],
            [
              -80.1891535,
              43.5311877
            ],
            [
              -80.1891334,
              43.53121
            ],
            [
              -80.1891133,
              43.5312752
            ],
            [
              -80.1890945,
              43.5313569
            ],
            [
              -80.1890878,
              43.5314055
            ],
            [
              -80.1890945,
              43.5314454
            ]
          ]
        ]
      }
    },
    {
      "type": "Feature",
      "properties": {
        "@id": "way/910063813",
        "golf": "fairway",
        "landuse": "grass"
      },
      "geometry": {
        "type": "Polygon",
        "coordinates": [
          [
            [
              -80.1892899,
              43.5305323
            ],
            [
              -80.189275,
              43.5305571
            ],
            [
              -80.1892502,
              43.5305731
            ],
            [
              -80.1892295,
              43.5305777
            ],
            [
              -80.189178,
              43.5305677
            ],
            [
              -80.1891423,
              43.5305498
            ],
            [
              -80.1891143,
              43.5305225
            ],
            [
              -80.1890987,
              43.5304967
            ],
            [
              -80.1891016,
              43.5304534
            ],
            [
              -80.1891173,
              43.530404
            ],
            [
              -80.1891549,
              43.5303438
            ],
            [
              -80.1891736,
              43.5302851
            ],
            [
              -80.1891892,
              43.5302563
            ],
            [
              -80.1892073,
              43.5302288
            ],
            [
              -80.1892405,
              43.5301916
            ],
            [
              -80.1892783,
              43.5301568
            ],
            [
              -80.1892966,
              43.5301359
            ],
            [
              -80.1893119,
              43.5301217
            ],
            [
              -80.1893361,
              43.530093
            ],
            [
              -80.189352,
              43.5300639
            ],
            [
              -80.1893602,
              43.5300475
            ],
            [
              -80.189379,
              43.5300312
            ],
            [
              -80.1894181,
              43.5300154
            ],
            [
              -80.1894795,
              43.5300022
            ],
            [
              -80.189532,
              43.5299953
            ],
            [
              -80.189578,
              43.5299991
            ],
            [
              -80.1896137,
              43.5300044
            ],
            [
              -80.1896486,
              43.5300129
            ],
            [
              -80.1896749,
              43.5300265
            ],
            [
              -80.1896941,
              43.5300457
            ],
            [
              -80.1897018,
              43.5300649
            ],
            [
              -80.1897064,
              43.530086
            ],
            [
              -80.189705,
              43.5301071
            ],
            [
              -80.1896959,
              43.5301281
            ],
            [
              -80.1896797,
              43.5301491
            ],
            [
              -80.1896639,
              43.5301663
            ],
            [
              -80.1896435,
              43.5301818
            ],
            [
              -80.1896024,
              43.5302032
            ],
            [
              -80.1895602,
              43.5302181
            ],
            [
              -80.1895173,
              43.530227
            ],
            [
              -80.1894531,
              43.5302363
            ],
            [
              -80.1894058,
              43.5302457
            ],
            [
              -80.1893723,
              43.5302659
            ],
            [
              -80.1893422,
              43.5302869
            ],
            [
              -80.1893249,
              43.5303108
            ],
            [
              -80.1893059,
              43.530337
            ],
            [
              -80.1893038,
              43.5303642
            ],
            [
              -80.189305,
              43.5304184
            ],
            [
              -80.189312,
              43.530492
            ],
            [
              -80.1892899,
              43.5305323
            ]
          ]
        ]
      }
    },
    {
      "type": "Feature",
      "properties": {
        "@id": "way/910063814",
        "golf": "cartpath",
        "golf_cart": "designated",
        "highway": "service"
      },
      "geometry": {
        "type": "LineString",
        "coordinates": [
          [
            -80.1890911,
            43.5311066
          ],
          [
            -80.1891037,
            43.5310567
          ],
          [
            -80.1891326,
            43.5310048
          ],
          [
            -80.1891555,
            43.5309475
          ],
          [
            -80.1891601,
            43.5309236
          ],
          [
            -80.189159,
            43.5308978
          ],
          [
            -80.1891372,
            43.5308148
          ],
          [
            -80.1891195,
            43.5307395
          ],
          [
            -80.189104,
            43.5306766
          ],
          [
            -80.1890816,
            43.5306164
          ],
          [
            -80.1890643,
            43.5305746
          ],
          [
            -80.1890498,
            43.5305327
          ],
          [
            -80.1890444,
            43.5305028
          ],
          [
            -80.1890417,
            43.5304728
          ],
          [
            -80.1890405,
            43.5304295
          ],
          [
            -80.1890432,
            43.5303833
          ],
          [
            -80.1890561,
            43.530297
          ],
          [
            -80.1890752,
            43.5302298
          ],
          [
            -80.1890852,
            43.5302064
          ],
          [
            -80.1890986,
            43.5301817
          ],
          [
            -80.1891374,
            43.5301427
          ],
          [
            -80.1891835,
            43.5300984
          ],
          [
            -80.1892203,
            43.5300562
          ],
          [
            -80.1892455,
            43.5300166
          ],
          [
            -80.1892443,
            43.5299827
          ],
          [
            -80.1892304,
            43.529964
          ],
          [
            -80.1892066,
            43.5299605
          ],
          [
            -80.189174,
            43.529967
          ],
          [
            -80.1891474,
            43.5299871
          ],
          [
            -80.1891222,
            43.5300288
          ],
          [
            -80.1890943,
            43.5300555
          ],
          [
            -80.1890635,
            43.5300719
          ],
          [
            -80.189012,
            43.5300951
          ],
          [
            -80.1889381,
            43.5301144
          ],
          [
            -80.1888624,
            43.5301254
          ],
          [
            -80.1887991,
            43.530133
          ],
          [
            -80.1887407,
            43.5301336
          ],
          [
            -80.1886791,
            43.5301291
          ],
          [
            -80.1886148,
            43.5301199
          ]
        ]
      }
    },
    {
      "type": "Feature",
      "properties": {
        "@id": "way/910063815",
        "golf": "green",
        "landuse": "grass"
      },
      "geometry": {
        "type": "Polygon",
        "coordinates": [
          [
            [
              -80.189501,
              43.5302122
            ],
            [
              -80.1895366,
              43.5302084
            ],
            [
              -80.1895716,
              43.5301991
            ],
            [
              -80.1895943,
              43.5301903
            ],
            [
              -80.1896193,
              43.5301796
            ],
            [
              -80.1896327,
              43.5301711
            ],
            [
              -80.1896558,
              43.5301557
            ],
            [
              -80.1896673,
              43.5301377
            ],
            [
              -80.1896805,
              43.5301165
            ],
            [
              -80.18969,
              43.5300938
            ],
            [
              -80.1896879,
              43.5300687
            ],
            [
              -80.1896781,
              43.5300508
            ],
            [
              -80.189662,
              43.5300363
            ],
            [
              -80.1896421,
              43.5300249
            ],
            [
              -80.1896204,
              43.5300184
            ],
            [
              -80.1895952,
              43.5300119
            ],
            [
              -80.1895628,
              43.5300094
            ],
            [
              -80.1895255,
              43.5300085
            ],
            [
              -80.1894977,
              43.5300092
            ],
            [
              -80.189469,
              43.5300121
            ],
            [
              -80.1894396,
              43.5300181
            ],
            [
              -80.1894076,
              43.5300286
            ],
            [
              -80.1893897,
              43.5300387
            ],
            [
              -80.1893789,
              43.5300522
            ],
            [
              -80.1893676,
              43.5300715
            ],
            [
              -80.1893637,
              43.5300884
            ],
            [
              -80.1893605,
              43.5301005
            ],
            [
              -80.1893575,
              43.5301118
            ],
            [
              -80.1893612,
              43.5301307
            ],
            [
              -80.1893657,
              43.5301453
            ],
            [
              -80.1893763,
              43.530163
            ],
            [
              -80.1893998,
              43.530186
            ],
            [
              -80.189421,
              43.5301995
            ],
            [
              -80.189465,
              43.5302104
            ],
            [
              -80.189501,
              43.5302122
            ]
          ]
        ]
      }
    },
    {
      "type": "Feature",
      "properties": {
        "@id": "way/910063816",
        "golf": "bunker",
        "natural": "sand"
      },
      "geometry": {
        "type": "Polygon",
        "coordinates": [
          [
            [
              -80.1893941,
              43.5299704
            ],
            [
              -80.1894058,
              43.5299815
            ],
            [
              -80.1894338,
              43.5299853
            ],
            [
              -80.189456,
              43.5299836
            ],
            [
              -80.18947,
              43.5299798
            ],
            [
              -80.1894834,
              43.529984
            ],
            [
              -80.1895103,
              43.5299831
            ],
            [
              -80.189536,
              43.5299827
            ],
            [
              -80.1895523,
              43.529981
            ],
            [
              -80.1895623,
              43.5299743
            ],
            [
              -80.189564,
              43.5299658
            ],
            [
              -80.1895558,
              43.5299522
            ],
            [
              -80.1895488,
              43.5299446
            ],
            [
              -80.1895301,
              43.5299472
            ],
            [
              -80.1895138,
              43.5299476
            ],
            [
              -80.1895033,
              43.5299522
            ],
            [
              -80.1894869,
              43.5299569
            ],
            [
              -80.1894741,
              43.5299569
            ],
            [
              -80.1894653,
              43.5299518
            ],
            [
              -80.1894571,
              43.5299446
            ],
            [
              -80.1894466,
              43.5299421
            ],
            [
              -80.1894239,
              43.5299421
            ],
            [
              -80.1894087,
              43.5299467
            ],
            [
              -80.1893999,
              43.5299544
            ],
            [
              -80.1893935,
              43.5299611
            ],
            [
              -80.1893941,
              43.5299704
            ]
          ]
        ]
      }
    },
    {
      "type": "Feature",
      "properties": {
        "@id": "way/910063817",
        "golf": "hole",
        "par": "3",
        "ref": "13"
      },
      "geometry": {
        "type": "LineString",
        "coordinates": [
          [
            -80.1891633,
            43.531365
          ],
          [
            -80.1892304,
            43.53028
          ],
          [
            -80.1895009,
            43.5300898
          ]
        ]
      }
    },
    {
      "type": "Feature",
      "properties": {
        "@id": "way/910063818",
        "golf": "tee",
        "landuse": "grass"
      },
      "geometry": {
        "type": "Polygon",
        "coordinates": [
          [
            [
              -80.1894572,
              43.5298417
            ],
            [
              -80.1894852,
              43.5298561
            ],
            [
              -80.1895273,
              43.5298671
            ],
            [
              -80.1895471,
              43.5298697
            ],
            [
              -80.1895728,
              43.5298587
            ],
            [
              -80.189588,
              43.529846
            ],
            [
              -80.1895927,
              43.529829
            ],
            [
              -80.1895705,
              43.5298036
            ],
            [
              -80.1895389,
              43.5297901
            ],
            [
              -80.1894887,
              43.5297918
            ],
            [
              -80.1894595,
              43.5297943
            ],
            [
              -80.1894479,
              43.5298062
            ],
            [
              -80.1894479,
              43.5298265
            ],
            [
              -80.1894572,
              43.5298417
            ]
          ]
        ]
      }
    },
    {
      "type": "Feature",
      "properties": {
        "@id": "way/910063819",
        "golf": "tee",
        "landuse": "grass"
      },
      "geometry": {
        "type": "Polygon",
        "coordinates": [
          [
            [
              -80.1892059,
              43.5298651
            ],
            [
              -80.1892258,
              43.5298829
            ],
            [
              -80.189255,
              43.5298939
            ],
            [
              -80.1892806,
              43.5298947
            ],
            [
              -80.189325,
              43.5298803
            ],
            [
              -80.1893612,
              43.5298634
            ],
            [
              -80.1893881,
              43.5298482
            ],
            [
              -80.1893963,
              43.5298371
            ],
            [
              -80.1893963,
              43.5298151
            ],
            [
              -80.1893846,
              43.5298007
            ],
            [
              -80.1893694,
              43.5297863
            ],
            [
              -80.1893402,
              43.529783
            ],
            [
              -80.1893122,
              43.5297838
            ],
            [
              -80.1892374,
              43.5298117
            ],
            [
              -80.1892152,
              43.529838
            ],
            [
              -80.1892059,
              43.5298651
            ]
          ]
        ]
      }
    },
    {
      "type": "Feature",
      "properties": {
        "@id": "way/910063820",
        "golf": "tee",
        "landuse": "grass"
      },
      "geometry": {
        "type": "Polygon",
        "coordinates": [
          [
            [
              -80.1889443,
              43.5300299
            ],
            [
              -80.1889744,
              43.5300389
            ],
            [
              -80.1890107,
              43.5300369
            ],
            [
              -80.1890364,
              43.5300222
            ],
            [
              -80.1890444,
              43.5300016
            ],
            [
              -80.1890329,
              43.5299817
            ],
            [
              -80.1890019,
              43.5299715
            ],
            [
              -80.1889656,
              43.5299773
            ],
            [
              -80.1889399,
              43.529992
            ],
            [
              -80.1889355,
              43.5300126
            ],
            [
              -80.1889443,
              43.5300299
            ]
          ]
        ]
      }
    },
    {
      "type": "Feature",
      "properties": {
        "@id": "way/910063821",
        "golf": "fairway",
        "landuse": "grass"
      },
      "geometry": {
        "type": "Polygon",
        "coordinates": [
          [
            [
              -80.1881626,
              43.5302779
            ],
            [
              -80.1882514,
              43.5302398
            ],
            [
              -80.1883016,
              43.5302161
            ],
            [
              -80.1883249,
              43.5302009
            ],
            [
              -80.1883366,
              43.5301806
            ],
            [
              -80.1883425,
              43.5301602
            ],
            [
              -80.1883425,
              43.5301298
            ],
            [
              -80.1883401,
              43.5301018
            ],
            [
              -80.1883249,
              43.5300798
            ],
            [
              -80.1883098,
              43.5300688
            ],
            [
              -80.1882899,
              43.5300586
            ],
            [
              -80.1882432,
              43.5300408
            ],
            [
              -80.1882035,
              43.5300383
            ],
            [
              -80.1881568,
              43.5300383
            ],
            [
              -80.187901,
              43.5300976
            ],
            [
              -80.1878473,
              43.5301137
            ],
            [
              -80.1878204,
              43.5301264
            ],
            [
              -80.1878111,
              43.5301399
            ],
            [
              -80.187776,
              43.5301425
            ],
            [
              -80.1877375,
              43.5301543
            ],
            [
              -80.1876756,
              43.5301653
            ],
            [
              -80.1876219,
              43.5301763
            ],
            [
              -80.1875775,
              43.5301772
            ],
            [
              -80.1875039,
              43.5301763
            ],
            [
              -80.1874408,
              43.5301721
            ],
            [
              -80.1873754,
              43.5301729
            ],
            [
              -80.187303,
              43.5301814
            ],
            [
              -80.1872096,
              43.5301966
            ],
            [
              -80.1871442,
              43.530206
            ],
            [
              -80.1870683,
              43.5302051
            ],
            [
              -80.1870029,
              43.5302034
            ],
            [
              -80.1869258,
              43.5301992
            ],
            [
              -80.1868569,
              43.5301958
            ],
            [
              -80.1867763,
              43.5301966
            ],
            [
              -80.1867144,
              43.5302017
            ],
            [
              -80.1866455,
              43.5302102
            ],
            [
              -80.1865684,
              43.530228
            ],
            [
              -80.18651,
              43.5302483
            ],
            [
              -80.1864528,
              43.5302644
            ],
            [
              -80.1864213,
              43.5302745
            ],
            [
              -80.1863967,
              43.5302881
            ],
            [
              -80.1863699,
              43.5303067
            ],
            [
              -80.1863488,
              43.5303321
            ],
            [
              -80.1863337,
              43.5303524
            ],
            [
              -80.186322,
              43.5303821
            ],
            [
              -80.186308,
              43.5304151
            ],
            [
              -80.186294,
              43.5304464
            ],
            [
              -80.1862788,
              43.5304642
            ],
            [
              -80.1862472,
              43.5304845
            ],
            [
              -80.1862285,
              43.5305006
            ],
            [
              -80.1862005,
              43.530537
            ],
            [
              -80.1861818,
              43.530565
            ],
            [
              -80.1861608,
              43.5305853
            ],
            [
              -80.1861526,
              43.5306065
            ],
            [
              -80.1861363,
              43.5306336
            ],
            [
              -80.1861375,
              43.5306615
            ],
            [
              -80.1861515,
              43.5306988
            ],
            [
              -80.1861608,
              43.5307318
            ],
            [
              -80.1861667,
              43.5307597
            ],
            [
              -80.1861713,
              43.530786
            ],
            [
              -80.1861655,
              43.5308046
            ],
            [
              -80.1861293,
              43.5308325
            ],
            [
              -80.1861024,
              43.5308485
            ],
            [
              -80.1860709,
              43.5308706
            ],
            [
              -80.1860373,
              43.5308956
            ],
            [
              -80.1860109,
              43.5309148
            ],
            [
              -80.1859946,
              43.5309354
            ],
            [
              -80.1859814,
              43.5309583
            ],
            [
              -80.1859712,
              43.5309811
            ],
            [
              -80.1859743,
              43.5310047
            ],
            [
              -80.1859855,
              43.5310246
            ],
            [
              -80.1859906,
              43.5310475
            ],
            [
              -80.1860058,
              43.5310666
            ],
            [
              -80.1860261,
              43.5310821
            ],
            [
              -80.1860404,
              43.5310932
            ],
            [
              -80.1860597,
              43.5311005
            ],
            [
              -80.1860861,
              43.5311079
            ],
            [
              -80.1861115,
              43.5311153
            ],
            [
              -80.1861451,
              43.531116
            ],
            [
              -80.1861776,
              43.531105
            ],
            [
              -80.1862224,
              43.5310806
            ],
            [
              -80.1862549,
              43.5310467
            ],
            [
              -80.1862773,
              43.5310136
            ],
            [
              -80.1862915,
              43.5309774
            ],
            [
              -80.1862905,
              43.530948
            ],
            [
              -80.1862854,
              43.5309288
            ],
            [
              -80.1862732,
              43.5308978
            ],
            [
              -80.1862671,
              43.5308728
            ],
            [
              -80.1862702,
              43.530847
            ],
            [
              -80.1862864,
              43.5308168
            ],
            [
              -80.1863352,
              43.5307615
            ],
            [
              -80.1863576,
              43.5307548
            ],
            [
              -80.1863901,
              43.5307438
            ],
            [
              -80.1864237,
              43.5307342
            ],
            [
              -80.1864542,
              43.5307276
            ],
            [
              -80.1864796,
              43.5307195
            ],
            [
              -80.1865009,
              43.5307032
            ],
            [
              -80.1865172,
              43.5306833
            ],
            [
              -80.1865426,
              43.5306428
            ],
            [
              -80.1865813,
              43.5306
            ],
            [
              -80.1866179,
              43.5305617
            ],
            [
              -80.1866535,
              43.5305315
            ],
            [
              -80.1866901,
              43.5305057
            ],
            [
              -80.1867277,
              43.5304902
            ],
            [
              -80.1867836,
              43.5304755
            ],
            [
              -80.1868243,
              43.5304674
            ],
            [
              -80.1868863,
              43.5304651
            ],
            [
              -80.1869148,
              43.5304703
            ],
            [
              -80.1869524,
              43.5304769
            ],
            [
              -80.1870083,
              43.5304865
            ],
            [
              -80.187052,
              43.5304939
            ],
            [
              -80.1871313,
              43.5304998
            ],
            [
              -80.1871659,
              43.5304961
            ],
            [
              -80.187231,
              43.5304858
            ],
            [
              -80.1873072,
              43.5304762
            ],
            [
              -80.187356,
              43.5304674
            ],
            [
              -80.1874384,
              43.5304541
            ],
            [
              -80.187538,
              43.5304371
            ],
            [
              -80.1876061,
              43.5304224
            ],
            [
              -80.1876722,
              43.5304165
            ],
            [
              -80.187722,
              43.5304076
            ],
            [
              -80.1877861,
              43.5303951
            ],
            [
              -80.1878308,
              43.5303826
            ],
            [
              -80.1879193,
              43.5303619
            ],
            [
              -80.1879549,
              43.5303553
            ],
            [
              -80.1880006,
              43.5303406
            ],
            [
              -80.1880342,
              43.5303354
            ],
            [
              -80.1880667,
              43.5303236
            ],
            [
              -80.1881135,
              43.5303037
            ],
            [
              -80.1881626,
              43.5302779
            ]
          ]
        ]
      }
    },
    {
      "type": "Feature",
      "properties": {
        "@id": "way/910063822",
        "golf": "bunker",
        "natural": "sand"
      },
      "geometry": {
        "type": "Polygon",
        "coordinates": [
          [
            [
              -80.1868093,
              43.5306232
            ],
            [
              -80.1868035,
              43.5306402
            ],
            [
              -80.1868082,
              43.5306537
            ],
            [
              -80.186821,
              43.5306664
            ],
            [
              -80.1868456,
              43.5306715
            ],
            [
              -80.1868607,
              43.5306698
            ],
            [
              -80.1868783,
              43.5306571
            ],
            [
              -80.1868899,
              43.5306486
            ],
            [
              -80.1868934,
              43.5306308
            ],
            [
              -80.1868876,
              43.5306105
            ],
            [
              -80.1868864,
              43.5305953
            ],
            [
              -80.1868981,
              43.5305877
            ],
            [
              -80.186918,
              43.5305826
            ],
            [
              -80.1869296,
              43.5305775
            ],
            [
              -80.1869355,
              43.5305606
            ],
            [
              -80.1869261,
              43.5305436
            ],
            [
              -80.186911,
              43.5305275
            ],
            [
              -80.1868899,
              43.5305208
            ],
            [
              -80.1868712,
              43.5305199
            ],
            [
              -80.1868526,
              43.5305191
            ],
            [
              -80.1868327,
              43.5305216
            ],
            [
              -80.1868093,
              43.5305292
            ],
            [
              -80.1867883,
              43.5305487
            ],
            [
              -80.186779,
              43.530564
            ],
            [
              -80.1867743,
              43.5305792
            ],
            [
              -80.1867755,
              43.5305961
            ],
            [
              -80.186779,
              43.5306071
            ],
            [
              -80.1867918,
              43.5306173
            ],
            [
              -80.1868093,
              43.5306232
            ]
          ]
        ]
      }
    },
    {
      "type": "Feature",
      "properties": {
        "@id": "way/910063823",
        "golf": "bunker",
        "natural": "sand"
      },
      "geometry": {
        "type": "Polygon",
        "coordinates": [
          [
            [
              -80.1866594,
              43.5306917
            ],
            [
              -80.1866687,
              43.5307012
            ],
            [
              -80.186681,
              43.5307057
            ],
            [
              -80.1867041,
              43.5307096
            ],
            [
              -80.1867195,
              43.5307073
            ],
            [
              -80.1867396,
              43.5307029
            ],
            [
              -80.1867496,
              43.5306917
            ],
            [
              -80.1867627,
              43.5306811
            ],
            [
              -80.1867665,
              43.5306643
            ],
            [
              -80.1867611,
              43.5306537
            ],
            [
              -80.1867511,
              43.5306436
            ],
            [
              -80.1867396,
              43.5306358
            ],
            [
              -80.1867041,
              43.5306341
            ],
            [
              -80.1866887,
              43.5306364
            ],
            [
              -80.1866741,
              43.5306425
            ],
            [
              -80.1866625,
              43.5306526
            ],
            [
              -80.1866556,
              43.5306671
            ],
            [
              -80.186654,
              43.5306777
            ],
            [
              -80.1866594,
              43.5306917
            ]
          ]
        ]
      }
    },
    {
      "type": "Feature",
      "properties": {
        "@id": "way/910063824",
        "golf": "bunker",
        "natural": "sand"
      },
      "geometry": {
        "type": "Polygon",
        "coordinates": [
          [
            [
              -80.1862306,
              43.5303848
            ],
            [
              -80.1862259,
              43.530397
            ],
            [
              -80.1862185,
              43.5304028
            ],
            [
              -80.1862205,
              43.530414
            ],
            [
              -80.1862312,
              43.5304247
            ],
            [
              -80.1862493,
              43.5304257
            ],
            [
              -80.1862628,
              43.5304257
            ],
            [
              -80.1862789,
              43.530416
            ],
            [
              -80.1862896,
              43.5304043
            ],
            [
              -80.1863017,
              43.5303839
            ],
            [
              -80.1863064,
              43.5303722
            ],
            [
              -80.186303,
              43.5303595
            ],
            [
              -80.186299,
              43.530344
            ],
            [
              -80.1862835,
              43.5303347
            ],
            [
              -80.1862688,
              43.5303304
            ],
            [
              -80.186242,
              43.5303308
            ],
            [
              -80.1862259,
              43.5303367
            ],
            [
              -80.1862198,
              43.530345
            ],
            [
              -80.1862171,
              43.5303561
            ],
            [
              -80.1862238,
              43.5303644
            ],
            [
              -80.1862299,
              43.5303741
            ],
            [
              -80.1862306,
              43.530378
            ],
            [
              -80.1862306,
              43.5303848
            ]
          ]
        ]
      }
    },
    {
      "type": "Feature",
      "properties": {
        "@id": "way/910063825",
        "golf": "bunker",
        "natural": "sand"
      },
      "geometry": {
        "type": "Polygon",
        "coordinates": [
          [
            [
              -80.1863564,
              43.5308653
            ],
            [
              -80.1863595,
              43.5308731
            ],
            [
              -80.1863579,
              43.5308865
            ],
            [
              -80.1863571,
              43.5308977
            ],
            [
              -80.1863625,
              43.5309055
            ],
            [
              -80.1863726,
              43.5309089
            ],
            [
              -80.1863841,
              43.5309094
            ],
            [
              -80.1863957,
              43.5309061
            ],
            [
              -80.1864026,
              43.530901
            ],
            [
              -80.1864088,
              43.5308938
            ],
            [
              -80.186408,
              43.5308804
            ],
            [
              -80.1864088,
              43.5308658
            ],
            [
              -80.186425,
              43.5308413
            ],
            [
              -80.1864265,
              43.5308351
            ],
            [
              -80.1864219,
              43.5308262
            ],
            [
              -80.1864095,
              43.5308156
            ],
            [
              -80.1864003,
              43.5308105
            ],
            [
              -80.1863857,
              43.5308049
            ],
            [
              -80.1863649,
              43.5308016
            ],
            [
              -80.1863502,
              43.5308016
            ],
            [
              -80.1863325,
              43.5308077
            ],
            [
              -80.1863171,
              43.5308133
            ],
            [
              -80.1863086,
              43.5308279
            ],
            [
              -80.1863048,
              43.5308385
            ],
            [
              -80.1863078,
              43.5308485
            ],
            [
              -80.1863148,
              43.5308591
            ],
            [
              -80.1863209,
              43.5308619
            ],
            [
              -80.1863387,
              43.5308619
            ],
            [
              -80.1863479,
              43.5308642
            ],
            [
              -80.1863564,
              43.5308653
            ]
          ]
        ]
      }
    },
    {
      "type": "Feature",
      "properties": {
        "@id": "way/910063826",
        "golf": "bunker",
        "natural": "sand"
      },
      "geometry": {
        "type": "Polygon",
        "coordinates": [
          [
            [
              -80.1860747,
              43.5307873
            ],
            [
              -80.1860869,
              43.5307984
            ],
            [
              -80.1860965,
              43.5308035
            ],
            [
              -80.1861097,
              43.5308054
            ],
            [
              -80.1861189,
              43.5308035
            ],
            [
              -80.1861321,
              43.5308006
            ],
            [
              -80.1861412,
              43.5307925
            ],
            [
              -80.1861484,
              43.5307833
            ],
            [
              -80.1861473,
              43.5307711
            ],
            [
              -80.1861428,
              43.5307611
            ],
            [
              -80.1861311,
              43.5307567
            ],
            [
              -80.1861158,
              43.530753
            ],
            [
              -80.1860935,
              43.5307578
            ],
            [
              -80.1860823,
              43.5307663
            ],
            [
              -80.1860736,
              43.5307777
            ],
            [
              -80.1860747,
              43.5307873
            ]
          ]
        ]
      }
    },
    {
      "type": "Feature",
      "properties": {
        "@id": "way/910063827",
        "golf": "green",
        "landuse": "grass"
      },
      "geometry": {
        "type": "Polygon",
        "coordinates": [
          [
            [
              -80.1861031,
              43.5311045
            ],
            [
              -80.1861462,
              43.5311056
            ],
            [
              -80.1861817,
              43.5310928
            ],
            [
              -80.1862094,
              43.5310744
            ],
            [
              -80.1862394,
              43.5310487
            ],
            [
              -80.1862518,
              43.5310258
            ],
            [
              -80.1862633,
              43.5310062
            ],
            [
              -80.1862734,
              43.5309839
            ],
            [
              -80.186278,
              43.5309621
            ],
            [
              -80.1862757,
              43.5309431
            ],
            [
              -80.1862687,
              43.5309185
            ],
            [
              -80.1862595,
              43.5308889
            ],
            [
              -80.1862487,
              43.5308755
            ],
            [
              -80.186231,
              43.5308643
            ],
            [
              -80.1862071,
              43.5308593
            ],
            [
              -80.1861693,
              43.5308604
            ],
            [
              -80.1861416,
              43.5308632
            ],
            [
              -80.1861192,
              43.530871
            ],
            [
              -80.1860969,
              43.5308816
            ],
            [
              -80.1860645,
              43.5309029
            ],
            [
              -80.1860437,
              43.5309202
            ],
            [
              -80.1860322,
              43.5309364
            ],
            [
              -80.1860214,
              43.5309548
            ],
            [
              -80.1860129,
              43.5309738
            ],
            [
              -80.1860114,
              43.5309967
            ],
            [
              -80.186016,
              43.5310129
            ],
            [
              -80.1860214,
              43.5310364
            ],
            [
              -80.1860283,
              43.5310515
            ],
            [
              -80.1860376,
              43.5310649
            ],
            [
              -80.1860499,
              43.5310788
            ],
            [
              -80.1860699,
              43.5310917
            ],
            [
              -80.1861031,
              43.5311045
            ]
          ]
        ]
      }
    },
    {
      "type": "Feature",
      "properties": {
        "@id": "way/910063829",
        "golf": "hole",
        "par": "4",
        "ref": "14"
      },
      "geometry": {
        "type": "LineString",
        "coordinates": [
          [
            -80.1895171,
            43.5298273
          ],
          [
            -80.187519,
            43.5303148
          ],
          [
            -80.1865482,
            43.5303752
          ],
          [
            -80.1861321,
            43.5309807
          ]
        ]
      }
    },
    {
      "type": "Feature",
      "properties": {
        "@id": "way/910063831",
        "golf": "tee",
        "landuse": "grass"
      },
      "geometry": {
        "type": "Polygon",
        "coordinates": [
          [
            [
              -80.1855235,
              43.5306921
            ],
            [
              -80.1854504,
              43.5306559
            ],
            [
              -80.1854138,
              43.5306338
            ],
            [
              -80.1853934,
              43.5306072
            ],
            [
              -80.1853995,
              43.5305807
            ],
            [
              -80.1854199,
              43.5305571
            ],
            [
              -80.1854565,
              43.5305306
            ],
            [
              -80.1855093,
              43.5304952
            ],
            [
              -80.18555,
              43.5304775
            ],
            [
              -80.1855886,
              43.5304613
            ],
            [
              -80.1856496,
              43.530451
            ],
            [
              -80.1857066,
              43.5304598
            ],
            [
              -80.1857432,
              43.5304731
            ],
            [
              -80.1857696,
              43.5304975
            ],
            [
              -80.1855235,
              43.5306921
            ]
          ]
        ]
      }
    },
    {
      "type": "Feature",
      "properties": {
        "@id": "way/910063832",
        "golf": "tee",
        "landuse": "grass"
      },
      "geometry": {
        "type": "Polygon",
        "coordinates": [
          [
            [
              -80.185072,
              43.5307448
            ],
            [
              -80.1850954,
              43.5307618
            ],
            [
              -80.1851234,
              43.5307668
            ],
            [
              -80.1851608,
              43.5307448
            ],
            [
              -80.1851783,
              43.5307296
            ],
            [
              -80.1851514,
              43.5307008
            ],
            [
              -80.1851199,
              43.5306855
            ],
            [
              -80.1850872,
              43.5306898
            ],
            [
              -80.1850627,
              43.5307084
            ],
            [
              -80.1850522,
              43.530722
            ],
            [
              -80.185058,
              43.5307347
            ],
            [
              -80.185072,
              43.5307448
            ]
          ]
        ]
      }
    },
    {
      "type": "Feature",
      "properties": {
        "@id": "way/910063833",
        "golf": "fairway",
        "landuse": "grass"
      },
      "geometry": {
        "type": "Polygon",
        "coordinates": [
          [
            [
              -80.184051,
              43.5311442
            ],
            [
              -80.1841065,
              43.5311197
            ],
            [
              -80.1841481,
              43.5311007
            ],
            [
              -80.1842067,
              43.5310906
            ],
            [
              -80.1842514,
              43.5310861
            ],
            [
              -80.184293,
              43.5310738
            ],
            [
              -80.1843346,
              43.5310526
            ],
            [
              -80.18437,
              43.5310303
            ],
            [
              -80.1843916,
              43.5309956
            ],
            [
              -80.1843808,
              43.5309632
            ],
            [
              -80.1843562,
              43.5309331
            ],
            [
              -80.1843253,
              43.530923
            ],
            [
              -80.1842868,
              43.5309096
            ],
            [
              -80.1842437,
              43.5309018
            ],
            [
              -80.1841882,
              43.530904
            ],
            [
              -80.1841188,
              43.5309107
            ],
            [
              -80.1840803,
              43.5309185
            ],
            [
              -80.1840264,
              43.5309375
            ],
            [
              -80.1839786,
              43.5309532
            ],
            [
              -80.1839339,
              43.5309822
            ],
            [
              -80.1839139,
              43.5310236
            ],
            [
              -80.1838855,
              43.531057
            ],
            [
              -80.183856,
              43.5310769
            ],
            [
              -80.1838174,
              43.5310895
            ],
            [
              -80.1837848,
              43.5310946
            ],
            [
              -80.1837472,
              43.5311079
            ],
            [
              -80.1837147,
              43.5311285
            ],
            [
              -80.1836964,
              43.5311403
            ],
            [
              -80.183675,
              43.5311757
            ],
            [
              -80.1836638,
              43.5312022
            ],
            [
              -80.1836608,
              43.5312339
            ],
            [
              -80.1836679,
              43.5312553
            ],
            [
              -80.1836943,
              43.5312818
            ],
            [
              -80.1837126,
              43.5312936
            ],
            [
              -80.1837411,
              43.5313032
            ],
            [
              -80.1837726,
              43.5313113
            ],
            [
              -80.1838062,
              43.5313113
            ],
            [
              -80.1838489,
              43.5313017
            ],
            [
              -80.1838702,
              43.5312958
            ],
            [
              -80.1838997,
              43.5312833
            ],
            [
              -80.1839292,
              43.5312708
            ],
            [
              -80.1839526,
              43.5312553
            ],
            [
              -80.1839729,
              43.5312361
            ],
            [
              -80.1839953,
              43.5312022
            ],
            [
              -80.1840197,
              43.5311764
            ],
            [
              -80.184051,
              43.5311442
            ]
          ]
        ]
      }
    },
    {
      "type": "Feature",
      "properties": {
        "@id": "way/910068418",
        "golf": "bunker",
        "natural": "sand"
      },
      "geometry": {
        "type": "Polygon",
        "coordinates": [
          [
            [
              -80.1840513,
              43.5312345
            ],
            [
              -80.1840688,
              43.5312467
            ],
            [
              -80.1840835,
              43.531252
            ],
            [
              -80.184109,
              43.531251
            ],
            [
              -80.1841312,
              43.5312418
            ],
            [
              -80.1841506,
              43.5312291
            ],
            [
              -80.184162,
              43.531215
            ],
            [
              -80.1841754,
              43.5311975
            ],
            [
              -80.1841768,
              43.531181
            ],
            [
              -80.1841647,
              43.5311654
            ],
            [
              -80.1841479,
              43.5311547
            ],
            [
              -80.1841305,
              43.5311489
            ],
            [
              -80.184105,
              43.5311533
            ],
            [
              -80.1840835,
              43.531165
            ],
            [
              -80.1840768,
              43.5311766
            ],
            [
              -80.1840835,
              43.5311893
            ],
            [
              -80.1840936,
              43.5311946
            ],
            [
              -80.1840922,
              43.5312019
            ],
            [
              -80.1840741,
              43.531199
            ],
            [
              -80.1840607,
              43.5312024
            ],
            [
              -80.1840513,
              43.5312102
            ],
            [
              -80.1840446,
              43.5312209
            ],
            [
              -80.1840466,
              43.5312306
            ],
            [
              -80.1840513,
              43.5312345
            ]
          ]
        ]
      }
    },
    {
      "type": "Feature",
      "properties": {
        "@id": "way/910068419",
        "golf": "bunker",
        "natural": "sand"
      },
      "geometry": {
        "type": "Polygon",
        "coordinates": [
          [
            [
              -80.1839775,
              43.5313138
            ],
            [
              -80.1839923,
              43.5313201
            ],
            [
              -80.1840171,
              43.5313206
            ],
            [
              -80.1840372,
              43.5313172
            ],
            [
              -80.184054,
              43.5313099
            ],
            [
              -80.1840594,
              43.5313001
            ],
            [
              -80.1840654,
              43.5312899
            ],
            [
              -80.1840614,
              43.5312758
            ],
            [
              -80.1840466,
              43.5312612
            ],
            [
              -80.1840305,
              43.5312549
            ],
            [
              -80.1840131,
              43.5312549
            ],
            [
              -80.1839876,
              43.5312627
            ],
            [
              -80.1839755,
              43.5312739
            ],
            [
              -80.1839681,
              43.5312894
            ],
            [
              -80.1839688,
              43.5313036
            ],
            [
              -80.1839775,
              43.5313138
            ]
          ]
        ]
      }
    },
    {
      "type": "Feature",
      "properties": {
        "@id": "way/910068420",
        "golf": "bunker",
        "natural": "sand"
      },
      "geometry": {
        "type": "Polygon",
        "coordinates": [
          [
            [
              -80.1835956,
              43.5311601
            ],
            [
              -80.1835781,
              43.5311673
            ],
            [
              -80.1835583,
              43.5311791
            ],
            [
              -80.1835437,
              43.5311914
            ],
            [
              -80.1835408,
              43.5312045
            ],
            [
              -80.1835437,
              43.531213
            ],
            [
              -80.1835553,
              43.5312219
            ],
            [
              -80.1835682,
              43.5312274
            ],
            [
              -80.1835875,
              43.5312312
            ],
            [
              -80.1836056,
              43.5312312
            ],
            [
              -80.1836178,
              43.5312223
            ],
            [
              -80.183626,
              43.5312155
            ],
            [
              -80.1836336,
              43.5312075
            ],
            [
              -80.1836371,
              43.5311973
            ],
            [
              -80.1836371,
              43.5311863
            ],
            [
              -80.1836365,
              43.531177
            ],
            [
              -80.1836383,
              43.5311681
            ],
            [
              -80.1836464,
              43.5311592
            ],
            [
              -80.1836523,
              43.5311529
            ],
            [
              -80.1836628,
              43.5311457
            ],
            [
              -80.1836751,
              43.5311398
            ],
            [
              -80.1836768,
              43.5311321
            ],
            [
              -80.183671,
              43.5311207
            ],
            [
              -80.1836663,
              43.5311122
            ],
            [
              -80.1836523,
              43.5311046
            ],
            [
              -80.18364,
              43.5310978
            ],
            [
              -80.1836272,
              43.5310966
            ],
            [
              -80.1836097,
              43.5310978
            ],
            [
              -80.1835916,
              43.531105
            ],
            [
              -80.1835822,
              43.5311097
            ],
            [
              -80.1835735,
              43.531119
            ],
            [
              -80.1835758,
              43.5311288
            ],
            [
              -80.1835845,
              43.5311398
            ],
            [
              -80.1835916,
              43.5311516
            ],
            [
              -80.1835956,
              43.5311558
            ],
            [
              -80.1835956,
              43.5311601
            ]
          ]
        ]
      }
    },
    {
      "type": "Feature",
      "properties": {
        "@id": "way/910068423",
        "golf": "cartpath",
        "golf_cart": "designated",
        "highway": "service"
      },
      "geometry": {
        "type": "LineString",
        "coordinates": [
          [
            -80.1856508,
            43.5303491
          ],
          [
            -80.1855755,
            43.530369
          ],
          [
            -80.1855374,
            43.5303847
          ],
          [
            -80.1855081,
            43.5304179
          ],
          [
            -80.1854699,
            43.5304673
          ],
          [
            -80.1854472,
            43.5304959
          ],
          [
            -80.1854245,
            43.5305121
          ],
          [
            -80.1853553,
            43.5305521
          ],
          [
            -80.1852085,
            43.5306176
          ],
          [
            -80.1849526,
            43.5307196
          ],
          [
            -80.1849031,
            43.5307387
          ],
          [
            -80.1848038,
            43.5307812
          ],
          [
            -80.1847045,
            43.5308188
          ],
          [
            -80.184647,
            43.5308338
          ],
          [
            -80.1845808,
            43.5308459
          ],
          [
            -80.1844835,
            43.5308535
          ],
          [
            -80.1842876,
            43.5308654
          ],
          [
            -80.1842239,
            43.5308716
          ],
          [
            -80.1841687,
            43.5308804
          ],
          [
            -80.1840536,
            43.5309115
          ],
          [
            -80.1839746,
            43.5309331
          ],
          [
            -80.1839145,
            43.5309428
          ],
          [
            -80.1838578,
            43.530947
          ],
          [
            -80.1837781,
            43.5309453
          ],
          [
            -80.1837017,
            43.530942
          ],
          [
            -80.1836207,
            43.5309354
          ],
          [
            -80.1835452,
            43.5309354
          ],
          [
            -80.1834777,
            43.5309378
          ],
          [
            -80.1834052,
            43.5309546
          ],
          [
            -80.1833609,
            43.5309562
          ],
          [
            -80.1833307,
            43.5309429
          ],
          [
            -80.1833185,
            43.5309235
          ],
          [
            -80.183319,
            43.5308901
          ],
          [
            -80.183357,
            43.5308468
          ],
          [
            -80.1834062,
            43.530819
          ],
          [
            -80.1834646,
            43.5307993
          ],
          [
            -80.1835418,
            43.5307959
          ],
          [
            -80.1836119,
            43.5307735
          ],
          [
            -80.1836912,
            43.5307148
          ],
          [
            -80.1837713,
            43.5306278
          ],
          [
            -80.1838169,
            43.530554
          ],
          [
            -80.1838564,
            43.5304502
          ],
          [
            -80.1839192,
            43.5302543
          ]
        ]
      }
    },
    {
      "type": "Feature",
      "properties": {
        "@id": "way/910068424",
        "golf": "hole",
        "par": "3",
        "ref": "15"
      },
      "geometry": {
        "type": "LineString",
        "coordinates": [
          [
            -80.1855605,
            43.5305626
          ],
          [
            -80.184528,
            43.5309514
          ],
          [
            -80.1840656,
            43.5310274
          ],
          [
            -80.1838129,
            43.5312017
          ]
        ]
      }
    },
    {
      "type": "Feature",
      "properties": {
        "@id": "way/910068425",
        "golf": "tee",
        "landuse": "grass"
      },
      "geometry": {
        "type": "Polygon",
        "coordinates": [
          [
            [
              -80.1832103,
              43.5308979
            ],
            [
              -80.1831661,
              43.5308853
            ],
            [
              -80.1831339,
              43.5308687
            ],
            [
              -80.1831137,
              43.5308425
            ],
            [
              -80.1831218,
              43.5308123
            ],
            [
              -80.1831687,
              43.5307685
            ],
            [
              -80.1832345,
              43.5307306
            ],
            [
              -80.1832908,
              43.5306975
            ],
            [
              -80.1833539,
              43.5306654
            ],
            [
              -80.1833982,
              43.5306577
            ],
            [
              -80.1834558,
              43.5306839
            ],
            [
              -80.1834773,
              43.5307102
            ],
            [
              -80.183484,
              43.5307335
            ],
            [
              -80.1834545,
              43.5307666
            ],
            [
              -80.1833968,
              43.5308026
            ],
            [
              -80.1833271,
              43.5308463
            ],
            [
              -80.183264,
              43.5308843
            ],
            [
              -80.1832103,
              43.5308979
            ]
          ]
        ]
      }
    },
    {
      "type": "Feature",
      "properties": {
        "@id": "way/910068426",
        "golf": "tee",
        "landuse": "grass"
      },
      "geometry": {
        "type": "Polygon",
        "coordinates": [
          [
            [
              -80.1837488,
              43.530209
            ],
            [
              -80.1837422,
              43.5302182
            ],
            [
              -80.1837402,
              43.5302285
            ],
            [
              -80.1837431,
              43.5302386
            ],
            [
              -80.1837505,
              43.5302475
            ],
            [
              -80.1837616,
              43.530254
            ],
            [
              -80.183774,
              43.5302573
            ],
            [
              -80.1837873,
              43.5302576
            ],
            [
              -80.1838,
              43.530255
            ],
            [
              -80.1838109,
              43.5302495
            ],
            [
              -80.183819,
              43.5302419
            ],
            [
              -80.1838234,
              43.5302328
            ],
            [
              -80.1838236,
              43.5302232
            ],
            [
              -80.1838197,
              43.5302141
            ],
            [
              -80.183812,
              43.5302062
            ],
            [
              -80.1838005,
              43.5302002
            ],
            [
              -80.1837867,
              43.5301973
            ],
            [
              -80.1837725,
              43.5301979
            ],
            [
              -80.1837593,
              43.530202
            ],
            [
              -80.1837488,
              43.530209
            ]
          ]
        ]
      }
    },
    {
      "type": "Feature",
      "properties": {
        "@id": "way/910068427",
        "golf": "fairway",
        "landuse": "grass"
      },
      "geometry": {
        "type": "Polygon",
        "coordinates": [
          [
            [
              -80.1840197,
              43.530153
            ],
            [
              -80.1840487,
              43.5301642
            ],
            [
              -80.1840757,
              43.5301676
            ],
            [
              -80.1841073,
              43.5301709
            ],
            [
              -80.1841859,
              43.5301296
            ],
            [
              -80.1842067,
              43.5301117
            ],
            [
              -80.1842994,
              43.5300182
            ],
            [
              -80.184349,
              43.5299666
            ],
            [
              -80.1843798,
              43.5299367
            ],
            [
              -80.1843975,
              43.5299193
            ],
            [
              -80.184456,
              43.529868
            ],
            [
              -80.1845285,
              43.5298109
            ],
            [
              -80.1845754,
              43.5297801
            ],
            [
              -80.1845905,
              43.5297698
            ],
            [
              -80.1846162,
              43.529757
            ],
            [
              -80.1846524,
              43.5297377
            ],
            [
              -80.1846808,
              43.5297217
            ],
            [
              -80.1846967,
              43.5297133
            ],
            [
              -80.1847206,
              43.5296979
            ],
            [
              -80.1847312,
              43.5296857
            ],
            [
              -80.1847587,
              43.5296524
            ],
            [
              -80.1848304,
              43.52956
            ],
            [
              -80.1848498,
              43.5295394
            ],
            [
              -80.184872,
              43.5295202
            ],
            [
              -80.1849428,
              43.5294483
            ],
            [
              -80.1849791,
              43.5294284
            ],
            [
              -80.1850322,
              43.5294085
            ],
            [
              -80.1850994,
              43.5293867
            ],
            [
              -80.1851817,
              43.5293675
            ],
            [
              -80.1854313,
              43.5293174
            ],
            [
              -80.1854729,
              43.5293097
            ],
            [
              -80.1855128,
              43.5293001
            ],
            [
              -80.1855579,
              43.5292892
            ],
            [
              -80.1856765,
              43.5292584
            ],
            [
              -80.1857385,
              43.5292481
            ],
            [
              -80.1857925,
              43.5292365
            ],
            [
              -80.1858659,
              43.5292224
            ],
            [
              -80.1859261,
              43.5292141
            ],
            [
              -80.185981,
              43.5292089
            ],
            [
              -80.1860562,
              43.5292
            ],
            [
              -80.1861784,
              43.5291903
            ],
            [
              -80.186266,
              43.5291839
            ],
            [
              -80.1863704,
              43.5291711
            ],
            [
              -80.1864563,
              43.529166
            ],
            [
              -80.1865085,
              43.5291557
            ],
            [
              -80.1865846,
              43.5291454
            ],
            [
              -80.186674,
              43.5291358
            ],
            [
              -80.1867749,
              43.5291294
            ],
            [
              -80.1868652,
              43.5291307
            ],
            [
              -80.1869396,
              43.5291319
            ],
            [
              -80.1870458,
              43.529121
            ],
            [
              -80.187106,
              43.5291101
            ],
            [
              -80.1871892,
              43.5290954
            ],
            [
              -80.1872945,
              43.5290755
            ],
            [
              -80.1873609,
              43.5290607
            ],
            [
              -80.1874264,
              43.5290543
            ],
            [
              -80.1874697,
              43.5290543
            ],
            [
              -80.187522,
              43.5290562
            ],
            [
              -80.1875671,
              43.5290601
            ],
            [
              -80.187645,
              43.5290735
            ],
            [
              -80.1876875,
              43.5290864
            ],
            [
              -80.187714,
              43.5290922
            ],
            [
              -80.1877999,
              43.5290909
            ],
            [
              -80.1878326,
              43.5290845
            ],
            [
              -80.1878565,
              43.5290742
            ],
            [
              -80.1878831,
              43.5290485
            ],
            [
              -80.1879026,
              43.5290325
            ],
            [
              -80.1879335,
              43.5289965
            ],
            [
              -80.1879486,
              43.5289818
            ],
            [
              -80.1879698,
              43.5289651
            ],
            [
              -80.1879893,
              43.5289542
            ],
            [
              -80.1880017,
              43.5289516
            ],
            [
              -80.1880238,
              43.5289555
            ],
            [
              -80.1880575,
              43.5289625
            ],
            [
              -80.1880973,
              43.5289766
            ],
            [
              -80.1881513,
              43.5289818
            ],
            [
              -80.1881973,
              43.5289786
            ],
            [
              -80.1882424,
              43.528967
            ],
            [
              -80.1882796,
              43.5289484
            ],
            [
              -80.1883345,
              43.5289112
            ],
            [
              -80.188346,
              43.5288945
            ],
            [
              -80.1883637,
              43.528865
            ],
            [
              -80.1883655,
              43.5288419
            ],
            [
              -80.1883513,
              43.5288117
            ],
            [
              -80.1883345,
              43.5287796
            ],
            [
              -80.188315,
              43.5287655
            ],
            [
              -80.1882893,
              43.5287559
            ],
            [
              -80.1882584,
              43.528745
            ],
            [
              -80.188223,
              43.5287418
            ],
            [
              -80.1881592,
              43.528745
            ],
            [
              -80.1881123,
              43.5287488
            ],
            [
              -80.1880822,
              43.5287604
            ],
            [
              -80.1880238,
              43.5287796
            ],
            [
              -80.1879734,
              43.5288021
            ],
            [
              -80.1879468,
              43.5288181
            ],
            [
              -80.1879229,
              43.5288387
            ],
            [
              -80.1878999,
              43.5288547
            ],
            [
              -80.187868,
              43.5288759
            ],
            [
              -80.1878379,
              43.5288945
            ],
            [
              -80.1878202,
              43.5289048
            ],
            [
              -80.1877893,
              43.528917
            ],
            [
              -80.1877335,
              43.5289195
            ],
            [
              -80.1876751,
              43.5289182
            ],
            [
              -80.187591,
              43.5289182
            ],
            [
              -80.1875335,
              43.5289176
            ],
            [
              -80.1874759,
              43.5289138
            ],
            [
              -80.187429,
              43.5289054
            ],
            [
              -80.1873662,
              43.5289016
            ],
            [
              -80.1872909,
              43.5288939
            ],
            [
              -80.1872139,
              43.5288842
            ],
            [
              -80.1870343,
              43.5288676
            ],
            [
              -80.1869528,
              43.5288579
            ],
            [
              -80.186898,
              43.5288457
            ],
            [
              -80.1868351,
              43.5288393
            ],
            [
              -80.186751,
              43.528838
            ],
            [
              -80.1866793,
              43.5288438
            ],
            [
              -80.1866174,
              43.5288412
            ],
            [
              -80.1865377,
              43.5288425
            ],
            [
              -80.186451,
              43.5288509
            ],
            [
              -80.1863386,
              43.5288695
            ],
            [
              -80.1862917,
              43.5288823
            ],
            [
              -80.1862448,
              43.5288996
            ],
            [
              -80.1861863,
              43.5289266
            ],
            [
              -80.1861164,
              43.5289593
            ],
            [
              -80.1860518,
              43.5289901
            ],
            [
              -80.1858303,
              43.5290471
            ],
            [
              -80.1855891,
              43.5290918
            ],
            [
              -80.1853733,
              43.5291232
            ],
            [
              -80.185172,
              43.5291803
            ],
            [
              -80.1849992,
              43.529256
            ],
            [
              -80.1849315,
              43.5292854
            ],
            [
              -80.1846658,
              43.5294323
            ],
            [
              -80.1845439,
              43.529518
            ],
            [
              -80.1844507,
              43.5295948
            ],
            [
              -80.1843582,
              43.5296707
            ],
            [
              -80.1843069,
              43.529724
            ],
            [
              -80.1842812,
              43.5297503
            ],
            [
              -80.1842246,
              43.5298106
            ],
            [
              -80.1841529,
              43.5298876
            ],
            [
              -80.1840927,
              43.5299415
            ],
            [
              -80.1840396,
              43.5299864
            ],
            [
              -80.184021,
              43.5299986
            ],
            [
              -80.1839936,
              43.5300185
            ],
            [
              -80.1839803,
              43.530039
            ],
            [
              -80.183975,
              43.5300666
            ],
            [
              -80.1839759,
              43.530091
            ],
            [
              -80.1839785,
              43.5301064
            ],
            [
              -80.1839821,
              43.5301257
            ],
            [
              -80.1840006,
              43.5301404
            ],
            [
              -80.1840197,
              43.530153
            ]
          ]
        ]
      }
    },
    {
      "type": "Feature",
      "properties": {
        "@id": "way/910068432",
        "golf": "bunker",
        "natural": "sand"
      },
      "geometry": {
        "type": "Polygon",
        "coordinates": [
          [
            [
              -80.1850456,
              43.5296394
            ],
            [
              -80.1850603,
              43.529645
            ],
            [
              -80.185071,
              43.5296455
            ],
            [
              -80.1850849,
              43.529645
            ],
            [
              -80.1850988,
              43.5296388
            ],
            [
              -80.1851111,
              43.5296332
            ],
            [
              -80.1851188,
              43.5296198
            ],
            [
              -80.1851165,
              43.5296008
            ],
            [
              -80.1851034,
              43.5295908
            ],
            [
              -80.1850857,
              43.5295869
            ],
            [
              -80.1850664,
              43.5295885
            ],
            [
              -80.1850502,
              43.5295958
            ],
            [
              -80.1850364,
              43.5296031
            ],
            [
              -80.1850294,
              43.5296126
            ],
            [
              -80.1850302,
              43.5296221
            ],
            [
              -80.1850364,
              43.5296327
            ],
            [
              -80.1850456,
              43.5296394
            ]
          ]
        ]
      }
    },
    {
      "type": "Feature",
      "properties": {
        "@id": "way/910068433",
        "golf": "bunker",
        "natural": "sand"
      },
      "geometry": {
        "type": "Polygon",
        "coordinates": [
          [
            [
              -80.1849377,
              43.5295522
            ],
            [
              -80.1849462,
              43.5295628
            ],
            [
              -80.1849601,
              43.5295701
            ],
            [
              -80.1849701,
              43.5295746
            ],
            [
              -80.1849924,
              43.5295768
            ],
            [
              -80.1850079,
              43.5295723
            ],
            [
              -80.1850217,
              43.5295651
            ],
            [
              -80.185031,
              43.5295573
            ],
            [
              -80.1850364,
              43.5295478
            ],
            [
              -80.1850379,
              43.5295332
            ],
            [
              -80.1850356,
              43.5295193
            ],
            [
              -80.185024,
              43.5295086
            ],
            [
              -80.1850102,
              43.5294992
            ],
            [
              -80.1849917,
              43.5294997
            ],
            [
              -80.1849724,
              43.5295036
            ],
            [
              -80.1849547,
              43.5295103
            ],
            [
              -80.1849431,
              43.529517
            ],
            [
              -80.1849347,
              43.5295276
            ],
            [
              -80.1849316,
              43.5295394
            ],
            [
              -80.1849377,
              43.5295522
            ]
          ]
        ]
      }
    },
    {
      "type": "Feature",
      "properties": {
        "@id": "way/910068434",
        "golf": "bunker",
        "natural": "sand"
      },
      "geometry": {
        "type": "Polygon",
        "coordinates": [
          [
            [
              -80.1851111,
              43.5295198
            ],
            [
              -80.1851227,
              43.529531
            ],
            [
              -80.1851427,
              43.5295338
            ],
            [
              -80.1851535,
              43.529536
            ],
            [
              -80.1851697,
              43.5295327
            ],
            [
              -80.1851812,
              43.529526
            ],
            [
              -80.1851897,
              43.5295232
            ],
            [
              -80.1851982,
              43.5295098
            ],
            [
              -80.185202,
              43.5295014
            ],
            [
              -80.1851997,
              43.5294902
            ],
            [
              -80.185192,
              43.5294802
            ],
            [
              -80.1851805,
              43.5294723
            ],
            [
              -80.1851674,
              43.5294684
            ],
            [
              -80.1851481,
              43.5294684
            ],
            [
              -80.1851304,
              43.5294718
            ],
            [
              -80.1851188,
              43.5294785
            ],
            [
              -80.1851096,
              43.529488
            ],
            [
              -80.1851057,
              43.5294964
            ],
            [
              -80.1851049,
              43.5295075
            ],
            [
              -80.1851111,
              43.5295198
            ]
          ]
        ]
      }
    },
    {
      "type": "Feature",
      "properties": {
        "@id": "way/910068435",
        "golf": "bunker",
        "natural": "sand"
      },
      "geometry": {
        "type": "Polygon",
        "coordinates": [
          [
            [
              -80.184633,
              43.5293315
            ],
            [
              -80.184639,
              43.5293442
            ],
            [
              -80.184645,
              43.5293544
            ],
            [
              -80.1846524,
              43.5293622
            ],
            [
              -80.1846598,
              43.5293651
            ],
            [
              -80.1846799,
              43.5293651
            ],
            [
              -80.1846953,
              43.5293641
            ],
            [
              -80.1847094,
              43.5293563
            ],
            [
              -80.1847195,
              43.5293456
            ],
            [
              -80.1847249,
              43.5293306
            ],
            [
              -80.1847195,
              43.5293077
            ],
            [
              -80.1847121,
              43.5292985
            ],
            [
              -80.1846994,
              43.5292921
            ],
            [
              -80.184686,
              43.5292887
            ],
            [
              -80.1846672,
              43.5292897
            ],
            [
              -80.1846504,
              43.5292931
            ],
            [
              -80.1846397,
              43.5293038
            ],
            [
              -80.184633,
              43.5293194
            ],
            [
              -80.184633,
              43.5293315
            ]
          ]
        ]
      }
    },
    {
      "type": "Feature",
      "properties": {
        "@id": "way/910068436",
        "golf": "bunker",
        "natural": "sand"
      },
      "geometry": {
        "type": "Polygon",
        "coordinates": [
          [
            [
              -80.1875947,
              43.5288411
            ],
            [
              -80.1876086,
              43.5288372
            ],
            [
              -80.1876232,
              43.5288277
            ],
            [
              -80.1876402,
              43.5288221
            ],
            [
              -80.1876564,
              43.5288226
            ],
            [
              -80.1876649,
              43.5288282
            ],
            [
              -80.1876733,
              43.5288366
            ],
            [
              -80.187681,
              43.5288456
            ],
            [
              -80.1876857,
              43.5288511
            ],
            [
              -80.1876849,
              43.5288612
            ],
            [
              -80.1876826,
              43.5288707
            ],
            [
              -80.1876733,
              43.5288785
            ],
            [
              -80.1876649,
              43.528883
            ],
            [
              -80.1876448,
              43.5288875
            ],
            [
              -80.187631,
              43.5288891
            ],
            [
              -80.1875994,
              43.5288891
            ],
            [
              -80.1875693,
              43.528888
            ],
            [
              -80.1875408,
              43.5288858
            ],
            [
              -80.1875161,
              43.5288796
            ],
            [
              -80.187503,
              43.5288729
            ],
            [
              -80.187493,
              43.5288556
            ],
            [
              -80.1874938,
              43.5288439
            ],
            [
              -80.1874961,
              43.5288349
            ],
            [
              -80.187503,
              43.5288277
            ],
            [
              -80.1875138,
              43.5288199
            ],
            [
              -80.1875223,
              43.5288126
            ],
            [
              -80.1875423,
              43.5288115
            ],
            [
              -80.187557,
              43.5288148
            ],
            [
              -80.1875701,
              43.5288226
            ],
            [
              -80.1875816,
              43.5288327
            ],
            [
              -80.1875863,
              43.5288361
            ],
            [
              -80.1875947,
              43.5288411
            ]
          ]
        ]
      }
    },
    {
      "type": "Feature",
      "properties": {
        "@id": "way/910068437",
        "golf": "bunker",
        "natural": "sand"
      },
      "geometry": {
        "type": "Polygon",
        "coordinates": [
          [
            [
              -80.1879862,
              43.5289866
            ],
            [
              -80.1879845,
              43.5289934
            ],
            [
              -80.187988,
              43.5289997
            ],
            [
              -80.1879938,
              43.5290073
            ],
            [
              -80.188002,
              43.5290184
            ],
            [
              -80.1880113,
              43.5290272
            ],
            [
              -80.1880207,
              43.5290366
            ],
            [
              -80.1880318,
              43.5290429
            ],
            [
              -80.1880487,
              43.5290467
            ],
            [
              -80.1880616,
              43.5290505
            ],
            [
              -80.1880785,
              43.5290514
            ],
            [
              -80.1880907,
              43.5290471
            ],
            [
              -80.1880972,
              43.5290421
            ],
            [
              -80.1881071,
              43.5290387
            ],
            [
              -80.1881188,
              43.5290361
            ],
            [
              -80.188127,
              43.5290382
            ],
            [
              -80.1881357,
              43.5290438
            ],
            [
              -80.1881474,
              43.5290467
            ],
            [
              -80.1881573,
              43.5290412
            ],
            [
              -80.1881632,
              43.5290332
            ],
            [
              -80.1881655,
              43.5290294
            ],
            [
              -80.1881637,
              43.5290196
            ],
            [
              -80.1881515,
              43.5290069
            ],
            [
              -80.1881386,
              43.5290023
            ],
            [
              -80.188124,
              43.5290023
            ],
            [
              -80.1881065,
              43.5290069
            ],
            [
              -80.1880937,
              43.5290103
            ],
            [
              -80.188082,
              43.5290128
            ],
            [
              -80.1880738,
              43.5290124
            ],
            [
              -80.188068,
              43.5290031
            ],
            [
              -80.1880604,
              43.5289951
            ],
            [
              -80.1880487,
              43.5289862
            ],
            [
              -80.1880429,
              43.5289786
            ],
            [
              -80.1880347,
              43.5289756
            ],
            [
              -80.1880248,
              43.5289739
            ],
            [
              -80.1880143,
              43.528973
            ],
            [
              -80.1880061,
              43.5289743
            ],
            [
              -80.1879944,
              43.5289777
            ],
            [
              -80.1879921,
              43.5289811
            ],
            [
              -80.1879862,
              43.5289866
            ]
          ]
        ]
      }
    },
    {
      "type": "Feature",
      "properties": {
        "@id": "way/910068438",
        "golf": "green",
        "landuse": "grass"
      },
      "geometry": {
        "type": "Polygon",
        "coordinates": [
          [
            [
              -80.1880013,
              43.5289328
            ],
            [
              -80.1879698,
              43.5289216
            ],
            [
              -80.1879564,
              43.5288934
            ],
            [
              -80.1879456,
              43.5288647
            ],
            [
              -80.187951,
              43.5288472
            ],
            [
              -80.1879604,
              43.5288253
            ],
            [
              -80.1879819,
              43.5288156
            ],
            [
              -80.188006,
              43.528803
            ],
            [
              -80.1880375,
              43.5287903
            ],
            [
              -80.1880892,
              43.5287704
            ],
            [
              -80.188112,
              43.5287602
            ],
            [
              -80.1881489,
              43.5287572
            ],
            [
              -80.1881905,
              43.5287534
            ],
            [
              -80.188226,
              43.5287548
            ],
            [
              -80.1882616,
              43.5287568
            ],
            [
              -80.1882817,
              43.528765
            ],
            [
              -80.1883085,
              43.5287777
            ],
            [
              -80.1883219,
              43.5287976
            ],
            [
              -80.1883354,
              43.5288195
            ],
            [
              -80.1883441,
              43.5288448
            ],
            [
              -80.1883434,
              43.5288623
            ],
            [
              -80.1883307,
              43.5288798
            ],
            [
              -80.1883179,
              43.5289022
            ],
            [
              -80.188277,
              43.5289338
            ],
            [
              -80.1882361,
              43.5289532
            ],
            [
              -80.1882066,
              43.5289586
            ],
            [
              -80.1881797,
              43.5289639
            ],
            [
              -80.1881428,
              43.5289639
            ],
            [
              -80.1881106,
              43.5289581
            ],
            [
              -80.1880872,
              43.5289523
            ],
            [
              -80.1880436,
              43.5289416
            ],
            [
              -80.1880241,
              43.5289372
            ],
            [
              -80.1880013,
              43.5289328
            ]
          ]
        ]
      }
    },
    {
      "type": "Feature",
      "properties": {
        "@id": "way/910068439",
        "golf": "cartpath",
        "golf_cart": "designated",
        "highway": "service"
      },
      "geometry": {
        "type": "LineString",
        "coordinates": [
          [
            -80.187877,
            43.5291421
          ],
          [
            -80.1879819,
            43.5291305
          ],
          [
            -80.1880599,
            43.5291285
          ],
          [
            -80.1881596,
            43.5291322
          ],
          [
            -80.1882567,
            43.5291236
          ],
          [
            -80.1883115,
            43.5291121
          ],
          [
            -80.1883569,
            43.5290859
          ],
          [
            -80.1883995,
            43.5290564
          ],
          [
            -80.1884305,
            43.5290222
          ],
          [
            -80.1884515,
            43.5289681
          ],
          [
            -80.1884707,
            43.5289035
          ],
          [
            -80.1884868,
            43.5288747
          ],
          [
            -80.1885258,
            43.5288426
          ],
          [
            -80.1885785,
            43.528814
          ],
          [
            -80.188634,
            43.5287952
          ],
          [
            -80.1886739,
            43.5287886
          ],
          [
            -80.1887524,
            43.5287972
          ],
          [
            -80.1888157,
            43.5288331
          ],
          [
            -80.1889115,
            43.528886
          ],
          [
            -80.1889729,
            43.5289116
          ],
          [
            -80.1890465,
            43.5289291
          ],
          [
            -80.1891524,
            43.5289433
          ],
          [
            -80.1892421,
            43.5289372
          ],
          [
            -80.1892867,
            43.5289258
          ],
          [
            -80.1893158,
            43.5289113
          ],
          [
            -80.1893261,
            43.5288887
          ],
          [
            -80.1893303,
            43.5288715
          ],
          [
            -80.1893291,
            43.528845
          ],
          [
            -80.1893062,
            43.5288042
          ],
          [
            -80.1892639,
            43.5287824
          ],
          [
            -80.1891994,
            43.5287717
          ],
          [
            -80.1890654,
            43.5287717
          ],
          [
            -80.1890325,
            43.5287644
          ],
          [
            -80.1890038,
            43.5287528
          ],
          [
            -80.1889454,
            43.5287092
          ],
          [
            -80.1889047,
            43.5286875
          ],
          [
            -80.1888512,
            43.5286675
          ],
          [
            -80.1887339,
            43.5286423
          ],
          [
            -80.1885787,
            43.5286162
          ],
          [
            -80.1884708,
            43.5286046
          ],
          [
            -80.1883922,
            43.5285895
          ],
          [
            -80.1883011,
            43.5285498
          ],
          [
            -80.1882196,
            43.5285064
          ],
          [
            -80.1880869,
            43.5284243
          ]
        ]
      }
    },
    {
      "type": "Feature",
      "properties": {
        "@id": "way/910068440",
        "golf": "hole",
        "par": "5",
        "ref": "16"
      },
      "geometry": {
        "type": "LineString",
        "coordinates": [
          [
            -80.1832564,
            43.5308111
          ],
          [
            -80.1849275,
            43.5293429
          ],
          [
            -80.1866623,
            43.5289912
          ],
          [
            -80.1877598,
            43.5289938
          ],
          [
            -80.1881669,
            43.5288629
          ]
        ]
      }
    },
    {
      "type": "Feature",
      "properties": {
        "@id": "way/910068441",
        "golf": "tee",
        "landuse": "grass"
      },
      "geometry": {
        "type": "Polygon",
        "coordinates": [
          [
            [
              -80.1893185,
              43.5287289
            ],
            [
              -80.1893556,
              43.5287482
            ],
            [
              -80.1894095,
              43.5287572
            ],
            [
              -80.1894412,
              43.5287612
            ],
            [
              -80.1894724,
              43.5287387
            ],
            [
              -80.1894748,
              43.5287183
            ],
            [
              -80.1894367,
              43.5287039
            ],
            [
              -80.1893964,
              43.5286951
            ],
            [
              -80.1893558,
              43.5286874
            ],
            [
              -80.1893248,
              43.5286942
            ],
            [
              -80.1893211,
              43.5287075
            ],
            [
              -80.1893185,
              43.5287289
            ]
          ]
        ]
      }
    },
    {
      "type": "Feature",
      "properties": {
        "@id": "way/910068442",
        "golf": "tee",
        "landuse": "grass"
      },
      "geometry": {
        "type": "Polygon",
        "coordinates": [
          [
            [
              -80.1890347,
              43.5286678
            ],
            [
              -80.1890937,
              43.5286902
            ],
            [
              -80.1891702,
              43.5287068
            ],
            [
              -80.1892145,
              43.5287077
            ],
            [
              -80.1892467,
              43.5286931
            ],
            [
              -80.1892655,
              43.5286795
            ],
            [
              -80.1892574,
              43.5286571
            ],
            [
              -80.1892172,
              43.5286387
            ],
            [
              -80.1891541,
              43.5286202
            ],
            [
              -80.1890911,
              43.5286173
            ],
            [
              -80.1890535,
              43.528626
            ],
            [
              -80.1890374,
              43.5286464
            ],
            [
              -80.1890347,
              43.5286678
            ]
          ]
        ]
      }
    },
    {
      "type": "Feature",
      "properties": {
        "@id": "way/910068443",
        "golf": "tee",
        "landuse": "grass"
      },
      "geometry": {
        "type": "Polygon",
        "coordinates": [
          [
            [
              -80.1885499,
              43.5285237
            ],
            [
              -80.1885687,
              43.5285499
            ],
            [
              -80.1885929,
              43.5285713
            ],
            [
              -80.1886438,
              43.528581
            ],
            [
              -80.1886868,
              43.5285908
            ],
            [
              -80.1887284,
              43.5285908
            ],
            [
              -80.1887646,
              43.5285781
            ],
            [
              -80.1888008,
              43.5285577
            ],
            [
              -80.1888169,
              43.5285324
            ],
            [
              -80.1888142,
              43.528511
            ],
            [
              -80.1887928,
              43.5284877
            ],
            [
              -80.1887485,
              43.5284721
            ],
            [
              -80.1886988,
              43.5284604
            ],
            [
              -80.1886452,
              43.5284604
            ],
            [
              -80.1886049,
              43.5284643
            ],
            [
              -80.1885647,
              43.5284818
            ],
            [
              -80.1885513,
              43.5284974
            ],
            [
              -80.1885499,
              43.5285237
            ]
          ]
        ]
      }
    },
    {
      "type": "Feature",
      "properties": {
        "@id": "way/910068444",
        "golf": "bunker",
        "natural": "sand"
      },
      "geometry": {
        "type": "Polygon",
        "coordinates": [
          [
            [
              -80.1870242,
              43.5281135
            ],
            [
              -80.1870404,
              43.5281046
            ],
            [
              -80.1870526,
              43.5280973
            ],
            [
              -80.1870699,
              43.5280936
            ],
            [
              -80.1870892,
              43.5280943
            ],
            [
              -80.1871075,
              43.5281054
            ],
            [
              -80.1871147,
              43.5281172
            ],
            [
              -80.1871116,
              43.5281327
            ],
            [
              -80.1870933,
              43.5281526
            ],
            [
              -80.1870669,
              43.5281651
            ],
            [
              -80.1870415,
              43.5281703
            ],
            [
              -80.1870171,
              43.528171
            ],
            [
              -80.1869754,
              43.5281688
            ],
            [
              -80.1869489,
              43.5281658
            ],
            [
              -80.1869245,
              43.5281592
            ],
            [
              -80.1869154,
              43.5281533
            ],
            [
              -80.1869123,
              43.5281393
            ],
            [
              -80.1869164,
              43.5281253
            ],
            [
              -80.1869306,
              43.5281142
            ],
            [
              -80.186955,
              43.5281083
            ],
            [
              -80.1869733,
              43.5281135
            ],
            [
              -80.1869937,
              43.5281164
            ],
            [
              -80.187013,
              43.5281186
            ],
            [
              -80.1870242,
              43.5281135
            ]
          ]
        ]
      }
    },
    {
      "type": "Feature",
      "properties": {
        "@id": "way/910068445",
        "golf": "bunker",
        "natural": "sand"
      },
      "geometry": {
        "type": "Polygon",
        "coordinates": [
          [
            [
              -80.1868144,
              43.5280255
            ],
            [
              -80.1868256,
              43.5280078
            ],
            [
              -80.1868348,
              43.527999
            ],
            [
              -80.186847,
              43.5279931
            ],
            [
              -80.1868622,
              43.5279953
            ],
            [
              -80.1868765,
              43.5280019
            ],
            [
              -80.1868876,
              43.5280159
            ],
            [
              -80.1868937,
              43.5280262
            ],
            [
              -80.1868968,
              43.528041
            ],
            [
              -80.1868897,
              43.5280579
            ],
            [
              -80.1868775,
              43.5280742
            ],
            [
              -80.1868581,
              43.5280852
            ],
            [
              -80.1868419,
              43.5280911
            ],
            [
              -80.1868185,
              43.5280948
            ],
            [
              -80.1867982,
              43.5280926
            ],
            [
              -80.1867799,
              43.5280845
            ],
            [
              -80.1867717,
              43.5280719
            ],
            [
              -80.1867656,
              43.5280602
            ],
            [
              -80.1867636,
              43.5280476
            ],
            [
              -80.1867819,
              43.5280366
            ],
            [
              -80.1867921,
              43.5280292
            ],
            [
              -80.1868063,
              43.5280321
            ],
            [
              -80.1868144,
              43.5280255
            ]
          ]
        ]
      }
    },
    {
      "type": "Feature",
      "properties": {
        "@id": "way/910068446",
        "golf": "bunker",
        "natural": "sand"
      },
      "geometry": {
        "type": "Polygon",
        "coordinates": [
          [
            [
              -80.1867908,
              43.5278842
            ],
            [
              -80.1868152,
              43.527868
            ],
            [
              -80.1868203,
              43.5278511
            ],
            [
              -80.1868284,
              43.5278341
            ],
            [
              -80.1868284,
              43.5278216
            ],
            [
              -80.1868233,
              43.5278098
            ],
            [
              -80.1868101,
              43.5278061
            ],
            [
              -80.1867918,
              43.5278098
            ],
            [
              -80.1867745,
              43.527823
            ],
            [
              -80.1867664,
              43.5278356
            ],
            [
              -80.1867593,
              43.5278444
            ],
            [
              -80.186743,
              43.5278444
            ],
            [
              -80.1867308,
              43.5278378
            ],
            [
              -80.1867216,
              43.5278334
            ],
            [
              -80.1867023,
              43.5278319
            ],
            [
              -80.1866861,
              43.5278341
            ],
            [
              -80.1866769,
              43.5278422
            ],
            [
              -80.1866698,
              43.5278547
            ],
            [
              -80.1866698,
              43.5278702
            ],
            [
              -80.1866728,
              43.5278864
            ],
            [
              -80.186683,
              43.527896
            ],
            [
              -80.1867023,
              43.5279056
            ],
            [
              -80.1867206,
              43.5279049
            ],
            [
              -80.1867501,
              43.5279034
            ],
            [
              -80.1867725,
              43.5278946
            ],
            [
              -80.1867908,
              43.5278842
            ]
          ]
        ]
      }
    },
    {
      "type": "Feature",
      "properties": {
        "@id": "way/910068447",
        "golf": "bunker",
        "natural": "sand"
      },
      "geometry": {
        "type": "Polygon",
        "coordinates": [
          [
            [
              -80.1864004,
              43.5278388
            ],
            [
              -80.1864299,
              43.5278447
            ],
            [
              -80.1864461,
              43.5278447
            ],
            [
              -80.1864644,
              43.5278366
            ],
            [
              -80.1864766,
              43.5278307
            ],
            [
              -80.1864787,
              43.5278138
            ],
            [
              -80.1864705,
              43.5278042
            ],
            [
              -80.1864461,
              43.5278012
            ],
            [
              -80.1864329,
              43.5278012
            ],
            [
              -80.1864217,
              43.5277976
            ],
            [
              -80.1864177,
              43.5277843
            ],
            [
              -80.1864095,
              43.527771
            ],
            [
              -80.1863983,
              43.5277629
            ],
            [
              -80.1863729,
              43.5277644
            ],
            [
              -80.1863597,
              43.5277747
            ],
            [
              -80.1863546,
              43.5277953
            ],
            [
              -80.1863567,
              43.5278145
            ],
            [
              -80.1863638,
              43.5278293
            ],
            [
              -80.186378,
              43.5278352
            ],
            [
              -80.1864004,
              43.5278388
            ]
          ]
        ]
      }
    },
    {
      "type": "Feature",
      "properties": {
        "@id": "way/910068448",
        "golf": "bunker",
        "natural": "sand"
      },
      "geometry": {
        "type": "Polygon",
        "coordinates": [
          [
            [
              -80.1861663,
              43.5281559
            ],
            [
              -80.1861693,
              43.5281788
            ],
            [
              -80.1861755,
              43.5281961
            ],
            [
              -80.186184,
              43.5282011
            ],
            [
              -80.1862009,
              43.5282028
            ],
            [
              -80.1862102,
              43.5282045
            ],
            [
              -80.1862233,
              43.5282061
            ],
            [
              -80.1862302,
              43.5281989
            ],
            [
              -80.1862395,
              43.5281911
            ],
            [
              -80.1862441,
              43.5281782
            ],
            [
              -80.1862418,
              43.5281587
            ],
            [
              -80.1862371,
              43.5281413
            ],
            [
              -80.1862256,
              43.5281212
            ],
            [
              -80.1862156,
              43.5281022
            ],
            [
              -80.1862002,
              43.5280944
            ],
            [
              -80.1861624,
              43.5280933
            ],
            [
              -80.1861424,
              43.5280983
            ],
            [
              -80.1861339,
              43.5281073
            ],
            [
              -80.1861293,
              43.5281162
            ],
            [
              -80.18613,
              43.5281257
            ],
            [
              -80.186137,
              43.5281335
            ],
            [
              -80.1861485,
              43.5281352
            ],
            [
              -80.1861616,
              43.5281408
            ],
            [
              -80.1861693,
              43.5281475
            ],
            [
              -80.1861663,
              43.5281559
            ]
          ]
        ]
      }
    },
    {
      "type": "Feature",
      "properties": {
        "@id": "way/910073340",
        "golf": "fairway",
        "landuse": "grass"
      },
      "geometry": {
        "type": "Polygon",
        "coordinates": [
          [
            [
              -80.1877163,
              43.5284872
            ],
            [
              -80.187774,
              43.528494
            ],
            [
              -80.1878089,
              43.5284959
            ],
            [
              -80.1878612,
              43.5284823
            ],
            [
              -80.1878961,
              43.5284716
            ],
            [
              -80.1879363,
              43.5284531
            ],
            [
              -80.1879618,
              43.5284249
            ],
            [
              -80.1879578,
              43.5283928
            ],
            [
              -80.1879417,
              43.5283607
            ],
            [
              -80.1879095,
              43.5283413
            ],
            [
              -80.1878612,
              43.5283189
            ],
            [
              -80.1878049,
              43.5283053
            ],
            [
              -80.1877257,
              43.5282956
            ],
            [
              -80.1876653,
              43.5282878
            ],
            [
              -80.18755,
              43.5282839
            ],
            [
              -80.1874815,
              43.5282615
            ],
            [
              -80.1873823,
              43.5282275
            ],
            [
              -80.1873313,
              43.5281915
            ],
            [
              -80.1872468,
              43.5281817
            ],
            [
              -80.1871502,
              43.5281856
            ],
            [
              -80.1870938,
              43.5281915
            ],
            [
              -80.1870147,
              43.5282041
            ],
            [
              -80.1869717,
              43.5282061
            ],
            [
              -80.18691,
              43.5281944
            ],
            [
              -80.1868322,
              43.5281788
            ],
            [
              -80.1867759,
              43.5281623
            ],
            [
              -80.1867088,
              43.5281253
            ],
            [
              -80.1866846,
              43.5281
            ],
            [
              -80.1866592,
              43.5280728
            ],
            [
              -80.1866457,
              43.5280349
            ],
            [
              -80.186627,
              43.5279532
            ],
            [
              -80.1866068,
              43.5279337
            ],
            [
              -80.1865827,
              43.5278676
            ],
            [
              -80.1865773,
              43.5278423
            ],
            [
              -80.1865893,
              43.5278149
            ],
            [
              -80.1866219,
              43.5277849
            ],
            [
              -80.1866509,
              43.5277647
            ],
            [
              -80.1866872,
              43.5277569
            ],
            [
              -80.1867274,
              43.5277506
            ],
            [
              -80.1867681,
              43.527734
            ],
            [
              -80.1867999,
              43.5277151
            ],
            [
              -80.186831,
              43.5276778
            ],
            [
              -80.1868406,
              43.5276389
            ],
            [
              -80.1868287,
              43.5276014
            ],
            [
              -80.1868069,
              43.5275637
            ],
            [
              -80.1867646,
              43.5275365
            ],
            [
              -80.186722,
              43.5275173
            ],
            [
              -80.1866739,
              43.5275086
            ],
            [
              -80.1865948,
              43.5275068
            ],
            [
              -80.1865346,
              43.527518
            ],
            [
              -80.1864995,
              43.527531
            ],
            [
              -80.1864737,
              43.5275429
            ],
            [
              -80.1864566,
              43.5275641
            ],
            [
              -80.1864418,
              43.5275904
            ],
            [
              -80.1864418,
              43.5276059
            ],
            [
              -80.1864458,
              43.5276322
            ],
            [
              -80.1864526,
              43.5276653
            ],
            [
              -80.1864673,
              43.5277003
            ],
            [
              -80.1864727,
              43.5277197
            ],
            [
              -80.1864888,
              43.5277411
            ],
            [
              -80.1864995,
              43.5277567
            ],
            [
              -80.186504,
              43.5277804
            ],
            [
              -80.1864995,
              43.5278092
            ],
            [
              -80.1864915,
              43.5278326
            ],
            [
              -80.18647,
              43.527852
            ],
            [
              -80.1864418,
              43.5278617
            ],
            [
              -80.1863788,
              43.5278754
            ],
            [
              -80.1863466,
              43.5278792
            ],
            [
              -80.1863251,
              43.5278938
            ],
            [
              -80.186305,
              43.5279152
            ],
            [
              -80.1862849,
              43.5279327
            ],
            [
              -80.1862674,
              43.5279522
            ],
            [
              -80.186258,
              43.5279862
            ],
            [
              -80.186254,
              43.5280203
            ],
            [
              -80.1862634,
              43.5280679
            ],
            [
              -80.1862741,
              43.5281078
            ],
            [
              -80.1862795,
              43.5281399
            ],
            [
              -80.1862889,
              43.5281701
            ],
            [
              -80.1862996,
              43.5281993
            ],
            [
              -80.1863211,
              43.5282284
            ],
            [
              -80.1863372,
              43.5282566
            ],
            [
              -80.1863586,
              43.5282897
            ],
            [
              -80.1863788,
              43.528315
            ],
            [
              -80.186423,
              43.5283442
            ],
            [
              -80.1864579,
              43.5283627
            ],
            [
              -80.1864941,
              43.5283792
            ],
            [
              -80.1865357,
              43.5283948
            ],
            [
              -80.1865854,
              43.5284142
            ],
            [
              -80.1866524,
              43.5284308
            ],
            [
              -80.1867128,
              43.5284453
            ],
            [
              -80.1868336,
              43.5284638
            ],
            [
              -80.18691,
              43.5284609
            ],
            [
              -80.1869945,
              43.528456
            ],
            [
              -80.1870858,
              43.5284512
            ],
            [
              -80.1871958,
              43.5284453
            ],
            [
              -80.1872843,
              43.5284424
            ],
            [
              -80.1873809,
              43.5284434
            ],
            [
              -80.1874614,
              43.5284453
            ],
            [
              -80.1875151,
              43.5284463
            ],
            [
              -80.1875889,
              43.5284609
            ],
            [
              -80.18766,
              43.5284794
            ],
            [
              -80.1877163,
              43.5284872
            ]
          ]
        ]
      }
    },
    {
      "type": "Feature",
      "properties": {
        "@id": "way/910073341",
        "golf": "cartpath",
        "golf_cart": "designated",
        "highway": "service"
      },
      "geometry": {
        "type": "LineString",
        "coordinates": [
          [
            -80.1869095,
            43.527868
          ],
          [
            -80.1869572,
            43.5278238
          ],
          [
            -80.1869893,
            43.5277984
          ],
          [
            -80.1870119,
            43.5277722
          ],
          [
            -80.1870156,
            43.5277273
          ],
          [
            -80.1870104,
            43.5276868
          ],
          [
            -80.1869914,
            43.5276441
          ],
          [
            -80.1869652,
            43.5276101
          ],
          [
            -80.186908,
            43.5275468
          ],
          [
            -80.1868588,
            43.5274913
          ],
          [
            -80.1868277,
            43.5274401
          ],
          [
            -80.1868014,
            43.5273829
          ],
          [
            -80.1867885,
            43.5273251
          ],
          [
            -80.1867886,
            43.5272788
          ],
          [
            -80.1868106,
            43.5272397
          ],
          [
            -80.1868734,
            43.527206
          ],
          [
            -80.1869249,
            43.5271875
          ],
          [
            -80.1870021,
            43.5271686
          ],
          [
            -80.1870871,
            43.5271551
          ],
          [
            -80.1871455,
            43.5271543
          ],
          [
            -80.1872213,
            43.527174
          ],
          [
            -80.1873081,
            43.5272127
          ],
          [
            -80.187368,
            43.527236
          ],
          [
            -80.187535,
            43.5272767
          ]
        ]
      }
    },
    {
      "type": "Feature",
      "properties": {
        "@id": "way/910073343",
        "golf": "hole",
        "par": "4",
        "ref": "17"
      },
      "geometry": {
        "type": "LineString",
        "coordinates": [
          [
            -80.1893952,
            43.5287141
          ],
          [
            -80.1870594,
            43.528311
          ],
          [
            -80.1864801,
            43.5282263
          ],
          [
            -80.1866062,
            43.5276116
          ]
        ]
      }
    },
    {
      "type": "Feature",
      "properties": {
        "@id": "way/910073344",
        "golf": "tee",
        "landuse": "grass"
      },
      "geometry": {
        "type": "Polygon",
        "coordinates": [
          [
            [
              -80.1871197,
              43.5270852
            ],
            [
              -80.1871654,
              43.5271134
            ],
            [
              -80.1872472,
              43.5271387
            ],
            [
              -80.1873156,
              43.5271659
            ],
            [
              -80.1873545,
              43.5271931
            ],
            [
              -80.1874068,
              43.5272106
            ],
            [
              -80.1874444,
              43.5272058
            ],
            [
              -80.1874927,
              43.5271814
            ],
            [
              -80.1875182,
              43.5271494
            ],
            [
              -80.1875155,
              43.5271114
            ],
            [
              -80.1874511,
              43.5270783
            ],
            [
              -80.1873263,
              43.5270346
            ],
            [
              -80.1872163,
              43.5270258
            ],
            [
              -80.1871707,
              43.5270278
            ],
            [
              -80.1871425,
              43.5270501
            ],
            [
              -80.1871197,
              43.5270852
            ]
          ]
        ]
      }
    },
    {
      "type": "Feature",
      "properties": {
        "@id": "way/910073345",
        "golf": "tee",
        "landuse": "grass"
      },
      "geometry": {
        "type": "Polygon",
        "coordinates": [
          [
            [
              -80.1878362,
              43.5271645
            ],
            [
              -80.1878831,
              43.5271976
            ],
            [
              -80.1879301,
              43.5272024
            ],
            [
              -80.1879663,
              43.5271995
            ],
            [
              -80.187977,
              43.5271665
            ],
            [
              -80.187969,
              43.527147
            ],
            [
              -80.1879341,
              43.5271295
            ],
            [
              -80.1878871,
              43.5271266
            ],
            [
              -80.1878509,
              43.5271431
            ],
            [
              -80.1878362,
              43.5271645
            ]
          ]
        ]
      }
    },
    {
      "type": "Feature",
      "properties": {
        "@id": "way/910073346",
        "golf": "cartpath",
        "golf_cart": "designated",
        "highway": "service"
      },
      "geometry": {
        "type": "LineString",
        "coordinates": [
          [
            -80.187535,
            43.5272767
          ],
          [
            -80.1876549,
            43.5273132
          ],
          [
            -80.1878729,
            43.5274098
          ],
          [
            -80.1880086,
            43.5274698
          ],
          [
            -80.1881461,
            43.5275257
          ],
          [
            -80.1883304,
            43.5276276
          ],
          [
            -80.1884762,
            43.5276999
          ],
          [
            -80.1886073,
            43.5277583
          ],
          [
            -80.188697,
            43.5278248
          ],
          [
            -80.1887965,
            43.5279117
          ],
          [
            -80.1888994,
            43.5279926
          ],
          [
            -80.1890009,
            43.5280699
          ],
          [
            -80.1890734,
            43.5281318
          ],
          [
            -80.1891275,
            43.5281701
          ],
          [
            -80.1891811,
            43.528203
          ],
          [
            -80.1892463,
            43.5282286
          ],
          [
            -80.1893207,
            43.5282398
          ],
          [
            -80.1894212,
            43.5282624
          ],
          [
            -80.1895129,
            43.5282824
          ],
          [
            -80.1896087,
            43.5283194
          ],
          [
            -80.189695,
            43.5283696
          ],
          [
            -80.1897685,
            43.5284339
          ],
          [
            -80.189822,
            43.5285081
          ],
          [
            -80.1898468,
            43.5285775
          ],
          [
            -80.1898445,
            43.5286677
          ],
          [
            -80.1898557,
            43.5287071
          ],
          [
            -80.1898628,
            43.5287158
          ],
          [
            -80.1898964,
            43.5287567
          ],
          [
            -80.1900076,
            43.5288428
          ],
          [
            -80.1900716,
            43.5288906
          ],
          [
            -80.1901424,
            43.5289227
          ],
          [
            -80.190203,
            43.5289413
          ],
          [
            -80.1902636,
            43.5289498
          ],
          [
            -80.1903157,
            43.5289461
          ],
          [
            -80.1903935,
            43.5289365
          ],
          [
            -80.190447,
            43.5289273
          ],
          [
            -80.1904959,
            43.5289333
          ],
          [
            -80.1905343,
            43.528955
          ],
          [
            -80.1906151,
            43.5290499
          ],
          [
            -80.1906685,
            43.5291044
          ],
          [
            -80.1907066,
            43.5291297
          ],
          [
            -80.1907583,
            43.5291439
          ],
          [
            -80.1908128,
            43.5291523
          ],
          [
            -80.1908618,
            43.5291711
          ],
          [
            -80.1909184,
            43.5292128
          ],
          [
            -80.1909771,
            43.5292506
          ],
          [
            -80.1910515,
            43.5292815
          ]
        ]
      }
    },
    {
      "type": "Feature",
      "properties": {
        "@id": "way/910073347",
        "golf": "fairway",
        "landuse": "grass"
      },
      "geometry": {
        "type": "Polygon",
        "coordinates": [
          [
            [
              -80.1901729,
              43.5285825
            ],
            [
              -80.1900313,
              43.528494
            ],
            [
              -80.1899021,
              43.5284067
            ],
            [
              -80.1898012,
              43.5283438
            ],
            [
              -80.1897633,
              43.5283114
            ],
            [
              -80.1896914,
              43.5282732
            ],
            [
              -80.1895922,
              43.5282278
            ],
            [
              -80.1894713,
              43.5281867
            ],
            [
              -80.1893562,
              43.5281391
            ],
            [
              -80.189269,
              43.5280735
            ],
            [
              -80.1891674,
              43.5279584
            ],
            [
              -80.1890617,
              43.5278413
            ],
            [
              -80.1888625,
              43.5277349
            ],
            [
              -80.1886819,
              43.5276295
            ],
            [
              -80.188568,
              43.5275847
            ],
            [
              -80.1884668,
              43.5275415
            ],
            [
              -80.1884101,
              43.5275035
            ],
            [
              -80.1884063,
              43.5274716
            ],
            [
              -80.1884295,
              43.5274481
            ],
            [
              -80.1884751,
              43.5274268
            ],
            [
              -80.1885239,
              43.5274116
            ],
            [
              -80.1885615,
              43.527401
            ],
            [
              -80.1886488,
              43.5274188
            ],
            [
              -80.1887907,
              43.5275174
            ],
            [
              -80.1889056,
              43.5275774
            ],
            [
              -80.1891024,
              43.5276908
            ],
            [
              -80.1892213,
              43.5277392
            ],
            [
              -80.1893364,
              43.5277894
            ],
            [
              -80.1894595,
              43.5278314
            ],
            [
              -80.1895487,
              43.5278617
            ],
            [
              -80.1896217,
              43.5279033
            ],
            [
              -80.1897108,
              43.5279667
            ],
            [
              -80.1897788,
              43.5280454
            ],
            [
              -80.1900071,
              43.5282048
            ],
            [
              -80.1901473,
              43.5283126
            ],
            [
              -80.1903243,
              43.5284126
            ],
            [
              -80.190481,
              43.5284837
            ],
            [
              -80.1905553,
              43.5285286
            ],
            [
              -80.1906102,
              43.5285761
            ],
            [
              -80.1906456,
              43.5286172
            ],
            [
              -80.1906644,
              43.5286616
            ],
            [
              -80.1906893,
              43.5287166
            ],
            [
              -80.1906976,
              43.5287684
            ],
            [
              -80.1907109,
              43.528802
            ],
            [
              -80.190743,
              43.5288308
            ],
            [
              -80.1907815,
              43.5288349
            ],
            [
              -80.1908131,
              43.5288309
            ],
            [
              -80.1909138,
              43.5288232
            ],
            [
              -80.1909674,
              43.5288344
            ],
            [
              -80.1909981,
              43.5288513
            ],
            [
              -80.191021,
              43.5288734
            ],
            [
              -80.1910436,
              43.5289009
            ],
            [
              -80.1910459,
              43.5289262
            ],
            [
              -80.1910301,
              43.5289516
            ],
            [
              -80.1909906,
              43.5289857
            ],
            [
              -80.1909267,
              43.5290198
            ],
            [
              -80.1908878,
              43.5290393
            ],
            [
              -80.1908499,
              43.5290521
            ],
            [
              -80.1908159,
              43.5290558
            ],
            [
              -80.1907818,
              43.5290534
            ],
            [
              -80.1907238,
              43.5290221
            ],
            [
              -80.1907003,
              43.5289879
            ],
            [
              -80.1906969,
              43.5289537
            ],
            [
              -80.1906664,
              43.5289146
            ],
            [
              -80.1906328,
              43.5288534
            ],
            [
              -80.1905932,
              43.5288004
            ],
            [
              -80.1905759,
              43.528779
            ],
            [
              -80.1905352,
              43.5287355
            ],
            [
              -80.1904915,
              43.5287082
            ],
            [
              -80.1904478,
              43.5286861
            ],
            [
              -80.190397,
              43.5286714
            ],
            [
              -80.1903421,
              43.528664
            ],
            [
              -80.1903136,
              43.5286618
            ],
            [
              -80.1902821,
              43.52865
            ],
            [
              -80.1902424,
              43.5286374
            ],
            [
              -80.190216,
              43.5286168
            ],
            [
              -80.1901936,
              43.5286021
            ],
            [
              -80.1901729,
              43.5285825
            ]
          ]
        ]
      }
    },
    {
      "type": "Feature",
      "properties": {
        "@id": "way/910073348",
        "golf": "bunker",
        "natural": "sand"
      },
      "geometry": {
        "type": "Polygon",
        "coordinates": [
          [
            [
              -80.1907427,
              43.5288027
            ],
            [
              -80.1907508,
              43.5288085
            ],
            [
              -80.1907602,
              43.5288124
            ],
            [
              -80.1907682,
              43.5288158
            ],
            [
              -80.1907756,
              43.5288153
            ],
            [
              -80.190785,
              43.5288105
            ],
            [
              -80.1907971,
              43.5288061
            ],
            [
              -80.1908045,
              43.5288003
            ],
            [
              -80.1908118,
              43.5287925
            ],
            [
              -80.1908232,
              43.5287925
            ],
            [
              -80.1908454,
              43.528791
            ],
            [
              -80.1908568,
              43.5287925
            ],
            [
              -80.1908715,
              43.5287837
            ],
            [
              -80.1908749,
              43.5287774
            ],
            [
              -80.1908735,
              43.5287706
            ],
            [
              -80.1908675,
              43.5287652
            ],
            [
              -80.1908615,
              43.5287633
            ],
            [
              -80.1908548,
              43.5287594
            ],
            [
              -80.1908521,
              43.5287502
            ],
            [
              -80.1908454,
              43.5287438
            ],
            [
              -80.19084,
              43.5287404
            ],
            [
              -80.1908259,
              43.5287438
            ],
            [
              -80.1908152,
              43.5287458
            ],
            [
              -80.1908092,
              43.5287477
            ],
            [
              -80.1908085,
              43.528756
            ],
            [
              -80.1907944,
              43.528755
            ],
            [
              -80.1907857,
              43.5287545
            ],
            [
              -80.1907796,
              43.5287506
            ],
            [
              -80.1907682,
              43.5287536
            ],
            [
              -80.1907508,
              43.5287691
            ],
            [
              -80.1907414,
              43.5287759
            ],
            [
              -80.1907374,
              43.52879
            ],
            [
              -80.1907427,
              43.5288027
            ]
          ]
        ]
      }
    },
    {
      "type": "Feature",
      "properties": {
        "@id": "way/910073349",
        "golf": "bunker",
        "natural": "sand"
      },
      "geometry": {
        "type": "Polygon",
        "coordinates": [
          [
            [
              -80.1909886,
              43.5290441
            ],
            [
              -80.1909967,
              43.5290528
            ],
            [
              -80.1910027,
              43.5290572
            ],
            [
              -80.1910114,
              43.529062
            ],
            [
              -80.1910181,
              43.529062
            ],
            [
              -80.1910309,
              43.5290577
            ],
            [
              -80.1910396,
              43.5290518
            ],
            [
              -80.1910463,
              43.529045
            ],
            [
              -80.1910544,
              43.5290329
            ],
            [
              -80.1910564,
              43.5290246
            ],
            [
              -80.1910597,
              43.5290207
            ],
            [
              -80.1910711,
              43.5290188
            ],
            [
              -80.1910812,
              43.5290154
            ],
            [
              -80.1910906,
              43.5290105
            ],
            [
              -80.191098,
              43.5290027
            ],
            [
              -80.1911,
              43.528992
            ],
            [
              -80.1910959,
              43.5289852
            ],
            [
              -80.1910879,
              43.5289769
            ],
            [
              -80.1910792,
              43.5289696
            ],
            [
              -80.1910705,
              43.5289687
            ],
            [
              -80.1910584,
              43.5289735
            ],
            [
              -80.1910396,
              43.5289906
            ],
            [
              -80.1910215,
              43.5290056
            ],
            [
              -80.1910054,
              43.5290163
            ],
            [
              -80.19099,
              43.5290275
            ],
            [
              -80.1909886,
              43.5290441
            ]
          ]
        ]
      }
    },
    {
      "type": "Feature",
      "properties": {
        "@id": "way/910073350",
        "golf": "green",
        "landuse": "grass"
      },
      "geometry": {
        "type": "Polygon",
        "coordinates": [
          [
            [
              -80.1907188,
              43.5289789
            ],
            [
              -80.1907384,
              43.5290125
            ],
            [
              -80.1907775,
              43.529031
            ],
            [
              -80.1908055,
              43.5290419
            ],
            [
              -80.1908505,
              43.5290362
            ],
            [
              -80.190906,
              43.5290121
            ],
            [
              -80.1909552,
              43.5289853
            ],
            [
              -80.1909784,
              43.5289789
            ],
            [
              -80.1910094,
              43.5289547
            ],
            [
              -80.1910215,
              43.5289183
            ],
            [
              -80.191009,
              43.5288821
            ],
            [
              -80.1909836,
              43.5288642
            ],
            [
              -80.1909459,
              43.5288463
            ],
            [
              -80.1909165,
              43.5288401
            ],
            [
              -80.1908601,
              43.5288386
            ],
            [
              -80.1908079,
              43.5288511
            ],
            [
              -80.1907723,
              43.528872
            ],
            [
              -80.1907427,
              43.5288987
            ],
            [
              -80.1907228,
              43.5289444
            ],
            [
              -80.1907188,
              43.5289789
            ]
          ]
        ]
      }
    },
    {
      "type": "Feature",
      "properties": {
        "@id": "way/910073351",
        "golf": "water_hazard",
        "natural": "water"
      },
      "geometry": {
        "type": "Polygon",
        "coordinates": [
          [
            [
              -80.1902656,
              43.5287022
            ],
            [
              -80.1902259,
              43.5286853
            ],
            [
              -80.1901932,
              43.528659
            ],
            [
              -80.1901605,
              43.5286311
            ],
            [
              -80.1901477,
              43.5286116
            ],
            [
              -80.1901325,
              43.5285947
            ],
            [
              -80.1901068,
              43.5285879
            ],
            [
              -80.1900648,
              43.5285693
            ],
            [
              -80.1900344,
              43.528565
            ],
            [
              -80.1899795,
              43.5285625
            ],
            [
              -80.1899503,
              43.5285769
            ],
            [
              -80.1899223,
              43.5285989
            ],
            [
              -80.1899129,
              43.5286184
            ],
            [
              -80.1899118,
              43.5286717
            ],
            [
              -80.1899211,
              43.5286895
            ],
            [
              -80.1899316,
              43.5286997
            ],
            [
              -80.1899468,
              43.5287064
            ],
            [
              -80.1899643,
              43.5287166
            ],
            [
              -80.1899713,
              43.5287318
            ],
            [
              -80.1899713,
              43.528742
            ],
            [
              -80.1899888,
              43.5287556
            ],
            [
              -80.1900227,
              43.5287708
            ],
            [
              -80.1900391,
              43.5287827
            ],
            [
              -80.1900367,
              43.528792
            ],
            [
              -80.190018,
              43.5287937
            ],
            [
              -80.1900092,
              43.5287913
            ],
            [
              -80.1900016,
              43.5287958
            ],
            [
              -80.1900092,
              43.5288038
            ],
            [
              -80.1900162,
              43.5288109
            ],
            [
              -80.1900277,
              43.528817
            ],
            [
              -80.1900348,
              43.5288221
            ],
            [
              -80.190041,
              43.5288144
            ],
            [
              -80.1900485,
              43.5288086
            ],
            [
              -80.1900627,
              43.5288093
            ],
            [
              -80.1900813,
              43.5288102
            ],
            [
              -80.1900986,
              43.5288311
            ],
            [
              -80.1901127,
              43.5288414
            ],
            [
              -80.1901242,
              43.5288491
            ],
            [
              -80.1901198,
              43.5288577
            ],
            [
              -80.1900941,
              43.5288677
            ],
            [
              -80.1900994,
              43.5288741
            ],
            [
              -80.1901092,
              43.528884
            ],
            [
              -80.1901229,
              43.5288908
            ],
            [
              -80.1901433,
              43.528886
            ],
            [
              -80.1901534,
              43.528892
            ],
            [
              -80.1901875,
              43.5288981
            ],
            [
              -80.1901977,
              43.5289078
            ],
            [
              -80.190218,
              43.5289116
            ],
            [
              -80.1902397,
              43.5289126
            ],
            [
              -80.1902681,
              43.52891
            ],
            [
              -80.1902893,
              43.5289135
            ],
            [
              -80.190307,
              43.5289129
            ],
            [
              -80.1903676,
              43.5289097
            ],
            [
              -80.1904023,
              43.5288971
            ],
            [
              -80.1904201,
              43.5288931
            ],
            [
              -80.1904374,
              43.5288857
            ],
            [
              -80.1904542,
              43.5288809
            ],
            [
              -80.1904664,
              43.5288757
            ],
            [
              -80.1904775,
              43.5288643
            ],
            [
              -80.1904867,
              43.5288621
            ],
            [
              -80.1905014,
              43.5288411
            ],
            [
              -80.1905081,
              43.5288319
            ],
            [
              -80.1905096,
              43.5288079
            ],
            [
              -80.190505,
              43.5287899
            ],
            [
              -80.1904969,
              43.5287736
            ],
            [
              -80.1904872,
              43.5287648
            ],
            [
              -80.1904725,
              43.5287512
            ],
            [
              -80.1904572,
              43.528739
            ],
            [
              -80.1904333,
              43.5287268
            ],
            [
              -80.1903977,
              43.528718
            ],
            [
              -80.1903545,
              43.5287117
            ],
            [
              -80.1903123,
              43.5287088
            ],
            [
              -80.1902844,
              43.528711
            ],
            [
              -80.1902656,
              43.5287022
            ]
          ]
        ]
      }
    },
    {
      "type": "Feature",
      "properties": {
        "@id": "way/910073352",
        "golf": "hole",
        "par": "5",
        "ref": "18"
      },
      "geometry": {
        "type": "LineString",
        "coordinates": [
          [
            -80.1873545,
            43.5271131
          ],
          [
            -80.1886397,
            43.5275391
          ],
          [
            -80.1905474,
            43.5286557
          ],
          [
            -80.1908103,
            43.5289398
          ]
        ]
      }
    },
    {
      "type": "Feature",
      "properties": {
        "@id": "way/910077030",
        "golf": "cartpath",
        "golf_cart": "designated",
        "highway": "service"
      },
      "geometry": {
        "type": "LineString",
        "coordinates": [
          [
            -80.1935985,
            43.5336335
          ],
          [
            -80.193499,
            43.5336705
          ],
          [
            -80.1933982,
            43.5337135
          ],
          [
            -80.1932723,
            43.533792
          ],
          [
            -80.1931932,
            43.5338408
          ],
          [
            -80.1931332,
            43.5338798
          ],
          [
            -80.1930801,
            43.5339059
          ],
          [
            -80.1930111,
            43.5339322
          ],
          [
            -80.1929282,
            43.5339598
          ],
          [
            -80.1928502,
            43.5339866
          ],
          [
            -80.1927746,
            43.5340179
          ],
          [
            -80.1926864,
            43.5340707
          ],
          [
            -80.1926145,
            43.5341102
          ],
          [
            -80.1925352,
            43.5341497
          ],
          [
            -80.1924533,
            43.5341797
          ],
          [
            -80.192372,
            43.5342102
          ],
          [
            -80.1922981,
            43.5342415
          ],
          [
            -80.1921933,
            43.5342924
          ],
          [
            -80.192086,
            43.5343367
          ],
          [
            -80.1919698,
            43.5343738
          ],
          [
            -80.1918189,
            43.5344093
          ],
          [
            -80.1917427,
            43.5344241
          ],
          [
            -80.1916748,
            43.5344328
          ],
          [
            -80.1915993,
            43.5344344
          ],
          [
            -80.1915047,
            43.5344261
          ],
          [
            -80.1914388,
            43.5344148
          ],
          [
            -80.1913765,
            43.5343982
          ],
          [
            -80.1913333,
            43.5343826
          ],
          [
            -80.1912951,
            43.5343627
          ],
          [
            -80.1912526,
            43.5343375
          ],
          [
            -80.1912212,
            43.5343272
          ],
          [
            -80.1911746,
            43.5343233
          ],
          [
            -80.1911041,
            43.5343284
          ],
          [
            -80.1910238,
            43.5343314
          ],
          [
            -80.1909879,
            43.5343294
          ],
          [
            -80.1909521,
            43.5343224
          ],
          [
            -80.1909,
            43.5343024
          ],
          [
            -80.190837,
            43.5342747
          ],
          [
            -80.1907739,
            43.5342471
          ],
          [
            -80.190693,
            43.5342144
          ],
          [
            -80.1906492,
            43.5342006
          ],
          [
            -80.1906042,
            43.5341913
          ],
          [
            -80.19055,
            43.5341893
          ],
          [
            -80.19051,
            43.5341939
          ],
          [
            -80.1904724,
            43.5342059
          ],
          [
            -80.1904172,
            43.5342315
          ],
          [
            -80.1903736,
            43.5342721
          ],
          [
            -80.1903187,
            43.5343376
          ],
          [
            -80.1902673,
            43.5343996
          ],
          [
            -80.1902024,
            43.5344924
          ],
          [
            -80.1901742,
            43.5345246
          ],
          [
            -80.1901218,
            43.5345636
          ],
          [
            -80.1900414,
            43.5346062
          ],
          [
            -80.1898452,
            43.5347004
          ],
          [
            -80.1897414,
            43.5347436
          ],
          [
            -80.1896156,
            43.5347854
          ],
          [
            -80.1895076,
            43.5348258
          ],
          [
            -80.1894068,
            43.53487
          ],
          [
            -80.1893149,
            43.5349253
          ],
          [
            -80.1892784,
            43.5349546
          ],
          [
            -80.1892327,
            43.5349989
          ],
          [
            -80.1891895,
            43.5350389
          ],
          [
            -80.1891441,
            43.5350794
          ],
          [
            -80.1891088,
            43.5350988
          ],
          [
            -80.1890719,
            43.5350998
          ],
          [
            -80.1890209,
            43.5350804
          ],
          [
            -80.188959,
            43.5350416
          ],
          [
            -80.1888928,
            43.5350001
          ],
          [
            -80.1888313,
            43.5349517
          ],
          [
            -80.1887574,
            43.5348897
          ],
          [
            -80.1886981,
            43.534836
          ],
          [
            -80.1886516,
            43.5347986
          ],
          [
            -80.1886249,
            43.5347798
          ],
          [
            -80.1885858,
            43.5347652
          ],
          [
            -80.1885108,
            43.5347397
          ],
          [
            -80.188444,
            43.5347136
          ],
          [
            -80.1883871,
            43.5346818
          ],
          [
            -80.1883302,
            43.5346395
          ],
          [
            -80.1882626,
            43.534585
          ],
          [
            -80.1882095,
            43.5345436
          ],
          [
            -80.1881467,
            43.5345091
          ],
          [
            -80.1880516,
            43.5344587
          ],
          [
            -80.1879475,
            43.5343983
          ],
          [
            -80.1878549,
            43.5343363
          ],
          [
            -80.1877853,
            43.5342817
          ]
        ]
      }
    },
    {
      "type": "Feature",
      "properties": {
        "@id": "way/910077031",
        "golf": "water_hazard",
        "natural": "water"
      },
      "geometry": {
        "type": "Polygon",
        "coordinates": [
          [
            [
              -80.1935981,
              43.5336176
            ],
            [
              -80.1936202,
              43.5336376
            ],
            [
              -80.1936419,
              43.5336491
            ],
            [
              -80.1936587,
              43.5336574
            ],
            [
              -80.1936751,
              43.5336708
            ],
            [
              -80.1936888,
              43.5336678
            ],
            [
              -80.1937045,
              43.5336581
            ],
            [
              -80.1937139,
              43.5336649
            ],
            [
              -80.1937366,
              43.5336844
            ],
            [
              -80.193718,
              43.5337072
            ],
            [
              -80.1937028,
              43.5337144
            ],
            [
              -80.1937004,
              43.5337297
            ],
            [
              -80.1937104,
              43.533736
            ],
            [
              -80.1937477,
              43.5337301
            ],
            [
              -80.1937623,
              43.5337233
            ],
            [
              -80.1937588,
              43.533711
            ],
            [
              -80.1937571,
              43.5336971
            ],
            [
              -80.1937682,
              43.5336882
            ],
            [
              -80.193762,
              43.5336824
            ],
            [
              -80.1937488,
              43.5336683
            ],
            [
              -80.1937415,
              43.5336369
            ],
            [
              -80.1937285,
              43.5336243
            ],
            [
              -80.1937137,
              43.5336169
            ],
            [
              -80.1936882,
              43.5336151
            ],
            [
              -80.1936689,
              43.5336125
            ],
            [
              -80.1936438,
              43.5335941
            ],
            [
              -80.1935981,
              43.5336176
            ]
          ]
        ]
      }
    },
    {
      "type": "Feature",
      "properties": {
        "@id": "way/1304696092",
        "golf": "green"
      },
      "geometry": {
        "type": "Polygon",
        "coordinates": [
          [
            [
              -80.1921583,
              43.5331179
            ],
            [
              -80.1921026,
              43.5331203
            ],
            [
              -80.1920483,
              43.5331135
            ],
            [
              -80.1919967,
              43.5330999
            ],
            [
              -80.1919551,
              43.5330649
            ],
            [
              -80.191935,
              43.5330347
            ],
            [
              -80.191947,
              43.5329837
            ],
            [
              -80.1919624,
              43.5329663
            ],
            [
              -80.1919875,
              43.5329512
            ],
            [
              -80.1920168,
              43.5329468
            ],
            [
              -80.1920624,
              43.5329419
            ],
            [
              -80.1921019,
              43.5329424
            ],
            [
              -80.1921382,
              43.5329477
            ],
            [
              -80.1921838,
              43.5329562
            ],
            [
              -80.1922293,
              43.5329866
            ],
            [
              -80.1922481,
              43.5330017
            ],
            [
              -80.1922568,
              43.5330377
            ],
            [
              -80.1922515,
              43.5330576
            ],
            [
              -80.1922428,
              43.5330872
            ],
            [
              -80.1921951,
              43.533112
            ],
            [
              -80.1921583,
              43.5331179
            ]
          ]
        ]
      }
    },
    {
      "type": "Feature",
      "properties": {
        "@id": "way/1341395189",
        "golf": "green"
      },
      "geometry": {
        "type": "Polygon",
        "coordinates": [
          [
            [
              -80.1908971,
              43.5295347
            ],
            [
              -80.1909819,
              43.5295958
            ],
            [
              -80.1910208,
              43.5296144
            ],
            [
              -80.1910509,
              43.529626
            ],
            [
              -80.1910789,
              43.5296325
            ],
            [
              -80.1911064,
              43.5296367
            ],
            [
              -80.1911372,
              43.5296334
            ],
            [
              -80.1911762,
              43.5296228
            ],
            [
              -80.1911988,
              43.5296129
            ],
            [
              -80.1912162,
              43.5295922
            ],
            [
              -80.1912268,
              43.5295653
            ],
            [
              -80.1912265,
              43.5295421
            ],
            [
              -80.1912206,
              43.5295105
            ],
            [
              -80.1911899,
              43.5294646
            ],
            [
              -80.1911579,
              43.5294298
            ],
            [
              -80.1911255,
              43.5294026
            ],
            [
              -80.1910871,
              43.5293775
            ],
            [
              -80.1910366,
              43.5293529
            ],
            [
              -80.1910062,
              43.529346
            ],
            [
              -80.190973,
              43.529343
            ],
            [
              -80.1909452,
              43.5293471
            ],
            [
              -80.1909202,
              43.5293539
            ],
            [
              -80.1908916,
              43.5293729
            ],
            [
              -80.1908746,
              43.529393
            ],
            [
              -80.1908628,
              43.5294149
            ],
            [
              -80.1908566,
              43.5294448
            ],
            [
              -80.1908547,
              43.5294658
            ],
            [
              -80.1908633,
              43.5294923
            ],
            [
              -80.1908752,
              43.5295131
            ],
            [
              -80.1908971,
              43.5295347
            ]
          ]
        ]
      }
    },
    {
      "type": "Feature",
      "properties": {
        "@id": "way/1341396717",
        "golf": "tee"
      },
      "geometry": {
        "type": "Polygon",
        "coordinates": [
          [
            [
              -80.1917482,
              43.5337266
            ],
            [
              -80.1917717,
              43.5337231
            ],
            [
              -80.1917999,
              43.5337087
            ],
            [
              -80.1918134,
              43.5336935
            ],
            [
              -80.1918136,
              43.5336807
            ],
            [
              -80.1918066,
              43.533668
            ],
            [
              -80.1917954,
              43.5336589
            ],
            [
              -80.191779,
              43.5336521
            ],
            [
              -80.1917524,
              43.5336541
            ],
            [
              -80.1917215,
              43.533663
            ],
            [
              -80.191696,
              43.5336765
            ],
            [
              -80.1916803,
              43.5336934
            ],
            [
              -80.1916804,
              43.5337094
            ],
            [
              -80.1916841,
              43.5337215
            ],
            [
              -80.1916958,
              43.5337279
            ],
            [
              -80.1917174,
              43.5337304
            ],
            [
              -80.1917482,
              43.5337266
            ]
          ]
        ]
      }
    },
    {
      "type": "Feature",
      "properties": {
        "@id": "way/1341398965",
        "golf": "tee"
      },
      "geometry": {
        "type": "Polygon",
        "coordinates": [
          [
            [
              -80.1937911,
              43.5335721
            ],
            [
              -80.1938103,
              43.5335667
            ],
            [
              -80.1938214,
              43.5335554
            ],
            [
              -80.1938214,
              43.5335416
            ],
            [
              -80.1938086,
              43.5335295
            ],
            [
              -80.1937873,
              43.533526
            ],
            [
              -80.1937675,
              43.5335284
            ],
            [
              -80.1937559,
              43.5335409
            ],
            [
              -80.1937559,
              43.5335554
            ],
            [
              -80.1937647,
              43.5335625
            ],
            [
              -80.1937772,
              43.5335693
            ],
            [
              -80.1937911,
              43.5335721
            ]
          ]
        ]
      }
    },
    {
      "type": "Feature",
      "properties": {
        "@id": "way/1341398966",
        "golf": "tee"
      },
      "geometry": {
        "type": "Polygon",
        "coordinates": [
          [
            [
              -80.1935722,
              43.533714
            ],
            [
              -80.1935984,
              43.5337173
            ],
            [
              -80.1936188,
              43.5337062
            ],
            [
              -80.1936197,
              43.5336905
            ],
            [
              -80.1936127,
              43.5336781
            ],
            [
              -80.1935918,
              43.5336725
            ],
            [
              -80.1935741,
              43.5336765
            ],
            [
              -80.1935582,
              43.5336888
            ],
            [
              -80.193556,
              43.5336985
            ],
            [
              -80.1935586,
              43.5337074
            ],
            [
              -80.1935722,
              43.533714
            ]
          ]
        ]
      }
    },
    {
      "type": "Feature",
      "properties": {
        "@id": "way/1341399900",
        "golf": "tee"
      },
      "geometry": {
        "type": "Polygon",
        "coordinates": [
          [
            [
              -80.1901518,
              43.5344587
            ],
            [
              -80.1901732,
              43.5344541
            ],
            [
              -80.1901962,
              43.5344365
            ],
            [
              -80.1902059,
              43.5344101
            ],
            [
              -80.1902062,
              43.5343893
            ],
            [
              -80.190198,
              43.534373
            ],
            [
              -80.1901852,
              43.5343658
            ],
            [
              -80.1901619,
              43.534367
            ],
            [
              -80.1901428,
              43.5343748
            ],
            [
              -80.1901208,
              43.5343919
            ],
            [
              -80.1901114,
              43.5344131
            ],
            [
              -80.1901114,
              43.5344328
            ],
            [
              -80.1901133,
              43.5344455
            ],
            [
              -80.1901209,
              43.5344512
            ],
            [
              -80.1901338,
              43.5344559
            ],
            [
              -80.1901518,
              43.5344587
            ]
          ]
        ]
      }
    },
    {
      "type": "Feature",
      "properties": {
        "@id": "way/1341399901",
        "golf": "cartpath",
        "golf_cart": "designated",
        "highway": "service"
      },
      "geometry": {
        "type": "LineString",
        "coordinates": [
          [
            -80.1884217,
            43.5340824
          ],
          [
            -80.1884936,
            43.534141
          ],
          [
            -80.1885323,
            43.534198
          ],
          [
            -80.1885552,
            43.534243
          ],
          [
            -80.1885952,
            43.5343464
          ],
          [
            -80.1886281,
            43.5343914
          ],
          [
            -80.1886595,
            43.5344311
          ],
          [
            -80.1886956,
            43.5344616
          ],
          [
            -80.188744,
            43.5344902
          ],
          [
            -80.1887895,
            43.5345015
          ],
          [
            -80.1888386,
            43.5345023
          ],
          [
            -80.1888908,
            43.5344932
          ],
          [
            -80.1889362,
            43.5344773
          ],
          [
            -80.1889813,
            43.534456
          ],
          [
            -80.1890174,
            43.5344331
          ],
          [
            -80.1890828,
            43.5343813
          ],
          [
            -80.1891405,
            43.5343221
          ],
          [
            -80.1892187,
            43.5342602
          ],
          [
            -80.189277,
            43.5342303
          ],
          [
            -80.1893458,
            43.5342132
          ],
          [
            -80.1894219,
            43.5341908
          ],
          [
            -80.1894958,
            43.5341545
          ],
          [
            -80.1895521,
            43.5341167
          ],
          [
            -80.1896084,
            43.5340752
          ],
          [
            -80.1896913,
            43.5340136
          ],
          [
            -80.1897852,
            43.5339504
          ],
          [
            -80.1898902,
            43.5338943
          ],
          [
            -80.1899567,
            43.5338617
          ],
          [
            -80.1900058,
            43.5338451
          ],
          [
            -80.1900555,
            43.5338307
          ],
          [
            -80.1900948,
            43.5338205
          ],
          [
            -80.1901373,
            43.5338139
          ],
          [
            -80.1901947,
            43.5338088
          ],
          [
            -80.1902603,
            43.5338053
          ],
          [
            -80.1903177,
            43.5338078
          ],
          [
            -80.1904067,
            43.5338076
          ],
          [
            -80.1904773,
            43.5338011
          ],
          [
            -80.1905437,
            43.5337891
          ],
          [
            -80.1906296,
            43.5337724
          ],
          [
            -80.1907464,
            43.5337501
          ],
          [
            -80.1908723,
            43.5337286
          ],
          [
            -80.1910324,
            43.5337059
          ],
          [
            -80.1911994,
            43.5336866
          ],
          [
            -80.1913414,
            43.5336728
          ],
          [
            -80.1915116,
            43.5336664
          ],
          [
            -80.1915798,
            43.5336601
          ],
          [
            -80.1916452,
            43.5336485
          ],
          [
            -80.191682,
            43.5336387
          ],
          [
            -80.1917188,
            43.533624
          ],
          [
            -80.1917944,
            43.53358
          ],
          [
            -80.1918721,
            43.5335319
          ],
          [
            -80.1919719,
            43.5334782
          ],
          [
            -80.1920072,
            43.5334659
          ],
          [
            -80.1920498,
            43.5334577
          ],
          [
            -80.192088,
            43.5334559
          ],
          [
            -80.1921258,
            43.5334623
          ],
          [
            -80.1921819,
            43.5334804
          ],
          [
            -80.1922468,
            43.5335145
          ],
          [
            -80.1922976,
            43.5335484
          ],
          [
            -80.1923644,
            43.5335787
          ],
          [
            -80.1924174,
            43.5335962
          ],
          [
            -80.1924798,
            43.5336046
          ],
          [
            -80.1925437,
            43.5336043
          ],
          [
            -80.192617,
            43.5335918
          ],
          [
            -80.1926974,
            43.533569
          ],
          [
            -80.1928293,
            43.5335241
          ],
          [
            -80.1930083,
            43.5334592
          ],
          [
            -80.1931393,
            43.5334118
          ],
          [
            -80.1931888,
            43.5333956
          ],
          [
            -80.1932443,
            43.5333835
          ],
          [
            -80.1933511,
            43.5333683
          ],
          [
            -80.1934777,
            43.5333463
          ],
          [
            -80.193525,
            43.5333383
          ],
          [
            -80.1935723,
            43.533328
          ],
          [
            -80.1936403,
            43.5333039
          ],
          [
            -80.1937037,
            43.5332722
          ],
          [
            -80.1937629,
            43.533236
          ],
          [
            -80.1938559,
            43.5332194
          ],
          [
            -80.193907,
            43.5332278
          ],
          [
            -80.1939534,
            43.5332444
          ],
          [
            -80.1940058,
            43.5332694
          ],
          [
            -80.1940341,
            43.5332821
          ],
          [
            -80.1940503,
            43.5333059
          ],
          [
            -80.1940408,
            43.5333266
          ],
          [
            -80.1939738,
            43.5333636
          ],
          [
            -80.193901,
            43.5334034
          ],
          [
            -80.1938364,
            43.5334399
          ],
          [
            -80.1937335,
            43.5335087
          ],
          [
            -80.1937057,
            43.5335485
          ],
          [
            -80.1936791,
            43.5335842
          ],
          [
            -80.1936568,
            43.5336032
          ]
        ]
      }
    },
    {
      "type": "Feature",
      "properties": {
        "@id": "way/1341399902",
        "bridge": "yes",
        "golf": "cartpath",
        "golf_cart": "designated",
        "highway": "service",
        "layer": "1"
      },
      "geometry": {
        "type": "LineString",
        "coordinates": [
          [
            -80.1936568,
            43.5336032
          ],
          [
            -80.1935985,
            43.5336335
          ]
        ]
      }
    },
    {
      "type": "Feature",
      "properties": {
        "@id": "way/1341399903",
        "golf": "tee"
      },
      "geometry": {
        "type": "Polygon",
        "coordinates": [
          [
            [
              -80.1942033,
              43.5334371
            ],
            [
              -80.1942233,
              43.5334371
            ],
            [
              -80.194247,
              43.5334282
            ],
            [
              -80.1942673,
              43.5334062
            ],
            [
              -80.1942687,
              43.5333836
            ],
            [
              -80.1942602,
              43.5333722
            ],
            [
              -80.1942386,
              43.5333661
            ],
            [
              -80.1942078,
              43.5333679
            ],
            [
              -80.1941895,
              43.5333784
            ],
            [
              -80.194176,
              43.5333913
            ],
            [
              -80.1941745,
              43.5334077
            ],
            [
              -80.1941784,
              43.5334195
            ],
            [
              -80.1941883,
              43.5334301
            ],
            [
              -80.1942033,
              43.5334371
            ]
          ]
        ]
      }
    },
    {
      "type": "Feature",
      "properties": {
        "@id": "way/1341400792",
        "golf": "green"
      },
      "geometry": {
        "type": "Polygon",
        "coordinates": [
          [
            [
              -80.1938986,
              43.5315356
            ],
            [
              -80.1939317,
              43.5315531
            ],
            [
              -80.1939681,
              43.5315593
            ],
            [
              -80.1939928,
              43.5315593
            ],
            [
              -80.1940213,
              43.5315485
            ],
            [
              -80.1940342,
              43.5315339
            ],
            [
              -80.1940375,
              43.531515
            ],
            [
              -80.194028,
              43.5314867
            ],
            [
              -80.1940065,
              43.5314519
            ],
            [
              -80.1939722,
              43.531431
            ],
            [
              -80.1939337,
              43.5314245
            ],
            [
              -80.1938958,
              43.5314296
            ],
            [
              -80.1938686,
              43.5314454
            ],
            [
              -80.1938559,
              43.5314711
            ],
            [
              -80.1938649,
              43.5315002
            ],
            [
              -80.1938789,
              43.5315188
            ],
            [
              -80.1938986,
              43.5315356
            ]
          ]
        ]
      }
    },
    {
      "type": "Feature",
      "properties": {
        "@id": "way/1341400793",
        "golf": "fairway"
      },
      "geometry": {
        "type": "Polygon",
        "coordinates": [
          [
            [
              -80.1938891,
              43.5316414
            ],
            [
              -80.1939147,
              43.5316161
            ],
            [
              -80.1939462,
              43.5315989
            ],
            [
              -80.1939864,
              43.5315834
            ],
            [
              -80.1940181,
              43.5315682
            ],
            [
              -80.1940448,
              43.5315455
            ],
            [
              -80.1940525,
              43.5315231
            ],
            [
              -80.1940506,
              43.5314974
            ],
            [
              -80.1940379,
              43.5314687
            ],
            [
              -80.1940083,
              43.5314343
            ],
            [
              -80.1939597,
              43.5314161
            ],
            [
              -80.1939106,
              43.5314152
            ],
            [
              -80.1938819,
              43.5314157
            ],
            [
              -80.1938559,
              43.5314312
            ],
            [
              -80.1938309,
              43.5314524
            ],
            [
              -80.1938113,
              43.5314964
            ],
            [
              -80.1937625,
              43.5315964
            ],
            [
              -80.193763,
              43.5316252
            ],
            [
              -80.1937691,
              43.531641
            ],
            [
              -80.1937883,
              43.5316498
            ],
            [
              -80.1938086,
              43.5316588
            ],
            [
              -80.1938439,
              43.531657
            ],
            [
              -80.1938891,
              43.5316414
            ]
          ]
        ]
      }
    },
    {
      "type": "Feature",
      "properties": {
        "@id": "way/1341403064",
        "golf": "cartpath",
        "golf_cart": "yes",
        "highway": "path"
      },
      "geometry": {
        "type": "LineString",
        "coordinates": [
          [
            -80.1928324,
            43.5303139
          ],
          [
            -80.1929188,
            43.5304015
          ],
          [
            -80.1929617,
            43.5304613
          ],
          [
            -80.1930113,
            43.5305271
          ],
          [
            -80.1930556,
            43.5305759
          ],
          [
            -80.1931185,
            43.5306362
          ],
          [
            -80.1931666,
            43.530679
          ],
          [
            -80.193269,
            43.53075
          ],
          [
            -80.193378,
            43.5308145
          ],
          [
            -80.1934251,
            43.5308458
          ],
          [
            -80.1934839,
            43.5308907
          ],
          [
            -80.1935294,
            43.5309356
          ],
          [
            -80.1935885,
            43.5310005
          ],
          [
            -80.1936398,
            43.5310755
          ],
          [
            -80.1936775,
            43.5311437
          ],
          [
            -80.1937042,
            43.531229
          ],
          [
            -80.1937181,
            43.5312823
          ],
          [
            -80.1937187,
            43.5313454
          ],
          [
            -80.1937079,
            43.5314065
          ],
          [
            -80.1936855,
            43.531467
          ],
          [
            -80.1936355,
            43.5315723
          ],
          [
            -80.1935388,
            43.5317649
          ],
          [
            -80.1934873,
            43.5318499
          ],
          [
            -80.1933713,
            43.532012
          ],
          [
            -80.1931676,
            43.5322676
          ],
          [
            -80.1930786,
            43.5323928
          ],
          [
            -80.1930662,
            43.5324102
          ],
          [
            -80.1929558,
            43.5325594
          ],
          [
            -80.1928491,
            43.5327026
          ],
          [
            -80.1927727,
            43.5327958
          ],
          [
            -80.1927146,
            43.5328685
          ],
          [
            -80.1926818,
            43.532935
          ],
          [
            -80.1926342,
            43.5330269
          ],
          [
            -80.1925927,
            43.5330838
          ],
          [
            -80.19249,
            43.5331681
          ],
          [
            -80.1923997,
            43.5332389
          ],
          [
            -80.1923185,
            43.5333096
          ],
          [
            -80.1922404,
            43.5333745
          ],
          [
            -80.1921561,
            43.5334298
          ],
          [
            -80.192088,
            43.5334559
          ]
        ]
      }
    },
    {
      "type": "Feature",
      "properties": {
        "@id": "way/1341403065",
        "golf": "cartpath",
        "golf_cart": "yes",
        "highway": "path"
      },
      "geometry": {
        "type": "LineString",
        "coordinates": [
          [
            -80.1930786,
            43.5323928
          ],
          [
            -80.193303,
            43.5324868
          ],
          [
            -80.1934912,
            43.5325784
          ],
          [
            -80.1936767,
            43.5327019
          ],
          [
            -80.1937719,
            43.5327728
          ],
          [
            -80.1938316,
            43.5328273
          ],
          [
            -80.1938507,
            43.5328614
          ],
          [
            -80.1938563,
            43.5328936
          ],
          [
            -80.1938418,
            43.5329413
          ],
          [
            -80.1938402,
            43.532991
          ],
          [
            -80.1938525,
            43.5330409
          ],
          [
            -80.1938625,
            43.5330742
          ],
          [
            -80.1938641,
            43.53311
          ],
          [
            -80.1938548,
            43.5331492
          ],
          [
            -80.1938434,
            43.5331763
          ],
          [
            -80.1937991,
            43.5332139
          ],
          [
            -80.1937629,
            43.533236
          ]
        ]
      }
    },
    {
      "type": "Feature",
      "properties": {
        "@id": "way/1341405663",
        "golf": "driving_range"
      },
      "geometry": {
        "type": "Polygon",
        "coordinates": [
          [
            [
              -80.1915891,
              43.5300866
            ],
            [
              -80.1915159,
              43.5300614
            ],
            [
              -80.1913362,
              43.5300276
            ],
            [
              -80.1912772,
              43.5300283
            ],
            [
              -80.1912243,
              43.5299538
            ],
            [
              -80.1908465,
              43.5301845
            ],
            [
              -80.1907995,
              43.530241
            ],
            [
              -80.1907888,
              43.5302945
            ],
            [
              -80.1907878,
              43.5303287
            ],
            [
              -80.190796,
              43.5303785
            ],
            [
              -80.1908667,
              43.5304503
            ],
            [
              -80.1909856,
              43.5306247
            ],
            [
              -80.1909851,
              43.5309202
            ],
            [
              -80.1909722,
              43.5310305
            ],
            [
              -80.1909533,
              43.5312114
            ],
            [
              -80.1909638,
              43.5312733
            ],
            [
              -80.1910153,
              43.5314176
            ],
            [
              -80.1911156,
              43.5316696
            ],
            [
              -80.191284,
              43.5318309
            ],
            [
              -80.1916016,
              43.5320946
            ],
            [
              -80.1917643,
              43.532197
            ],
            [
              -80.1919136,
              43.5322696
            ],
            [
              -80.1920916,
              43.5322534
            ],
            [
              -80.1922399,
              43.5321802
            ],
            [
              -80.1923636,
              43.5320778
            ],
            [
              -80.1923893,
              43.5318003
            ],
            [
              -80.1923161,
              43.5313802
            ],
            [
              -80.1922664,
              43.5310734
            ],
            [
              -80.1921882,
              43.530932
            ],
            [
              -80.1920849,
              43.5308171
            ],
            [
              -80.1919291,
              43.5304979
            ],
            [
              -80.1918179,
              43.5302968
            ],
            [
              -80.1917382,
              43.5301988
            ],
            [
              -80.1915891,
              43.5300866
            ]
          ]
        ]
      }
    },
    {
      "type": "Feature",
      "properties": {
        "@id": "way/1341405665",
        "golf": "tee"
      },
      "geometry": {
        "type": "Polygon",
        "coordinates": [
          [
            [
              -80.1885118,
              43.5346446
            ],
            [
              -80.1885406,
              43.5346513
            ],
            [
              -80.1885559,
              43.5346441
            ],
            [
              -80.1885666,
              43.5346228
            ],
            [
              -80.1885648,
              43.5346057
            ],
            [
              -80.1885532,
              43.5345923
            ],
            [
              -80.188524,
              43.5345863
            ],
            [
              -80.1884937,
              43.5345889
            ],
            [
              -80.1884856,
              43.5346053
            ],
            [
              -80.1884856,
              43.5346235
            ],
            [
              -80.1884903,
              43.5346331
            ],
            [
              -80.1885118,
              43.5346446
            ]
          ]
        ]
      }
    },
    {
      "type": "Feature",
      "properties": {
        "@id": "way/1342658213",
        "layer": "-1",
        "source": "Bing",
        "tunnel": "culvert",
        "waterway": "stream"
      },
      "geometry": {
        "type": "LineString",
        "coordinates": [
          [
            -80.1890484,
            43.5311188
          ],
          [
            -80.1891219,
            43.5310637
          ]
        ]
      }
    },
    {
      "type": "Feature",
      "properties": {
        "@id": "way/1342658214",
        "golf": "tee"
      },
      "geometry": {
        "type": "Polygon",
        "coordinates": [
          [
            [
              -80.1890342,
              43.5310185
            ],
            [
              -80.1890528,
              43.5310264
            ],
            [
              -80.1890726,
              43.5310198
            ],
            [
              -80.1890879,
              43.5310083
            ],
            [
              -80.1891089,
              43.5309785
            ],
            [
              -80.1891146,
              43.5309428
            ],
            [
              -80.1891007,
              43.5309326
            ],
            [
              -80.1890787,
              43.5309316
            ],
            [
              -80.1890562,
              43.530936
            ],
            [
              -80.1890246,
              43.5309687
            ],
            [
              -80.1890155,
              43.5309941
            ],
            [
              -80.1890166,
              43.531006
            ],
            [
              -80.1890342,
              43.5310185
            ]
          ]
        ]
      }
    },
    {
      "type": "Feature",
      "properties": {
        "@id": "way/1342700109",
        "golf": "cartpath",
        "golf_cart": "yes",
        "highway": "path",
        "surface": "paved"
      },
      "geometry": {
        "type": "LineString",
        "coordinates": [
          [
            -80.1898628,
            43.5287158
          ],
          [
            -80.1897446,
            43.5287716
          ],
          [
            -80.1896347,
            43.528817
          ],
          [
            -80.1894972,
            43.52887
          ],
          [
            -80.1894044,
            43.5289049
          ],
          [
            -80.1893463,
            43.5289233
          ],
          [
            -80.1892421,
            43.5289372
          ]
        ]
      }
    },
    {
      "type": "Feature",
      "properties": {
        "@id": "way/1342700869",
        "golf": "cartpath",
        "golf_cart": "yes",
        "highway": "path",
        "surface": "paved"
      },
      "geometry": {
        "type": "LineString",
        "coordinates": [
          [
            -80.1868106,
            43.5272397
          ],
          [
            -80.186621,
            43.5273733
          ],
          [
            -80.186548,
            43.5274291
          ]
        ]
      }
    },
    {
      "type": "Feature",
      "properties": {
        "@id": "way/1342702463",
        "layer": "-1",
        "source": "Bing",
        "tunnel": "culvert",
        "waterway": "stream"
      },
      "geometry": {
        "type": "LineString",
        "coordinates": [
          [
            -80.1900779,
            43.5289333
          ],
          [
            -80.1901092,
            43.5288894
          ]
        ]
      }
    },
    {
      "type": "Feature",
      "properties": {
        "@id": "way/1342702620",
        "golf": "cartpath",
        "golf_cart": "designated",
        "highway": "service"
      },
      "geometry": {
        "type": "LineString",
        "coordinates": [
          [
            -80.189832,
            43.5294647
          ],
          [
            -80.1897636,
            43.5294605
          ],
          [
            -80.1895512,
            43.5294631
          ],
          [
            -80.1893627,
            43.5294812
          ],
          [
            -80.1892599,
            43.5294838
          ],
          [
            -80.1892107,
            43.529474
          ],
          [
            -80.1891741,
            43.52946
          ],
          [
            -80.1890938,
            43.5294095
          ]
        ]
      }
    },
    {
      "type": "Feature",
      "properties": {
        "@id": "way/1342702621",
        "bridge": "yes",
        "golf": "cartpath",
        "golf_cart": "designated",
        "highway": "service",
        "layer": "1"
      },
      "geometry": {
        "type": "LineString",
        "coordinates": [
          [
            -80.189908,
            43.5294708
          ],
          [
            -80.189832,
            43.5294647
          ]
        ]
      }
    },
    {
      "type": "Feature",
      "properties": {
        "@id": "way/1342703723",
        "golf": "green"
      },
      "geometry": {
        "type": "Polygon",
        "coordinates": [
          [
            [
              -80.1865455,
              43.5277366
            ],
            [
              -80.1866,
              43.5277521
            ],
            [
              -80.18664,
              43.5277476
            ],
            [
              -80.1867105,
              43.527736
            ],
            [
              -80.1867689,
              43.5277093
            ],
            [
              -80.1867982,
              43.5276641
            ],
            [
              -80.1868024,
              43.5276451
            ],
            [
              -80.1867932,
              43.5276085
            ],
            [
              -80.1867718,
              43.5275767
            ],
            [
              -80.1867064,
              43.5275469
            ],
            [
              -80.1866686,
              43.5275405
            ],
            [
              -80.1866121,
              43.5275399
            ],
            [
              -80.1865559,
              43.5275391
            ],
            [
              -80.1865093,
              43.5275559
            ],
            [
              -80.1864761,
              43.5275757
            ],
            [
              -80.1864615,
              43.5276131
            ],
            [
              -80.1864693,
              43.5276502
            ],
            [
              -80.1864846,
              43.527683
            ],
            [
              -80.1865095,
              43.5277164
            ],
            [
              -80.1865455,
              43.5277366
            ]
          ]
        ]
      }
    },
    {
      "type": "Feature",
      "properties": {
        "@id": "way/1342708205",
        "golf": "rough"
      },
      "geometry": {
        "type": "Polygon",
        "coordinates": [
          [
            [
              -80.1845646,
              43.5319321
            ],
            [
              -80.1845455,
              43.5318913
            ],
            [
              -80.1845511,
              43.5318454
            ],
            [
              -80.1845928,
              43.5317877
            ],
            [
              -80.1846533,
              43.5317293
            ],
            [
              -80.1847805,
              43.5316301
            ],
            [
              -80.1849028,
              43.531559
            ],
            [
              -80.1850247,
              43.5314836
            ],
            [
              -80.1850981,
              43.531398
            ],
            [
              -80.185182,
              43.531312
            ],
            [
              -80.1852202,
              43.5312497
            ],
            [
              -80.185257,
              43.5311592
            ],
            [
              -80.1853301,
              43.5310669
            ],
            [
              -80.1853407,
              43.5310504
            ],
            [
              -80.1853798,
              43.530997
            ],
            [
              -80.1854664,
              43.5309169
            ],
            [
              -80.185514,
              43.5308901
            ],
            [
              -80.185538,
              43.5308631
            ],
            [
              -80.1855326,
              43.5308259
            ],
            [
              -80.1855,
              43.5307857
            ],
            [
              -80.1854332,
              43.5307499
            ],
            [
              -80.185377,
              43.5307312
            ],
            [
              -80.1853263,
              43.5307189
            ],
            [
              -80.1852981,
              43.5307346
            ],
            [
              -80.1852485,
              43.5307778
            ],
            [
              -80.1851144,
              43.5308441
            ],
            [
              -80.1849923,
              43.5308886
            ],
            [
              -80.1848611,
              43.530933
            ],
            [
              -80.1847278,
              43.5309901
            ],
            [
              -80.1846771,
              43.5310102
            ],
            [
              -80.1846399,
              43.5310396
            ],
            [
              -80.1846063,
              43.5310894
            ],
            [
              -80.1845707,
              43.5311379
            ],
            [
              -80.1845359,
              43.5311844
            ],
            [
              -80.1844438,
              43.5312558
            ],
            [
              -80.1842785,
              43.5313439
            ],
            [
              -80.1841941,
              43.5313827
            ],
            [
              -80.1841295,
              43.5314015
            ],
            [
              -80.1840206,
              43.5314474
            ],
            [
              -80.1839427,
              43.5314936
            ],
            [
              -80.1839163,
              43.531533
            ],
            [
              -80.1844948,
              43.5319684
            ],
            [
              -80.1845646,
              43.5319321
            ]
          ]
        ]
      }
    },
    {
      "type": "Feature",
      "properties": {
        "@id": "way/1342709131",
        "golf": "rough"
      },
      "geometry": {
        "type": "Polygon",
        "coordinates": [
          [
            [
              -80.1901739,
              43.5292413
            ],
            [
              -80.1902463,
              43.52922
            ],
            [
              -80.19034,
              43.5291903
            ],
            [
              -80.1904006,
              43.529169
            ],
            [
              -80.1904182,
              43.5291488
            ],
            [
              -80.1904395,
              43.5291116
            ],
            [
              -80.1904773,
              43.5290752
            ],
            [
              -80.1905153,
              43.5290293
            ],
            [
              -80.1905207,
              43.5290038
            ],
            [
              -80.1904935,
              43.5289814
            ],
            [
              -80.1904445,
              43.5289552
            ],
            [
              -80.1903354,
              43.5289603
            ],
            [
              -80.1902293,
              43.5289621
            ],
            [
              -80.1901414,
              43.5289452
            ],
            [
              -80.1900553,
              43.5289046
            ],
            [
              -80.1899234,
              43.5288243
            ],
            [
              -80.1898585,
              43.5287875
            ],
            [
              -80.1898008,
              43.5287108
            ],
            [
              -80.1897619,
              43.5286823
            ],
            [
              -80.1897165,
              43.5286755
            ],
            [
              -80.1896588,
              43.5286668
            ],
            [
              -80.1896015,
              43.5286587
            ],
            [
              -80.1895742,
              43.5286379
            ],
            [
              -80.1895125,
              43.5285533
            ],
            [
              -80.1894309,
              43.5284808
            ],
            [
              -80.1893859,
              43.5284401
            ],
            [
              -80.1893246,
              43.5283963
            ],
            [
              -80.1892789,
              43.5283965
            ],
            [
              -80.1892523,
              43.528434
            ],
            [
              -80.1892015,
              43.5284955
            ],
            [
              -80.1891813,
              43.5285208
            ],
            [
              -80.1891772,
              43.5285549
            ],
            [
              -80.189198,
              43.5285867
            ],
            [
              -80.1892491,
              43.5286158
            ],
            [
              -80.1892976,
              43.5286313
            ],
            [
              -80.1893897,
              43.5286467
            ],
            [
              -80.1894483,
              43.5286687
            ],
            [
              -80.1895063,
              43.5287146
            ],
            [
              -80.1895062,
              43.5287433
            ],
            [
              -80.1894861,
              43.5287659
            ],
            [
              -80.1894483,
              43.5287766
            ],
            [
              -80.1894172,
              43.5287797
            ],
            [
              -80.1894068,
              43.528796
            ],
            [
              -80.1894093,
              43.5288272
            ],
            [
              -80.1894604,
              43.5289247
            ],
            [
              -80.189432,
              43.5289724
            ],
            [
              -80.1893695,
              43.5290077
            ],
            [
              -80.1893126,
              43.5290338
            ],
            [
              -80.1892806,
              43.5290857
            ],
            [
              -80.1892854,
              43.5291256
            ],
            [
              -80.1893062,
              43.5291716
            ],
            [
              -80.1893774,
              43.5292036
            ],
            [
              -80.1894405,
              43.5292191
            ],
            [
              -80.1894992,
              43.5292372
            ],
            [
              -80.1895539,
              43.529262
            ],
            [
              -80.1896363,
              43.5292661
            ],
            [
              -80.1897191,
              43.5292871
            ],
            [
              -80.1897937,
              43.5293105
            ],
            [
              -80.1898308,
              43.5293494
            ],
            [
              -80.1898508,
              43.5294407
            ],
            [
              -80.1898917,
              43.5294433
            ],
            [
              -80.1898864,
              43.5293949
            ],
            [
              -80.1898932,
              43.5293376
            ],
            [
              -80.1899225,
              43.5293133
            ],
            [
              -80.1899862,
              43.5292839
            ],
            [
              -80.1900604,
              43.5292608
            ],
            [
              -80.1901739,
              43.5292413
            ]
          ]
        ]
      }
    },
    {
      "type": "Feature",
      "properties": {
        "@id": "way/1342711343",
        "golf": "rough"
      },
      "geometry": {
        "type": "Polygon",
        "coordinates": [
          [
            [
              -80.1900619,
              43.5297571
            ],
            [
              -80.1900609,
              43.5297037
            ],
            [
              -80.1900727,
              43.5296688
            ],
            [
              -80.1901044,
              43.5296314
            ],
            [
              -80.1901266,
              43.5295928
            ],
            [
              -80.1901171,
              43.5295508
            ],
            [
              -80.1900858,
              43.5295242
            ],
            [
              -80.1900388,
              43.529502
            ],
            [
              -80.1898876,
              43.5294868
            ],
            [
              -80.1898862,
              43.5295431
            ],
            [
              -80.1898694,
              43.5296176
            ],
            [
              -80.1898316,
              43.5296681
            ],
            [
              -80.1898219,
              43.5297067
            ],
            [
              -80.1898354,
              43.5297354
            ],
            [
              -80.1898394,
              43.5298158
            ],
            [
              -80.1898309,
              43.5298848
            ],
            [
              -80.1897903,
              43.5299243
            ],
            [
              -80.1897889,
              43.5300021
            ],
            [
              -80.1897728,
              43.5300582
            ],
            [
              -80.1898258,
              43.5300761
            ],
            [
              -80.1897969,
              43.5301432
            ],
            [
              -80.1897827,
              43.530189
            ],
            [
              -80.1897616,
              43.5302795
            ],
            [
              -80.1897692,
              43.5303604
            ],
            [
              -80.1898064,
              43.530407
            ],
            [
              -80.1898639,
              43.5304031
            ],
            [
              -80.1899205,
              43.5303636
            ],
            [
              -80.1899624,
              43.530322
            ],
            [
              -80.189997,
              43.5302901
            ],
            [
              -80.1900513,
              43.5302321
            ],
            [
              -80.1900725,
              43.5301739
            ],
            [
              -80.1901066,
              43.530118
            ],
            [
              -80.1901112,
              43.5300852
            ],
            [
              -80.1901009,
              43.5300366
            ],
            [
              -80.1900707,
              43.5300152
            ],
            [
              -80.1900582,
              43.5299845
            ],
            [
              -80.1900439,
              43.5299282
            ],
            [
              -80.1900239,
              43.5298319
            ],
            [
              -80.1900619,
              43.5297571
            ]
          ]
        ]
      }
    },
    {
      "type": "Feature",
      "properties": {
        "@id": "way/1342711596",
        "golf": "rough"
      },
      "geometry": {
        "type": "Polygon",
        "coordinates": [
          [
            [
              -80.1894211,
              43.5316589
            ],
            [
              -80.1894088,
              43.5316167
            ],
            [
              -80.1894292,
              43.5315338
            ],
            [
              -80.189461,
              43.5314362
            ],
            [
              -80.1894959,
              43.5313854
            ],
            [
              -80.1895163,
              43.5313663
            ],
            [
              -80.1896094,
              43.5313701
            ],
            [
              -80.1897567,
              43.5314086
            ],
            [
              -80.1898327,
              43.5314521
            ],
            [
              -80.1899161,
              43.5314979
            ],
            [
              -80.1900061,
              43.5315693
            ],
            [
              -80.1901109,
              43.5316476
            ],
            [
              -80.1901447,
              43.5316862
            ],
            [
              -80.1901812,
              43.5317361
            ],
            [
              -80.1901892,
              43.5317617
            ],
            [
              -80.1901623,
              43.5317874
            ],
            [
              -80.1901119,
              43.5318207
            ],
            [
              -80.1900923,
              43.5318513
            ],
            [
              -80.1900511,
              43.5318665
            ],
            [
              -80.1899617,
              43.5319008
            ],
            [
              -80.1898175,
              43.5319017
            ],
            [
              -80.189761,
              43.531902
            ],
            [
              -80.1896982,
              43.5318821
            ],
            [
              -80.1897046,
              43.5318299
            ],
            [
              -80.1897347,
              43.5317867
            ],
            [
              -80.1896994,
              43.5317472
            ],
            [
              -80.1896445,
              43.5317103
            ],
            [
              -80.189586,
              43.5317127
            ],
            [
              -80.1895438,
              43.5317172
            ],
            [
              -80.1894211,
              43.5316589
            ]
          ]
        ]
      }
    },
    {
      "type": "Feature",
      "properties": {
        "@id": "way/1342712435",
        "source": "Bing",
        "waterway": "stream"
      },
      "geometry": {
        "type": "LineString",
        "coordinates": [
          [
            -80.1888379,
            43.5315365
          ],
          [
            -80.1888604,
            43.5314628
          ]
        ]
      }
    },
    {
      "type": "Feature",
      "properties": {
        "@id": "way/1342712436",
        "layer": "-1",
        "source": "Bing",
        "tunnel": "culvert",
        "waterway": "stream"
      },
      "geometry": {
        "type": "LineString",
        "coordinates": [
          [
            -80.1887277,
            43.5319501
          ],
          [
            -80.188889,
            43.5317618
          ],
          [
            -80.1888811,
            43.531662
          ],
          [
            -80.1888379,
            43.5315708
          ],
          [
            -80.1888379,
            43.5315365
          ]
        ]
      }
    },
    {
      "type": "Feature",
      "properties": {
        "@id": "way/1342714591",
        "canvec:UUID": "60c1baf2cea44f9da5fc5f771f5c4fa5",
        "layer": "-1",
        "source": "CanVec_Import_2009",
        "tunnel": "culvert",
        "waterway": "stream"
      },
      "geometry": {
        "type": "LineString",
        "coordinates": [
          [
            -80.1896382,
            43.5349438
          ],
          [
            -80.1900145,
            43.5350017
          ]
        ]
      }
    },
    {
      "type": "Feature",
      "properties": {
        "@id": "way/1342714944",
        "golf": "tee"
      },
      "geometry": {
        "type": "Polygon",
        "coordinates": [
          [
            [
              -80.1903007,
              43.5346039
            ],
            [
              -80.1903344,
              43.534592
            ],
            [
              -80.190359,
              43.5345712
            ],
            [
              -80.1903603,
              43.5345514
            ],
            [
              -80.1903506,
              43.534529
            ],
            [
              -80.1903321,
              43.5345213
            ],
            [
              -80.1902823,
              43.5345203
            ],
            [
              -80.1902447,
              43.5345489
            ],
            [
              -80.1902429,
              43.5345835
            ],
            [
              -80.1902545,
              43.5345972
            ],
            [
              -80.1902736,
              43.5345999
            ],
            [
              -80.1903007,
              43.5346039
            ]
          ]
        ]
      }
    },
    {
      "type": "Feature",
      "properties": {
        "@id": "way/1342715132",
        "golf": "rough"
      },
      "geometry": {
        "type": "Polygon",
        "coordinates": [
          [
            [
              -80.1899541,
              43.5342827
            ],
            [
              -80.1898951,
              43.5342518
            ],
            [
              -80.1898609,
              43.5342181
            ],
            [
              -80.1898171,
              43.5341643
            ],
            [
              -80.1897822,
              43.5341274
            ],
            [
              -80.1897595,
              43.5341227
            ],
            [
              -80.1896893,
              43.5341455
            ],
            [
              -80.1895352,
              43.5341961
            ],
            [
              -80.1894298,
              43.5342297
            ],
            [
              -80.1893615,
              43.5342469
            ],
            [
              -80.1893016,
              43.5342556
            ],
            [
              -80.1892553,
              43.5342676
            ],
            [
              -80.1891802,
              43.5343142
            ],
            [
              -80.1890537,
              43.534439
            ],
            [
              -80.1889838,
              43.5344919
            ],
            [
              -80.1889077,
              43.5345331
            ],
            [
              -80.1888272,
              43.5345506
            ],
            [
              -80.1887786,
              43.5345626
            ],
            [
              -80.1887208,
              43.534598
            ],
            [
              -80.188701,
              43.5346426
            ],
            [
              -80.1886822,
              43.5347311
            ],
            [
              -80.1886811,
              43.5347679
            ],
            [
              -80.1886801,
              43.534797
            ],
            [
              -80.1888475,
              43.5349487
            ],
            [
              -80.1889886,
              43.535043
            ],
            [
              -80.1890615,
              43.5350675
            ],
            [
              -80.1890975,
              43.5350672
            ],
            [
              -80.1891799,
              43.535028
            ],
            [
              -80.1892684,
              43.5349394
            ],
            [
              -80.1894295,
              43.53484
            ],
            [
              -80.1895237,
              43.5347883
            ],
            [
              -80.1897495,
              43.5347164
            ],
            [
              -80.1898184,
              43.5346849
            ],
            [
              -80.1899347,
              43.5346402
            ],
            [
              -80.1899764,
              43.5346085
            ],
            [
              -80.1900073,
              43.5345632
            ],
            [
              -80.1900353,
              43.5345361
            ],
            [
              -80.1900638,
              43.5344671
            ],
            [
              -80.1900655,
              43.5343905
            ],
            [
              -80.1900655,
              43.534341
            ],
            [
              -80.1900342,
              43.5343133
            ],
            [
              -80.1899967,
              43.534301
            ],
            [
              -80.1899541,
              43.5342827
            ]
          ]
        ]
      }
    },
    {
      "type": "Feature",
      "properties": {
        "@id": "way/1342716683",
        "golf": "cartpath",
        "golf_cart": "yes",
        "highway": "path"
      },
      "geometry": {
        "type": "LineString",
        "coordinates": [
          [
            -80.1921674,
            43.5297997
          ],
          [
            -80.1920386,
            43.5299184
          ],
          [
            -80.1919898,
            43.5299439
          ],
          [
            -80.1919299,
            43.5299668
          ],
          [
            -80.1918768,
            43.5299767
          ],
          [
            -80.1918003,
            43.5299822
          ],
          [
            -80.191671,
            43.5299668
          ],
          [
            -80.1916178,
            43.529951
          ],
          [
            -80.1915343,
            43.5299988
          ],
          [
            -80.1914799,
            43.5300029
          ],
          [
            -80.1914187,
            43.5300047
          ],
          [
            -80.1913842,
            43.5300008
          ],
          [
            -80.1913366,
            43.5299718
          ],
          [
            -80.1912307,
            43.5298885
          ],
          [
            -80.1912187,
            43.5298612
          ],
          [
            -80.1912188,
            43.529855
          ],
          [
            -80.19122,
            43.5297943
          ],
          [
            -80.1912381,
            43.5297444
          ],
          [
            -80.1912603,
            43.529671
          ],
          [
            -80.1912831,
            43.5296087
          ],
          [
            -80.1912906,
            43.5295401
          ],
          [
            -80.191285,
            43.5294536
          ],
          [
            -80.1912661,
            43.529408
          ],
          [
            -80.1912282,
            43.5293562
          ]
        ]
      }
    },
    {
      "type": "Feature",
      "properties": {
        "@id": "way/1342716684",
        "golf": "cartpath",
        "golf_cart": "yes",
        "highway": "path"
      },
      "geometry": {
        "type": "LineString",
        "coordinates": [
          [
            -80.1912065,
            43.5299905
          ],
          [
            -80.1912099,
            43.5299185
          ],
          [
            -80.1912188,
            43.529855
          ]
        ]
      }
    },
    {
      "type": "Feature",
      "properties": {
        "@id": "way/1342716685",
        "golf": "tee"
      },
      "geometry": {
        "type": "Polygon",
        "coordinates": [
          [
            [
              -80.1917252,
              43.5327331
            ],
            [
              -80.1916876,
              43.532708
            ],
            [
              -80.191654,
              43.5326801
            ],
            [
              -80.1916469,
              43.5326594
            ],
            [
              -80.191614,
              43.5326893
            ],
            [
              -80.1915403,
              43.5327143
            ],
            [
              -80.1914655,
              43.532718
            ],
            [
              -80.1914027,
              43.5327332
            ],
            [
              -80.1913751,
              43.5327502
            ],
            [
              -80.1913736,
              43.5327761
            ],
            [
              -80.1913761,
              43.5327881
            ],
            [
              -80.1914007,
              43.5328411
            ],
            [
              -80.1914243,
              43.532872
            ],
            [
              -80.1914582,
              43.532893
            ],
            [
              -80.191499,
              43.5329059
            ],
            [
              -80.1915328,
              43.5328963
            ],
            [
              -80.1915585,
              43.5328588
            ],
            [
              -80.1915818,
              43.5328228
            ],
            [
              -80.1916401,
              43.5327896
            ],
            [
              -80.1916896,
              43.5327595
            ],
            [
              -80.1917252,
              43.5327331
            ]
          ]
        ]
      }
    },
    {
      "type": "Feature",
      "properties": {
        "@id": "way/1342717736",
        "golf": "rough"
      },
      "geometry": {
        "type": "Polygon",
        "coordinates": [
          [
            [
              -80.1886339,
              43.5315141
            ],
            [
              -80.1887634,
              43.531572
            ],
            [
              -80.1888219,
              43.5316123
            ],
            [
              -80.1888423,
              43.5316379
            ],
            [
              -80.1888921,
              43.5316365
            ],
            [
              -80.1889188,
              43.5315867
            ],
            [
              -80.1889423,
              43.5315556
            ],
            [
              -80.188931,
              43.5315182
            ],
            [
              -80.1889114,
              43.53149
            ],
            [
              -80.1888077,
              43.5314471
            ],
            [
              -80.188847,
              43.5312394
            ],
            [
              -80.1887799,
              43.5311709
            ],
            [
              -80.1887488,
              43.5311504
            ],
            [
              -80.1887747,
              43.5310853
            ],
            [
              -80.188742,
              43.5310341
            ],
            [
              -80.1886862,
              43.531004
            ],
            [
              -80.1885965,
              43.5310741
            ],
            [
              -80.1884529,
              43.5310738
            ],
            [
              -80.1883797,
              43.5310539
            ],
            [
              -80.1881837,
              43.5310447
            ],
            [
              -80.188018,
              43.5310686
            ],
            [
              -80.1878315,
              43.5310647
            ],
            [
              -80.1877663,
              43.5311328
            ],
            [
              -80.1878178,
              43.5311901
            ],
            [
              -80.1879625,
              43.5311867
            ],
            [
              -80.1880664,
              43.5312263
            ],
            [
              -80.1881282,
              43.531265
            ],
            [
              -80.1882206,
              43.5312956
            ],
            [
              -80.1883216,
              43.5313239
            ],
            [
              -80.1883996,
              43.5313911
            ],
            [
              -80.1884657,
              43.5313948
            ],
            [
              -80.1885553,
              43.5314443
            ],
            [
              -80.1886339,
              43.5315141
            ]
          ]
        ]
      }
    }
  ]
}
